wz_ln_closure,objectid_1,crn,district,county,municipality,crash_year,crash_month,day_of_week,time_of_day,hour_of_day,illumination,weather,road_condition,collision_type,relation_to_road,work_zone_type,work_zone_loc,work_zone_ind,intersect_type,tcd_type,location_type,urban_rural,fatal_count,injury_count,person_count,total_units,sch_bus_ind,sch_zone_ind,latitude,longitude,arrival_tm,cons_zone_spd_lim,dispatch_tm,est_hrs_closed,lane_closed,ln_close_dir,ntfy_hiwy_maint,spec_juris_cd,tcd_func_cd,tfc_detour_ind,workers_pres,wz_close_detour,wz_flagger,wz_law_offcr_ind,objectid,wz_moving,wz_other,wz_shlder_mdn,vehicle_count,automobile_count,motorcycle_count,bus_count,small_truck_count,heavy_truck_count,suv_count,van_count,bicycle_count,maj_inj_count,mod_inj_count,min_inj_count,tot_inj_count,unk_inj_deg_count,unk_inj_per_count,driver_count_16yr,driver_count_17yr,driver_count_18yr,driver_count_19yr,driver_count_20yr,driver_count_50_64yr,driver_count_65_74yr,driver_count_75plus,unbelted_occ_count,unb_death_count,unb_maj_inj_count,belted_death_count,belted_maj_inj_count,mcycle_death_count,mcycle_maj_inj_count,bicycle_death_count,bicycle_maj_inj_count,ped_count,ped_death_count,ped_maj_inj_count,max_severity_level,comm_veh_count,dec_lat,dec_long,rdwy_surf_type_cd,county_name
 ,68760,2011057262,6,67,67301,2011,5,4,1635,16,1,1,0,2,1, , ,N,2,2,7,3,0,1,2,2,N,N,39 57:47.866,75 11:17.165,1638, ,1637, ,0, ,N, ,3, , , , , ,788258, , , ,2,1,1,0,0,0,0,0,0,0,0,0,1,1,0,0,0,0,0,0,0,0,0,1,0,0,0,0,0,0,0,0,0,0,0,8,0,39.9633,-75.1881, , 
 ,68761,2011029013,6,67,67301,2011,2,7,711,7,1,2,6,7,4, , ,N,2,3,0,3,0,0,1,1,N,N,40 03:30.344,75 12:00.579,725, ,723, ,0, , , ,3, , , , , ,788290, , , ,1,0,0,0,0,0,1,0,0,0,0,0,0,0,0,0,0,0,0,0,0,0,0,0,0,0,0,0,0,0,0,0,0,0,0,0,0,40.0584,-75.2002, , 
 ,68762,2011030318,6,67,67301,2011,2,2,455,4,3,1,0,7,2, , ,N,0,0,0,3,0,0,1,1,N,N,39 57:59.180,75 08:06.553,455, ,455,1,1,1,N, ,0,N, , , , ,788291, , , ,1,0,0,0,0,0,1,0,0,0,0,0,0,0,0,0,0,0,0,0,0,0,0,0,0,0,0,0,0,0,0,0,0,0,0,0,0,39.9664,-75.1353, , 
 ,68763,2011046985,6,67,67301,2011,4,3,321,3,3,1,0,2,6, , ,N,0,0,0,3,0,1,1,4,N,N,40 04:03.160,75 04:52.854,325, ,321, ,0, ,N, ,0, , , , , ,788309, , , ,4,4,0,0,0,0,0,0,0,0,1,0,1,0,0,0,0,0,0,0,0,0,0,0,0,0,0,0,0,0,0,0,0,0,0,3,0,40.0675,-75.0813, , 
 ,68764,2011018561,6,67,67301,2011,2,7,1521,15,1,2,1,1,1, , ,N,0,0,0,3,0,3,4,3,N,N,40 02:57.735,74 59:47.418,1530, ,1523, ,0, ,N, ,0, , , , , ,788327, , , ,3,2,0,0,0,1,0,0,0,0,0,0,3,3,0,0,0,0,0,0,2,0,0,0,0,0,0,0,0,0,0,0,0,0,0,8,0,40.0494,-74.9965, , 
 ,68765,2011023226,6,67,67301,2011,1,3,1710,17,3,2,1,4,1, , ,N,2,0,0,3,0,1,2,2,N,N,40 01:41.048,75 07:03.284,1713, ,1710, ,0, ,N, ,0, , , , , ,788331, , , ,2,1,0,0,0,0,1,0,0,0,0,1,1,0,0,0,0,0,0,0,0,0,0,1,0,0,0,0,0,0,0,0,0,0,0,4,0,40.0281,-75.1176, , 
 ,68766,2011044633,6,67,67301,2011,4,1,752,7,1,1,0,7,2, , ,N,0,0,0,3,0,0,1,1,N,N,40 05:09.296,75 02:22.952,755, ,752,3,2,6,N, ,0,Y, , , , ,788349, , , ,1,1,0,0,0,0,0,0,0,0,0,0,0,0,0,0,0,0,0,1,0,0,0,0,0,0,0,0,0,0,0,0,0,0,0,0,0,40.0859,-75.0397, , 
 ,68767,2011045213,6,67,67301,2011,4,1,1828,18,4,9,8,4,1, , ,N,0,0,0,3,0,0,1,2,N,N,40 01:27.118,75 09:34.844,1828, ,1828,9,1,1,N, ,0,N, , , , ,788350, , , ,2,1,0,0,0,0,1,0,0,0,0,0,0,0,0,0,0,0,0,0,0,0,0,1,0,0,0,0,0,0,0,0,0,0,0,0,0,40.0242,-75.1597, , 
 ,68768,2011027179,6,67,67301,2011,3,5,1055,10,1,1,0,7,2, , ,N,0,0,0,3,0,0,2,1,N,N,39 55:29.605,75 08:49.314,1108, ,1057, ,0, ,N, ,0, , , , , ,788388, , , ,1,1,0,0,0,0,0,0,0,0,0,0,0,0,0,0,0,0,0,0,0,0,0,0,0,0,0,0,0,0,0,0,0,0,0,0,0,39.9248,-75.147, , 
 ,68769,2011029094,6,67,67301,2011,2,1,1636,16,1,1,0,1,1, , ,N,3,3,0,3,0,1,3,2,N,N,40 01:00.987,75 02:50.489,1639, ,1637, ,0, ,N, ,3, , , , , ,788392, , , ,2,2,0,0,0,0,0,0,0,0,0,1,1,0,0,0,0,0,0,0,0,0,0,0,0,0,0,0,0,0,0,0,0,0,0,4,0,40.0169,-75.0474, , 
 ,68770,2011038470,6,67,67301,2011,3,7,105,1,3,4,0,1,3, , ,N,0,0,0,3,0,0,1,2,N,N,40 03:57.280,75 04:58.857,106, ,105,2,1,1,N, ,0,N, , , , ,788401, , , ,2,1,0,0,1,0,0,0,0,0,0,0,0,0,0,0,1,0,0,0,0,0,0,0,0,0,0,0,0,0,0,0,0,0,0,0,0,40.0659,-75.083, , 
 ,68771,2011054164,6,67,67301,2011,4,1,2028,20,3,2,1,7,3, , ,N,0,0,0,3,0,1,1,1,N,N,40 05:49.646,75 01:05.059,2035, ,2030, ,0, ,N, ,0, , , , , ,788409, , , ,1,1,0,0,0,0,0,0,0,0,0,0,1,1,0,0,0,0,0,0,0,0,0,1,0,0,0,0,0,0,0,0,0,0,0,8,0,40.0971,-75.0181, , 
 ,68772,2011023324,6,67,67301,2011,1,5,1216,12,1,1,0,8,1, , ,N,1,0,0,3,0,1,2,2, , ,40 00:13.316,75 04:48.305,1224, ,1220, ,0, , , ,0, , , , , ,788428, , , ,1,1,0,0,0,0,0,0,0,0,0,0,1,1,0,0,0,0,0,0,0,0,0,0,0,0,0,0,0,0,0,0,1,0,0,8,0,40.0037,-75.0801, , 
 ,68773,2011024660,6,67,67301,2011,1,2,935,9,1,1,6,4,1, , ,N,1,2,3,3,0,1,2,2,N,N,40 01:58.191,75 08:20.363,945, ,940, ,0, ,N, ,3, , , , , ,788431, , , ,2,1,0,0,0,0,1,0,0,0,0,0,1,1,0,0,0,0,0,0,1,0,0,0,0,0,0,0,0,0,0,0,0,0,0,8,0,40.0328,-75.139, , 
 ,68774,2011031150,6,67,67301,2011,2,5,1259,12,1,1,0,4,1, , ,N,1,2,0,3,0,1,3,2,N,N,39 58:26.859,75 12:15.536,1303, ,1259, ,0, ,N, ,3, , , , , ,788438, , , ,2,0,0,0,1,0,1,0,0,1,0,0,1,0,0,0,0,0,0,0,2,0,0,0,0,0,0,0,0,0,0,0,0,0,0,2,0,39.9741,-75.2043, , 
 ,68775,2011031330,6,67,67301,2011,2,6,1545,15,1,1,0,8,1, , ,N,1,0,0,3,0,1,2,2,N,N,39 55:57.334,75 10:52.708,1000, ,930, ,0, ,N, ,0, , , , , ,791810, , , ,1,1,0,0,0,0,0,0,0,0,0,1,1,0,0,0,0,0,0,0,0,0,0,0,0,0,0,0,0,0,0,0,1,0,0,4,0,39.9326,-75.1813, , 
 ,68776,2011037940,6,67,67301,2011,3,6,1710,17,1,1,0,5,1, , ,N,0,0,0,3,0,1,3,3,Y,N,39 56:23.899,75 11:01.392,1714, ,1713, ,0, ,N, ,0, , , , , ,791817, , , ,3,1,0,1,1,0,0,0,0,0,0,1,1,0,0,0,0,0,0,0,1,0,0,0,0,0,0,0,0,0,0,0,0,0,0,4,1,39.94,-75.1837, , 
 ,68777,2011057450,6,67,67301,2011,5,4,1319,13,1,1,0,5,6, , ,N,0,0,0,3,0,1,1,6,N,N,40 02:48.516,75 07:31.425,1321, ,1321,3,1,3,N, ,0,N, , , , ,791827, , , ,6,5,0,0,0,0,1,0,0,0,0,1,1,0,0,0,0,0,0,0,0,0,0,0,0,0,0,0,0,0,0,0,0,0,0,4,0,40.0468,-75.1254, , 
 ,68778,2011064886,6,67,67301,2011,6,5,453,4,5,1,0,7,3, , ,N,6,0,2,3,0,0,1,1,N,N,39 56:42.200,75 11:27.000,509, ,458, ,0, ,N, ,0, , , , , ,791882, , , ,1,0,0,0,0,1,0,0,0,0,0,0,0,0,0,0,0,0,0,0,0,0,0,0,0,0,0,0,0,0,0,0,0,0,0,0,1,39.9451,-75.1908, , 
 ,68779,2011066178,6,67,67301,2011,6,7,9999,99,1,1,0,4,1, , ,N,0,0,0,3,0,0,1,2,N,N,39 56:46.122,75 08:56.248,1628, ,1628,2,2,4,N, ,0,Y, , , , ,791884, , , ,2,2,0,0,0,0,0,0,0,0,0,0,0,0,0,0,0,0,0,0,0,0,0,0,0,0,0,0,0,0,0,0,0,0,0,0,0,39.9461,-75.149, , 
 ,68780,2011016017,6,67,67301,2011,1,4,9999,99,5,4,6,7,5, , ,N,1,2,0,3,0,1,1,1,N,N,39 57:29.289,75 09:01.655,9999, ,1519, ,0, , , ,3, , , , , ,791897, , , ,1,0,0,0,0,0,0,1,0,0,0,1,1,0,0,0,0,0,0,0,1,0,0,0,0,0,0,0,0,0,0,0,0,0,0,4,0,39.9581,-75.1505, , 
 ,68781,2011031157,6,67,67301,2011,2,3,830,8,1,1,4,7,2, , ,N,0,0,0,3,0,1,1,1,N,N,39 54:55.115,75 13:34.023,834, ,832, ,0, , , ,0, , , , , ,791906, , , ,1,1,0,0,0,0,0,0,0,0,0,1,1,0,0,0,0,0,0,0,0,0,0,0,0,0,0,0,0,0,0,0,0,0,0,4,0,39.9153,-75.2261, , 
 ,68782,2011053586,6,67,67301,2011,4,1,9999,99,3,1,0,4,1, , ,N,1,2,0,3,0,1,2,2,N, ,39 55:01.859,75 14:46.691,9999, ,9999, ,0, , , ,3, , , , , ,791918, , , ,2,1,1,0,0,0,0,0,0,0,0,0,1,1,0,0,0,0,0,0,0,0,0,0,0,0,0,0,0,0,0,0,0,0,0,8,0,39.9172,-75.2463, , 
 ,68783,2011056752,6,67,67301,2011,5,3,1630,16,1,1,0,8,1, , ,N,1,2,0,3,0,1,2,2,N,N,39 56:52.000,75 13:38.688,2216, ,1635, ,0, , , ,4, , , , , ,791921, , , ,1,1,0,0,0,0,0,0,0,0,0,0,1,1,0,0,0,0,0,0,1,0,0,1,0,0,0,0,0,0,0,0,1,0,0,8,0,39.9478,-75.2274, , 
 ,68784,2011057274,6,67,67301,2011,5,4,1201,12,1,1,0,4,1, , ,N,1,2,0,3,0,1,3,2,N,N,39 55:23.275,75 10:11.576,1210, ,1206, ,0, ,N, ,3, , , , , ,791922, , , ,2,0,0,0,0,0,2,0,0,0,0,1,1,0,0,0,0,0,0,0,0,1,0,0,0,0,0,0,0,0,0,0,0,0,0,4,0,39.9231,-75.1699, , 
 ,68785,2011064011,6,67,67301,2011,5,5,348,3,3,2,1,7,4, , ,N,0,0,0,3,0,1,1,1,N,N,40 03:47.783,74 59:48.728,354, ,349,2,1,3,N, ,0,Y, , , , ,791927, , , ,1,0,0,0,0,0,1,0,0,0,0,0,1,1,0,0,0,0,0,0,0,0,0,0,0,0,0,0,0,0,0,0,0,0,0,8,0,40.0633,-74.9969, , 
 ,68786,2011065527,6,67,67301,2011,5,2,351,3,3,2,1,8,1, , ,N,5,2,0,3,0,4,4,2,N,N,40 01:25.752,75 12:27.936,354, ,352,4,2,1, , ,3,Y, , , , ,791930, , , ,1,1,0,0,0,0,0,0,0,0,2,1,4,1,0,0,0,0,0,0,0,0,0,0,0,0,0,0,0,0,0,0,1,0,0,3,0,40.0238,-75.2077, , 
 ,68787,2011068515,6,67,67301,2011,6,2,1115,11,1,1,0,4,1, , ,N,0,0,7,3,0,2,2,2,N,N,40 04:09.278,75 14:25.970,1119, ,1119,2,2,1,N, ,0,Y, , , , ,791933, , , ,2,2,0,0,0,0,0,0,0,0,0,2,2,0,0,0,0,0,0,0,1,0,0,0,0,0,0,0,0,0,0,0,0,0,0,4,0,40.0691,-75.2405, , 
 ,68788,2011015830,6,67,67301,2011,1,3,9999,99,1,1,0,5,1, , ,N,0,0,0,3,0,1,4,3,N,N,40 05:03.645,75 02:18.273,1615, ,1612,9,1,1, , ,0,N, , , , ,791949, , , ,3,3,0,0,0,0,0,0,0,0,0,1,1,0,0,0,0,0,0,0,0,1,0,0,0,0,0,0,0,0,0,0,0,0,0,4,0,40.0843,-75.0384, , 
 ,68789,2011044527,6,67,67301,2011,3,4,1143,11,1,1,0,4,1, , ,N,1,2,0,3,0,1,2,2,N,N,40 05:20.334,75 01:15.317,1157, ,1143, ,0, ,N, ,2, , , , , ,791974, , , ,2,2,0,0,0,0,0,0,0,0,0,1,1,0,0,0,0,0,0,0,1,0,1,0,0,0,0,0,0,0,0,0,0,0,0,4,0,40.089,-75.0209, , 
 ,68790,2011038457,6,67,67301,2011,3,6,1620,16,1,1,0,8,1, , ,N,0,0,0,3,0,1,2,2,N,N,40 01:58.288,75 06:22.154,1705, ,1700, ,0, ,N, ,0, , , , , ,792015, , , ,1,0,0,0,0,0,1,0,0,0,0,0,1,1,0,0,0,0,0,0,0,0,0,0,0,0,0,0,0,0,0,0,1,0,0,8,0,40.0329,-75.1062, , 
 ,68791,2011044819,6,67,67301,2011,4,3,1705,17,1,1,0,1,1, , ,N,0,0,0,3,0,1,2,2,N,N,40 00:33.463,75 03:58.389,1715, ,1711, ,0, ,N, ,0, , , , , ,792022, , , ,2,0,0,1,1,0,0,0,0,0,0,1,1,0,0,0,0,0,0,0,1,0,0,0,0,0,0,0,0,0,0,0,0,0,0,4,1,40.0093,-75.0664, , 
 ,68792,2011115394,6,67,67301,2011,10,5,1534,15,1,2,1,1,1, , ,N,0,0,0,3,0,1,2,2,N, ,40 02:57.942,75 05:44.745,1618, ,1600, ,0, , , ,0, , , , , ,792067, , , ,2,1,0,0,0,0,1,0,0,0,0,1,1,0,0,0,0,0,0,0,0,0,0,0,0,0,0,0,0,0,0,0,0,0,0,4,0,40.0494,-75.0958, , 
 ,68793,2011061794,6,67,67301,2011,5,3,740,7,1,2,1,1,1, , ,N,0,0,0,3,0,1,3,2,N,N,40 07:08.318,75 01:04.914,746, ,741, ,0, ,N, ,0, , , , , ,798925, , , ,2,2,0,0,0,0,0,0,0,0,0,0,1,1,0,0,0,0,0,0,0,1,0,0,0,0,0,0,0,0,0,0,0,0,0,8,0,40.119,-75.018, , 
 ,68794,2011066173,6,67,67301,2011,6,4,9999,99,8,9,8,4,1, , ,N,1,2,0,3,0,1,2,2,N,N,40 02:12.634,75 02:25.798,1159, ,1157, ,0, ,N, ,3, , , , , ,798926, , , ,2,2,0,0,0,0,0,0,0,0,0,1,1,0,0,0,0,0,0,0,0,0,1,0,0,0,0,0,0,0,0,0,0,0,0,4,0,40.0368,-75.0405, , 
 ,68795,2011075657,6,67,67301,2011,6,5,1821,18,1,1,0,8,1, , ,N,1,2,0,3,0,1,2,2,N,N,40 05:36.346,75 01:52.568,1825, ,1822,1,1,2,N, ,3,N, , , , ,798935, , , ,1,1,0,0,0,0,0,0,0,0,0,1,1,0,0,0,0,0,0,0,0,0,0,0,0,0,0,0,0,0,0,0,1,0,0,4,0,40.0934,-75.0313, , 
 ,68796,2011085455,6,67,67301,2011,7,1,1503,15,1,2,1,1,1, , ,N,0,0,0,3,0,0,17,3,N, ,40 06:02.664,75 00:25.946,1512, ,1503,1,2,1, , ,0,N, , , , ,798940, , , ,3,1,0,1,1,0,0,0,0,0,0,0,0,0,0,0,0,0,0,0,0,0,0,0,0,0,0,0,0,0,0,0,0,0,0,0,1,40.1007,-75.0072, , 
 ,68797,2011090429,6,67,67301,2011,8,5,2150,21,3,1,0,4,1, , ,N,0,0,7,3,0,1,2,2,N,N,39 55:20.492,75 11:11.618,2156, ,2152,2,1,3, , ,0,Y, , , , ,798942, , , ,2,2,0,0,0,0,0,0,0,0,0,1,1,0,0,0,0,0,0,1,1,0,0,0,0,0,0,0,0,0,0,0,0,0,0,4,0,39.9223,-75.1868, , 
 ,68798,2011090537,6,67,67301,2011,8,1,1242,12,1,2,1,4,7, , ,N,2,2,0,3,0,2,3,3,N,N,40 00:38.569,75 09:04.826,1244, ,1242, ,0, ,N, ,3, , , , , ,798943, , , ,3,3,0,0,0,0,0,0,0,0,0,0,2,2,0,0,0,0,0,0,0,0,0,0,0,0,0,0,0,0,0,0,0,0,0,8,0,40.0107,-75.1513, , 
 ,68799,2011115469,6,67,67301,2011,10,4,9999,99,1,1,0,4,1, , ,N,1,2,0,3,0,1,2,2,N,N,39 58:16.449,75 09:26.207,1639, ,1630, ,0, ,N, ,3, , , , , ,798966, , , ,1,1,0,0,0,0,0,0,1,0,0,0,1,1,0,0,0,0,0,0,0,0,0,1,0,0,0,0,0,0,0,0,0,0,0,8,0,39.9711,-75.1573, , 
 ,68800,2011054043,6,67,67301,2011,4,2,1800,18,1,1,0,4,1, , ,N,1,2,0,3,0,1,4,3,N, ,40 00:38.808,75 07:35.921,1901, ,1908, ,0, , , ,3, , , , , ,798978, , , ,3,3,0,0,0,0,0,0,0,0,0,1,1,0,0,0,0,0,0,0,0,0,0,0,0,0,0,0,0,0,0,0,0,0,0,4,0,40.0108,-75.1266, , 
 ,68801,2011057058,6,67,67301,2011,5,6,2225,22,3,1,0,4,1, , ,N,2,3,0,3,0,2,4,3,N,N,40 00:46.291,75 04:18.659,2233, ,2230,1,1,1,N, ,3,Y, , , , ,798982, , , ,3,2,0,0,0,0,0,1,0,0,0,0,2,2,0,0,0,0,0,0,0,0,0,0,0,0,0,0,0,0,0,0,0,0,0,8,0,40.0129,-75.0718, , 
 ,68802,2011073249,6,67,67301,2011,6,5,355,3,3,1,0,1,6, , ,N,0,0,0,3,0,1,1,4,N,N,40 02:57.681,75 02:38.266,402, ,359, ,0, ,N, ,0, , , , , ,799002, , , ,4,3,0,0,0,0,0,0,0,0,0,0,1,1,0,0,0,0,0,0,0,0,0,0,0,0,0,0,0,0,0,0,0,0,0,8,0,40.0494,-75.044, , 
 ,68803,2011054102,6,67,67301,2011,4,2,1830,18,1,1,0,5,1, , ,N,1,2,0,3,0,1,3,2,N,N,39 57:03.252,75 09:07.174,1910, ,1859, ,0, ,N, ,3, , , , , ,799021, , , ,2,1,0,1,0,0,0,0,0,0,0,1,1,0,0,0,0,0,0,0,0,1,0,0,0,0,0,0,0,0,0,0,0,0,0,4,1,39.9509,-75.152, , 
 ,68804,2011065524,6,67,67301,2011,5,5,930,9,1,1,0,8,2, , ,N,2,3,0,3,0,1,2,2,N,N,40 06:29.199,75 03:14.595,935, ,932, ,0, ,N, ,3, , , , , ,799030, , , ,1,1,0,0,0,0,0,0,0,0,0,1,1,0,0,0,0,0,0,0,0,0,0,0,0,0,0,0,0,0,0,0,1,0,0,4,0,40.1081,-75.054, , 
 ,68805,2011073633,6,67,67301,2011,6,7,134,1,3,1,0,7,4, , ,N,6,0,2,3,0,0,1,1,N,N,40 00:12.326,75 04:38.913,154, ,139,1,2,2,N, ,0,N, , , , ,799039, , , ,1,1,0,0,0,0,0,0,0,0,0,0,0,0,0,0,0,0,0,0,0,0,0,0,0,0,0,0,0,0,0,0,0,0,0,0,0,40.0035,-75.0774, , 
 ,68806,2011075639,6,67,67301,2011,6,6,9999,99,3,1,0,1,6, , ,N,0,0,0,3,0,0,1,3,N,N,39 56:41.852,75 14:03.260,9999, ,9999,2,1,1, , ,0,N, , , , ,799041, , , ,3,3,0,0,0,0,0,0,0,0,0,0,0,0,1,0,0,0,0,0,0,0,0,0,0,0,0,0,0,0,0,0,0,0,0,9,0,39.945,-75.2342, , 
 ,68807,2011079594,6,67,67301,2011,8,1,1418,14,1,1,0,7,2, , ,N,0,0,0,3,0,1,2,1,N,N,40 02:52.696,74 59:57.005,1428, ,1418,1,1,1,N, ,0,N, , , , ,799044, , , ,1,1,0,0,0,0,0,0,0,0,0,1,1,0,0,0,0,0,0,0,0,0,0,1,0,0,0,0,0,0,0,0,0,0,0,4,0,40.0479,-74.9993, , 
 ,68808,2011090384,6,67,67301,2011,8,4,246,2,3,1,1,1,1, , ,N,0,0,0,3,0,3,4,2,N, ,40 00:09.288,75 08:34.454,345, ,335,9,1,4, , ,0,N, , , , ,799054, , , ,2,1,0,0,1,0,0,0,0,0,0,0,3,3,1,0,0,0,0,0,0,0,0,0,0,0,0,0,0,0,0,0,0,0,0,8,0,40.0026,-75.1429, , 
 ,68809,2011093075,6,67,67301,2011,8,7,1112,11,1,1,0,4,1, , ,N,1,2,0,3,0,1,3,3,N,N,40 05:08.497,75 12:40.489,1115, ,1112, ,0, ,N, ,3, , , , , ,799056, , , ,3,2,0,0,0,0,1,0,0,0,0,1,1,0,0,0,0,0,0,0,0,0,0,0,0,0,0,0,0,0,0,0,0,0,0,4,0,40.0857,-75.2112, , 
 ,68810,2011096350,6,67,67301,2011,8,3,702,7,1,1,0,4,1, , ,N,1,2,0,3,0,1,2,5,N,N,39 59:27.011,75 07:51.262,1925, ,1916, ,0, ,N, ,2, , , , , ,799058, , , ,5,3,0,0,0,0,1,1,0,0,0,0,1,1,0,0,0,0,0,0,0,0,0,0,0,0,0,0,0,0,0,0,0,0,0,8,0,39.9908,-75.1309, , 
 ,68811,2011056855,6,67,67301,2011,5,1,1358,13,1,1,0,5,1, , ,N,1,2,0,3,0,2,3,2,N,N,40 02:20.709,75 08:41.028,1359, ,1358, ,0, ,N, ,3, , , , , ,795978, , , ,2,2,0,0,0,0,0,0,0,0,0,2,2,0,0,0,0,0,0,0,0,0,0,0,0,0,0,0,0,0,0,0,0,0,0,4,0,40.039,-75.1446, , 
 ,68812,2011057042,6,67,67301,2011,5,7,200,2,3,1,0,4,1, , ,N,1,3,0,3,0,3,3,2,N,N,40 00:24.490,75 04:57.907,217, ,213, ,0, ,N, ,3, , , , , ,795979, , , ,2,2,0,0,0,0,0,0,0,0,0,2,3,1,0,0,0,0,0,0,0,0,0,3,0,0,0,0,0,0,0,0,0,0,0,4,0,40.0068,-75.0828, , 
 ,68813,2011056414,6,67,67301,2011,4,6,1838,18,4,1,0,1,1, , ,N,0,0,0,3,0,1,2,2, , ,40 01:53.396,75 06:10.886,1845, ,1845,9,1,1, , ,0,N, , , , ,795981, , , ,2,1,0,0,0,1,0,0,0,0,0,1,1,0,0,0,0,0,0,1,0,0,0,0,0,0,0,0,0,0,0,0,0,0,0,4,1,40.0315,-75.103, , 
 ,68814,2011075647,6,67,67301,2011,6,3,1336,13,1,1,0,7,5, , ,N,1,2,0,3,0,1,1,1,N,N,40 00:49.975,75 07:33.617,1345, ,1339,2,2,3,N, ,3,Y, , , , ,796000, , , ,1,0,0,0,1,0,0,0,0,0,0,0,1,1,0,0,0,0,0,0,0,0,0,0,0,0,0,0,0,0,0,0,0,0,0,8,0,40.0139,-75.126, , 
 ,68815,2011076055,6,67,67301,2011,6,3,1140,11,1,1,0,7,5, , ,N,2,3,0,3,0,1,1,1,N,N,40 06:44.373,75 01:31.418,1150, ,1146,1,1,1,N, ,3,Y, , , , ,796002, , , ,1,1,0,0,0,0,0,0,0,0,1,0,1,0,0,0,0,0,0,0,0,1,0,1,0,0,0,0,0,0,0,0,0,0,0,3,0,40.1123,-75.0254, , 
 ,68816,2011082539,6,67,67301,2011,7,4,1116,11,1,1,0,4,1, , ,N,0,2,0,3,0,3,6,2,N,N,39 55:23.145,75 11:18.690,1129, ,1116,9,1,1,N, ,3,Y, , , , ,796009, , , ,2,1,0,0,0,0,0,1,0,0,0,0,3,3,1,0,0,0,0,0,0,0,0,0,0,0,0,0,0,0,0,0,0,0,0,8,0,39.9231,-75.1885, , 
 ,68817,2011087926,6,67,67301,2011,6,6,1726,17,1,1,0,1,1, , ,N,1,2,0,3,0,2,3,2,N,N,40 01:15.608,75 08:23.307,1732, ,1728,1,2,3,N, ,3,N, , , , ,796016, , , ,2,2,0,0,0,0,0,0,0,0,2,0,2,0,0,0,0,0,0,0,0,0,0,0,0,0,0,0,0,0,0,0,0,0,0,3,0,40.0211,-75.1399, , 
 ,68818,2011092982,6,67,67301,2011,8,7,221,2,3,1,0,6,1, , ,N,0,0,0,3,0,0,1,2,N, ,40 01:16.100,75 12:55.818,228, ,223,1,2,5,N, ,0,N, , , , ,796020, , , ,2,1,0,0,0,0,0,1,0,0,0,0,0,0,0,0,0,0,0,0,0,0,0,0,0,0,0,0,0,0,0,0,0,0,0,0,0,40.0211,-75.2155, , 
 ,68819,2011043656,6,67,67301,2011,4,4,1721,17,1,1,0,1,1, , ,N,0,0,2,3,0,0,2,2,N,N,39 54:07.463,75 10:28.575,1729, ,1725, ,0, ,N, ,0, , , , , ,796067, , , ,2,0,0,0,0,0,2,0,0,0,0,0,0,0,0,0,0,0,0,0,0,0,0,0,0,0,0,0,0,0,0,0,0,0,0,0,0,39.9021,-75.1746, , 
 ,68820,2011075777,6,67,67301,2011,6,1,1600,16,1,1,0,8,1, , ,N,1,0,0,3,0,1,2,2, , ,40 00:39.628,75 08:25.627,1608, ,1600, ,0, , , ,0, , , , , ,796086, , , ,1,0,0,0,1,0,0,0,0,0,0,1,1,0,1,0,0,0,0,0,0,0,0,1,0,0,0,0,0,0,0,0,1,0,0,4,0,40.011,-75.1405, , 
 ,68821,2011106487,6,67,67301,2011,10,7,1456,14,1,1,0,1,1, , ,N,0,0,0,3,0,1,5,3,N,N,39 59:02.869,75 12:29.988,1502, ,1501, ,0, ,N, ,0, , , , , ,796111, , , ,3,3,0,0,0,0,0,0,0,0,0,1,1,0,0,0,0,0,1,0,1,0,0,0,0,0,0,0,0,0,0,0,0,0,0,4,0,39.9841,-75.2083, , 
 ,68822,2011115331,6,67,67301,2011,10,4,1405,14,1,1,0,4,1, , ,N,1,2,0,3,0,1,2,2,N,N,40 01:32.829,75 07:58.227,1250, ,1250, ,0, ,N, ,3, , , , , ,796123, , , ,2,1,0,0,0,0,1,0,0,0,0,1,1,0,0,0,0,0,0,0,0,0,0,0,0,0,0,0,0,0,0,0,0,0,0,4,0,40.0258,-75.1328, , 
 ,68823,2011029175,6,67,67301,2011,1,4,1310,13,1,1,4,4,1, , ,N,1,3,0,3,0,1,6,2,N,N,39 55:32.984,75 14:12.649,1313, ,1313, ,0, ,N, ,3, , , , , ,796148, , , ,2,2,0,0,0,0,0,0,0,0,0,0,1,1,0,0,0,0,0,0,0,0,0,0,0,0,0,0,0,0,0,0,0,0,0,8,0,39.9258,-75.2368, , 
 ,68824,2011038448,6,67,67301,2011,3,2,1508,15,1,1,0,1,1, , ,N,0,2,0,3,0,1,5,3,N,N,40 02:45.600,75 01:51.099,1537, ,1528, ,0, ,N, ,3, , , , , ,796160, , , ,3,3,0,0,0,0,0,0,0,0,0,1,1,0,0,0,0,0,0,0,0,0,0,0,0,0,0,0,0,0,0,0,0,0,0,4,0,40.046,-75.0309, , 
 ,68825,2011040416,6,67,67301,2011,3,1,1950,19,3,1,0,5,1, , ,N,0,0,0,3,0,1,2,2, , ,39 56:59.050,75 09:57.090,1955, ,1952, ,0, , , ,0, , , , , ,796162, , , ,1,1,0,0,0,0,0,0,1,0,0,0,1,1,0,0,0,0,0,0,0,0,0,0,0,0,0,0,0,0,0,0,0,0,0,8,0,39.9497,-75.1659, , 