wz_ln_closure,objectid_1,crn,district,county,municipality,crash_year,crash_month,day_of_week,time_of_day,hour_of_day,illumination,weather,road_condition,collision_type,relation_to_road,work_zone_type,work_zone_loc,work_zone_ind,intersect_type,tcd_type,location_type,urban_rural,fatal_count,injury_count,person_count,total_units,sch_bus_ind,sch_zone_ind,latitude,longitude,arrival_tm,cons_zone_spd_lim,dispatch_tm,est_hrs_closed,lane_closed,ln_close_dir,ntfy_hiwy_maint,spec_juris_cd,tcd_func_cd,tfc_detour_ind,workers_pres,wz_close_detour,wz_flagger,wz_law_offcr_ind,objectid,wz_moving,wz_other,wz_shlder_mdn,vehicle_count,automobile_count,motorcycle_count,bus_count,small_truck_count,heavy_truck_count,suv_count,van_count,bicycle_count,maj_inj_count,mod_inj_count,min_inj_count,tot_inj_count,unk_inj_deg_count,unk_inj_per_count,driver_count_16yr,driver_count_17yr,driver_count_18yr,driver_count_19yr,driver_count_20yr,driver_count_50_64yr,driver_count_65_74yr,driver_count_75plus,unbelted_occ_count,unb_death_count,unb_maj_inj_count,belted_death_count,belted_maj_inj_count,mcycle_death_count,mcycle_maj_inj_count,bicycle_death_count,bicycle_maj_inj_count,ped_count,ped_death_count,ped_maj_inj_count,max_severity_level,comm_veh_count,dec_lat,dec_long,rdwy_surf_type_cd,county_name
 ,68826,2011044522,6,67,67301,2011,3,2,1150,11,1,1,0,2,1, , ,N,1,2,0,3,0,2,4,3,N,N,40 00:36.531,75 07:17.602,1155, ,1155,1,2,7, , ,9,Y, , , , ,796168, , , ,3,2,0,0,1,0,0,0,0,0,0,1,2,1,0,0,0,0,0,0,1,0,0,4,0,0,0,0,0,0,0,0,0,0,0,4,0,40.0101,-75.1214, , 
 ,68827,2011054354,6,67,67301,2011,4,3,2235,22,3,1,0,1,1, , ,N,2,2,0,3,0,1,2,3,N, ,40 03:16.658,75 00:35.920,2237, ,2237,2,1,3, , ,3,Y, , , , ,796173, , , ,2,1,0,0,0,0,0,1,0,0,0,0,1,1,0,0,0,0,0,0,1,0,0,0,0,0,0,0,0,0,0,0,1,0,0,8,0,40.0546,-75.01, , 
 ,68828,2011083362,6,67,67301,2011,7,2,2224,22,3,1,0,8,9, , ,N,0,0,0,3,0,2,4,4,N,N,40 01:24.740,75 07:51.660,2233, ,2230, ,0, ,N, ,0, , , , , ,796199, , , ,1,0,0,0,0,0,0,0,0,0,0,0,2,2,1,0,0,0,0,0,0,0,0,0,0,0,0,0,0,0,0,0,3,0,0,8,0,40.0235,-75.131, , 
 ,68829,2011044616,6,67,67301,2011,3,5,1512,15,1,2,1,1,1, , ,N,0,2,0,3,0,0,3,2,N,N,40 01:36.614,75 05:53.973,1535, ,1512,1,1,1,N, ,3,N, , , , ,788457, , , ,2,0,0,0,0,0,1,1,0,0,0,0,0,0,0,0,0,0,0,0,0,0,0,0,0,0,0,0,0,0,0,0,0,0,0,0,0,40.0268,-75.0983, , 
 ,68830,2011068491,6,67,67301,2011,6,4,2023,20,1,1,0,4,1, , ,N,2,2,0,3,0,1,2,2,N,N,39 57:34.816,75 14:50.653,2030, ,2027, ,0, ,N, ,3, , , , , ,788468, , , ,1,0,0,0,0,0,1,0,1,0,1,0,1,0,0,0,0,0,0,0,0,0,0,0,0,0,0,0,0,0,0,0,0,0,0,3,0,39.9597,-75.2474, , 
 ,68831,2011073209,6,67,67301,2011,6,1,810,8,1,1,0,4,1, , ,N,1,2,0,3,0,2,4,3,N,N,40 01:20.289,75 09:43.290,820, ,816, ,0, , , ,3, , , , , ,788478, , , ,3,2,0,0,0,0,0,1,0,0,0,0,2,2,0,0,0,0,0,0,1,0,0,0,0,0,0,0,0,0,0,0,0,0,0,8,0,40.0223,-75.162, , 
 ,68832,2011098089,6,67,67301,2011,8,3,1032,10,1,1,0,8,6, , ,N,0,0,0,3,0,1,2,2,N,N,39 57:49.591,75 12:11.996,1039, ,1037, ,0, ,N, ,0, , , , , ,788503, , , ,1,1,0,0,0,0,0,0,0,0,0,0,1,1,0,0,0,0,0,0,0,0,0,0,0,0,0,0,0,0,0,0,1,0,0,8,0,39.9638,-75.2033, , 
 ,68833,2011008721,6,46,46104,2011,1,7,2340,23,3,1,0,4,1, , ,N,2,0,7,3,0,0,2,2,N,N,39 59:23.350,75 15:03.019,2341, ,2341, ,0, ,N, ,0, , , , , ,788511, , , ,2,2,0,0,0,0,0,0,0,0,0,0,0,0,0,0,0,0,0,0,0,0,0,0,0,0,0,0,0,0,0,0,0,0,0,0,0,39.9897,-75.2508, , 
 ,68834,2011047021,6,67,67301,2011,4,7,610,6,1,1,0,8,1, , ,N,1,2,0,3,0,1,2,2,N,N,39 56:43.954,75 09:54.099,1630, ,1610, ,0, ,N, ,3, , , , , ,788514, , , ,1,0,0,0,0,0,1,0,0,0,0,1,1,0,0,0,0,0,0,0,0,0,0,0,0,0,0,0,0,0,0,0,1,0,0,4,0,39.9456,-75.165, , 
 ,68835,2011047100,6,67,67301,2011,4,3,738,7,1,2,1,8,1, , ,N,0,0,0,3,0,1,2,2,N,Y,40 01:12.398,75 05:43.439,840, ,738, ,0, ,N, ,0, , , , , ,788515, , , ,1,1,0,0,0,0,0,0,0,0,0,1,1,0,0,0,0,0,0,0,0,0,0,0,0,0,0,0,0,0,0,0,1,0,0,4,0,40.0203,-75.0952, , 
 ,68836,2011060473,6,67,67301,2011,6,4,2010,20,4,1,0,7,2, , ,N,0,0,0,3,0,1,1,1,N,N,39 58:00.652,75 08:02.549,2017, ,2012,1,1,1,Y, ,0,N, , , , ,788528, , , ,1,1,0,0,0,0,0,0,0,0,0,0,1,1,0,0,0,0,0,0,0,0,0,1,0,0,0,0,0,0,0,0,0,0,0,8,0,39.9668,-75.1342, , 
 ,68837,2011083339,6,67,67301,2011,7,2,1355,13,1,1,0,5,1, , ,N,0,0,0,3,0,1,3,2,N,N,40 00:05.861,75 09:10.507,9999, ,9999, ,0, , , ,0, , , , , ,788552, , , ,2,1,0,1,0,0,0,0,0,0,0,0,1,1,0,0,0,0,0,0,0,0,0,0,0,0,0,0,0,0,0,0,0,0,0,8,1,40.0016,-75.1529, , 
 ,68838,2011031164,6,67,67301,2011,2,4,1853,18,3,1,0,4,1, , ,N,1,3,0,3,0,3,3,2,N,N,39 57:27.730,75 13:31.245,1942, ,1941, ,0, ,N, ,3, , , , , ,788578, , , ,2,2,0,0,0,0,0,0,0,0,0,2,3,1,0,0,0,0,0,0,0,1,0,0,0,0,0,0,0,0,0,0,0,0,0,4,0,39.9577,-75.2253, , 
 ,68839,2011033530,6,67,67301,2011,3,5,1500,15,1,1,0,5,5, , ,N,2,0,0,3,0,1,4,2,N,N,40 02:21.806,75 09:13.163,1552, ,550, ,0, ,N, ,0, , , , , ,788580, , , ,2,2,0,0,0,0,0,0,0,0,0,1,1,0,0,0,0,0,0,0,0,0,0,0,0,0,0,0,0,0,0,0,0,0,0,4,0,40.0394,-75.1537, , 
 ,68840,2011037922,6,67,67301,2011,3,6,715,7,1,1,0,4,1, , ,N,2,3,0,3,0,1,2,2, , ,39 55:33.207,75 09:21.319,727, ,722, ,0, , , ,3, , , , , ,788587, , , ,2,2,0,0,0,0,0,0,0,0,0,0,1,1,0,0,0,0,0,0,0,0,0,0,0,0,0,0,0,0,0,0,0,0,0,8,0,39.9259,-75.1559, , 
 ,68841,2011044584,6,67,67301,2011,4,2,1306,13,1,1,0,1,1, , ,N,0,0,3,3,0,1,3,2, , ,39 55:15.867,75 11:40.458,1312, ,1306, ,0, , , ,0, , , , , ,788591, , , ,2,1,0,0,0,0,1,0,0,0,0,0,1,1,0,0,0,0,0,0,0,0,0,0,0,0,0,0,0,0,0,0,0,0,0,8,0,39.9211,-75.1948, , 
 ,68842,2011047005,6,67,67301,2011,3,5,817,8,1,2,1,8,1, , ,N,1,2,0,3,0,1,2,2, , ,39 59:25.210,75 07:37.294,840, ,833, ,0, , , ,3, , , , , ,788595, , , ,1,1,0,0,0,0,0,0,0,0,0,1,1,0,0,0,0,0,0,0,0,0,0,0,0,0,0,0,0,0,0,0,1,0,0,4,0,39.9903,-75.127, , 
 ,68843,2011029189,6,67,67301,2011,2,5,1224,12,1,8,1,8,1, , ,N,0,0,0,3,0,1,2,2,N,N,39 55:05.436,75 09:33.206,1233, ,1229, ,0, , , ,0, , , , , ,788629, , , ,1,1,0,0,0,0,0,0,0,0,0,1,1,0,0,0,0,0,0,0,0,0,0,0,0,0,0,0,0,0,0,0,1,0,0,4,0,39.9182,-75.1592, , 
 ,68844,2011044622,6,67,67301,2011,3,3,1400,14,1,1,1,8,1, , ,N,0,0,7,3,0,2,3,3,N,N,39 55:57.760,75 09:50.640,1424, ,1415, ,0, , , ,0, , , , , ,788646, , , ,1,1,0,0,0,0,0,0,0,2,0,0,2,0,0,0,0,0,0,0,0,0,0,0,0,0,0,0,0,0,0,0,2,0,2,2,1,39.9327,-75.1641, , 
 ,68845,2011047002,6,67,67301,2011,3,5,9999,99,3,1,0,4,1, , ,N,1,2,0,3,0,3,5,3,N,N,40 02:40.636,75 03:16.819,2258, ,2251,2,2,2,N, ,3,Y, , , , ,788650, , , ,3,2,0,0,0,0,1,0,0,0,0,0,3,3,0,0,0,0,0,0,0,0,0,0,0,0,0,0,0,0,0,0,0,0,0,8,0,40.0446,-75.0547, , 
 ,68846,2011031174,6,67,67301,2011,2,6,1935,19,4,1,0,7,3, , ,N,0,0,6,3,0,2,2,1,N,N,40 03:02.139,75 03:03.377,1950, ,1944, ,0, ,N, ,0, , , , , ,788726, , , ,1,1,0,0,0,0,0,0,0,0,1,1,2,0,0,0,0,0,0,0,0,0,0,1,0,0,0,0,0,0,0,0,0,0,0,3,0,40.0506,-75.0509, , 
Y,68847,2011071690,6,67,67301,2011,7,5,1549,15,1,1,0,1,1,1,4,Y,0,0,0,3,0,0,3,2,N,N,39 54:00.374,75 09:35.476,1604,45,1554, ,0, ,N, ,0, ,N,N,N,N,792090,N,N,N,2,1,0,0,0,0,1,0,0,0,0,0,0,0,0,0,0,0,0,0,0,0,0,0,0,0,0,0,0,0,0,0,0,0,0,0,0,39.9001,-75.1598, , 
 ,68848,2011077885,6,67,67301,2011,8,4,1419,14,1,1,0,7,1, , ,N,0,0,0,3,0,1,1,1,N,N,40 01:10.109,75 09:47.846,1421, ,1420,2,1,2,N, ,0,N, , , , ,792093, , , ,1,1,0,0,0,0,0,0,0,0,0,1,1,0,0,0,0,0,0,0,0,0,0,0,0,0,0,0,0,0,0,0,0,0,0,4,0,40.0195,-75.1633, , 
 ,68849,2011082450,6,67,67301,2011,7,4,811,8,1,1,0,7,5, , ,N,0,0,7,3,0,1,1,1,N,N,40 00:25.699,75 11:46.645,818, ,816, ,0, ,N, ,0, , , , , ,792097, , , ,1,1,0,0,0,0,0,0,0,0,0,0,1,1,0,0,0,0,0,0,0,0,0,0,0,0,0,0,0,0,0,0,0,0,0,8,0,40.0071,-75.1963, , 
 ,68850,2011088560,6,67,67301,2011,8,7,1111,11,1,1,0,1,1, , ,N,0,0,0,3,0,0,2,2,N,N,39 57:27.992,75 09:42.462,1153, ,1113,1,1,3,N, ,0,N, , , , ,792104, , , ,2,1,0,0,1,0,0,0,0,0,0,0,0,0,1,0,0,1,0,0,1,0,0,0,0,0,0,0,0,0,0,0,0,0,0,9,0,39.9578,-75.1618, , 
 ,68851,2011029444,6,67,67301,2011,2,4,1647,16,1,1,0,3,1, , ,N,0,0,0,3,0,1,2,5,N,N,39 54:48.067,75 08:41.592,1655, ,1647,2,1,3,N, ,0,Y, , , , ,792148, , , ,5,3,0,0,0,1,1,0,0,0,0,1,1,0,0,0,0,0,0,0,1,0,0,0,0,0,0,0,0,0,0,0,0,0,0,4,1,39.9134,-75.1449, , 
 ,68852,2011061785,6,67,67301,2011,5,3,1320,13,1,1,0,8,1, , ,N,1,2,0,3,0,1,2,2,N,N,40 02:11.165,75 07:49.937,1350, ,1345, ,0, ,N, ,3, , , , , ,792170, , , ,1,0,0,0,0,0,1,0,0,0,0,1,1,0,1,0,0,0,0,0,0,0,0,1,0,0,0,0,0,0,0,0,1,0,0,4,0,40.0364,-75.1305, , 
 ,68853,2011066235,6,67,67301,2011,5,3,115,1,3,1,0,8,4, , ,N,1,3,0,3,0,1,2,2,N,N,39 55:57.838,75 11:08.865,117, ,115, ,0, ,N, ,3, , , , , ,792172, , , ,1,1,0,0,0,0,0,0,0,0,0,0,1,1,1,0,0,0,0,0,0,0,0,0,0,0,0,0,0,0,0,0,1,0,0,8,0,39.9327,-75.1858, , 
 ,68854,2011031446,6,67,67301,2011,2,6,1127,11,1,1,0,4,1, , ,N,2,3,0,3,0,1,2,2,N,N,40 01:03.007,75 03:14.133,1132, ,1128, ,0, ,N, ,3, , , , , ,792199, , , ,2,1,0,0,1,0,0,0,0,0,0,0,1,1,0,0,0,0,0,0,0,0,0,0,0,0,0,0,0,0,0,0,0,0,0,8,0,40.0175,-75.0539, , 
 ,68855,2011031451,6,67,67301,2011,2,3,1137,11,1,1,1,4,1, , ,N,1,2,0,3,0,0,3,3, , ,40 02:17.558,75 11:24.246,1149, ,1140,1,1,3, , ,3,Y, , , , ,792200, , , ,3,2,0,1,0,0,0,0,0,0,0,0,0,0,0,0,0,0,0,0,2,0,0,0,0,0,0,0,0,0,0,0,0,0,0,0,1,40.0382,-75.1901, , 
 ,68856,2011047056,6,67,67301,2011,4,1,1610,16,1,1,0,4,1, , ,N,1,2,0,3,0,2,4,2,N,N,40 03:54.789,75 10:05.158,1615, ,1615, ,0, ,N, ,2, , , , , ,792218, , , ,2,1,0,0,0,0,1,0,0,0,0,0,2,2,0,0,0,0,0,0,0,0,0,0,0,0,0,0,0,0,0,0,0,0,0,8,0,40.0652,-75.1681, , 
 ,68857,2011037964,6,67,67301,2011,3,6,1508,15,1,1,0,8,1, , ,N,0,0,0,3,0,1,2,2,N,N,40 02:02.140,75 07:20.710,1512, ,1510, ,0, ,N, ,0, , , , , ,792259, , , ,1,0,0,0,0,0,0,1,0,0,0,1,1,0,0,0,0,0,0,0,0,0,0,0,0,0,0,0,0,0,0,0,1,0,0,4,0,40.0339,-75.1224, , 
 ,68858,2011015991,6,67,67301,2011,1,5,1721,17,3,1,0,4,1, , ,N,5,2,0,3,0,1,2,2,N,N,40 01:53.383,75 03:47.425,1721, ,1721,1,2,4,N, ,3,Y, , , , ,792279, , , ,2,2,0,0,0,0,0,0,0,0,0,1,1,0,0,0,0,0,0,0,1,0,0,0,0,0,0,0,0,0,0,0,0,0,0,4,0,40.0316,-75.0633, , 
 ,68859,2011033756,6,67,67301,2011,3,1,745,7,3,2,1,8,1, , ,N,1,2,0,3,0,1,2,2,N,N,39 57:28.628,75 14:00.595,800, ,800, ,0, ,N, ,3, , , , , ,792295, , , ,1,0,0,0,0,0,1,0,0,0,0,1,1,0,0,0,0,0,0,0,1,0,0,0,0,0,0,0,0,0,0,0,1,0,0,4,0,39.958,-75.2335, , 
 ,68860,2011056793,6,67,67301,2011,4,6,1548,15,1,1,0,8,1, , ,N,2,2,0,3,0,1,2,2, , ,40 04:53.936,74 59:39.961,1549, ,1549,9,1,1, , ,3,N, , , , ,792315, , , ,1,1,0,0,0,0,0,0,0,0,0,1,1,0,0,0,0,0,0,0,0,0,0,0,0,0,0,0,0,0,0,0,1,0,0,4,0,40.0816,-74.9944, , 
 ,68861,2011015985,6,67,67301,2011,1,5,850,8,1,1,1,4,1, , ,N,3,3,0,3,0,4,4,2,N,N,40 07:34.842,75 01:12.201,900, ,855,2,1,4, , ,3,Y, , , , ,792330, , , ,2,1,0,0,0,0,1,0,0,0,0,4,4,0,0,0,0,0,0,1,0,0,0,0,0,0,0,0,0,0,0,0,0,0,0,4,0,40.1263,-75.0201, , 
 ,68862,2011044590,6,67,67301,2011,4,6,1358,13,1,9,1,8,1, , ,N,1,3,0,3,0,1,2,2,N,N,39 57:21.067,75 08:39.996,1358, ,1649, ,0, ,N, ,3, , , , , ,792355, , , ,1,1,0,0,0,0,0,0,0,0,0,0,1,1,1,0,0,0,0,0,0,0,0,0,0,0,0,0,0,0,0,0,1,0,0,8,0,39.9559,-75.1444, , 
 ,68863,2011044639,6,67,67301,2011,4,7,2015,20,3,1,0,8,1, , ,N,1,2,0,3,0,0,3,2,N,N,40 02:31.564,75 10:47.878,2035, ,2029, ,0, ,N, ,3, , , , , ,792356, , , ,2,2,0,0,0,0,0,0,0,0,0,0,0,0,1,0,0,0,0,0,0,0,0,0,0,0,0,0,0,0,0,0,0,0,0,9,0,40.0421,-75.18, , 
 ,68864,2011047020,6,67,67301,2011,4,7,1345,13,1,1,0,4,1, , ,N,1,3,0,3,0,1,3,2,N,N,39 58:09.231,75 14:54.761,1355, ,1350, ,0, ,N, ,3, , , , , ,792358, , , ,2,1,0,0,0,0,1,0,0,0,1,0,1,0,0,0,0,0,0,0,0,0,0,0,0,0,0,0,0,0,0,0,0,0,0,3,0,39.9692,-75.2485, , 
 ,68865,2011102374,6,67,67301,2011,10,7,1902,19,3,1,0,0,1, , ,N,0,0,0,3,0,1,1,1,N,N,39 59:59.269,75 04:48.767,1905, ,1902, ,0, ,N, ,0, , , , , ,799063, , , ,1,0,1,0,0,0,0,0,0,0,0,1,1,0,0,0,0,0,0,0,0,0,0,0,0,0,0,0,0,0,0,0,0,0,0,4,0,39.9999,-75.0801, , 
 ,68866,2011064190,6,67,67301,2011,5,6,1815,18,1,1,0,4,1, , ,N,1,2,0,3,0,3,3,2,N,N,40 03:07.696,75 04:04.036,1817, ,1815,1,1,4,N, ,3,Y, , , , ,799076, , , ,2,2,0,0,0,0,0,0,0,0,2,1,3,0,0,0,0,0,0,0,0,0,0,0,0,0,0,0,0,0,0,0,0,0,0,3,0,40.0521,-75.0678, , 
 ,68867,2011065533,6,67,67301,2011,5,3,9999,99,1,1,0,1,1, , ,N,0,0,0,3,0,1,2,2,N,N,39 59:06.478,75 06:12.303,1000, ,950, ,0, ,N, ,0, , , , , ,799077, , , ,2,0,0,0,0,0,1,1,0,0,0,1,1,0,0,0,0,0,0,0,1,0,0,0,0,0,0,0,0,0,0,0,0,0,0,4,0,39.9851,-75.1034, , 
 ,68868,2011085533,6,67,67301,2011,7,2,2201,22,3,1,0,4,1, , ,N,1,2,0,3,0,1,3,2,N, ,40 04:21.894,75 11:18.513,2218, ,2217, ,0, , , ,3, , , , , ,799103, , , ,2,2,0,0,0,0,0,0,0,0,0,1,1,0,0,0,0,0,0,0,0,0,0,0,0,0,0,0,0,0,0,0,0,0,0,4,0,40.0727,-75.1885, , 
 ,68869,2011085765,6,67,67301,2011,8,1,1409,14,1,1,0,7,3, , ,N,0,0,0,3,0,1,2,1,N,N,39 53:55.877,75 10:23.972,1434, ,1416, ,0, ,N, ,0, , , , , ,799104, , , ,1,1,0,0,0,0,0,0,0,0,0,0,1,1,0,0,1,0,0,0,0,0,0,0,0,0,0,0,0,0,0,0,0,0,0,8,0,39.8989,-75.1733, , 
 ,68870,2011097322,6,67,67301,2011,9,2,1544,15,1,1,0,1,1, , ,N,0,0,0,3,0,2,3,2,N,N,39 57:36.177,75 10:45.211,1552, ,1548,1,1,4,N, ,0,N, , , , ,799115, , , ,2,0,0,0,0,0,2,0,0,0,1,1,2,0,0,0,0,0,0,0,0,1,0,0,0,0,0,0,0,0,0,0,0,0,0,3,0,39.96,-75.1792, , 
 ,68871,2011054184,6,67,67301,2011,4,7,129,1,3,1,0,7,3, , ,N,2,2,0,3,0,1,1,1,N, ,39 57:58.957,75 09:38.183,131, ,129, ,0, , , ,2, , , , , ,799148, , , ,1,1,0,0,0,0,0,0,0,0,0,0,1,1,0,0,0,0,0,0,0,0,0,1,0,0,0,0,0,0,0,0,0,0,0,8,0,39.9662,-75.1605, , 
 ,68872,2011055941,6,67,67301,2011,4,2,1345,13,1,1,0,1,1, , ,N,0,0,0,3,0,0,1,3, , ,39 55:34.010,75 09:49.680,1405, ,1358,2,2,3, , ,0,Y, , , , ,799149, , , ,3,2,0,0,0,0,1,0,0,0,0,0,0,0,0,0,0,0,0,0,1,0,0,0,0,0,0,0,0,0,0,0,0,0,0,0,0,39.9261,-75.1638, , 
 ,68873,2011061781,6,67,67301,2011,5,3,2150,21,2,1,0,8,1, , ,N,2,0,0,3,0,1,2,2,N,N,40 02:26.577,75 07:21.143,2157, ,2155, ,0, ,N, ,0, , , , , ,799154, , , ,1,1,0,0,0,0,0,0,0,0,0,1,1,0,0,0,0,0,0,0,0,0,0,0,0,0,0,0,0,0,0,0,1,0,0,4,0,40.0407,-75.1225, , 
 ,68874,2011066234,6,67,67301,2011,5,7,2235,22,3,1,0,1,1, , ,N,0,0,0,3,0,0,0,2,N,N,39 58:55.848,75 08:08.642,2318, ,2318, ,0, ,N, ,0, , , , , ,799157, , , ,2,1,0,0,0,0,1,0,0,0,0,0,0,0,0,0,0,0,0,0,0,0,0,0,0,0,0,0,0,0,0,0,0,0,0,9,0,39.9822,-75.1357, , 
 ,68875,2011034053,6,67,67301,2011,3,6,1615,16,1,1,0,4,1, , ,N,1,2,0,3,0,6,13,2,N,N,40 01:47.862,75 05:14.656,1620, ,1617,2,1,1,N, ,3,N, , , , ,799192, , , ,2,1,0,1,0,0,0,0,0,0,1,5,6,0,0,0,0,0,0,0,1,0,0,0,0,0,0,0,0,0,0,0,0,0,0,3,1,40.03,-75.0874, , 
 ,68876,2011054361,6,67,67301,2011,4,7,1849,18,1,1,0,8,1, , ,N,2,2,0,3,0,1,2,2,N,N,40 02:44.449,75 00:58.925,1853, ,1850, ,0, ,N, ,3, , , , , ,799210, , , ,1,1,0,0,0,0,0,0,0,0,0,0,1,1,0,0,0,0,0,0,0,0,0,0,0,0,0,0,0,0,0,0,1,0,0,8,0,40.0457,-75.0164, , 
 ,68877,2011015893,6,67,67301,2011,1,1,1229,12,1,1,3,4,1, , ,N,1,2,0,3,0,1,9,2,N,N,40 04:51.077,75 01:43.585,1232, ,1229,9,1,2,N, ,3,N, , , , ,799227, , , ,2,2,0,0,0,0,0,0,0,0,0,1,1,0,0,0,0,0,1,0,0,0,1,0,0,0,0,0,0,0,0,0,0,0,0,4,0,40.0809,-75.0288, , 
 ,68878,2011038409,6,67,67301,2011,3,2,1635,16,1,1,0,6,1, , ,N,1,0,2,3,0,1,2,2,N,N,39 59:11.983,75 12:29.919,1650, ,1645, ,0, , , ,0, , , , , ,799246, , , ,2,2,0,0,0,0,0,0,0,0,0,0,1,1,1,0,0,0,0,0,0,1,0,0,0,0,0,0,0,0,0,0,0,0,0,8,0,39.9867,-75.2083, , 
 ,68879,2011047108,6,67,67301,2011,4,6,2006,20,3,2,1,4,1, , ,N,2,0,2,3,0,2,2,2,N,N,40 00:24.861,75 04:06.095,2255, ,2255, ,0, ,N, ,0, , , , , ,799254, , , ,2,1,0,0,0,1,0,0,0,0,0,1,2,1,0,0,0,0,0,0,0,0,0,0,0,0,0,0,0,0,0,0,0,0,0,4,1,40.0066,-75.0682, , 
 ,68880,2011029118,6,67,67301,2011,2,7,345,3,3,1,0,8,1, , ,N,0,3,0,3,0,1,2,2,N,Y,39 56:19.621,75 09:51.193,200, ,200, ,0, ,N, ,3, , , , , ,799277, , , ,1,1,0,0,0,0,0,0,0,0,1,0,1,0,0,0,0,0,0,0,0,0,0,0,0,0,0,0,0,0,0,0,1,0,0,3,0,39.9388,-75.1642, , 
 ,68881,2011031398,6,67,67301,2011,2,5,220,2,3,1,0,5,6, , ,N,0,3,0,3,0,0,0,3, , ,39 59:53.005,75 10:18.832,230, ,228, ,0, , , ,3, , , , , ,799278, , , ,3,1,0,0,0,0,2,0,0,0,0,0,0,0,0,0,0,0,0,0,0,0,0,0,0,0,0,0,0,0,0,0,0,0,0,9,0,39.9981,-75.1719, , 
 ,68882,2011031412,6,67,67301,2011,2,6,439,4,3,1,0,5,6, , ,N,0,0,0,3,0,0,2,2,N,N,40 02:06.698,75 07:40.267,519, ,517, ,0, ,N, ,0, , , , , ,799279, , , ,2,2,0,0,0,0,0,0,0,0,0,0,0,0,0,0,0,0,0,0,0,0,0,0,0,0,0,0,0,0,0,0,0,0,0,0,0,40.0352,-75.1279, , 
 ,68883,2011091022,6,67,67301,2011,7,1,300,3,3,1,0,4,6, , ,N,2,2,0,3,0,0,1,3,N, ,39 58:57.685,75 10:31.026,320, ,316, ,0, , , ,3, , , , , ,796206, , , ,3,3,0,0,0,0,0,0,0,0,0,0,0,0,1,0,0,0,0,0,0,0,0,0,0,0,0,0,0,0,0,0,0,0,0,9,0,39.9827,-75.1753, , 
 ,68884,2011100882,6,67,67301,2011,9,4,2135,21,3,1,1,8,2, , ,N,1,2,0,3,0,1,3,2,N,N,39 54:47.499,75 14:35.290,2208, ,2206, ,0, ,N, ,3, , , , , ,796213, , , ,1,1,0,0,0,0,0,0,0,0,0,1,1,0,0,0,0,0,0,0,0,0,0,0,0,0,0,0,0,0,0,0,1,0,0,4,0,39.9131,-75.2433, , 
 ,68885,2011048999,6,67,67301,2011,4,7,2240,22,3,1,0,1,1, , ,N,0,0,0,3,0,1,6,2,N,N,40 00:52.355,75 10:41.041,2250, ,2243, ,0, ,N, ,0, , , , , ,796232, , , ,2,1,0,0,0,0,0,1,0,0,0,1,1,0,0,0,0,0,0,0,0,0,0,0,0,0,0,0,0,0,0,0,0,0,0,4,0,40.0145,-75.1781, , 
 ,68886,2011061680,6,67,67301,2011,6,3,624,6,1,1,0,1,1, , ,N,0,0,0,3,0,1,3,3,N,N,39 59:15.767,75 05:22.910,716, ,627, ,0, ,N, ,0, , , , , ,796243, , , ,3,2,0,0,0,0,1,0,0,0,1,0,1,0,0,0,0,0,0,0,0,0,0,0,0,0,0,0,0,0,0,0,0,0,0,3,0,39.9878,-75.0896, , 
 ,68887,2011073173,6,67,67301,2011,6,5,9999,99,1,1,0,8,1, , ,N,0,0,0,3,0,1,3,2,N,N,40 01:41.646,75 07:42.524,2014, ,2004, ,0, ,N, ,0, , , , , ,796254, , , ,1,1,0,0,0,0,0,0,0,0,0,0,1,1,0,0,0,0,0,0,0,0,0,0,0,0,0,0,0,0,0,0,1,0,0,8,0,40.0282,-75.1285, , 
 ,68888,2011092845,6,67,67301,2011,8,2,1517,15,1,1,0,8,1, , ,N,0,0,0,3,0,1,2,2,N, ,40 01:46.462,75 09:51.494,1610, ,1602, ,0, , , ,0, , , , , ,796272, , , ,1,1,0,0,0,0,0,0,0,0,0,1,1,0,0,0,0,0,0,0,0,0,0,0,0,0,0,0,0,0,0,0,1,0,0,4,0,40.0296,-75.1643, , 
 ,68889,2011056916,6,67,67301,2011,5,3,1335,13,1,1,0,4,1, , ,N,1,2,0,3,0,1,2,2,N,N,40 01:41.630,75 06:35.610,1341, ,1338, ,0, ,N, ,3, , , , , ,796274, , , ,2,2,0,0,0,0,0,0,0,0,0,1,1,0,1,0,0,0,0,0,0,0,0,0,0,0,0,0,0,0,0,0,0,0,0,4,0,40.0283,-75.1098, , 
 ,68890,2011033731,6,67,67301,2011,3,3,1835,18,4,1,0,1,1, , ,N,0,0,0,3,0,0,2,2,N,N,39 59:56.244,75 11:44.113,1845, ,1845,2,1,3,N, ,0,N, , , , ,796301, , , ,2,1,0,0,0,1,0,0,0,0,0,0,0,0,0,0,0,0,0,0,0,0,0,0,0,0,0,0,0,0,0,0,0,0,0,0,1,39.999,-75.1956, , 
 ,68891,2011028836,6,67,67301,2011,2,2,2100,21,3,1,0,5,1, , ,N,0,0,0,3,0,3,5,2,N,N,39 58:42.398,75 09:21.729,2154, ,2153, ,0, ,N, ,0, , , , , ,796345, , , ,2,2,0,0,0,0,0,0,0,0,0,3,3,0,0,0,0,0,1,0,0,1,0,2,0,0,0,0,0,0,0,0,0,0,0,4,0,39.9784,-75.156, , 
 ,68892,2011032241,6,67,67301,2011,3,3,1405,14,1,1,0,1,1, , ,N,0,0,0,3,0,1,2,2,N,N,39 53:33.576,75 14:02.326,1423, ,1408, ,0, ,N, ,0, , , , , ,796349, , , ,2,2,0,0,0,0,0,0,0,0,0,1,1,0,0,0,0,0,0,0,1,0,0,0,0,0,0,0,0,0,0,0,0,0,0,4,0,39.8927,-75.234, , 