wz_ln_closure,objectid_1,crn,district,county,municipality,crash_year,crash_month,day_of_week,time_of_day,hour_of_day,illumination,weather,road_condition,collision_type,relation_to_road,work_zone_type,work_zone_loc,work_zone_ind,intersect_type,tcd_type,location_type,urban_rural,fatal_count,injury_count,person_count,total_units,sch_bus_ind,sch_zone_ind,latitude,longitude,arrival_tm,cons_zone_spd_lim,dispatch_tm,est_hrs_closed,lane_closed,ln_close_dir,ntfy_hiwy_maint,spec_juris_cd,tcd_func_cd,tfc_detour_ind,workers_pres,wz_close_detour,wz_flagger,wz_law_offcr_ind,objectid,wz_moving,wz_other,wz_shlder_mdn,vehicle_count,automobile_count,motorcycle_count,bus_count,small_truck_count,heavy_truck_count,suv_count,van_count,bicycle_count,maj_inj_count,mod_inj_count,min_inj_count,tot_inj_count,unk_inj_deg_count,unk_inj_per_count,driver_count_16yr,driver_count_17yr,driver_count_18yr,driver_count_19yr,driver_count_20yr,driver_count_50_64yr,driver_count_65_74yr,driver_count_75plus,unbelted_occ_count,unb_death_count,unb_maj_inj_count,belted_death_count,belted_maj_inj_count,mcycle_death_count,mcycle_maj_inj_count,bicycle_death_count,bicycle_maj_inj_count,ped_count,ped_death_count,ped_maj_inj_count,max_severity_level,comm_veh_count,dec_lat,dec_long,rdwy_surf_type_cd,county_name
 ,68959,2011064150,6,67,67301,2011,5,1,2210,22,3,1,0,8,1, , ,N,0,0,0,3,0,1,2,2, , ,39 59:40.023,75 07:34.296,2212, ,2211, ,0, , , ,0, , , , , ,796575, , , ,1,1,0,0,0,0,0,0,0,0,0,0,1,1,1,0,0,0,0,0,0,0,0,0,0,0,0,0,0,0,0,0,1,0,0,8,0,39.9945,-75.1262, , 
 ,68960,2011068483,6,67,67301,2011,6,5,2255,22,3,1,0,4,1, , ,N,5,2,0,3,0,4,6,2,N,N,40 01:53.383,75 03:47.425,2303, ,2259, ,0, ,N, ,3, , , , , ,796582, , , ,2,1,0,0,0,0,1,0,0,0,1,3,4,0,0,0,0,1,0,0,0,0,0,0,0,0,0,0,0,0,0,0,0,0,0,3,0,40.0316,-75.0633, , 
 ,68961,2011075591,6,67,67301,2011,5,2,108,1,3,1,0,8,1, , ,N,0,0,0,3,0,1,2,4,N,N,40 01:17.712,75 08:01.513,110, ,108,1,1,1,N, ,0,N, , , , ,796588, , , ,3,2,0,0,1,0,0,0,0,0,0,1,1,0,1,0,0,0,0,0,0,0,0,0,0,0,0,0,0,0,0,0,1,0,0,4,0,40.0216,-75.1338, , 
 ,68962,2011075651,6,67,67301,2011,6,7,1830,18,6,1,0,1,1, , ,N,0,2,7,3,0,1,2,2,N,N,40 06:15.987,75 00:05.628,1830, ,1830, ,0, ,N, ,3, , , , , ,796589, , , ,2,2,0,0,0,0,0,0,0,0,0,1,1,0,0,0,0,0,0,0,0,0,0,0,0,0,0,0,0,0,0,0,0,0,0,4,0,40.1044,-75.0016, , 
Y,68963,2011089402,6,67,67301,2011,9,1,2243,22,3,1,0,1,1,8,1,Y,0,8,0,3,0,1,8,2,N,N,40 03:51.102,75 02:30.335,2252,90,2252,2,1,1,N, ,3,N,Y, , ,Y,796599, ,Y, ,2,0,0,0,0,0,1,1,0,0,0,0,1,1,0,0,0,0,0,0,0,0,0,7,0,0,0,0,0,0,0,0,0,0,0,8,0,40.0642,-75.0418, , 
 ,68964,2011092902,6,67,67301,2011,8,5,1045,10,1,1,0,1,1, , ,N,1,2,0,3,0,1,3,2,N, ,40 00:09.630,75 08:55.719,1050, ,1042, ,0, , , ,3, , , , , ,796602, , , ,2,2,0,0,0,0,0,0,0,0,0,0,1,1,0,0,0,0,0,0,1,0,0,0,0,0,0,0,0,0,0,0,0,0,0,8,0,40.0027,-75.1488, , 
 ,68965,2011048415,6,67,67301,2011,4,2,5,0,3,1,0,7,4, , ,N,0,0,0,3,0,1,1,1,N,N,40 03:17.788,74 59:06.537,14, ,8,1,1,2,N, ,0,N, , , , ,796610, , , ,1,1,0,0,0,0,0,0,0,0,0,1,1,0,0,0,0,0,0,0,0,0,0,0,0,0,0,0,0,0,0,0,0,0,0,4,0,40.055,-74.9851, , 
 ,68966,2011098121,6,67,67301,2011,9,6,1815,18,4,1,0,0,1, , ,N,0,2,0,3,0,4,5,2,N,N,39 56:33.790,75 09:07.920,1825, ,1825, ,0, ,N, ,3, , , , , ,796625, , , ,1,0,0,1,0,0,0,0,0,0,0,4,4,0,1,0,0,0,0,0,1,0,0,0,0,0,0,0,0,0,0,0,0,0,0,4,1,39.9427,-75.1522, , 
 ,68967,2011115339,6,67,67301,2011,10,3,2230,22,3,1,0,7,4, , ,N,0,0,0,3,0,1,1,1,N,N,39 55:33.480,75 10:55.339,2230, ,2230, ,0, ,N, ,0, , , , , ,796636, , , ,1,0,1,0,0,0,0,0,0,0,0,0,1,1,0,0,0,0,0,0,0,0,0,0,0,0,0,0,0,0,0,0,0,0,0,8,0,39.926,-75.182, , 
 ,68968,2011115479,6,67,67301,2011,10,2,745,7,1,1,0,4,1, , ,N,0,2,7,3,0,1,3,2,N,Y,40 06:49.402,75 00:17.686,755, ,745, ,0, ,N, ,3, , , , , ,796637, , , ,2,0,0,1,0,0,1,0,0,0,0,1,1,0,2,0,0,0,0,0,1,0,0,1,0,0,0,0,0,0,0,0,0,0,0,4,1,40.1137,-75.0049, , 
 ,68969,2011082456,6,67,67301,2011,6,3,2040,20,3,1,0,8,1, , ,N,1,3,0,3,0,1,2,2,N, ,39 56:14.827,75 13:12.964,2315, ,2058, ,0, , , ,3, , , , , ,796678, , , ,1,1,0,0,0,0,0,0,1,0,1,0,1,0,0,0,0,0,0,0,0,0,1,0,0,0,0,0,0,0,0,0,0,0,0,3,0,39.9375,-75.2203, , 
 ,68970,2011097996,6,67,67301,2011,8,2,1630,16,1,1,0,8,1, , ,N,2,3,0,3,0,1,2,2,N, ,40 06:11.858,74 59:59.351,1720, ,1714, ,0, , , ,3, , , , , ,796691, , , ,1,1,0,0,0,0,0,0,0,0,0,1,1,0,1,0,0,0,0,0,0,0,0,1,0,0,0,0,0,0,0,0,1,0,0,4,0,40.1033,-74.9998, , 
 ,68971,2011113285,6,67,67301,2011,10,6,500,5,3,1,0,7,3, , ,N,6,2,2,3,0,0,1,1,N,N,39 58:22.086,75 07:15.374,530, ,515,3,2,1,Y, ,3,Y, , , , ,796699, , , ,1,0,0,0,0,0,1,0,0,0,0,0,0,0,1,0,0,0,0,0,0,0,0,1,0,0,0,0,0,0,0,0,0,0,0,9,0,39.9756,-75.1158, , 
 ,68972,2011038642,6,67,67301,2011,3,3,830,8,1,1,0,8,1, , ,N,1,2,0,3,0,1,2,2,N,N,40 02:00.340,75 05:26.221,850, ,843, ,0, ,N, ,3, , , , , ,796728, , , ,1,0,0,0,0,0,0,0,0,0,0,0,1,1,1,0,0,0,0,0,0,0,0,0,0,0,0,0,0,0,0,0,1,0,0,8,0,40.0334,-75.0906, , 
 ,68973,2011044623,6,67,67301,2011,3,7,2030,20,3,1,0,7,5, , ,N,0,0,0,3,0,1,2,1,N,N,39 56:18.580,75 11:06.390,2044, ,2039, ,0, ,N, ,0, , , , , ,789070, , , ,1,1,0,0,0,0,0,0,0,0,0,1,1,0,0,0,0,0,0,0,0,0,0,0,0,0,0,0,0,0,0,0,0,0,0,4,0,39.9385,-75.1851, , 
 ,68974,2011046139,6,67,67301,2011,3,6,317,3,2,1,0,7,5, , ,N,7,0,2,3,0,1,1,1,N,N,39 57:03.761,75 08:27.761,321, ,319,1,2,7,N, ,0,Y, , , , ,789072, , , ,1,1,0,0,0,0,0,0,0,0,0,1,1,0,0,0,0,0,0,0,0,0,0,1,0,0,0,0,0,0,0,0,0,0,0,4,0,39.9509,-75.1411, , 
 ,68975,2011054039,6,67,67301,2011,4,3,738,7,1,1,0,4,1, , ,N,5,2,0,3,0,1,2,2,N,N,39 57:49.830,75 13:12.239,741, ,738, ,0, ,N, ,3, , , , , ,789083, , , ,2,1,0,0,0,1,0,0,0,0,0,1,1,0,0,0,0,0,0,0,0,0,0,0,0,0,0,0,0,0,0,0,0,0,0,4,1,39.9638,-75.2201, , 
 ,68976,2011022196,6,67,67301,2011,1,5,58,0,3,1,0,7,2, , ,N,0,0,0,3,0,0,1,1,N,N,39 57:37.414,75 10:54.296,58, ,58,2,1,4,N, ,0,N, , , , ,789104, , , ,1,1,0,0,0,0,0,0,0,0,0,0,0,0,0,0,0,1,0,0,0,0,0,0,0,0,0,0,0,0,0,0,0,0,0,0,0,39.9604,-75.1817, , 
U,68977,2011023301,6,67,67301,2011,1,7,1330,13,1,1,1,1,1,8,8,Y,1,2,0,3,0,2,6,3,Y,N,40 01:58.778,75 02:55.307,1525,99,1520, ,0, , , ,3, ,U,U,U,U,789105,U,U,U,3,2,0,0,0,0,1,0,0,0,0,2,2,0,0,0,0,0,0,0,1,0,0,0,0,0,0,0,0,0,0,0,0,0,0,4,0,40.0329,-75.0487, , 
 ,68978,2011040328,6,67,67301,2011,3,7,920,9,1,1,0,1,1, , ,N,1,2,0,3,0,1,3,2, , ,40 02:55.935,75 02:42.511,932, ,925, ,0, , , ,3, , , , , ,789121, , , ,2,1,0,0,1,0,0,0,0,0,0,0,1,1,0,0,0,0,0,0,1,1,0,3,0,0,0,0,0,0,0,0,0,0,0,8,0,40.0489,-75.0451, , 
 ,68979,2011044561,6,67,67301,2011,3,7,1630,16,1,1,0,1,1, , ,N,0,2,0,3,0,3,6,4,N,N,40 03:13.566,75 02:56.788,1635, ,1633,1,2,1,N, ,3,N, , , , ,789129, , , ,4,3,0,0,0,0,1,0,0,0,0,0,3,3,0,0,0,0,0,0,0,0,0,1,0,0,0,0,0,0,0,0,0,0,0,8,0,40.0538,-75.0491, , 
 ,68980,2011047045,6,67,67301,2011,4,3,2155,21,3,1,0,4,1, , ,N,1,2,0,3,0,2,4,2,N,N,40 00:37.061,75 05:53.071,2200, ,2200,1,1,4,N, ,3,N, , , , ,789131, , , ,2,1,0,0,0,0,0,1,0,0,0,2,2,0,1,0,0,0,0,0,1,0,0,1,0,0,0,0,0,0,0,0,0,0,0,4,0,40.0102,-75.0981, , 
 ,68981,2011040332,6,67,67301,2011,3,7,1300,13,1,1,0,8,1, , ,N,1,2,0,3,0,1,2,2, , ,39 55:04.486,75 10:45.530,1400, ,1310, ,0, , , ,3, , , , , ,789162, , , ,1,1,0,0,0,0,0,0,0,0,0,1,1,0,0,0,0,0,0,0,0,0,0,0,0,0,0,0,0,0,0,0,1,0,0,4,0,39.9179,-75.1793, , 
 ,68982,2011047003,6,67,67301,2011,3,2,245,2,3,1,0,6,1, , ,N,0,0,0,3,0,0,4,2,N,N,39 58:29.031,75 15:01.879,310, ,259, ,0, ,N, ,0, , , , , ,789170, , , ,2,1,0,0,0,0,0,1,0,0,0,0,0,0,0,0,0,0,0,0,0,0,0,0,0,0,0,0,0,0,0,0,0,0,0,0,0,39.9747,-75.2505, , 
 ,68983,2011056792,6,67,67301,2011,5,2,9999,99,3,1,0,7,5, , ,N,1,2,0,3,0,0,1,1,N,N,40 05:57.235,74 59:43.576,9999, ,9999, ,0, , , ,3, , , , , ,789180, , , ,1,1,0,0,0,0,0,0,0,0,0,0,0,0,0,0,0,0,0,1,0,0,0,0,0,0,0,0,0,0,0,0,0,0,0,0,0,40.0992,-74.9954, , 
 ,68984,2011056850,6,67,67301,2011,4,2,1155,11,1,2,1,4,1, , ,N,2,3,0,3,0,1,2,2,N,N,40 06:26.640,75 01:41.417,1200, ,1158, ,0, ,N, ,3, , , , , ,789181, , , ,2,1,0,0,0,0,1,0,0,0,0,1,1,0,0,0,0,0,0,0,0,0,0,0,0,0,0,0,0,0,0,0,0,0,0,4,0,40.1074,-75.0282, , 
 ,68985,2011056859,6,67,67301,2011,5,7,720,7,1,1,0,9,1, , ,N,0,0,0,3,0,1,3,2,N,N,40 00:53.680,75 10:38.500,724, ,724,2,1,2,N, ,0,N, , , , ,789225, , , ,2,2,0,0,0,0,0,0,0,0,0,0,1,1,0,0,0,0,0,0,0,0,0,0,0,0,0,0,0,0,0,0,0,0,0,8,0,40.0149,-75.1774, , 
 ,68986,2011061371,6,67,67301,2011,4,6,1730,17,1,1,1,4,1, , ,N,1,3,0,3,0,1,4,2, , ,39 58:26.400,75 08:38.965,1947, ,1947, ,0, , , ,3, , , , , ,789228, , , ,2,2,0,0,0,0,0,0,0,0,0,0,1,1,2,0,0,0,0,0,0,0,0,0,0,0,0,0,0,0,0,0,0,0,0,8,0,39.974,-75.1442, , 
 ,68987,2011061859,6,67,67301,2011,5,7,9999,99,1,1,0,4,1, , ,N,1,2,0,3,0,1,3,2,N,N,39 59:23.298,75 07:31.934,9999, ,1655, ,0, ,N, ,3, , , , , ,789230, , , ,2,1,0,0,0,0,1,0,0,0,0,1,1,0,0,0,0,0,0,0,1,0,0,0,0,0,0,0,0,0,0,0,0,0,0,4,0,39.9898,-75.1255, , 
 ,68988,2011037993,6,67,67301,2011,3,7,1707,17,1,1,0,5,1, , ,N,2,2,0,3,0,1,2,2,N,N,40 00:57.223,75 11:13.338,1710, ,1707,1,1,1,N, ,3,Y, , , , ,789262, , , ,2,2,0,0,0,0,0,0,0,0,1,0,1,0,1,0,0,0,0,0,1,0,0,0,0,0,0,0,0,0,0,0,0,0,0,3,0,40.0159,-75.187, , 
 ,68989,2011002673,6,67,67301,2011,1,2,952,9,1,1,0,1,1, , ,N,3,4,2,3,0,0,2,2,N,N,39 59:04.858,75 12:30.458,1000, ,954, ,0, ,N, ,2, , , , , ,789281, , , ,2,2,0,0,0,0,0,0,0,0,0,0,0,0,0,0,0,1,0,0,1,0,0,0,0,0,0,0,0,0,0,0,0,0,0,0,0,39.9847,-75.2085, , 
 ,68990,2011015965,6,67,67301,2011,1,7,1250,12,1,4,1,7,5, , ,N,2,0,0,3,0,1,1,1, , ,39 58:57.241,75 06:07.973,9999, ,9999, ,0, , , ,0, , , , , ,789287, , , ,1,0,0,0,0,0,1,0,0,0,0,1,1,0,0,0,0,0,0,0,0,0,0,0,0,0,0,0,0,0,0,0,0,0,0,4,0,39.9826,-75.1022, , 
 ,68991,2011033483,6,67,67301,2011,2,2,1305,13,1,2,1,4,1, , ,N,1,2,0,3,0,1,3,2,N,N,39 55:21.975,75 14:18.329,1306, ,1306,1,2,7,N, ,3,N, , , , ,792631, , , ,2,1,0,0,0,1,0,0,0,0,0,1,1,0,2,0,0,0,0,0,1,0,0,1,0,0,0,0,0,0,0,0,0,0,0,4,0,39.9228,-75.2384, , 
 ,68992,2011046962,6,67,67301,2011,4,6,810,8,1,2,1,8,1, , ,N,1,3,0,3,0,1,2,2,N,N,39 59:50.583,75 07:39.169,1345, ,1335, ,0, ,N, ,3, , , , , ,792644, , , ,1,1,0,0,0,0,0,0,0,0,0,1,1,0,0,0,0,0,0,0,0,0,0,0,0,0,0,0,0,0,0,0,1,0,0,4,0,39.9974,-75.1275, , 
 ,68993,2011055943,6,67,67301,2011,4,4,2230,22,2,9,0,8,1, , ,N,1,3,0,3,0,1,2,2,N,N,39 59:59.791,75 10:34.874,1425, ,1420, ,0, ,N, ,3, , , , , ,792653, , , ,1,1,0,0,0,0,0,0,0,1,0,0,1,0,0,0,0,0,0,0,0,0,0,0,0,0,0,0,0,0,0,0,1,0,1,2,0,39.9999,-75.1764, , 
 ,68994,2011056401,6,67,67301,2011,4,7,1710,17,1,1,0,5,1, , ,N,0,0,0,3,0,1,2,4,N,N,40 01:27.860,75 12:36.340,1718, ,1713,3,2,7,N, ,0,Y, , , , ,792654, , , ,4,4,0,0,0,0,0,0,0,0,0,1,1,0,0,0,0,0,0,0,0,0,0,1,0,0,0,0,0,0,0,0,0,0,0,4,0,40.0244,-75.2101, , 
 ,68995,2011056909,6,67,67301,2011,5,7,1600,16,1,9,8,4,1, , ,N,2,0,99,3,0,2,3,2,N,N,40 02:38.360,75 07:10.394,1820, ,1820, ,0, ,N, ,0, , , , , ,792656, , , ,2,2,0,0,0,0,0,0,0,0,0,0,2,2,1,0,0,0,0,0,1,0,0,0,0,0,0,0,0,0,0,0,0,0,0,8,0,40.044,-75.1196, , 
 ,68996,2011055449,6,67,67301,2011,5,1,739,7,1,2,1,4,4, , ,N,0,0,0,3,0,0,2,2,N,N,39 58:52.162,75 12:24.379,744, ,744, ,0, ,N, ,0, , , , , ,792659, , , ,2,1,0,0,0,0,0,1,0,0,0,0,0,0,0,0,0,0,0,0,1,0,0,0,0,0,0,0,0,0,0,0,0,0,0,0,0,39.9812,-75.2068, , 
 ,68997,2011057319,6,67,67301,2011,5,7,2330,23,3,2,1,5,6, , ,N,0,0,0,3,0,0,1,3,N,N,39 55:23.085,75 13:21.713,2335, ,2332, ,0, ,N, ,0, , , , , ,792660, , , ,3,2,0,0,0,0,1,0,0,0,0,0,0,0,0,0,0,0,0,0,0,0,0,0,0,0,0,0,0,0,0,0,0,0,0,0,0,39.9231,-75.2227, , 
 ,68998,2011023218,6,67,67301,2011,1,7,2300,23,3,1,5,8,1, , ,N,2,3,0,3,0,1,2,2,N,N,40 01:43.801,75 03:30.233,31, ,2358, ,0, ,N, ,3, , , , , ,792718, , , ,1,1,0,0,0,0,0,0,0,0,0,1,1,0,1,0,0,0,0,0,0,0,0,0,0,0,0,0,0,0,0,0,1,0,0,4,0,40.0288,-75.0584, , 
 ,68999,2011029000,6,67,67301,2011,2,2,330,3,3,1,0,4,1, , ,N,1,2,0,3,0,5,6,2,N,N,40 00:21.351,75 06:48.588,338, ,338,3,2,5,N, ,3,Y, , , , ,792721, , , ,2,0,0,0,0,0,0,2,0,0,0,0,5,5,0,0,0,0,0,0,0,0,0,0,0,0,0,0,0,0,0,0,0,0,0,8,0,40.0059,-75.1135, , 
 ,69000,2011031430,6,67,67301,2011,2,7,851,8,1,1,0,4,1, , ,N,1,2,0,3,0,2,2,2,N,N,40 06:06.588,75 01:38.906,905, ,852,2,1,2, , ,3,N, , , , ,792723, , , ,2,2,0,0,0,0,0,0,0,0,0,0,2,2,0,0,0,0,0,0,1,0,0,0,0,0,0,0,0,0,0,0,0,0,0,8,0,40.1018,-75.0275, , 
 ,69001,2011033514,6,67,67301,2011,3,5,635,6,1,1,1,4,1, , ,N,0,0,7,3,0,0,2,2,N, ,40 07:23.318,75 00:52.754,650, ,645, ,0, , , ,0, , , , , ,792727, , , ,2,1,0,0,1,0,0,0,0,0,0,0,0,0,0,0,0,0,0,0,0,0,0,0,0,0,0,0,0,0,0,0,0,0,0,0,0,40.1231,-75.0147, , 
 ,69002,2011033775,6,67,67301,2011,3,7,1000,10,1,1,0,1,1, , ,N,1,2,0,3,0,2,2,2,N,N,39 58:14.283,75 09:09.061,1111, ,1110,3,1,3,N, ,3,Y, , , , ,792728, , , ,2,1,0,0,0,0,1,0,0,0,0,0,2,2,0,0,0,0,0,0,1,0,0,0,0,0,0,0,0,0,0,0,0,0,0,8,0,39.9705,-75.1526, , 
 ,69003,2011064180,6,67,67301,2011,5,2,200,2,3,1,0,4,1, , ,N,1,2,0,3,0,1,2,2,N,N,40 01:06.232,75 08:12.411,230, ,222, ,0, ,N, ,3, , , , , ,792759, , , ,2,1,0,0,0,0,0,1,0,0,0,1,1,0,1,0,0,0,0,0,1,0,0,0,0,0,0,0,0,0,0,0,0,0,0,4,0,40.0184,-75.1368, , 
 ,69004,2011068402,6,67,67301,2011,6,5,1430,14,1,1,0,4,2, , ,N,0,0,7,3,0,1,3,2,N,N,39 59:44.649,75 05:43.825,1440, ,1430, ,0, ,N, ,0, , , , , ,792765, , , ,2,1,1,0,0,0,0,0,0,0,0,0,1,1,0,0,0,0,0,0,0,0,0,0,0,0,0,0,0,0,0,0,0,0,0,8,0,39.9948,-75.0947, , 
 ,69005,2011083441,6,67,67301,2011,7,4,1900,19,1,1,0,8,1, , ,N,1,3,0,3,0,1,2,2,N,N,40 02:58.516,75 14:01.233,1935, ,1929, ,0, , , ,3, , , , , ,792777, , , ,1,1,0,0,0,0,0,0,0,0,0,0,1,1,1,0,0,0,0,0,0,0,0,0,0,0,0,0,0,0,0,0,1,0,0,8,0,40.0496,-75.2337, , 
 ,69006,2011083462,6,67,67301,2011,7,2,850,8,1,1,0,5,1, , ,N,0,0,0,3,0,1,2,2,N,N,39 57:28.342,75 09:50.947,850, ,850,1,1,2,N, ,0,N, , , , ,792778, , , ,2,1,0,0,1,0,0,0,0,0,0,1,1,0,1,0,0,0,0,0,1,0,0,0,0,0,0,0,0,0,0,0,0,0,0,4,0,39.9578,-75.1642, , 
 ,69007,2011087979,6,67,67301,2011,8,1,1908,19,1,1,0,4,1, , ,N,0,0,0,3,0,2,3,2,N,N,40 05:05.768,75 02:16.672,1912, ,1909, ,0, ,N, ,0, , , , , ,792781, , , ,2,2,0,0,0,0,0,0,0,0,0,2,2,0,0,0,0,0,0,0,0,0,0,0,0,0,0,0,0,0,0,0,0,0,0,4,0,40.0849,-75.038, , 
 ,69008,2011095473,6,67,67301,2011,8,1,711,7,1,1,0,4,1, , ,N,2,3,0,3,0,1,2,2,N,N,39 58:46.759,75 14:46.711,913, ,910,1,1,5,N, ,3,N, , , , ,792789, , , ,2,2,0,0,0,0,0,0,0,0,0,0,1,1,0,0,0,0,0,0,0,1,0,0,0,0,0,0,0,0,0,0,0,0,0,8,0,39.9797,-75.2463, , 
 ,69009,2011090553,6,67,67301,2011,7,6,1541,15,1,1,0,4,1, , ,N,1,2,0,3,0,1,2,2,N,N,39 57:58.110,75 10:45.592,1547, ,1545, ,0, ,N, ,3, , , , , ,799623, , , ,1,1,0,0,0,0,0,0,1,0,0,1,1,0,0,0,0,0,0,0,0,0,1,0,0,0,0,0,0,0,0,0,0,0,0,4,0,39.9661,-75.1793, , 
 ,69010,2011108756,6,67,67301,2011,10,2,15,0,3,2,1,1,1, , ,N,2,2,0,3,0,2,4,2,N, ,39 54:38.552,75 09:56.365,130, ,124, ,0, , , ,3, , , , , ,799637, , , ,2,1,0,0,0,0,1,0,0,0,2,0,2,0,1,0,0,0,1,0,0,0,0,0,0,0,0,0,0,0,0,0,0,0,0,3,0,39.9107,-75.1657, , 
 ,69011,2011113147,6,67,67301,2011,10,4,453,4,3,1,0,7,2, , ,N,0,0,0,3,0,1,1,1,N,N,40 00:04.207,75 04:45.097,508, ,455, ,0, ,N, ,0, , , , , ,799643, , , ,1,1,0,0,0,0,0,0,0,0,0,0,1,1,0,0,0,0,0,0,0,0,0,1,0,0,0,0,0,0,0,0,0,0,0,8,0,40.0013,-75.0791, , 
 ,69012,2011073237,6,67,67301,2011,6,7,9999,99,3,1,0,4,1, , ,N,1,0,0,3,0,1,2,2,N,N,40 01:03.302,75 03:54.743,9999, ,9999, ,0, ,N, ,0, , , , , ,799652, , , ,2,1,0,0,0,0,1,0,0,0,0,1,1,0,0,0,0,0,0,0,0,0,0,0,0,0,0,0,0,0,0,0,0,0,0,4,0,40.0176,-75.065, , 
 ,69013,2011085466,6,67,67301,2011,7,2,1030,10,1,1,0,5,6, , ,N,0,0,0,3,0,1,1,2,N,N,40 03:32.367,75 01:09.361,1045, ,1040, ,0, ,N, ,0, , , , , ,799666, , , ,2,2,0,0,0,0,0,0,0,0,0,1,1,0,0,0,0,0,0,0,1,0,0,0,0,0,0,0,0,0,0,0,0,0,0,4,0,40.059,-75.0193, , 
 ,69014,2011090515,6,67,67301,2011,8,5,1625,16,1,1,0,7,5, , ,N,1,0,0,3,0,1,1,1,N, ,40 00:24.934,75 04:06.372,1627, ,1625,9,2,3, , ,0,Y, , , , ,799674, , , ,1,1,0,0,0,0,0,0,0,1,0,0,1,0,0,0,0,0,0,0,0,0,0,0,0,0,0,0,0,0,0,0,0,0,0,2,0,40.0066,-75.0682, , 
 ,69015,2011090539,6,67,67301,2011,7,6,1216,12,1,1,0,4,1, , ,N,1,3,0,3,0,1,2,2,N,N,40 01:48.428,75 08:37.006,1229, ,1229, ,0, ,N, ,3, , , , , ,799675, , , ,2,2,0,0,0,0,0,0,0,0,0,0,1,1,0,0,0,0,0,0,0,0,0,0,0,0,0,0,0,0,0,0,0,0,0,8,0,40.0301,-75.1436, , 
 ,69016,2011098786,6,67,67301,2011,9,5,1415,14,1,1,0,4,1, , ,N,0,0,0,3,0,1,2,2,Y,Y,39 59:58.255,75 11:43.380,1415, ,1415, ,0, ,N, ,0, , , , , ,799687, , , ,2,2,0,0,0,0,0,0,0,0,1,0,1,0,0,0,0,0,0,0,0,0,0,0,0,0,0,0,0,0,0,0,0,0,0,3,0,39.9995,-75.1954, , 
 ,69017,2011106126,6,67,67301,2011,9,1,2305,23,3,2,1,4,1, , ,N,1,2,0,3,0,1,2,2,N,N,40 04:51.806,75 01:43.881,2305, ,2305,9,2,7,N, ,3,N, , , , ,799691, , , ,2,1,0,0,0,0,1,0,0,0,1,0,1,0,0,0,0,0,0,0,1,0,0,0,0,0,0,0,0,0,0,0,0,0,0,3,0,40.0811,-75.0289, , 
 ,69018,2011064063,6,67,67301,2011,5,5,1920,19,1,1,0,1,1, , ,N,1,2,0,3,0,1,2,2,N,N,40 06:46.663,75 01:22.836,1925, ,1921,9,1,1,N, ,3,N, , , , ,799703, , , ,2,1,0,0,0,0,1,0,0,0,0,0,1,1,0,0,0,0,0,0,0,1,0,0,0,0,0,0,0,0,0,0,0,0,0,8,0,40.113,-75.023, , 
 ,69019,2011099144,6,67,67301,2011,9,6,1600,16,1,2,1,1,1, , ,N,0,0,0,3,0,0,4,2,N,N,39 59:28.106,75 12:13.285,1621, ,1603, ,0, ,N, ,0, , , , , ,799725, , , ,2,0,0,0,0,0,2,0,0,0,0,0,0,0,0,0,0,0,0,0,1,0,0,0,0,0,0,0,0,0,0,0,0,0,0,0,0,39.9911,-75.2037, , 
 ,69020,2011106121,6,67,67301,2011,9,2,1439,14,1,1,0,4,1, , ,N,0,0,7,3,0,1,2,2,N, ,40 06:11.000,75 01:47.170,1516, ,1515,4,1,3, , ,0,N, , , , ,799729, , , ,2,2,0,0,0,0,0,0,0,0,0,1,1,0,0,0,0,0,0,1,0,0,0,0,0,0,0,0,0,0,0,0,0,0,0,4,0,40.1031,-75.0298, , 
 ,69021,2011075702,6,67,67301,2011,6,7,700,7,1,1,0,2,2, , ,N,0,0,0,3,0,1,1,4,N,N,40 03:06.167,75 05:36.741,741, ,736, ,0, ,N, ,0, , , , , ,799748, , , ,4,4,0,0,0,0,0,0,0,0,1,0,1,0,0,0,0,0,0,0,0,0,0,0,0,0,0,0,0,0,0,0,0,0,0,3,0,40.0517,-75.0935, , 
 ,69022,2011053618,6,67,67301,2011,5,2,1416,14,1,1,0,4,1, , ,N,1,2,2,3,0,2,4,2,N,N,39 56:50.944,75 11:15.670,1420, ,1420, ,0, ,N, ,3, , , , , ,799754, , , ,2,0,0,1,1,0,0,0,0,0,0,0,2,2,0,0,0,0,0,0,1,0,0,0,0,0,0,0,0,0,0,0,0,0,0,8,1,39.9475,-75.1877, , 
 ,69023,2011076313,6,67,67301,2011,6,5,1610,16,1,1,0,4,1, , ,N,1,3,0,3,0,0,2,2,N,N,40 01:06.858,75 03:00.575,1637, ,1634,2,1,4,N, ,3,N, , , , ,799772, , , ,2,1,0,0,0,0,1,0,0,0,0,0,0,0,0,0,0,0,0,0,0,0,0,0,0,0,0,0,0,0,0,0,0,0,0,0,0,40.0187,-75.0499, , 
 ,69024,2011038386,6,67,67301,2011,3,6,239,2,3,1,0,4,1, , ,N,1,2,0,3,0,1,2,2, ,N,40 07:24.747,75 00:55.270,241, ,241, ,0, , , ,3, , , , , ,799820, , , ,2,2,0,0,0,0,0,0,0,0,0,1,1,0,0,0,0,0,0,0,0,0,0,0,0,0,0,0,0,0,0,0,0,0,0,4,0,40.1235,-75.0154, , 
 ,69025,2011033457,6,67,67301,2011,3,1,256,2,3,1,0,4,1, , ,N,1,2,0,3,0,1,2,2, , ,40 03:17.072,75 00:17.300,300, ,257, ,0, , , ,3, , , , , ,799857, , , ,2,2,0,0,0,0,0,0,0,0,0,0,1,1,0,0,0,0,0,0,1,0,0,0,0,0,0,0,0,0,0,0,0,0,0,8,0,40.0547,-75.0048, , 