wz_ln_closure,objectid_1,crn,district,county,municipality,crash_year,crash_month,day_of_week,time_of_day,hour_of_day,illumination,weather,road_condition,collision_type,relation_to_road,work_zone_type,work_zone_loc,work_zone_ind,intersect_type,tcd_type,location_type,urban_rural,fatal_count,injury_count,person_count,total_units,sch_bus_ind,sch_zone_ind,latitude,longitude,arrival_tm,cons_zone_spd_lim,dispatch_tm,est_hrs_closed,lane_closed,ln_close_dir,ntfy_hiwy_maint,spec_juris_cd,tcd_func_cd,tfc_detour_ind,workers_pres,wz_close_detour,wz_flagger,wz_law_offcr_ind,objectid,wz_moving,wz_other,wz_shlder_mdn,vehicle_count,automobile_count,motorcycle_count,bus_count,small_truck_count,heavy_truck_count,suv_count,van_count,bicycle_count,maj_inj_count,mod_inj_count,min_inj_count,tot_inj_count,unk_inj_deg_count,unk_inj_per_count,driver_count_16yr,driver_count_17yr,driver_count_18yr,driver_count_19yr,driver_count_20yr,driver_count_50_64yr,driver_count_65_74yr,driver_count_75plus,unbelted_occ_count,unb_death_count,unb_maj_inj_count,belted_death_count,belted_maj_inj_count,mcycle_death_count,mcycle_maj_inj_count,bicycle_death_count,bicycle_maj_inj_count,ped_count,ped_death_count,ped_maj_inj_count,max_severity_level,comm_veh_count,dec_lat,dec_long,rdwy_surf_type_cd,county_name
 ,69026,2011053458,6,67,67301,2011,4,5,1800,18,1,1,0,4,1, , ,N,1,2,0,3,0,1,3,2,N, ,39 58:22.278,75 10:50.613,1842, ,1842, ,0, , , ,3, , , , , ,799874, , , ,2,2,0,0,0,0,0,0,0,0,0,1,1,0,2,0,0,0,0,0,0,0,0,0,0,0,0,0,0,0,0,0,0,0,0,4,0,39.9729,-75.1807, , 
 ,69027,2011046805,6,67,67301,2011,4,1,406,4,3,2,1,7,4, , ,N,0,0,0,3,0,0,1,1,N,N,39 55:56.612,75 12:00.011,416, ,408, ,0, ,N, ,0, , , , , ,796733, , , ,1,0,0,0,0,0,1,0,0,0,0,0,0,0,0,0,0,0,0,0,0,0,0,0,0,0,0,0,0,0,0,0,0,0,0,0,0,39.9324,-75.2, , 
 ,69028,2011047071,6,67,67301,2011,3,3,1411,14,1,1,0,4,1, , ,N,2,3,0,3,0,1,2,2,N,N,39 58:20.615,75 09:33.502,1415, ,1412,1,1,2,N, ,3,Y, , , , ,796734, , , ,2,1,1,0,0,0,0,0,0,0,0,0,1,1,0,0,0,0,0,0,0,0,0,0,0,0,0,0,0,0,0,0,0,0,0,8,0,39.9724,-75.1592, , 
 ,69029,2011056856,6,67,67301,2011,5,3,1223,12,1,2,1,4,1, , ,N,1,3,0,3,0,4,4,5,N,N,40 02:02.731,75 07:26.425,1227, ,1224, ,0, ,N, ,3, , , , , ,796743, , , ,5,2,0,0,2,0,0,1,0,1,1,2,4,0,0,0,0,0,0,0,0,0,0,0,0,0,0,0,0,0,0,0,0,0,0,2,0,40.0341,-75.124, , 
 ,69030,2011056879,6,67,67301,2011,5,2,1530,15,1,1,0,1,1, , ,N,0,0,0,3,0,1,2,2,N,N,40 00:44.675,75 06:43.610,1605, ,1530, ,0, ,N, ,0, , , , , ,796744, , , ,2,1,1,0,0,0,0,0,0,0,0,1,1,0,0,0,0,0,0,0,0,0,0,0,0,0,0,0,0,0,0,0,0,0,0,4,0,40.0124,-75.1121, , 
 ,69031,2011065537,6,67,67301,2011,5,7,1915,19,1,1,0,4,1, , ,N,1,2,0,3,0,4,7,2,N,N,40 01:59.691,75 02:15.936,1952, ,1950,9,1,3, , ,3,N, , , , ,796751, , , ,2,1,0,0,0,0,0,1,0,0,0,2,4,2,0,0,0,0,0,0,0,0,0,2,0,0,0,0,0,0,0,0,0,0,0,4,0,40.0332,-75.0378, , 
 ,69032,2011000009,6,67,67301,2011,1,7,217,2,3,1,0,1,1, , ,N,0,0,0,3,0,0,7,3,N,N,40 04:16.266,75 02:16.239,235, ,223,2,1,1,N, ,0,N, , , , ,796755, , , ,3,2,0,0,0,0,1,0,0,0,0,0,0,0,0,0,0,0,0,0,0,0,0,3,0,0,0,0,0,0,0,0,0,0,0,0,0,40.0712,-75.0378, , 
 ,69033,2011054017,6,67,67301,2011,4,7,2030,20,3,2,1,4,1, , ,N,1,2,0,3,0,1,6,2,N,N,40 03:01.444,74 59:59.580,2046, ,2046, ,0, ,N, ,3, , , , , ,796796, , , ,2,1,0,0,0,0,1,0,0,0,0,0,1,1,0,0,0,0,0,0,1,0,0,0,0,0,0,0,0,0,0,0,0,0,0,8,0,40.0504,-74.9999, , 
 ,69034,2011066233,6,67,67301,2011,5,6,2030,20,3,1,0,8,2, , ,N,0,0,0,3,0,1,2,2,N,N,39 59:16.371,75 08:38.767,1330, ,1330, ,0, , , ,0, , , , , ,796803, , , ,1,1,0,0,0,0,0,0,0,0,0,1,1,0,0,0,0,0,0,0,0,0,0,0,0,0,0,0,0,0,0,0,1,0,0,4,0,39.9879,-75.1441, , 
 ,69035,2011017716,6,67,67301,2011,2,3,708,7,1,2,1,7,2, , ,N,0,0,0,3,0,1,1,1,N,N,40 03:16.674,74 59:06.020,716, ,710,3,1,1,N, ,0,N, , , , ,796818, , , ,1,0,0,0,0,0,1,0,0,0,0,1,1,0,0,0,0,0,0,0,0,0,0,0,0,0,0,0,0,0,0,0,0,0,0,4,0,40.0545,-74.9851, , 
 ,69036,2011026736,6,67,67301,2011,2,1,1813,18,3,1,0,7,2, , ,N,0,0,0,3,0,1,1,2,N,N,40 01:40.592,75 01:27.394,1826, ,1815, ,0, ,Y, ,0, , , , , ,796827, , , ,1,0,0,0,0,0,1,0,0,0,0,0,1,1,0,0,0,0,0,0,0,0,0,0,0,0,0,0,0,0,0,0,0,0,0,8,0,40.028,-75.0241, , 
 ,69037,2011073162,6,67,67301,2011,6,7,2335,23,3,1,0,0,1, , ,N,2,0,0,3,0,1,1,2,N,N,39 57:15.088,75 08:22.251,2337, ,2335, ,0, ,N, ,0, , , , , ,796868, , , ,1,0,1,0,0,0,0,0,0,0,0,1,1,0,0,0,0,0,0,0,0,0,0,0,0,0,0,0,0,0,0,0,0,0,0,4,0,39.9544,-75.1395, , 
 ,69038,2011083797,6,67,67301,2011,7,1,9999,99,3,1,0,4,1, , ,N,1,2,0,3,0,3,4,2,N,N,39 56:50.293,75 08:52.552,9999, ,221, ,0, ,N, ,3, , , , , ,796871, , , ,2,1,0,0,0,0,1,0,0,0,1,2,3,0,0,0,0,0,0,0,1,0,0,2,0,0,0,0,0,0,0,0,0,0,0,3,0,39.9473,-75.1479, , 
 ,69039,2011085462,6,67,67301,2011,7,5,9999,99,1,1,0,8,1, , ,N,1,2,0,3,0,1,2,2,N, ,39 55:31.677,75 11:16.803,9999, ,9999, ,0, , , ,3, , , , , ,796874, , , ,1,1,0,0,0,0,0,0,0,0,0,1,1,0,0,0,0,0,0,0,0,0,0,0,0,0,0,0,0,0,0,0,1,0,0,4,0,39.9255,-75.188, , 
 ,69040,2011028887,6,67,67301,2011,1,3,800,8,1,2,4,4,2, , ,N,0,0,0,3,0,1,1,2,N,N,40 04:39.064,75 04:26.958,825, ,805, ,0, , , ,0, , , , , ,796917, , , ,2,2,0,0,0,0,0,0,0,0,1,0,1,0,0,0,0,0,0,0,0,0,0,0,0,0,0,0,0,0,0,0,0,0,0,3,0,40.0775,-75.0742, , 
 ,69041,2011046953,6,67,67301,2011,4,3,1205,12,1,2,1,4,1, , ,N,1,2,0,3,0,1,2,2,N,N,39 56:23.459,75 12:41.033,1215, ,1209, ,0, ,N, ,3, , , , , ,796947, , , ,2,1,0,0,1,0,0,0,0,0,1,0,1,0,0,0,0,0,0,0,1,0,0,0,0,0,0,0,0,0,0,0,0,0,0,3,0,39.9398,-75.2114, , 
 ,69042,2011054145,6,67,67301,2011,3,2,704,7,5,2,1,8,1, , ,N,0,0,0,3,0,1,2,2,N, ,40 07:09.815,75 02:06.287,711, ,708, ,0, , , ,0, , , , , ,796952, , , ,1,1,0,0,0,0,0,0,0,0,0,0,1,1,0,0,0,1,0,0,0,0,0,0,0,0,0,0,0,0,0,0,1,0,0,8,0,40.1194,-75.0351, , 
 ,69043,2011029365,6,67,67301,2011,3,5,1125,11,1,2,1,7,2, , ,N,0,0,0,3,0,0,2,1,N,N,39 56:59.670,75 08:28.664,1133, ,1131, ,0, ,N, ,0, , , , , ,796972, , , ,1,1,0,0,0,0,0,0,0,0,0,0,0,0,0,0,0,0,0,0,0,0,0,0,0,0,0,0,0,0,0,0,0,0,0,0,0,39.9498,-75.1413, , 
 ,69044,2011031158,6,67,67301,2011,2,7,137,1,3,1,0,8,1, , ,N,2,0,0,3,0,1,3,2,N,N,40 01:25.060,75 13:12.611,143, ,139, ,0, ,N, ,0, , , , , ,796974, , , ,1,1,0,0,0,0,0,0,0,0,0,1,1,0,0,0,0,0,0,0,0,0,0,0,0,0,0,0,0,0,0,0,1,0,0,4,0,40.0236,-75.2202, , 
 ,69045,2011022408,6,67,67301,2011,2,3,1506,15,1,1,0,1,1, , ,N,6,0,2,3,0,2,10,3,N,N,39 58:34.136,75 11:44.141,1516, ,1512, ,0, ,N, ,0, , , , , ,789298, , , ,3,2,0,0,0,0,0,1,0,0,0,2,2,0,0,0,0,0,0,0,1,0,0,0,0,0,0,0,0,0,0,0,0,0,0,4,0,39.9761,-75.1956, , 
 ,69046,2011031309,6,67,67301,2011,2,7,1200,12,1,1,0,8,2, , ,N,0,0,0,3,0,1,2,2,N,N,39 55:30.876,75 10:09.919,1204, ,1204, ,0, ,N, ,0, , , , , ,789302, , , ,1,1,0,0,0,0,0,0,0,0,0,1,1,0,0,0,0,0,0,0,0,0,0,0,0,0,0,0,0,0,0,0,1,0,0,4,0,39.9253,-75.1694, , 
 ,69047,2011040628,6,67,67301,2011,3,1,1900,19,1,1,0,4,1, , ,N,1,2,0,3,0,1,2,2,N,N,39 55:15.927,75 10:25.586,1910, ,1903, ,0, , , ,3, , , , , ,789308, , , ,2,2,0,0,0,0,0,0,0,0,0,1,1,0,0,0,0,0,0,0,0,0,0,0,0,0,0,0,0,0,0,0,0,0,0,4,0,39.9211,-75.1738, , 
 ,69048,2011044516,6,67,67301,2011,3,6,1537,15,1,2,1,7,2, , ,N,5,2,0,3,0,1,1,1,N,N,39 56:55.283,75 09:32.299,1548, ,1537, ,0, ,N, ,3, , , , , ,789312, , , ,1,1,0,0,0,0,0,0,0,0,0,0,1,1,0,0,0,0,0,0,1,0,0,0,0,0,0,0,0,0,0,0,0,0,0,8,0,39.9487,-75.1589, , 
 ,69049,2011049342,6,67,67301,2011,4,7,1210,12,1,1,0,4,1, , ,N,1,2,0,3,0,2,4,2,N,N,40 00:13.519,75 10:52.190,1216, ,1216,1,1,4,N, ,3,Y, , , , ,789317, , , ,2,0,0,0,0,0,1,1,0,0,0,0,2,2,1,0,0,0,0,1,0,0,0,0,0,0,0,0,0,0,0,0,0,0,0,8,0,40.0037,-75.1811, , 
 ,69050,2011024299,6,67,67301,2011,2,4,549,5,5,1,0,1,1, , ,N,0,0,0,3,0,2,3,2,N,N,39 58:57.208,75 06:00.296,614, ,606,2,1,2,N, ,0,N, , , , ,789344, , , ,2,1,0,0,0,0,0,1,0,0,2,0,2,0,0,0,0,0,0,0,0,0,0,0,0,0,0,0,0,0,0,0,0,0,0,3,0,39.9826,-75.1, , 
 ,69051,2011029112,6,67,67301,2011,1,1,1421,14,1,1,0,4,1, , ,N,5,2,0,3,0,1,4,2,N,N,40 06:15.034,75 00:07.000,1440, ,1422,2,1,2,N, ,3,N, , , , ,789347, , , ,2,2,0,0,0,0,0,0,0,0,0,1,1,0,0,0,0,0,0,0,0,1,0,0,0,0,0,0,0,0,0,0,0,0,0,4,0,40.1042,-75.002, , 
 ,69052,2011031349,6,67,67301,2011,2,5,939,9,1,1,0,1,2, , ,N,0,0,0,3,0,1,1,2,N,N,40 07:03.944,75 01:18.577,1005, ,1002, ,0, ,N, ,0, , , , , ,789350, , , ,2,1,0,0,1,0,0,0,0,0,0,1,1,0,0,0,0,0,0,0,1,0,0,0,0,0,0,0,0,0,0,0,0,0,0,4,0,40.1178,-75.0218, , 
 ,69053,2011033546,6,67,67301,2011,2,3,1257,12,1,1,0,4,1, , ,N,1,2,0,3,0,2,4,3,N,N,40 03:45.318,75 10:14.844,1259, ,1258, ,0, ,N, ,3, , , , , ,789352, , , ,3,3,0,0,0,0,0,0,0,0,0,2,2,0,1,0,0,0,0,0,0,1,0,0,0,0,0,0,0,0,0,0,0,0,0,4,0,40.0626,-75.1708, , 
 ,69054,2011033760,6,67,67301,2011,3,7,1715,17,1,1,0,5,1, , ,N,0,0,0,3,0,2,4,2,N,N,40 02:56.192,75 06:53.108,1743, ,1739, ,0, , , ,0, , , , , ,789354, , , ,2,2,0,0,0,0,0,0,0,0,0,0,2,2,1,0,0,1,0,0,0,0,0,0,0,0,0,0,0,0,0,0,0,0,0,8,0,40.0489,-75.1148, , 
 ,69055,2011040242,6,67,67301,2011,3,1,11,0,3,1,0,1,1, , ,N,0,0,0,3,0,1,1,2,N,N,40 05:37.472,74 58:47.321,30, ,13,1,2,4, , ,0,Y, , , , ,789357, , , ,2,2,0,0,0,0,0,0,0,0,0,0,1,1,0,0,0,0,0,0,0,0,0,0,0,0,0,0,0,0,0,0,0,0,0,8,0,40.0937,-74.9798, , 
 ,69056,2011054087,6,67,67301,2011,4,1,255,2,3,2,1,7,3, , ,N,1,2,0,3,0,0,2,1,N,N,39 57:41.641,75 09:06.571,300, ,300, ,0, ,N, ,3, , , , , ,789373, , , ,1,1,0,0,0,0,0,0,0,0,0,0,0,0,0,0,0,0,0,0,0,0,0,0,0,0,0,0,0,0,0,0,0,0,0,0,0,39.9615,-75.1517, , 
 ,69057,2011056419,6,67,67301,2011,5,7,945,9,1,1,0,4,1, , ,N,0,0,0,3,0,0,2,2,N, ,40 00:51.551,75 10:42.216,955, ,950,2,1,2,N, ,0,N, , , , ,789374, , , ,2,2,0,0,0,0,0,0,0,0,0,0,0,0,0,0,0,0,0,0,0,0,0,0,0,0,0,0,0,0,0,0,0,0,0,0,0,40.0143,-75.1784, , 
 ,69058,2011013306,6,67,67301,2011,1,5,524,5,3,1,6,7,4, , ,N,7,0,2,3,0,0,1,1,N,N,39 52:36.067,75 15:18.171,714, ,529, ,0, ,N, ,0, , , , , ,789381, , , ,1,1,0,0,0,0,0,0,0,0,0,0,0,0,0,0,0,0,0,0,0,0,0,0,0,0,0,0,0,0,0,0,0,0,0,0,0,39.8767,-75.255, , 
 ,69059,2011015923,6,67,67301,2011,1,3,1225,12,1,1,0,4,1, , ,N,1,3,0,3,0,2,6,2, , ,39 56:20.022,75 13:47.207,1235, ,1234,2,1,6, , ,3,Y, , , , ,789382, , , ,2,1,0,0,0,1,0,0,0,0,0,2,2,0,0,0,0,0,0,0,0,0,0,2,0,0,0,0,0,0,0,0,0,0,0,4,0,39.9389,-75.2298, , 
 ,69060,2011016010,6,67,67301,2011,1,5,655,6,1,1,0,8,1, , ,N,1,2,0,3,0,1,2,2, , ,39 59:32.614,75 08:31.878,825, ,815, ,0, , , ,3, , , , , ,789383, , , ,1,1,0,0,0,0,0,0,0,0,0,1,1,0,0,0,0,0,0,0,1,0,0,0,0,0,0,0,0,0,0,0,1,0,0,4,0,39.9923,-75.1422, , 
 ,69061,2011023319,6,67,67301,2011,1,1,1345,13,1,1,0,1,1, , ,N,0,0,0,3,0,0,3,2, , ,40 02:06.715,75 04:35.063,1405, ,1401, ,0, , , ,0, , , , , ,789392, , , ,2,0,0,0,1,0,1,0,0,0,0,0,0,0,0,0,0,0,0,0,0,0,0,0,0,0,0,0,0,0,0,0,0,0,0,0,0,40.0352,-75.0764, , 
 ,69062,2011029109,6,67,67301,2011,2,3,625,6,1,3,5,1,2, , ,N,0,0,0,3,0,0,3,3, , ,39 56:34.665,75 14:20.727,635, ,628, ,0, , , ,0, , , , , ,789395, , , ,3,2,0,0,0,0,1,0,0,0,0,0,0,0,0,0,0,0,0,0,0,0,0,0,0,0,0,0,0,0,0,0,0,0,0,0,0,39.943,-75.2391, , 
 ,69063,2011037995,6,67,67301,2011,3,3,2229,22,6,1,0,5,6, , ,N,0,0,0,3,0,1,2,2,N,N,39 56:36.060,75 09:47.450,2233, ,2230, ,0, ,N, ,0, , , , , ,789407, , , ,1,0,0,0,0,0,0,0,1,0,0,0,1,1,1,0,0,0,0,0,0,0,0,0,0,0,0,0,0,0,0,0,0,0,0,8,0,39.9434,-75.1632, , 
 ,69064,2011010019,6,67,67301,2011,1,7,1140,11,1,1,4,7,5, , ,N,0,0,0,3,0,1,1,1,N,N,40 04:29.349,75 04:16.769,1148, ,1145, ,0, ,N, ,0, , , , , ,792808, , , ,1,1,0,0,0,0,0,0,0,0,0,1,1,0,0,0,0,0,0,0,0,0,0,0,0,0,0,0,0,0,0,0,0,0,0,4,0,40.0748,-75.0713, , 
 ,69065,2011053019,6,67,67301,2011,5,7,1218,12,1,1,0,1,1, , ,N,0,0,0,3,0,1,2,2,N,N,39 58:37.494,75 11:57.749,1234, ,1229,1,2,3,N, ,0,N, , , , ,792846, , , ,2,1,0,0,0,0,1,0,0,0,1,0,1,0,0,0,0,0,0,0,0,0,1,1,0,0,0,0,0,0,0,0,0,0,0,3,0,39.9771,-75.1994, , 
 ,69066,2011035886,6,67,67301,2011,3,1,210,2,3,1,0,7,7, , ,N,6,0,2,3,0,0,2,1,N,N,39 57:41.763,75 10:57.486,230, ,219,2,2,3,N, ,0,N, , , , ,792878, , , ,1,1,0,0,0,0,0,0,0,0,0,0,0,0,0,0,0,0,0,0,0,0,0,0,0,0,0,0,0,0,0,0,0,0,0,0,0,39.9614,-75.1825, , 
 ,69067,2011009841,6,67,67301,2011,1,1,1520,15,1,1,0,7,5, , ,N,0,0,0,3,0,0,1,1,N,N,40 03:11.166,75 11:35.754,1532, ,1528, ,0, ,N, ,0, , , , , ,792905, , , ,1,1,0,0,0,0,0,0,0,0,0,0,0,0,0,0,0,0,0,0,1,0,0,0,0,0,0,0,0,0,0,0,0,0,0,0,0,40.0531,-75.1933, , 
 ,69068,2011023174,6,67,67301,2011,1,4,905,9,1,4,6,5,1, , ,N,1,0,0,3,0,1,3,2,N,N,39 54:43.650,75 11:33.453,910, ,905, ,0, ,N, ,0, , , , , ,792917, , , ,2,1,0,0,0,1,0,0,0,0,0,0,1,1,0,0,0,0,0,0,0,0,0,0,0,0,0,0,0,0,0,0,0,0,0,8,1,39.9121,-75.1926, , 
 ,69069,2011028687,6,67,67301,2011,2,4,2323,23,3,1,0,7,3, , ,N,0,0,2,3,0,0,1,1,N,N,39 57:38.903,75 10:53.245,2334, ,2325,1,1,4,N, ,0,N, , , , ,792920, , , ,1,1,0,0,0,0,0,0,0,0,0,0,0,0,0,0,0,0,0,0,0,0,0,0,0,0,0,0,0,0,0,0,0,0,0,0,0,39.9608,-75.1815, , 
 ,69070,2011020064,6,67,67301,2011,2,4,1455,14,1,1,0,1,1, , ,N,0,0,0,3,0,1,4,4,N,N,39 58:44.851,75 06:31.275,1507, ,1458,2,2,1,N, ,0,N, , , , ,792958, , , ,4,2,0,0,0,0,2,0,0,1,0,0,1,0,0,0,0,0,0,0,2,0,0,1,0,1,0,0,0,0,0,0,0,0,0,2,0,39.9791,-75.1088, , 
 ,69071,2011044479,6,67,67301,2011,3,4,130,1,3,1,0,5,4, , ,N,0,0,0,3,0,0,1,2,N,N,39 59:11.677,75 06:36.164,157, ,157, ,0, ,N, ,0, , , , , ,792982, , , ,2,1,0,0,0,0,0,1,0,0,0,0,0,0,1,0,0,0,0,0,0,0,0,0,0,0,0,0,0,0,0,0,0,0,0,9,0,39.9866,-75.11, , 
 ,69072,2011053851,6,67,67301,2011,5,1,1542,15,1,1,0,7,2, , ,N,0,0,0,3,0,1,1,1,N,N,40 00:35.101,75 03:51.912,1549, ,1544,1,1,1,Y, ,0,N, , , , ,792986, , , ,1,1,0,0,0,0,0,0,0,0,0,1,1,0,0,0,0,0,0,0,0,0,0,0,0,0,0,0,0,0,0,0,0,0,0,4,0,40.0097,-75.0645, , 
 ,69073,2011057033,6,67,67301,2011,5,5,1750,17,1,1,0,6,1, , ,N,2,0,99,3,0,0,2,2,N,N,40 01:43.769,75 03:26.177,1758, ,1753, ,0, , , ,0, , , , , ,792990, , , ,2,2,0,0,0,0,0,0,0,0,0,0,0,0,0,0,0,0,0,0,0,0,0,2,0,0,0,0,0,0,0,0,0,0,0,0,0,40.0288,-75.0572, , 
 ,69074,2011015829,6,67,67301,2011,1,4,1740,17,3,1,0,2,1, , ,N,0,0,0,3,0,1,2,2,N,N,40 05:19.379,75 01:43.672,1750, ,1745, ,0, ,N, ,0, , , , , ,792997, , , ,2,1,0,0,1,0,0,0,0,0,0,1,1,0,0,0,0,0,0,0,1,0,0,0,0,0,0,0,0,0,0,0,0,0,0,4,0,40.0887,-75.0288, , 
 ,69075,2011022405,6,67,67301,2011,2,5,805,8,1,1,0,7,3, , ,N,0,0,0,3,0,0,1,1,N,N,39 53:30.689,75 14:11.473,816, ,805, ,0, ,Y, ,0, , , , , ,793014, , , ,1,1,0,0,0,0,0,0,0,0,0,0,0,0,0,0,0,0,0,0,0,0,0,0,0,0,0,0,0,0,0,0,0,0,0,0,0,39.8919,-75.2365, , 
 ,69076,2011031614,6,67,67301,2011,2,5,1048,10,1,1,0,8,1, , ,N,0,0,0,3,0,1,2,2,N,N,40 02:56.924,75 03:05.719,1052, ,1048,9,2,2,N, ,0,Y, , , , ,793027, , , ,1,0,0,0,0,0,1,0,0,0,1,0,1,0,0,0,0,0,0,0,0,0,0,0,0,0,0,0,0,0,0,0,1,0,0,3,0,40.0491,-75.0516, , 
 ,69077,2011023316,6,67,67301,2011,1,6,915,9,1,1,1,4,1, , ,N,1,2,0,3,0,1,2,2,N,N,39 56:13.855,75 09:41.371,930, ,921, ,0, ,N, ,3, , , , , ,793053, , , ,2,1,0,0,0,0,0,1,0,0,0,1,1,0,0,0,0,0,0,0,1,0,0,0,0,0,0,0,0,0,0,0,0,0,0,4,0,39.9372,-75.1615, , 
 ,69078,2011031307,6,67,67301,2011,2,2,1010,10,1,1,0,1,6, , ,N,0,0,0,3,0,1,1,2,N,N,40 00:26.938,75 07:31.768,1023, ,1019, ,0, ,N, ,0, , , , , ,793061, , , ,2,1,0,0,0,0,1,0,0,0,0,0,1,1,0,0,0,0,0,0,0,0,0,0,0,0,0,0,0,0,0,0,0,0,0,8,0,40.0075,-75.1255, , 
 ,69079,2011031193,6,67,67301,2011,2,2,1820,18,4,2,1,4,1, , ,N,5,2,0,3,0,5,6,2,N,N,40 01:54.382,75 06:32.605,1838, ,1835, ,0, ,N, ,3, , , , , ,793117, , , ,2,1,0,0,1,0,0,0,0,0,0,2,5,3,0,0,0,0,0,0,1,0,0,0,0,0,0,0,0,0,0,0,0,0,0,4,0,40.0318,-75.1091, , 
 ,69080,2011046948,6,67,67301,2011,4,2,705,7,1,1,0,2,1, , ,N,0,0,0,3,0,3,3,2,Y, ,40 02:08.239,75 11:51.608,730, ,710,3,2,7, , ,0,Y, , , , ,793129, , , ,2,1,0,1,0,0,0,0,0,0,2,1,3,0,0,0,0,0,0,0,0,0,0,0,0,0,0,0,0,0,0,0,0,0,0,3,1,40.0356,-75.1977, , 
 ,69081,2011024654,6,67,67301,2011,1,3,300,3,3,1,0,7,2, , ,N,0,0,0,3,0,0,1,1,N,Y,40 04:46.357,75 12:52.692,812, ,803, ,0, ,N, ,0, , , , , ,793163, , , ,1,0,0,0,0,0,1,0,0,0,0,0,0,0,1,0,0,0,0,0,0,0,0,0,0,0,0,0,0,0,0,0,0,0,0,9,0,40.0795,-75.2146, , 
 ,69082,2011028966,6,67,67301,2011,1,1,320,3,3,1,0,4,1, , ,N,1,2,0,3,0,0,2,2,N,N,39 57:22.420,75 09:45.641,335, ,329, ,0, , , ,3, , , , , ,793171, , , ,2,1,0,0,0,0,1,0,0,0,0,0,0,0,0,0,0,0,1,0,0,0,0,0,0,0,0,0,0,0,0,0,0,0,0,0,0,39.9562,-75.1627, , 
 ,69083,2011054143,6,67,67301,2011,4,5,9999,99,4,2,1,8,1, , ,N,0,0,0,3,0,1,2,2,N, ,39 55:15.117,75 09:27.918,2111, ,2109, ,0, , , ,0, , , , , ,799875, , , ,1,1,0,0,0,0,0,0,0,0,1,0,1,0,0,0,0,0,0,0,0,0,0,0,0,0,0,0,0,0,0,0,1,0,0,3,0,39.9209,-75.1578, , 
 ,69084,2011065511,6,67,67301,2011,5,6,1145,11,1,1,0,8,1, , ,N,1,3,0,3,0,1,2,2,N,N,39 57:27.327,75 11:20.752,1415, ,1410, ,0, ,N, ,3, , , , , ,799884, , , ,1,0,0,0,0,0,1,0,0,0,0,1,1,0,0,0,0,0,0,0,0,0,0,0,0,0,0,0,0,0,0,0,1,0,0,4,0,39.9576,-75.1891, , 
 ,69085,2011066073,6,67,67301,2011,6,5,2050,20,3,1,0,1,1, , ,N,1,2,0,3,0,1,5,3,N, ,39 58:12.616,75 09:34.731,2055, ,2050, ,0, , , ,3, , , , , ,799885, , , ,3,1,0,0,0,0,1,0,0,0,0,1,1,0,1,0,0,0,0,1,0,1,1,0,0,0,0,0,0,0,0,0,0,0,0,4,0,39.9702,-75.1596, , 
 ,69086,2011083332,6,67,67301,2011,7,6,1700,17,1,1,0,1,1, , ,N,0,0,0,3,0,1,3,2,N, ,40 00:58.766,75 03:00.349,2103, ,2059, ,0, , , ,0, , , , , ,799894, , , ,2,2,0,0,0,0,0,0,0,0,0,0,1,1,1,0,0,0,0,0,1,0,0,1,0,0,0,0,0,0,0,0,0,0,0,8,0,40.0163,-75.0501, , 
 ,69087,2011085761,6,67,67301,2011,8,7,1144,11,1,1,0,5,1, , ,N,0,0,0,3,0,1,2,2,N,N,39 59:27.508,75 05:10.756,1154, ,1148,1,1,1,Y, ,0,N, , , , ,799896, , , ,2,1,0,0,0,0,1,0,0,0,1,0,1,0,0,0,0,0,0,0,0,0,0,0,0,0,0,0,0,0,0,0,0,0,0,3,0,39.9909,-75.0864, , 
 ,69088,2011088465,6,67,67301,2011,8,6,1135,11,1,1,0,5,1, , ,N,0,0,0,3,0,0,2,2,N, ,40 03:49.060,75 05:00.555,1209, ,1208, ,0, ,N, ,0, , , , , ,799897, , , ,2,1,0,0,1,0,0,0,0,0,0,0,0,0,0,0,0,0,0,0,0,1,0,0,0,0,0,0,0,0,0,0,0,0,0,0,0,40.0636,-75.0835, , 
 ,69089,2011100835,6,67,67301,2011,9,7,1055,10,1,1,0,8,1, , ,N,0,0,0,3,0,1,2,3,N,N,40 01:48.024,75 05:24.868,1110, ,1101, ,0, , , ,0, , , , , ,799910, , , ,2,2,0,0,0,0,0,0,0,0,0,0,1,1,0,0,0,1,0,0,0,0,0,0,0,0,0,0,0,0,0,0,1,0,0,8,0,40.03,-75.0902, , 
 ,69090,2011061763,6,67,67301,2011,5,1,2137,21,3,2,1,5,1, , ,N,0,0,0,3,0,0,2,7,N,N,39 55:34.718,75 10:29.681,2138, ,2138,3,2,4,N, ,0,Y, , , , ,799959, , , ,7,3,0,0,0,0,3,1,0,0,0,0,0,0,0,0,0,0,0,0,0,0,0,0,0,0,0,0,0,0,0,0,0,0,0,0,0,39.9263,-75.1749, , 
 ,69091,2011070743,6,67,67301,2011,7,2,1442,14,1,1,0,5,1, , ,N,0,0,0,3,0,3,4,3,N,N,39 55:57.757,75 08:43.020,1519, ,1446,2,1,2,N, ,0,N, , , , ,799967, , , ,3,2,0,0,0,1,0,0,0,0,0,0,3,3,0,0,0,0,0,0,0,1,0,0,0,0,0,0,0,0,0,0,0,0,0,8,1,39.9326,-75.1453, , 