wz_ln_closure,objectid_1,crn,district,county,municipality,crash_year,crash_month,day_of_week,time_of_day,hour_of_day,illumination,weather,road_condition,collision_type,relation_to_road,work_zone_type,work_zone_loc,work_zone_ind,intersect_type,tcd_type,location_type,urban_rural,fatal_count,injury_count,person_count,total_units,sch_bus_ind,sch_zone_ind,latitude,longitude,arrival_tm,cons_zone_spd_lim,dispatch_tm,est_hrs_closed,lane_closed,ln_close_dir,ntfy_hiwy_maint,spec_juris_cd,tcd_func_cd,tfc_detour_ind,workers_pres,wz_close_detour,wz_flagger,wz_law_offcr_ind,objectid,wz_moving,wz_other,wz_shlder_mdn,vehicle_count,automobile_count,motorcycle_count,bus_count,small_truck_count,heavy_truck_count,suv_count,van_count,bicycle_count,maj_inj_count,mod_inj_count,min_inj_count,tot_inj_count,unk_inj_deg_count,unk_inj_per_count,driver_count_16yr,driver_count_17yr,driver_count_18yr,driver_count_19yr,driver_count_20yr,driver_count_50_64yr,driver_count_65_74yr,driver_count_75plus,unbelted_occ_count,unb_death_count,unb_maj_inj_count,belted_death_count,belted_maj_inj_count,mcycle_death_count,mcycle_maj_inj_count,bicycle_death_count,bicycle_maj_inj_count,ped_count,ped_death_count,ped_maj_inj_count,max_severity_level,comm_veh_count,dec_lat,dec_long,rdwy_surf_type_cd,county_name
 ,69158,2011076057,6,67,67301,2011,6,4,450,4,5,1,0,1,1, , ,N,0,0,0,3,0,0,1,2,N,N,39 57:12.528,75 11:55.679,458, ,457, ,0, ,N, ,0, , , , , ,800141, , , ,2,1,0,0,1,0,0,0,0,0,0,0,0,0,0,0,0,0,0,0,0,0,0,0,0,0,0,0,0,0,0,0,0,0,0,0,0,39.9535,-75.1988, , 
 ,69159,2011093459,6,67,67301,2011,8,1,659,6,1,1,0,4,4, , ,N,0,0,0,3,0,1,2,3,N,N,39 58:48.231,75 07:04.933,705, ,700, ,0, ,N, ,0, , , , , ,800153, , , ,3,2,0,0,0,0,0,1,0,0,0,1,1,0,1,0,0,0,0,0,1,0,0,2,0,0,0,0,0,0,0,0,0,0,0,4,0,39.9786,-75.1187, , 
 ,69160,2011093523,6,67,67301,2011,9,3,1702,17,1,1,0,1,1, , ,N,7,4,2,3,0,0,3,2,N,N,40 00:29.814,75 04:15.838,1724, ,1704, ,0, ,N, ,3, , , , , ,800154, , , ,2,2,0,0,0,0,0,0,0,0,0,0,0,0,0,0,0,0,0,0,0,0,0,0,0,0,0,0,0,0,0,0,0,0,0,0,0,40.0072,-75.0736, , 
 ,69161,2011054082,6,67,67301,2011,4,5,1100,11,1,1,0,4,1, , ,N,1,2,0,3,0,0,2,4,N,N,39 57:36.745,75 11:27.211,1102, ,1100, ,0, ,N, ,3, , , , , ,800178, , , ,4,3,0,0,0,0,0,1,0,0,0,0,0,0,0,0,0,0,0,0,2,0,0,0,0,0,0,0,0,0,0,0,0,0,0,0,0,39.9602,-75.1909, , 
 ,69162,2011085754,6,67,67301,2011,8,3,148,1,3,1,0,7,4, , ,N,0,0,0,3,0,0,1,1,N,N,39 56:54.403,75 11:08.810,148, ,148,1,2,4,N, ,0,N, , , , ,800196, , , ,1,1,0,0,0,0,0,0,0,0,0,0,0,0,1,0,0,0,0,0,0,0,0,0,0,0,0,0,0,0,0,0,0,0,0,9,0,39.9484,-75.1858, , 
 ,69163,2011087681,6,67,67301,2011,8,5,658,6,1,1,0,1,1, , ,N,7,4,2,3,0,1,2,2,N,N,39 54:41.443,75 09:02.161,718, ,701, ,0, ,N, ,3, , , , , ,800197, , , ,2,1,0,0,0,0,0,1,0,0,0,1,1,0,0,0,0,0,0,0,1,0,0,0,0,0,0,0,0,0,0,0,0,0,0,4,0,39.9115,-75.1506, , 
 ,69164,2011112162,6,67,67301,2011,10,1,1549,15,1,1,0,6,1, , ,N,0,0,0,3,0,1,2,3,N, ,39 59:50.139,75 10:48.842,1604, ,1552, ,0, , , ,0, , , , , ,800225, , , ,3,3,0,0,0,0,0,0,0,1,0,0,1,0,0,0,0,0,0,0,1,0,0,0,0,0,0,0,0,0,0,0,0,0,0,2,0,39.9973,-75.1802, , 
 ,69165,2011057286,6,67,67301,2011,5,4,2110,21,1,1,0,4,1, , ,N,2,3,0,3,0,2,6,3, , ,40 06:56.588,75 01:41.026,2145, ,2138, ,0, , , ,3, , , , , ,800229, , , ,3,3,0,0,0,0,0,0,0,0,0,1,2,1,0,0,0,0,0,0,0,0,0,0,0,0,0,0,0,0,0,0,0,0,0,4,0,40.1157,-75.0281, , 
 ,69166,2011075829,6,67,67301,2011,6,5,1530,15,1,1,0,4,4, , ,N,0,0,0,3,0,1,2,2, , ,40 02:11.302,75 14:12.994,9999, ,9999, ,0, ,N, ,0, , , , , ,800240, , , ,1,1,0,0,0,0,0,0,1,0,0,0,1,1,0,0,0,0,0,0,0,0,0,1,0,0,0,0,0,0,0,0,0,0,0,8,0,40.0365,-75.2369, , 
 ,69167,2011083474,6,67,67301,2011,7,7,1435,14,1,1,0,4,1, , ,N,1,1,0,3,0,0,2,2,N,N,39 58:02.431,75 10:31.324,1441, ,1441, ,0, ,N, ,3, , , , , ,800244, , , ,2,2,0,0,0,0,0,0,0,0,0,0,0,0,2,0,0,0,0,0,0,0,0,0,0,0,0,0,0,0,0,0,0,0,0,9,0,39.9673,-75.1754, , 
 ,69168,2011090383,6,67,67301,2011,7,7,1723,17,1,1,0,8,1, , ,N,0,2,0,3,0,1,3,2,N,N,39 58:41.187,75 09:52.482,1728, ,1726, ,0, ,N, ,3, , , , , ,800255, , , ,1,1,0,0,0,0,0,0,0,0,1,0,1,0,0,0,0,0,0,0,1,0,0,0,0,0,0,0,0,0,0,0,1,0,0,3,0,39.9781,-75.1646, , 
 ,69169,2011090428,6,67,67301,2011,7,3,1539,15,1,1,0,1,1, , ,N,0,0,0,3,0,3,3,3,N, ,39 55:15.922,75 11:42.974,1540, ,1540,9,2,4, , ,0,Y, , , , ,800256, , , ,3,0,0,0,0,3,0,0,0,0,0,0,3,3,0,0,0,0,0,0,1,0,0,2,0,0,0,0,0,0,0,0,0,0,0,8,3,39.9213,-75.193, , 
 ,69170,2011092853,6,67,67301,2011,8,5,455,4,3,1,0,7,5, , ,N,10,0,0,3,0,1,2,1,N,N,39 59:32.197,75 09:03.877,501, ,459, ,0, ,N, ,0, , , , , ,800260, , , ,1,1,0,0,0,0,0,0,0,0,0,1,1,0,1,0,1,0,0,0,0,0,0,0,0,0,0,0,0,0,0,0,0,0,0,4,0,39.9923,-75.1511, , 
 ,69171,2011094314,6,67,67301,2011,9,6,1038,10,1,1,0,7,3, , ,N,0,0,0,3,0,0,1,1,N,N,39 58:29.989,75 11:39.488,1045, ,1040,1,2,4,N, ,0,N, , , , ,800261, , , ,1,0,0,0,0,0,1,0,0,0,0,0,0,0,0,0,0,0,0,0,0,0,0,0,0,0,0,0,0,0,0,0,0,0,0,0,0,39.975,-75.1943, , 
 ,69172,2011064022,6,67,67301,2011,5,6,1535,15,1,1,0,8,1, , ,N,1,2,0,3,0,1,4,2,N,N,39 57:22.004,75 12:21.970,1550, ,1540, ,0, ,N, ,3, , , , , ,800276, , , ,1,0,0,0,0,0,0,1,0,0,1,0,1,0,0,0,0,0,0,0,0,0,0,0,0,0,0,0,0,0,0,0,1,0,0,3,0,39.9561,-75.2061, , 
 ,69173,2011068367,6,67,67301,2011,6,3,817,8,1,1,0,1,1, , ,N,0,0,0,3,0,1,3,2,N,N,39 56:38.967,75 11:49.244,905, ,900,9,1,1,N, ,0,N, , , , ,800281, , , ,2,2,0,0,0,0,0,0,0,0,0,1,1,0,0,0,0,0,0,0,0,0,0,0,0,0,0,0,0,0,0,0,0,0,0,4,0,39.9442,-75.197, , 
 ,69174,2011082426,6,67,67301,2011,7,5,2300,23,3,1,0,4,1, , ,N,1,2,0,3,0,1,2,2,N,N,40 02:06.731,75 08:43.670,9999, ,9999, ,0, ,N, ,3, , , , , ,800296, , , ,2,1,1,0,0,0,0,0,0,0,0,1,1,0,0,0,0,0,0,0,0,0,0,0,0,0,0,0,0,0,0,0,0,0,0,4,0,40.0352,-75.1455, , 
 ,69175,2011087832,6,67,67301,2011,7,7,1618,16,1,1,0,4,1, , ,N,1,2,0,3,0,0,3,2,N,N,39 59:11.194,75 14:13.923,1631, ,1621, ,0, ,N, ,3, , , , , ,797159, , , ,2,0,0,0,0,0,2,0,0,0,0,0,0,0,3,0,0,0,0,0,2,0,0,2,0,0,0,0,0,0,0,0,0,0,0,9,0,39.9864,-75.2372, , 
 ,69176,2011092947,6,67,67301,2011,8,1,150,1,3,2,1,4,1, , ,N,5,4,0,3,0,1,2,2,N,N,39 58:17.310,75 14:30.821,204, ,200,1,1,4,N, ,3,N, , , , ,797163, , , ,2,1,0,0,0,0,0,0,0,0,0,1,1,0,1,0,0,0,0,0,0,0,0,0,0,0,0,0,0,0,0,0,0,0,0,4,0,39.9715,-75.2419, , 
 ,69177,2011115340,6,67,67301,2011,10,7,9999,99,3,1,0,4,1, , ,N,0,0,0,3,0,1,2,5,N,N,39 59:45.003,75 10:08.905,920, ,915,3,2,6,N, ,0,Y, , , , ,797175, , , ,5,4,0,0,0,0,1,0,0,0,0,0,1,1,0,0,0,0,0,0,0,0,0,1,0,0,0,0,0,0,0,0,0,0,0,8,0,39.9958,-75.1691, , 
 ,69178,2011082494,6,67,67301,2011,7,6,811,8,1,1,0,5,1, , ,N,1,0,0,3,0,1,2,3,N,N,39 57:14.731,75 13:19.437,820, ,814, ,0, ,N, ,0, , , , , ,797258, , , ,3,2,0,0,1,0,0,0,0,0,0,0,1,1,0,0,0,0,0,0,1,0,0,0,0,0,0,0,0,0,0,0,0,0,0,8,0,39.9541,-75.2221, , 
 ,69179,2011082573,6,67,67301,2011,7,5,307,3,3,1,0,5,1, , ,N,0,0,0,3,0,1,2,4,N,N,39 57:23.168,75 12:31.316,310, ,307, ,0, , , ,0, , , , , ,797259, , , ,4,3,0,0,0,0,0,1,0,0,0,1,1,0,0,0,0,0,0,0,0,0,0,0,0,0,0,0,0,0,0,0,0,0,0,4,0,39.9564,-75.2087, , 
 ,69180,2011083329,6,67,67301,2011,7,4,1850,18,1,1,0,8,1, , ,N,0,0,0,3,0,1,2,2,N,N,40 02:24.266,75 08:35.782,1907, ,1905, ,0, ,N, ,0, , , , , ,797260, , , ,1,0,0,0,0,0,1,0,0,0,0,0,1,1,1,0,0,0,0,0,0,1,0,1,0,0,0,0,0,0,0,0,1,0,0,8,0,40.0401,-75.1433, , 
 ,69181,2011101852,6,67,67301,2011,9,4,157,1,3,2,1,7,2, , ,N,0,0,0,3,0,1,1,1,N,N,40 01:31.685,75 01:43.511,203, ,158,3,1,2,Y, ,0,Y, , , , ,797282, , , ,1,0,0,0,0,1,0,0,0,1,0,0,1,0,0,0,0,0,0,0,1,0,0,0,0,0,0,1,0,0,0,0,0,0,0,2,1,40.0255,-75.0286, , 
 ,69182,2011029047,6,67,67301,2011,2,4,930,9,1,1,0,4,1, , ,N,0,0,7,3,0,1,2,2,N,N,40 06:26.210,75 02:21.290,937, ,933, ,0, , , ,0, , , , , ,797308, , , ,2,2,0,0,0,0,0,0,0,0,0,1,1,0,1,0,0,0,0,0,0,0,0,0,0,0,0,0,0,0,0,0,0,0,0,4,0,40.1073,-75.0392, , 
 ,69183,2011031328,6,67,67301,2011,2,5,1830,18,3,1,1,4,1, , ,N,1,2,0,3,0,1,2,2,N,N,39 59:50.150,75 10:48.932,1841, ,1831, ,0, ,N, ,3, , , , , ,797311, , , ,1,1,0,0,0,0,0,0,1,0,0,1,1,0,0,0,0,0,0,0,1,0,0,0,0,0,0,0,0,0,0,0,0,0,0,4,0,39.9973,-75.1803, , 
 ,69184,2011054097,6,67,67301,2011,4,2,1730,17,1,1,0,1,1, , ,N,0,0,0,3,0,4,7,2,N, ,39 59:47.280,75 14:05.170,9999, ,9999, ,0, , , ,0, , , , , ,797331, , , ,2,2,0,0,0,0,0,0,0,0,1,3,4,0,0,0,0,0,0,0,0,0,0,0,0,0,0,0,0,0,0,0,0,0,0,3,0,39.9965,-75.2348, , 
 ,69185,2011054365,6,67,67301,2011,4,2,25,0,3,1,0,7,3, , ,N,1,2,0,3,0,1,1,1,N,N,39 57:28.502,75 08:55.805,116, ,116, ,0, ,N, ,3, , , , , ,797332, , , ,1,1,0,0,0,0,0,0,0,0,1,0,1,0,0,0,0,0,0,0,0,1,0,0,0,0,0,0,0,0,0,0,0,0,0,3,0,39.9579,-75.1488, , 
 ,69186,2011007671,6,67,67301,2011,1,4,1233,12,1,1,0,1,1, , ,N,0,0,0,3,0,1,3,3,N,N,39 59:04.681,75 05:43.944,1241, ,1241,2,1,2,N, ,0,N, , , , ,797338, , , ,3,3,0,0,0,0,0,0,0,0,0,1,1,0,0,0,0,0,0,0,0,1,0,0,0,0,0,0,0,0,0,0,0,0,0,4,0,39.9847,-75.0954, , 
 ,69187,2011033501,6,67,67301,2011,2,1,200,2,3,1,0,1,1, , ,N,2,2,7,3,0,3,5,3,N,N,40 01:38.505,75 05:56.834,300, ,256,2,2,1,N, ,3,Y, , , , ,797356, , , ,3,3,0,0,0,0,0,0,0,0,0,0,3,3,0,0,0,0,0,0,0,0,0,0,0,0,0,0,0,0,0,0,0,0,0,8,0,40.0274,-75.0991, , 
 ,69188,2011040418,6,67,67301,2011,3,7,2140,21,3,1,0,4,1, , ,N,0,0,7,3,0,1,3,3,N,N,40 01:58.364,75 04:20.050,2212, ,2205, ,0, ,N, ,0, , , , , ,797361, , , ,3,2,0,0,0,0,0,0,0,0,0,1,1,0,0,0,0,0,0,0,1,0,0,0,0,0,0,0,0,0,0,0,0,0,0,4,0,40.0329,-75.0722, , 
 ,69189,2011008812,6,67,67301,2011,1,2,900,9,1,1,0,1,1, , ,N,0,0,0,3,0,1,3,2,N,N,39 56:57.230,75 11:05.436,911, ,905, ,0, ,N, ,0, , , , , ,797383, , , ,2,2,0,0,0,0,0,0,0,0,0,0,1,1,0,0,0,0,0,0,0,0,0,0,0,0,0,0,0,0,0,0,0,0,0,8,0,39.9492,-75.1848, , 
 ,69190,2011075577,6,67,67301,2011,6,3,1115,11,1,2,1,4,1, , ,N,1,0,0,3,0,0,5,2,N,N,39 57:53.046,75 12:29.113,1119, ,1116, ,0, ,N, ,0, , , , , ,797441, , , ,2,2,0,0,0,0,0,0,0,0,0,0,0,0,0,0,0,0,0,0,0,0,0,2,0,0,0,0,0,0,0,0,0,0,0,0,0,39.9647,-75.2081, , 
 ,69191,2011075735,6,67,67301,2011,6,6,1815,18,1,1,0,1,1, , ,N,1,0,0,3,0,1,4,2, , ,39 56:18.628,75 11:06.863,1845, ,1830, ,0, , , ,0, , , , , ,797442, , , ,2,1,0,0,1,0,0,0,0,0,0,1,1,0,0,0,0,0,0,0,0,0,0,0,0,0,0,0,0,0,0,0,0,0,0,4,0,39.9385,-75.1852, , 
 ,69192,2011092991,6,67,67301,2011,8,7,2000,20,1,1,1,8,4, , ,N,0,0,0,3,0,1,2,2,N, ,39 59:54.780,75 06:33.069,2130, ,2000, ,0, ,N, ,0, , , , , ,797457, , , ,1,0,0,0,0,0,1,0,0,0,0,0,1,1,0,0,0,0,0,0,0,0,0,0,0,0,0,0,0,0,0,0,1,0,0,8,0,39.9986,-75.1092, , 
 ,69193,2011023206,6,67,67301,2011,1,2,1635,16,1,1,0,4,1, , ,N,0,0,0,3,0,1,2,2,N,N,40 01:06.999,75 11:23.622,1655, ,1652,1,1,2, , ,0,N, , , , ,789587, , , ,2,1,0,0,0,0,1,0,0,0,0,0,1,1,0,0,0,0,0,0,1,0,0,0,0,0,0,0,0,0,0,0,0,0,0,8,0,40.0186,-75.1899, , 
 ,69194,2011061861,6,67,67301,2011,5,6,1110,11,1,1,0,4,7, , ,N,2,2,0,3,0,0,2,2,N,N,39 58:14.893,75 07:19.725,1120, ,1114,1,1,1,N, ,3,N, , , , ,789611, , , ,2,1,0,0,0,0,1,0,0,0,0,0,0,0,0,0,0,0,0,0,2,0,0,0,0,0,0,0,0,0,0,0,0,0,0,0,0,39.9708,-75.123, , 
 ,69195,2011068398,6,67,67301,2011,6,4,1044,10,1,1,0,7,2, , ,N,0,0,7,3,0,1,1,1,N,N,39 55:10.943,75 11:27.167,1050, ,1044,2,2,1,N, ,0,Y, , , , ,789614, , , ,1,1,0,0,0,0,0,0,0,0,0,1,1,0,0,0,0,0,0,0,0,0,0,0,0,0,0,0,0,0,0,0,0,0,0,4,0,39.9197,-75.1909, , 
 ,69196,2011015816,6,67,67301,2011,1,3,1130,11,1,1,0,1,1, , ,N,0,2,7,3,0,1,3,2,N,N,39 55:01.268,75 08:20.123,1142, ,1137, ,0, , , ,3, , , , , ,789635, , , ,2,1,0,0,0,0,1,0,0,0,0,0,1,1,0,0,0,0,0,0,2,0,0,0,0,0,0,0,0,0,0,0,0,0,0,8,0,39.917,-75.1389, , 
 ,69197,2011028989,6,67,67301,2011,2,5,1600,16,1,1,0,8,1, , ,N,1,0,0,3,0,1,2,2,N,N,39 55:33.882,75 13:29.323,1650, ,1641, ,0, , , ,0, , , , , ,789644, , , ,1,1,0,0,0,0,0,0,0,0,0,0,1,1,0,0,0,0,0,0,0,1,0,0,0,0,0,0,0,0,0,0,1,0,0,8,0,39.9261,-75.2248, , 
 ,69198,2011033472,6,67,67301,2011,2,2,2120,21,3,1,0,8,1, , ,N,2,3,0,3,1,0,2,2,N,N,39 57:58.957,75 09:38.183,2145, ,2140,1,1,2, ,0,3,N, , , , ,789702, , , ,1,1,0,0,0,0,0,0,0,0,0,0,0,0,0,0,0,0,0,0,0,0,0,0,0,0,0,0,0,0,0,0,1,1,0,1,0,39.9664,-75.1606,2, 
 ,69199,2011038215,6,67,67301,2011,3,6,1640,16,1,1,0,0,1, , ,N,0,0,0,3,0,1,1,1,N,N,40 03:02.097,75 11:04.785,1640, ,1640,1,2,5,N, ,0,Y, , , , ,789706, , , ,1,0,1,0,0,0,0,0,0,0,1,0,1,0,0,0,0,0,1,0,0,0,0,0,0,0,0,0,0,0,0,0,0,0,0,3,0,40.0506,-75.1847, , 
 ,69200,2011044579,6,67,67301,2011,4,7,1539,15,1,1,0,1,1, , ,N,1,2,0,3,0,2,4,3,N,N,40 03:39.280,75 09:50.864,1549, ,1549, ,0, ,N, ,3, , , , , ,789708, , , ,3,2,0,0,0,0,1,0,0,0,0,2,2,0,0,0,0,0,0,0,1,0,0,0,0,0,0,0,0,0,0,0,0,0,0,4,0,40.0609,-75.1641, , 
 ,69201,2011028682,6,67,67301,2011,2,3,222,2,3,1,0,7,2, , ,N,0,0,0,3,0,0,2,1,N,N,39 56:45.564,75 08:33.037,228, ,228,1,1,2,N, ,0,N, , , , ,789741, , , ,1,1,0,0,0,0,0,0,0,0,0,0,0,0,0,0,0,0,0,0,0,0,0,0,0,0,0,0,0,0,0,0,0,0,0,0,0,39.946,-75.1425, , 
 ,69202,2011038372,6,67,67301,2011,3,6,650,6,1,1,0,4,1, , ,N,1,2,0,3,0,2,3,2,N,N,40 02:17.896,75 04:31.313,720, ,714, ,0, ,N, ,3, , , , , ,789748, , , ,2,2,0,0,0,0,0,0,0,0,0,0,2,2,0,0,0,0,0,0,0,0,0,0,0,0,0,0,0,0,0,0,0,0,0,8,0,40.0383,-75.0754, , 
 ,69203,2011048586,6,67,67301,2011,4,1,223,2,3,1,0,8,1, , ,N,0,0,0,3,1,0,2,2,N,N,39 58:29.482,75 07:00.842,224, ,223,9,2,5,N,0,0,Y, , , , ,789758, , , ,1,0,0,0,0,0,1,0,0,0,0,0,0,0,0,0,0,0,0,0,0,0,0,0,0,0,0,0,0,0,0,0,1,1,0,1,0,39.9748,-75.1169,2, 
 ,69204,2011056742,6,67,67301,2011,5,5,1856,18,1,1,0,4,1, , ,N,2,3,0,3,0,1,3,2,N,N,39 57:33.984,75 11:55.262,1910, ,1904, ,0, ,N, ,3, , , , , ,789765, , , ,2,2,0,0,0,0,0,0,0,0,0,0,1,1,0,0,0,0,0,0,0,0,0,0,0,0,0,0,0,0,0,0,0,0,0,8,0,39.9594,-75.1987, , 
 ,69205,2011029004,6,67,67301,2011,1,5,815,8,1,1,0,4,1, , ,N,2,2,0,3,0,2,2,2,N,N,40 05:57.001,74 59:12.911,818, ,818,1,1,6, , ,3,Y, , , , ,789791, , , ,2,2,0,0,0,0,0,0,0,0,0,2,2,0,0,0,0,0,0,0,2,0,0,0,0,0,0,0,0,0,0,0,0,0,0,4,0,40.0992,-74.9869, , 
 ,69206,2011044635,6,67,67301,2011,4,7,9999,99,1,1,0,8,1, , ,N,2,3,0,3,0,1,2,2,N,N,39 55:42.902,75 09:36.460,1230, ,1220, ,0, , , ,3, , , , , ,789809, , , ,1,1,0,0,0,0,0,0,0,0,1,0,1,0,0,0,0,0,0,0,0,0,0,0,0,0,0,0,0,0,0,0,1,0,0,3,0,39.9286,-75.1601, , 
 ,69207,2011023233,6,67,67301,2011,1,6,1505,15,1,1,5,7,2, , ,N,0,0,0,3,0,2,2,1,N,N,40 07:02.394,74 58:59.228,1525, ,1505,1,1,1,N, ,0,N, , , , ,789835, , , ,1,0,0,0,1,0,0,0,0,0,0,0,2,2,0,0,0,0,0,0,0,0,0,0,0,0,0,0,0,0,0,0,0,0,0,8,0,40.1173,-74.9831, , 
 ,69208,2011031276,6,67,67301,2011,2,1,100,1,3,1,0,1,1, , ,N,1,2,0,3,0,0,2,2,N,N,39 59:44.224,75 10:03.233,150, ,145,9,2,7,N, ,9,N, , , , ,789843, , , ,2,1,0,0,0,0,0,1,0,0,0,0,0,0,0,0,0,0,0,1,0,0,0,1,0,0,0,0,0,0,0,0,0,0,0,0,0,39.9956,-75.1675, , 
 ,69209,2011031615,6,67,67301,2011,2,4,1630,16,1,1,0,4,1, , ,N,1,2,0,3,0,0,2,2,N,N,40 02:40.890,75 03:16.537,1640, ,1635,1,1,2,N, ,3,N, , , , ,789844, , , ,2,1,0,0,0,0,1,0,0,0,0,0,0,0,0,0,0,0,0,0,1,0,0,0,0,0,0,0,0,0,0,0,0,0,0,0,0,40.0446,-75.0547, , 
 ,69210,2011037915,6,67,67301,2011,3,7,1845,18,3,1,0,4,1, , ,N,2,0,2,3,0,1,3,2,N,N,40 00:24.934,75 04:06.372,1904, ,1901, ,0, ,N, ,0, , , , , ,789855, , , ,2,2,0,0,0,0,0,0,0,0,0,1,1,0,0,0,0,0,0,0,1,0,0,0,0,0,0,0,0,0,0,0,0,0,0,4,0,40.0066,-75.0682, , 
 ,69211,2011054154,6,67,67301,2011,4,4,9999,99,1,1,0,8,1, , ,N,1,2,0,3,0,1,2,2,N,N,40 01:40.879,75 08:18.110,904, ,900, ,0, ,N, ,3, , , , , ,793487, , , ,1,1,0,0,0,0,0,0,0,0,0,0,1,1,0,0,0,0,0,0,0,0,0,0,0,0,0,0,0,0,0,0,1,0,0,8,0,40.028,-75.1384, , 
 ,69212,2011066770,6,67,67301,2011,5,7,120,1,3,1,0,4,1, , ,N,1,2,0,3,0,3,3,2, , ,39 57:13.704,75 09:59.736,125, ,122,3,1,1, , ,3,N, , , , ,793495, , , ,2,2,0,0,0,0,0,0,0,0,1,2,3,0,0,0,0,0,0,0,0,0,0,0,0,0,0,0,0,0,0,0,0,0,0,3,0,39.9538,-75.1666, , 
 ,69213,2011075697,6,67,67301,2011,6,1,1000,10,1,1,0,1,1, , ,N,1,0,0,3,0,1,2,2,N,N,40 03:33.837,75 14:16.457,1012, ,1010,2,2,5, , ,0,Y, , , , ,793505, , , ,2,1,1,0,0,0,0,0,0,0,0,0,1,1,0,0,0,0,0,0,0,1,0,0,0,0,0,0,0,0,0,0,0,0,0,8,0,40.0594,-75.2379, , 
 ,69214,2011082557,6,67,67301,2011,6,5,1844,18,1,1,0,4,1, , ,N,1,0,0,3,0,1,4,2,N,N,40 01:51.513,75 07:43.510,1853, ,1849, ,0, ,N, ,0, , , , , ,793514, , , ,1,1,0,0,0,0,0,0,1,0,0,1,1,0,0,0,0,0,0,1,0,0,0,0,0,0,0,0,0,0,0,0,0,0,0,4,0,40.031,-75.1288, , 
 ,69215,2011083297,6,67,67301,2011,7,5,50,0,3,1,0,8,6, , ,N,0,0,0,3,0,1,2,2,N,N,40 01:54.484,75 06:19.652,57, ,57, ,0, , , ,0, , , , , ,793516, , , ,1,1,0,0,0,0,0,0,0,0,0,1,1,0,0,0,0,0,0,0,0,0,0,1,0,0,0,0,0,0,0,0,1,0,0,4,0,40.0318,-75.1055, , 
 ,69216,2011088022,6,67,67301,2011,7,7,9999,99,1,1,0,4,1, , ,N,1,2,0,3,0,1,2,2,N,N,39 59:04.941,75 08:37.921,9999, ,9999, ,0, ,N, ,9, , , , , ,793519, , , ,2,0,0,0,0,0,1,0,0,0,1,0,1,0,0,0,0,0,0,0,0,0,0,0,0,0,0,0,0,0,0,0,0,0,0,3,0,39.9847,-75.1439, , 
 ,69217,2011044441,6,67,67301,2011,3,4,710,7,1,1,0,4,1, , ,N,1,2,0,3,0,1,3,2,N,N,39 57:32.907,75 10:19.580,715, ,713,2,1,3,N, ,3,Y, , , , ,793551, , , ,2,2,0,0,0,0,0,0,0,0,0,1,1,0,0,0,0,0,0,0,1,0,0,0,0,0,0,0,0,0,0,0,0,0,0,4,0,39.9591,-75.172, , 
 ,69218,2011075776,6,67,67301,2011,6,2,2223,22,3,1,0,4,1, , ,N,1,2,0,3,0,1,2,2, , ,39 59:59.964,75 09:11.322,2247, ,2247, ,0, , , ,3, , , , , ,793582, , , ,1,0,0,0,0,0,1,0,1,0,0,0,1,1,0,0,0,0,0,0,1,0,0,0,0,0,0,0,0,0,0,0,0,0,0,8,0,40,-75.1531, , 
 ,69219,2011092927,6,67,67301,2011,8,5,1559,15,1,1,0,8,1, , ,N,0,0,0,3,0,1,2,2,N,N,40 00:54.384,75 08:22.324,1601, ,1600, ,0, , , ,0, , , , , ,793605, , , ,1,1,0,0,0,0,0,0,0,0,0,0,1,1,0,0,0,0,0,0,0,0,0,0,0,0,0,0,0,0,0,0,1,0,0,8,0,40.0151,-75.1395, , 
 ,69220,2011093023,6,67,67301,2011,8,2,1414,14,1,1,0,4,1, , ,N,1,2,0,3,0,6,6,2,N,N,39 56:22.120,75 10:47.362,1414, ,1414, ,0, ,N, ,3, , , , , ,793606, , , ,2,2,0,0,0,0,0,0,0,0,0,0,6,6,0,0,0,0,0,0,0,0,0,0,0,0,0,0,0,0,0,0,0,0,0,8,0,39.9395,-75.1798, , 
 ,69221,2011115345,6,67,67301,2011,10,4,2119,21,3,2,1,4,2, , ,N,0,0,0,3,0,1,2,3,N,N,39 57:41.810,75 13:57.720,2135, ,2129, ,0, ,N, ,0, , , , , ,793621, , , ,3,3,0,0,0,0,0,0,0,0,0,0,1,1,0,0,0,0,0,0,0,0,0,0,0,0,0,0,0,0,0,0,0,0,0,8,0,39.9616,-75.2327, , 
 ,69222,2011056785,6,67,67301,2011,5,2,1950,19,1,1,0,7,2, , ,N,2,0,0,3,0,2,4,1,N,N,40 02:39.534,75 10:14.725,1958, ,1953, ,0, ,N, ,0, , , , , ,793628, , , ,1,1,0,0,0,0,0,0,0,0,0,0,2,2,2,0,0,0,0,0,0,0,0,0,0,0,0,0,0,0,0,0,0,0,0,8,0,40.0443,-75.1708, , 
 ,69223,2011061792,6,67,67301,2011,5,6,1515,15,1,2,1,4,6, , ,N,0,0,0,3,0,1,1,2,N,N,40 06:20.714,75 01:53.832,1520, ,1517, ,0, ,N, ,0, , , , , ,793635, , , ,2,0,0,0,0,0,1,1,0,0,0,1,1,0,0,0,0,0,0,0,1,0,0,0,0,0,0,0,0,0,0,0,0,0,0,4,0,40.1058,-75.0316, , 
 ,69224,2011064173,6,67,67301,2011,5,7,628,6,1,1,1,5,1, , ,N,0,0,0,3,0,3,4,2, , ,40 01:10.807,75 08:54.800,638, ,633,2,2,1, , ,0,Y, , , , ,793636, , , ,2,1,0,0,0,0,1,0,0,0,0,0,3,3,0,0,0,0,0,0,0,0,0,0,0,0,0,0,0,0,0,0,0,0,0,8,0,40.0197,-75.1486, , 