wz_ln_closure,objectid_1,crn,district,county,municipality,crash_year,crash_month,day_of_week,time_of_day,hour_of_day,illumination,weather,road_condition,collision_type,relation_to_road,work_zone_type,work_zone_loc,work_zone_ind,intersect_type,tcd_type,location_type,urban_rural,fatal_count,injury_count,person_count,total_units,sch_bus_ind,sch_zone_ind,latitude,longitude,arrival_tm,cons_zone_spd_lim,dispatch_tm,est_hrs_closed,lane_closed,ln_close_dir,ntfy_hiwy_maint,spec_juris_cd,tcd_func_cd,tfc_detour_ind,workers_pres,wz_close_detour,wz_flagger,wz_law_offcr_ind,objectid,wz_moving,wz_other,wz_shlder_mdn,vehicle_count,automobile_count,motorcycle_count,bus_count,small_truck_count,heavy_truck_count,suv_count,van_count,bicycle_count,maj_inj_count,mod_inj_count,min_inj_count,tot_inj_count,unk_inj_deg_count,unk_inj_per_count,driver_count_16yr,driver_count_17yr,driver_count_18yr,driver_count_19yr,driver_count_20yr,driver_count_50_64yr,driver_count_65_74yr,driver_count_75plus,unbelted_occ_count,unb_death_count,unb_maj_inj_count,belted_death_count,belted_maj_inj_count,mcycle_death_count,mcycle_maj_inj_count,bicycle_death_count,bicycle_maj_inj_count,ped_count,ped_death_count,ped_maj_inj_count,max_severity_level,comm_veh_count,dec_lat,dec_long,rdwy_surf_type_cd,county_name
 ,69292,2011054368,6,67,67301,2011,4,5,1641,16,1,1,0,4,1, , ,N,0,0,7,3,0,2,7,2,N,N,40 01:57.920,75 06:26.130,1646, ,1643, ,0, ,N, ,0, , , , , ,793800, , , ,2,1,0,0,0,0,1,0,0,0,0,0,2,2,3,0,0,0,0,0,0,0,0,0,0,0,0,0,0,0,0,0,0,0,0,8,0,40.0328,-75.1073, , 
 ,69293,2011064125,6,67,67301,2011,5,3,840,8,1,1,0,8,1, , ,N,0,9,0,3,0,1,2,2,N,N,39 55:36.893,75 11:22.020,1040, ,1030, ,0, ,N, ,3, , , , , ,793807, , , ,1,1,0,0,0,0,0,0,0,0,0,1,1,0,0,0,0,0,0,0,0,0,0,0,0,0,0,0,0,0,0,0,1,0,0,4,0,39.9269,-75.1895, , 
 ,69294,2011064136,6,67,67301,2011,5,6,927,9,1,1,0,8,1, , ,N,1,2,0,3,0,1,2,2,N,N,40 02:22.315,75 07:47.348,932, ,932,1,1,5, , ,3,Y, , , , ,793808, , , ,1,0,0,0,0,0,0,1,0,0,1,0,1,0,0,0,0,0,0,0,0,0,0,0,0,0,0,0,0,0,0,0,1,0,0,3,0,40.0395,-75.1298, , 
 ,69295,2011066223,6,67,67301,2011,5,1,1605,16,1,1,0,4,1, , ,N,1,3,0,3,0,1,2,2,N,N,40 04:17.716,74 59:15.550,1625, ,1623, ,0, ,N, ,3, , , , , ,793811, , , ,2,1,0,0,0,0,1,0,0,0,0,0,1,1,0,0,0,0,0,0,0,0,0,0,0,0,0,0,0,0,0,0,0,0,0,8,0,40.0716,-74.9877, , 
 ,69296,2011015909,6,67,67301,2011,1,4,1845,18,3,1,0,5,1, , ,N,0,0,0,3,0,1,2,3,N,N,40 00:15.160,75 13:07.970,1900, ,1859, ,0, ,N, ,0, , , , , ,793822, , , ,3,2,0,0,0,0,1,0,0,0,0,1,1,0,0,0,0,0,0,0,0,0,0,0,0,0,0,0,0,0,0,0,0,0,0,4,0,40.0042,-75.2189, , 
 ,69297,2011028862,6,67,67301,2011,1,2,1320,13,1,1,0,2,1, , ,N,0,0,7,3,0,1,3,2, , ,40 00:21.706,75 05:29.265,1336, ,1326, ,0, , , ,0, , , , , ,793835, , , ,2,1,0,0,1,0,0,0,0,0,0,0,1,1,0,0,0,0,0,0,0,0,0,0,0,0,0,0,0,0,0,0,0,0,0,8,0,40.006,-75.0915, , 
 ,69298,2011056998,6,67,67301,2011,5,1,1950,19,4,1,0,4,1, , ,N,1,2,0,3,0,1,3,3,N, ,39 55:35.378,75 13:59.188,2008, ,2000,1,1,3,N, ,3,Y, , , , ,793860, , , ,3,2,0,0,1,0,0,0,0,0,1,0,1,0,0,0,0,0,0,0,2,0,0,1,0,0,0,0,0,0,0,0,0,0,0,3,0,39.9265,-75.2331, , 
 ,69299,2011024675,6,67,67301,2011,1,5,2346,23,3,1,0,7,5, , ,N,1,2,0,3,0,0,1,1,N,N,39 58:23.647,75 12:44.071,20, ,12, ,0, ,N, ,3, , , , , ,793879, , , ,1,1,0,0,0,0,0,0,0,0,0,0,0,0,0,0,0,0,0,0,0,0,0,0,0,0,0,0,0,0,0,0,0,0,0,0,0,39.9732,-75.2121, , 
 ,69300,2011037976,6,67,67301,2011,3,5,1750,17,1,1,0,8,1, , ,N,1,2,0,3,0,1,3,2,N,N,39 59:50.139,75 10:48.842,1754, ,1751, ,0, ,N, ,9, , , , , ,793892, , , ,1,1,0,0,0,0,0,0,0,0,0,0,1,1,0,0,0,0,0,0,0,0,0,0,0,0,0,0,0,0,0,0,1,0,0,8,0,39.9973,-75.1802, , 
 ,69301,2011038351,6,67,67301,2011,3,6,1857,18,4,1,0,4,1, , ,N,2,0,0,3,0,1,2,2,N,N,39 58:32.853,75 12:15.683,1907, ,1905,3,2,5,N, ,0,Y, , , , ,793894, , , ,1,0,0,0,0,0,1,0,1,1,0,0,1,0,0,0,0,0,0,0,0,0,0,0,0,0,0,0,0,0,0,1,0,0,0,2,0,39.9758,-75.2044, , 
 ,69302,2011082577,6,67,67301,2011,7,4,1,0,3,1,0,4,1, , ,N,1,2,0,3,0,1,4,2,N,N,39 58:18.002,75 09:39.855,30, ,26, ,0, ,N, ,3, , , , , ,800543, , , ,1,1,0,0,0,0,0,0,1,0,0,1,1,0,0,0,0,0,1,0,0,0,0,0,0,0,0,0,0,0,0,0,0,0,0,4,0,39.9717,-75.1611, , 
 ,69303,2011088086,6,67,67301,2011,7,1,709,7,1,1,0,5,1, , ,N,0,3,0,3,0,0,2,2,N,N,40 02:38.155,75 11:22.333,715, ,711, ,0, ,N, ,3, , , , , ,800549, , , ,2,2,0,0,0,0,0,0,0,0,0,0,0,0,0,0,0,0,0,1,0,0,0,0,0,0,0,0,0,0,0,0,0,0,0,0,0,40.0439,-75.1895, , 
 ,69304,2011089873,6,67,67301,2011,9,7,810,8,1,1,0,7,4, , ,N,0,0,0,3,0,2,2,1,N,N,39 58:37.434,75 11:57.438,820, ,812,1,1,4,N, ,0,Y, , , , ,800551, , , ,1,1,0,0,0,0,0,0,0,0,0,0,2,2,0,0,0,0,0,0,0,0,0,0,0,0,0,0,0,0,0,0,0,0,0,8,0,39.9771,-75.1993, , 
 ,69305,2011095357,6,67,67301,2011,8,2,927,9,1,1,0,8,2, , ,N,5,0,0,3,0,1,2,2,N,N,40 04:10.095,75 04:07.973,950, ,930, ,0, ,N, ,0, , , , , ,800555, , , ,1,0,0,1,0,0,0,0,0,0,0,1,1,0,0,0,0,0,0,0,0,0,0,0,0,0,0,0,0,0,0,0,1,0,0,4,1,40.0695,-75.0689, , 
 ,69306,2011106658,6,67,67301,2011,9,5,335,3,3,5,1,7,4, , ,N,5,0,0,3,0,1,1,1,N,N,40 01:54.382,75 06:32.605,339, ,335, ,0, ,N, ,0, , , , , ,800562, , , ,1,1,0,0,0,0,0,0,0,0,0,1,1,0,0,0,0,0,0,0,0,0,0,0,0,0,0,0,0,0,0,0,0,0,0,4,0,40.0318,-75.1091, , 
 ,69307,2011062626,6,67,67301,2011,6,3,2107,21,3,1,0,1,7, , ,N,6,0,2,3,0,2,3,2,N,N,39 58:33.352,75 11:43.008,2115, ,2112,1,2,3,N, ,0,N, , , , ,800570, , , ,2,1,0,0,0,0,1,0,0,0,0,0,2,2,0,0,0,0,0,0,0,0,0,0,0,0,0,0,0,0,0,0,0,0,0,8,0,39.9761,-75.1956, , 
 ,69308,2011065484,6,67,67301,2011,6,6,1643,16,1,1,0,4,1, , ,N,0,0,0,3,0,0,5,2,N,N,39 53:17.812,75 14:29.372,1656, ,1647, ,0, ,Y, ,0, , , , , ,800573, , , ,2,1,0,0,0,0,1,0,0,0,0,0,0,0,0,0,0,0,0,0,1,0,0,0,0,0,0,0,0,0,0,0,0,0,0,0,0,39.8883,-75.2415, , 
 ,69309,2011068406,6,67,67301,2011,6,5,9999,99,1,1,0,1,2, , ,N,0,0,7,3,0,2,4,3,N,N,40 02:21.556,75 06:36.357,1647, ,1642, ,0, ,N, ,0, , , , , ,800577, , , ,3,3,0,0,0,0,0,0,0,0,1,1,2,0,0,0,1,0,0,1,0,0,0,0,0,0,0,0,0,0,0,0,0,0,0,3,0,40.0393,-75.1101, , 
 ,69310,2011075380,6,67,67301,2011,7,6,2258,22,3,1,0,7,3, , ,N,0,0,0,3,0,2,4,1,N,N,39 59:10.760,75 12:28.749,2304, ,2301,2,2,4,N, ,0,Y, , , , ,800588, , , ,1,1,0,0,0,0,0,0,0,0,0,2,2,0,0,0,0,0,1,0,0,0,0,0,0,0,0,0,0,0,0,0,0,0,0,4,0,39.9863,-75.208, , 
 ,69311,2011088059,6,67,67301,2011,8,3,1218,12,1,2,1,4,1, , ,N,0,0,0,3,0,2,3,2,N,N,40 05:07.147,75 02:13.185,1230, ,1224, ,0, ,N, ,0, , , , , ,800601, , , ,2,2,0,0,0,0,0,0,0,0,0,0,2,2,0,0,0,0,0,1,0,0,0,0,0,0,0,0,0,0,0,0,0,0,0,8,0,40.0853,-75.037, , 
 ,69312,2011088093,6,67,67301,2011,8,3,9999,99,1,1,0,8,2, , ,N,0,0,0,3,0,1,2,2,N,N,39 59:27.531,75 07:24.186,1820, ,9999, ,0, ,N, ,0, , , , , ,800630, , , ,1,0,0,0,1,0,0,0,0,0,0,1,1,0,1,0,0,0,0,0,0,0,0,1,0,0,0,0,0,0,0,0,1,0,0,4,0,39.991,-75.1234, , 
 ,69313,2011088344,6,67,67301,2011,8,3,1543,15,1,1,0,7,1, , ,N,0,0,0,3,0,0,1,1,N,N,39 58:47.792,75 06:22.919,1549, ,1543,2,1,2,N, ,0,N, , , , ,800631, , , ,1,0,0,0,0,1,0,0,0,0,0,0,0,0,0,0,0,0,0,0,1,0,0,0,0,0,0,0,0,0,0,0,0,0,0,0,1,39.98,-75.1063, , 
 ,69314,2011089986,6,67,67301,2011,7,3,1231,12,1,1,0,1,1, , ,N,2,2,0,3,0,2,3,2,N,N,39 54:32.712,75 14:31.675,1236, ,1233, ,0, , , ,3, , , , , ,800632, , , ,2,1,0,0,0,1,0,0,0,0,0,2,2,0,0,0,0,0,0,0,1,0,0,0,0,0,0,0,0,0,0,0,0,0,0,4,1,39.909,-75.2419, , 
 ,69315,2011090385,6,67,67301,2011,7,5,2110,21,3,1,0,6,4, , ,N,0,0,0,3,0,1,2,2,N, ,39 59:25.418,75 10:08.306,2145, ,2106, ,0, , , ,0, , , , , ,800633, , , ,1,0,0,0,0,0,1,0,1,0,0,1,1,0,0,0,0,0,0,0,0,0,0,0,0,0,0,0,0,0,0,0,0,0,0,4,0,39.9904,-75.169, , 
 ,69316,2011106655,6,67,67301,2011,9,2,1519,15,1,1,0,7,5, , ,N,0,0,0,3,0,1,3,3,Y,Y,40 05:41.961,74 58:08.525,1534, ,1534, ,0, ,N, ,0, , , , , ,800650, , , ,1,0,0,1,0,0,0,0,0,0,0,1,1,0,1,0,0,0,0,0,1,0,0,0,0,0,0,0,0,0,0,0,2,0,0,4,1,40.095,-74.969, , 
 ,69317,2011115381,6,67,67301,2011,10,7,2100,21,6,1,0,8,1, , ,N,1,3,0,3,0,1,2,2,N,N,39 59:44.440,75 10:49.886,1536, ,1531, ,0, ,N, ,3, , , , , ,800656, , , ,1,1,0,0,0,0,0,0,0,0,0,1,1,0,0,0,0,0,0,0,0,0,0,0,0,0,0,0,0,0,0,0,1,0,0,4,0,39.9957,-75.1805, , 
 ,69318,2011067752,6,67,67301,2011,7,6,1503,15,1,1,0,1,1, , ,N,0,0,0,3,0,5,7,4,N,N,39 57:30.288,75 10:01.446,1509, ,1506,2,2,3,N, ,0,Y, , , , ,800659, , , ,4,3,0,0,0,1,0,0,0,0,0,2,5,3,0,0,0,0,0,0,1,0,0,0,0,0,0,0,0,0,0,0,0,0,0,4,0,39.9584,-75.1671, , 
 ,69319,2011038221,6,67,67301,2011,3,4,220,2,3,2,1,7,5, , ,N,0,0,0,3,0,0,1,1,N,N,40 01:00.190,75 12:09.190,228, ,225, ,0, ,N, ,0, , , , , ,800684, , , ,1,0,0,0,0,0,1,0,0,0,0,0,0,0,0,0,0,0,0,0,0,0,0,0,0,0,0,0,0,0,0,0,0,0,0,0,0,40.0167,-75.2026, , 
 ,69320,2011027440,6,67,67301,2011,3,1,1737,17,3,2,1,7,2, , ,N,0,0,0,3,0,0,1,1,N,N,40 02:19.822,75 00:30.275,1748, ,1741, ,0, ,N, ,0, , , , , ,797695, , , ,1,0,0,0,1,0,0,0,0,0,0,0,0,0,0,0,0,0,0,0,0,0,0,0,0,0,0,0,0,0,0,0,0,0,0,0,0,40.0388,-75.0085, , 
 ,69321,2011031452,6,67,67301,2011,2,3,930,9,1,4,3,1,1, , ,N,1,2,0,3,0,1,4,2,N,N,40 02:45.148,75 10:55.939,935, ,930, ,0, ,N, ,3, , , , , ,797697, , , ,2,2,0,0,0,0,0,0,0,0,0,1,1,0,1,0,0,0,0,0,0,0,0,0,0,0,0,0,0,0,0,0,0,0,0,4,0,40.0459,-75.1822, , 
 ,69322,2011037986,6,67,67301,2011,3,7,954,9,1,1,0,1,1, , ,N,0,0,0,3,0,1,4,2,N,N,40 02:43.069,75 07:33.241,9999, ,954, ,0, ,N, ,0, , , , , ,797705, , , ,2,1,0,0,1,0,0,0,0,0,0,0,1,1,0,0,0,0,0,0,0,0,0,0,0,0,0,0,0,0,0,0,0,0,0,8,0,40.0453,-75.1259, , 
 ,69323,2011054027,6,67,67301,2011,4,5,142,1,3,1,0,5,1, , ,N,3,2,0,3,0,0,2,2,N, ,39 54:04.923,75 14:21.456,156, ,146, ,0, , , ,3, , , , , ,797718, , , ,2,2,0,0,0,0,0,0,0,0,0,0,0,0,1,0,0,0,0,0,0,0,0,0,0,0,0,0,0,0,0,0,0,0,0,9,0,39.9014,-75.2393, , 
 ,69324,2011056999,6,67,67301,2011,5,3,1900,19,1,1,0,8,1, , ,N,1,0,0,3,0,1,2,2,N,N,39 58:10.310,75 13:31.350,1900, ,1900, ,0, ,N, ,0, , , , , ,797720, , , ,1,1,0,0,0,0,0,0,0,0,0,1,1,0,1,0,0,0,0,0,0,0,0,0,0,0,0,0,0,0,0,0,1,0,0,4,0,39.9695,-75.2254, , 
 ,69325,2011044847,6,67,67301,2011,4,3,1600,16,1,9,8,1,1, , ,N,1,2,0,3,0,2,3,2,N,N,40 02:22.248,75 09:15.909,1653, ,1600, ,0, ,N, ,3, , , , , ,797751, , , ,2,2,0,0,0,0,0,0,0,0,0,2,2,0,1,0,0,0,0,0,2,0,0,0,0,0,0,0,0,0,0,0,0,0,0,4,0,40.0395,-75.1544, , 
 ,69326,2011047064,6,67,67301,2011,4,6,805,8,1,2,1,5,1, , ,N,1,2,0,3,0,1,3,3,N,N,40 04:27.147,75 02:05.032,825, ,813,1,1,1,N, ,3,N, , , , ,797753, , , ,3,3,0,0,0,0,0,0,0,0,0,0,1,1,0,0,0,0,0,0,1,0,0,0,0,0,0,0,0,0,0,0,0,0,0,8,0,40.0742,-75.0347, , 
 ,69327,2011053542,6,67,67301,2011,4,5,1730,17,1,1,0,5,1, , ,N,0,2,0,3,0,0,4,3,N,N,39 54:58.328,75 14:44.061,1815, ,1805, ,0, ,N, ,3, , , , , ,797762, , , ,3,2,0,0,0,0,0,1,0,0,0,0,0,0,0,0,0,0,0,0,0,1,0,0,0,0,0,0,0,0,0,0,0,0,0,0,0,39.9163,-75.2456, , 
 ,69328,2011054225,6,67,67301,2011,4,6,1240,12,1,1,0,4,1, , ,N,1,2,0,3,0,0,2,2,N,N,39 55:16.521,75 10:30.986,1318, ,1317, ,0, ,N, ,3, , , , , ,797764, , , ,2,2,0,0,0,0,0,0,0,0,0,0,0,0,0,0,0,0,0,0,0,0,1,0,0,0,0,0,0,0,0,0,0,0,0,0,0,39.9213,-75.1753, , 
 ,69329,2011083335,6,67,67301,2011,6,3,1000,10,1,1,0,7,5, , ,N,0,0,0,3,0,1,1,1,N,N,40 00:44.941,75 09:40.217,1030, ,1020,2,2,6,N, ,0,Y, , , , ,797804, , , ,1,1,0,0,0,0,0,0,0,0,0,0,1,1,0,0,0,0,0,0,0,0,0,0,0,0,0,0,0,0,0,0,0,0,0,8,0,40.0125,-75.1612, , 
 ,69330,2011024582,6,67,67301,2011,2,6,351,3,3,2,1,7,4, , ,N,0,0,0,3,0,0,1,1,N,N,39 58:48.229,75 12:18.613,403, ,354, ,0, ,N, ,0, , , , , ,797834, , , ,1,1,0,0,0,0,0,0,0,0,0,0,0,0,0,0,0,0,0,1,0,0,0,0,0,0,0,0,0,0,0,0,0,0,0,0,0,39.9801,-75.2052, , 
 ,69331,2011029190,6,67,67301,2011,2,5,233,2,3,9,3,8,1, , ,N,0,0,0,3,0,1,2,2,N,N,39 55:51.217,75 09:43.928,330, ,234, ,0, , , ,0, , , , , ,797836, , , ,1,1,0,0,0,0,0,0,0,0,0,1,1,0,0,0,0,0,0,0,0,0,0,0,0,0,0,0,0,0,0,0,1,0,0,4,0,39.9309,-75.1622, , 
 ,69332,2011038404,6,67,67301,2011,3,7,320,3,3,1,0,5,2, , ,N,0,0,0,3,0,0,2,2, , ,40 07:34.593,75 01:11.632,359, ,357,2,1,4, , ,0,N, , , , ,797846, , , ,2,2,0,0,0,0,0,0,0,0,0,0,0,0,0,0,0,0,0,0,0,0,0,0,0,0,0,0,0,0,0,0,0,0,0,0,0,40.1263,-75.0199, , 
 ,69333,2011054155,6,67,67301,2011,4,7,1900,19,1,1,0,4,1, , ,N,1,2,0,3,0,2,5,2,N,N,40 04:50.725,75 01:42.964,1910, ,1903,1,1,1,N, ,3,N, , , , ,797857, , , ,2,1,0,0,0,0,1,0,0,0,0,2,2,0,0,0,0,0,0,0,1,0,0,0,0,0,0,0,0,0,0,0,0,0,0,4,0,40.0808,-75.0286, , 
 ,69334,2011016012,6,67,67301,2011,1,3,1329,13,1,1,0,4,1, , ,N,0,0,0,3,0,1,5,2,N,N,40 02:32.630,75 00:42.814,1338, ,1332,1,2,2,N, ,0,N, , , , ,797876, , , ,2,2,0,0,0,0,0,0,0,0,0,1,1,0,0,0,0,0,0,1,0,0,0,0,0,0,0,0,0,0,0,0,0,0,0,4,0,40.0424,-75.0119, , 
 ,69335,2011023172,6,67,67301,2011,1,5,1525,15,1,1,0,8,1, , ,N,0,0,0,3,0,1,3,2, , ,40 04:33.805,74 59:16.281,1531, ,1526, ,0, , , ,0, , , , , ,797885, , , ,1,1,0,0,0,0,0,0,0,0,1,0,1,0,0,0,0,0,0,0,0,0,0,0,0,0,0,0,0,0,0,0,1,0,0,3,0,40.0761,-74.9879, , 
 ,69336,2011065534,6,67,67301,2011,5,1,930,9,1,1,0,4,1, , ,N,1,2,0,3,0,1,2,2, , ,40 00:20.692,75 05:56.577,940, ,932, ,0, , , ,3, , , , , ,797918, , , ,2,0,0,0,0,0,1,1,0,0,0,1,1,0,0,0,0,0,0,0,0,0,0,0,0,0,0,0,0,0,0,0,0,0,0,4,0,40.0057,-75.099, , 
 ,69337,2011068435,6,67,67301,2011,6,1,1555,15,1,1,0,1,1, , ,N,0,2,0,3,0,2,6,3,N,N,40 06:17.689,75 00:05.301,1610, ,1610, ,0, ,N, ,3, , , , , ,797922, , , ,3,1,0,0,0,0,0,1,0,0,1,1,2,0,1,0,0,0,0,0,0,0,0,0,0,0,0,0,0,0,0,0,0,0,0,3,0,40.1049,-75.0015, , 
 ,69338,2011080591,6,67,67301,2011,8,3,1853,18,1,2,1,7,2, , ,N,0,0,0,3,0,0,1,1,N,N,39 53:03.426,75 14:39.641,1913, ,1856, ,0, ,N, ,0, , , , , ,797936, , , ,1,1,0,0,0,0,0,0,0,0,0,0,0,0,0,0,0,0,0,0,0,0,0,0,0,0,0,0,0,0,0,0,0,0,0,0,0,39.8843,-75.2443, , 
 ,69339,2011054096,6,67,67301,2011,4,6,900,9,1,1,0,4,1, , ,N,1,0,0,3,0,2,4,2,N,N,39 55:00.970,75 12:57.138,937, ,932, ,0, ,N, ,0, , , , , ,790149, , , ,2,1,0,0,0,0,0,1,0,0,0,2,2,0,0,0,0,0,0,0,1,0,0,0,0,0,0,0,0,0,0,0,0,0,0,4,0,39.9169,-75.2159, , 
 ,69340,2011056409,6,67,67301,2011,5,5,1813,18,1,1,0,4,1, , ,N,2,3,0,3,0,3,4,4,N,N,39 58:30.969,75 10:59.930,1818, ,1813, ,0, ,N, ,3, , , , , ,790168, , , ,4,3,0,0,0,0,1,0,0,0,0,0,3,3,0,0,0,0,0,0,1,0,0,0,0,0,0,0,0,0,0,0,0,0,0,8,0,39.9753,-75.1833, , 
 ,69341,2011087882,6,67,67301,2011,7,5,2045,20,3,1,0,4,1, , ,N,1,2,0,3,0,2,3,2,N,N,40 03:25.671,75 02:04.150,2052, ,2047, ,0, ,N, ,3, , , , , ,790195, , , ,1,1,0,0,0,0,0,0,1,0,0,0,2,2,0,0,0,0,0,0,0,0,0,0,0,0,0,0,0,0,0,0,0,0,0,8,0,40.0571,-75.0345, , 
 ,69342,2011009967,6,67,67301,2011,1,1,500,5,3,2,1,7,5, , ,N,0,0,0,3,0,1,1,1, , ,40 00:26.911,75 05:27.216,720, ,715, ,0, , , ,0, , , , , ,790208, , , ,1,0,0,0,1,0,0,0,0,0,0,1,1,0,0,0,0,0,0,0,0,0,0,0,0,0,0,0,0,0,0,0,0,0,0,4,0,40.0075,-75.0909, , 
 ,69343,2011023216,6,67,67301,2011,1,6,1700,17,3,1,0,6,1, , ,N,0,0,7,3,0,1,4,2,N,N,39 58:18.975,75 09:33.352,1709, ,1706, ,0, ,N, ,0, , , , , ,790222, , , ,2,2,0,0,0,0,0,0,0,0,0,1,1,0,0,0,0,0,0,0,0,1,0,0,0,0,0,0,0,0,0,0,0,0,0,4,0,39.9719,-75.1593, , 
 ,69344,2011066240,6,67,67301,2011,6,5,826,8,1,1,0,8,1, , ,N,1,2,0,3,0,1,2,2,N,Y,39 58:32.347,75 15:55.983,834, ,828, ,0, ,N, ,3, , , , , ,790251, , , ,1,1,0,0,0,0,0,0,0,0,0,1,1,0,0,0,0,0,0,1,0,0,0,0,0,0,0,0,0,0,0,0,1,0,0,4,0,39.9757,-75.2656, , 
 ,69345,2011015917,6,67,67301,2011,1,2,1825,18,3,1,0,1,1, , ,N,1,2,0,3,0,1,3,2, ,N,39 58:20.717,75 15:11.791,1830, ,1828, ,0, , , ,3, , , , , ,790261, , , ,2,0,0,0,1,0,1,0,0,0,0,1,1,0,0,0,0,0,0,0,0,0,0,0,0,0,0,0,0,0,0,0,0,0,0,4,0,39.9724,-75.2533, , 
 ,69346,2011027437,6,67,67301,2011,3,6,1225,12,1,1,0,0,1, , ,N,0,0,0,3,0,0,3,2,N,N,39 53:56.270,75 10:05.199,1225, ,1225, ,0, ,N, ,0, , , , , ,790268, , , ,2,2,0,0,0,0,0,0,0,0,0,0,0,0,0,0,0,1,0,0,0,0,0,0,0,0,0,0,0,0,0,0,0,0,0,0,0,39.899,-75.1681, , 
 ,69347,2011035514,6,67,67301,2011,3,6,121,1,3,1,0,7,7, , ,N,0,0,2,3,0,1,1,1,N,N,39 57:24.766,75 10:51.737,128, ,125,2,1,4,N, ,0,N, , , , ,790279, , , ,1,1,0,0,0,0,0,0,0,0,0,1,1,0,0,0,0,0,0,0,0,0,0,0,0,0,0,0,0,0,0,0,0,0,0,4,0,39.9569,-75.181, , 
 ,69348,2011047087,6,67,67301,2011,4,7,1150,11,1,1,0,4,2, , ,N,0,0,7,3,0,1,2,2,N,N,40 02:11.150,75 14:12.920,1155, ,1155, ,0, ,N, ,0, , , , , ,790292, , , ,1,0,0,0,1,0,0,0,1,0,0,1,1,0,0,0,0,0,0,0,0,0,0,1,0,0,0,0,0,0,0,0,0,0,0,4,0,40.0364,-75.2369, , 
 ,69349,2011035507,6,67,67301,2011,3,7,25,0,3,1,0,7,4, , ,N,0,0,0,3,0,1,1,1,N,N,40 01:49.323,75 01:19.305,35, ,28,1,1,2,N, ,0,Y, , , , ,790328, , , ,1,1,0,0,0,0,0,0,0,0,1,0,1,0,0,0,0,0,0,0,0,0,0,1,0,0,0,0,0,0,0,0,0,0,0,3,0,40.0305,-75.022, , 
 ,69350,2011046268,6,67,67301,2011,5,2,1426,14,1,1,0,5,1, , ,N,0,0,0,3,0,3,3,2,N,N,39 53:24.488,75 14:22.378,1445, ,1432, ,0, ,N, ,0, , , , , ,790336, , , ,2,2,0,0,0,0,0,0,0,0,0,0,3,3,0,0,0,0,0,0,1,0,0,0,0,0,0,0,0,0,0,0,0,0,0,8,0,39.8901,-75.2395, , 
 ,69351,2011025627,6,67,67301,2011,2,6,1502,15,1,1,0,1,1, , ,N,0,0,0,3,0,0,7,4,N,N,40 01:18.983,75 02:19.281,1514, ,1505, ,0, ,N, ,0, , , , , ,790361, , , ,4,2,0,0,1,0,0,1,0,0,0,0,0,0,1,0,0,0,0,0,1,0,0,1,0,0,0,0,0,0,0,0,0,0,0,9,0,40.0219,-75.0389, , 
 ,69352,2011028907,6,67,67301,2011,2,7,130,1,3,1,0,1,1, , ,N,0,0,0,3,0,1,2,2,N,N,39 57:34.747,75 11:14.942,1500, ,1500, ,0, ,N, ,0, , , , , ,790365, , , ,1,1,0,0,0,0,0,0,1,0,0,1,1,0,0,0,0,0,0,0,0,0,0,0,0,0,0,0,0,0,0,0,0,0,0,4,0,39.9597,-75.1875, , 
 ,69353,2011028934,6,67,67301,2011,2,7,215,2,3,1,0,4,1, , ,N,0,0,0,3,0,0,1,5,N,N,39 55:54.782,75 09:01.728,217, ,215, ,0, ,N, ,0, , , , , ,790366, , , ,5,3,0,0,0,0,2,0,0,0,0,0,0,0,1,0,0,0,0,0,1,0,0,0,0,0,0,0,0,0,0,0,0,0,0,9,0,39.9319,-75.1505, , 
 ,69354,2011040389,6,67,67301,2011,3,2,1215,12,1,1,0,1,1, , ,N,1,2,0,3,0,1,3,2,N,N,39 53:40.603,75 14:12.181,1218, ,1216, ,0, ,N, ,2, , , , , ,790373, , , ,2,0,0,0,0,0,2,0,0,0,0,1,1,0,0,0,0,0,0,0,1,0,0,0,0,0,0,0,0,0,0,0,0,0,0,4,0,39.8946,-75.2367, , 
 ,69355,2011056971,6,67,67301,2011,5,2,800,8,1,1,0,8,1, , ,N,1,2,0,3,0,1,2,2,N,N,39 57:23.851,75 09:57.547,1018, ,1016, ,0, ,N, ,3, , , , , ,790401, , , ,1,1,0,0,0,0,0,0,0,0,0,1,1,0,0,0,0,0,0,0,1,0,0,1,0,0,0,0,0,0,0,0,1,0,0,4,0,39.9566,-75.166, , 
 ,69356,2011066781,6,67,67301,2011,6,7,31,0,3,1,0,4,1, , ,N,2,3,0,3,0,2,3,2,N,N,39 55:13.611,75 13:24.569,50, ,43, ,0, ,N, ,3, , , , , ,790406, , , ,2,1,0,0,0,0,1,0,0,0,0,2,2,0,1,0,0,0,0,0,0,0,0,0,0,0,0,0,0,0,0,0,0,0,0,4,0,39.9204,-75.2235, , 
 ,69357,2011068379,6,67,67301,2011,6,7,1340,13,1,1,0,8,1, , ,N,0,0,0,3,0,1,3,2,N,N,39 59:36.607,75 06:55.641,1345, ,1345, ,0, , , ,0, , , , , ,790407, , , ,1,1,0,0,0,0,0,0,0,0,0,1,1,0,0,0,0,0,0,0,0,0,0,0,0,0,0,0,0,0,0,0,1,0,0,4,0,39.9935,-75.1155, , 