wz_ln_closure,objectid_1,crn,district,county,municipality,crash_year,crash_month,day_of_week,time_of_day,hour_of_day,illumination,weather,road_condition,collision_type,relation_to_road,work_zone_type,work_zone_loc,work_zone_ind,intersect_type,tcd_type,location_type,urban_rural,fatal_count,injury_count,person_count,total_units,sch_bus_ind,sch_zone_ind,latitude,longitude,arrival_tm,cons_zone_spd_lim,dispatch_tm,est_hrs_closed,lane_closed,ln_close_dir,ntfy_hiwy_maint,spec_juris_cd,tcd_func_cd,tfc_detour_ind,workers_pres,wz_close_detour,wz_flagger,wz_law_offcr_ind,objectid,wz_moving,wz_other,wz_shlder_mdn,vehicle_count,automobile_count,motorcycle_count,bus_count,small_truck_count,heavy_truck_count,suv_count,van_count,bicycle_count,maj_inj_count,mod_inj_count,min_inj_count,tot_inj_count,unk_inj_deg_count,unk_inj_per_count,driver_count_16yr,driver_count_17yr,driver_count_18yr,driver_count_19yr,driver_count_20yr,driver_count_50_64yr,driver_count_65_74yr,driver_count_75plus,unbelted_occ_count,unb_death_count,unb_maj_inj_count,belted_death_count,belted_maj_inj_count,mcycle_death_count,mcycle_maj_inj_count,bicycle_death_count,bicycle_maj_inj_count,ped_count,ped_death_count,ped_maj_inj_count,max_severity_level,comm_veh_count,dec_lat,dec_long,rdwy_surf_type_cd,county_name
 ,69358,2011047125,6,67,67301,2011,4,2,705,7,1,1,0,5,1, , ,N,0,0,0,3,0,1,1,2,N,N,40 02:19.406,75 04:02.068,825, ,825, ,0, ,N, ,0, , , , , ,793902, , , ,2,0,0,0,1,0,1,0,0,0,0,1,1,0,0,0,0,0,0,0,1,0,0,0,0,0,0,0,0,0,0,0,0,0,0,4,0,40.0387,-75.0672, , 
 ,69359,2011011615,6,67,67301,2011,1,1,721,7,1,1,0,7,2, , ,N,0,0,0,3,0,0,1,1,N,N,40 03:09.286,74 59:15.400,731, ,724,1,1,2,Y, ,0,N, , , , ,793914, , , ,1,1,0,0,0,0,0,0,0,0,0,0,0,0,1,0,0,0,0,0,0,0,0,0,0,0,0,0,0,0,0,0,0,0,0,9,0,40.0526,-74.9875, , 
 ,69360,2011015214,6,67,67301,2011,1,2,1819,18,3,1,0,1,1, , ,N,0,0,0,3,0,2,3,2,N,N,39 55:49.831,75 08:44.830,1830, ,1821,2,1,1,N, ,0,Y, , , , ,793917, , , ,2,1,0,0,0,0,1,0,0,0,2,0,2,0,0,0,0,0,0,0,0,0,0,0,0,0,0,0,0,0,0,0,0,0,0,3,0,39.9304,-75.1458, , 
 ,69361,2011023232,6,67,67301,2011,1,4,924,9,1,1,0,4,1, , ,N,1,2,0,3,0,2,4,2, , ,40 05:40.718,75 00:54.707,928, ,926,1,1,1, , ,3,N, , , , ,793922, , , ,2,2,0,0,0,0,0,0,0,0,0,0,2,2,0,0,0,0,0,0,0,0,0,0,0,0,0,0,0,0,0,0,0,0,0,8,0,40.0946,-75.0152, , 
 ,69362,2011038425,6,67,67301,2011,3,1,9999,99,3,1,0,4,6, , ,N,0,0,0,3,0,0,2,3,N,N,39 57:15.432,75 08:41.211,9999, ,9999, ,0, , , ,0, , , , , ,793934, , , ,3,1,0,0,0,0,2,0,0,0,0,0,0,0,0,0,0,0,0,0,0,0,0,0,0,0,0,0,0,0,0,0,0,0,0,0,0,39.9543,-75.1448, , 
 ,69363,2011044585,6,67,67301,2011,3,3,1341,13,1,1,0,7,3, , ,N,0,2,0,3,0,5,9,4, , ,40 03:13.513,75 02:57.761,1409, ,1355,1,1,1, , ,3,N, , , , ,793938, , , ,4,4,0,0,0,0,0,0,0,0,0,2,5,3,0,0,0,0,0,0,0,0,0,0,0,0,0,0,0,0,0,0,0,0,0,4,0,40.0538,-75.0494, , 
 ,69364,2011046913,6,67,67301,2011,5,4,1420,14,1,2,1,7,4, , ,N,0,0,0,3,0,1,1,1,N,N,39 58:57.744,75 12:28.684,1426, ,1421,1,2,3,N, ,0,N, , , , ,793940, , , ,1,1,0,0,0,0,0,0,0,0,0,1,1,0,0,0,0,0,1,0,0,0,0,0,0,0,0,0,0,0,0,0,0,0,0,4,0,39.9827,-75.208, , 
 ,69365,2011056903,6,67,67301,2011,5,2,1745,17,1,1,0,8,1, , ,N,1,2,0,3,0,1,2,2,N,N,40 03:14.351,75 02:56.006,1810, ,1800, ,0, ,N, ,3, , , , , ,793951, , , ,1,1,0,0,0,0,0,0,0,0,0,0,1,1,0,0,0,0,0,0,0,0,0,1,0,0,0,0,0,0,0,0,1,0,0,8,0,40.054,-75.0489, , 
 ,69366,2011063193,6,67,67301,2011,6,4,1716,17,1,1,0,4,1, , ,N,0,0,0,3,0,1,3,2,N,N,39 52:41.498,75 15:04.493,1737, ,1719, ,0, ,N, ,0, , , , , ,793956, , , ,2,1,0,0,0,0,1,0,0,0,0,0,1,1,0,0,0,0,0,0,0,0,0,1,0,0,0,0,0,0,0,0,0,0,0,8,0,39.8782,-75.2512, , 
 ,69367,2011005078,6,67,67301,2011,1,1,1315,13,1,1,0,7,2, , ,N,0,0,0,3,0,0,2,1,N,N,39 59:01.653,75 05:48.912,1336, ,1336,1,1,1,N, ,0,N, , , , ,793960, , , ,1,0,0,0,1,0,0,0,0,0,0,0,0,0,0,0,0,0,0,0,1,0,0,0,0,0,0,0,0,0,0,0,0,0,0,0,0,39.9837,-75.097, , 
 ,69368,2011031199,6,67,67301,2011,2,6,1118,11,1,1,0,1,2, , ,N,0,0,0,3,0,2,2,2,N,N,40 04:02.766,75 10:27.109,1140, ,1126, ,0, ,N, ,0, , , , , ,793979, , , ,2,1,0,0,0,0,1,0,0,0,0,0,2,2,0,0,0,0,0,0,0,0,1,0,0,0,0,0,0,0,0,0,0,0,0,8,0,40.0674,-75.1742, , 
 ,69369,2011038454,6,67,67301,2011,3,1,58,0,3,1,0,7,5, , ,N,0,0,0,3,0,2,2,1,N,N,40 02:49.705,75 00:52.009,59, ,59, ,0, ,N, ,0, , , , , ,793985, , , ,1,0,0,0,0,0,1,0,0,0,1,1,2,0,0,0,0,0,0,0,0,0,0,0,0,0,0,0,0,0,0,0,0,0,0,3,0,40.0471,-75.0144, , 
 ,69370,2011029166,6,67,67301,2011,2,1,2239,22,3,1,0,2,1, , ,N,0,0,0,3,0,0,2,2,N,N,40 03:51.290,75 05:18.673,2339, ,2324,3,2,6,N, ,0,Y, , , , ,794026, , , ,2,2,0,0,0,0,0,0,0,0,0,0,0,0,0,0,0,0,0,0,1,0,0,0,0,0,0,0,0,0,0,0,0,0,0,0,0,40.0642,-75.0885, , 
 ,69371,2011040268,6,67,67301,2011,3,6,1600,16,1,1,0,4,1, , ,N,1,2,0,3,0,1,2,2,N,N,40 00:03.985,75 07:29.066,1645, ,1645, ,0, ,N, ,3, , , , , ,794032, , , ,2,0,0,0,0,0,1,1,0,0,0,1,1,0,0,0,0,0,0,0,1,0,0,0,0,0,0,0,0,0,0,0,0,0,0,4,0,40.0011,-75.1247, , 
 ,69372,2011040364,6,67,67301,2011,3,1,812,8,1,1,0,4,1, , ,N,1,3,0,3,0,2,3,2, , ,39 58:13.936,75 10:22.443,815, ,812, ,0, , , ,3, , , , , ,794033, , , ,2,2,0,0,0,0,0,0,0,0,2,0,2,0,0,0,0,0,0,0,0,0,0,0,0,0,0,0,0,0,0,0,0,0,0,3,0,39.9705,-75.1729, , 
 ,69373,2011047309,6,67,67301,2011,4,3,730,7,1,2,1,8,1, , ,N,1,2,0,3,0,1,2,2, , ,40 01:51.272,75 05:35.008,1710, ,1700, ,9, , , ,3, , , , , ,794042, , , ,1,0,0,0,0,0,0,0,0,0,0,1,1,0,0,0,0,0,0,0,0,0,0,0,0,0,0,0,0,0,0,0,1,0,0,4,0,40.0309,-75.0931, , 
 ,69374,2011054376,6,67,67301,2011,4,3,1848,18,1,2,1,4,1, , ,N,1,3,0,3,0,0,3,2,N,N,40 03:49.784,75 10:34.525,1852, ,1848, ,0, ,N, ,3, , , , , ,794045, , , ,2,2,0,0,0,0,0,0,0,0,0,0,0,0,0,0,0,0,0,0,1,0,0,0,0,0,0,0,0,0,0,0,0,0,0,0,0,40.0638,-75.1763, , 
 ,69375,2011056921,6,67,67301,2011,5,1,1356,13,1,1,0,1,1, , ,N,0,0,0,3,0,0,3,3,N,N,40 06:45.092,75 00:07.798,1420, ,1410,3,1,4, , ,0,Y, , , , ,794047, , , ,3,1,0,0,1,0,1,0,0,0,0,0,0,0,0,0,0,0,0,0,0,0,0,0,0,0,0,0,0,0,0,0,0,0,0,0,0,40.1125,-75.0022, , 
 ,69376,2011047805,6,67,67301,2011,5,5,1018,10,1,1,0,4,5, , ,N,0,0,0,3,0,0,2,2,N,N,40 01:18.722,75 02:22.189,1025, ,1020,1,1,2,N, ,0,N, , , , ,794094, , , ,2,1,0,0,0,0,1,0,0,0,0,0,0,0,0,0,0,0,0,0,0,0,0,0,0,0,0,0,0,0,0,0,0,0,0,0,0,40.0219,-75.0394, , 
 ,69377,2011040287,6,67,67301,2011,3,6,819,8,1,1,0,4,1, , ,N,1,2,0,3,0,4,4,2,N,N,39 59:16.393,75 07:24.428,825, ,820, ,0, , , ,3, , , , , ,800688, , , ,2,0,0,0,0,0,1,1,0,0,0,4,4,0,0,0,0,0,0,0,0,0,0,0,0,0,0,0,0,0,0,0,0,0,0,4,0,39.9879,-75.1235, , 
 ,69378,2011047104,6,67,67301,2011,4,5,1111,11,1,1,0,4,1, , ,N,0,2,6,3,0,3,4,3,N,N,40 01:46.112,75 06:13.514,1118, ,1113,1,1,2,N, ,3,N, , , , ,800694, , , ,3,0,1,0,1,0,0,1,0,0,1,2,3,0,0,0,0,0,0,0,0,0,0,0,0,0,0,0,0,0,0,0,0,0,0,3,0,40.0295,-75.1038, , 
 ,69379,2011053576,6,67,67301,2011,4,2,1746,17,1,1,0,8,6, , ,N,0,0,0,3,0,1,3,2,N,N,40 03:10.144,75 10:56.823,1755, ,1747, ,0, ,N, ,0, , , , , ,800700, , , ,1,0,0,0,0,0,1,0,0,0,0,0,1,1,0,0,0,0,0,0,0,0,0,0,0,0,0,0,0,0,0,0,1,0,0,8,0,40.0528,-75.1825, , 
 ,69380,2011054175,6,67,67301,2011,4,5,1410,14,1,1,0,4,1, , ,N,0,0,0,3,0,2,3,2,N,N,39 59:46.075,75 13:06.771,1420, ,1420, ,0, ,N, ,0, , , , , ,800701, , , ,2,1,0,0,0,0,1,0,0,0,0,2,2,0,0,0,0,0,0,0,0,0,0,0,0,0,0,0,0,0,0,0,0,0,0,4,0,39.9961,-75.2185, , 
 ,69381,2011056890,6,67,67301,2011,5,7,1640,16,1,1,0,8,1, , ,N,0,0,0,3,0,1,2,2,N,N,40 02:34.706,75 10:20.370,1230, ,1230, ,0, ,N, ,0, , , , , ,800702, , , ,1,1,0,0,0,0,0,0,0,0,0,1,1,0,0,0,0,0,0,0,0,0,0,0,0,0,0,0,0,0,0,0,1,0,0,4,0,40.043,-75.1723, , 
 ,69382,2011054085,6,67,67301,2011,4,6,755,7,1,1,0,1,1, , ,N,1,2,0,3,0,1,3,3,N,N,39 59:49.087,75 07:02.700,810, ,805,1,1,3,N, ,3,N, , , , ,800710, , , ,3,2,0,0,1,0,0,0,0,0,0,1,1,0,0,0,0,0,0,0,2,1,0,0,0,0,0,0,0,0,0,0,0,0,0,4,0,39.997,-75.1174, , 
 ,69383,2011055714,6,67,67301,2011,5,4,1325,13,1,1,0,1,1, , ,N,0,0,0,3,0,1,2,2,N,N,39 59:50.764,75 11:46.857,1351, ,1329,1,2,3,N, ,0,N, , , , ,800711, , , ,2,0,0,0,1,0,1,0,0,0,0,0,1,1,0,0,0,0,0,0,1,0,0,0,0,0,0,0,0,0,0,0,0,0,0,8,0,39.9974,-75.1963, , 
 ,69384,2011056920,6,67,67301,2011,4,7,56,0,3,1,0,4,1, , ,N,1,3,0,3,0,4,6,2, , ,39 58:30.752,75 13:56.956,121, ,115,9,1,4, , ,3,N, , , , ,800712, , , ,2,2,0,0,0,0,0,0,0,0,3,1,4,0,0,0,0,0,0,0,1,0,0,0,0,0,0,0,0,0,0,0,0,0,0,3,0,39.9752,-75.2325, , 
 ,69385,2011090354,6,67,67301,2011,7,3,1830,18,1,1,0,7,5, , ,N,1,2,0,3,0,1,1,1,N,N,39 59:16.284,75 09:20.883,1845, ,1844, ,0, ,N, ,3, , , , , ,800730, , , ,1,1,0,0,0,0,0,0,0,0,1,0,1,0,0,0,0,0,0,0,1,0,0,0,0,0,0,0,0,0,0,0,0,0,0,3,0,39.9879,-75.1558, , 
 ,69386,2011093002,6,67,67301,2011,8,5,655,6,1,2,1,4,1, , ,N,1,2,0,3,0,1,5,3,N,N,40 00:57.223,75 11:13.338,720, ,716, ,0, ,N, ,3, , , , , ,800732, , , ,3,2,0,0,0,0,0,1,0,0,0,0,1,1,0,0,0,0,0,0,2,0,0,0,0,0,0,0,0,0,0,0,0,0,0,8,0,40.0159,-75.187, , 
 ,69387,2011056969,6,67,67301,2011,5,4,1519,15,1,1,1,4,1, , ,N,1,3,0,3,0,1,2,2, , ,40 01:58.026,75 01:55.747,1610, ,1608, ,0, , , ,3, , , , , ,800767, , , ,2,2,0,0,0,0,0,0,0,0,0,1,1,0,0,0,0,1,0,0,0,0,0,0,0,0,0,0,0,0,0,0,0,0,0,4,0,40.0328,-75.0322, , 
 ,69388,2011056978,6,67,67301,2011,5,5,2215,22,3,1,0,4,1, , ,N,1,2,99,3,0,5,6,2,N,N,39 59:29.209,75 08:05.493,2224, ,2218,2,1,3,N, ,3,Y, , , , ,800768, , , ,2,2,0,0,0,0,0,0,0,0,0,5,5,0,0,0,0,0,0,0,0,0,0,0,0,0,0,0,0,0,0,0,0,0,0,4,0,39.9913,-75.1349, , 
 ,69389,2011067960,6,67,67301,2011,5,1,2154,21,3,1,0,1,1, , ,N,1,2,0,3,0,1,5,2,N,N,39 59:52.789,75 07:31.478,2155, ,2155, ,0, ,N, ,3, , , , , ,800780, , , ,2,1,0,0,1,0,0,0,0,0,0,1,1,0,0,0,0,0,0,0,0,0,0,0,0,0,0,0,0,0,0,0,0,0,0,4,0,39.998,-75.1254, , 
 ,69390,2011075641,6,67,67301,2011,6,6,8,0,3,2,1,1,1, , ,N,1,2,0,3,0,0,2,2,N,N,39 53:40.603,75 14:12.181,9, ,8, ,0, ,N, ,3, , , , , ,800790, , , ,2,1,0,0,1,0,0,0,0,0,0,0,0,0,0,0,0,0,0,0,0,0,0,0,0,0,0,0,0,0,0,0,0,0,0,0,0,39.8946,-75.2367, , 
 ,69391,2011083452,6,67,67301,2011,7,4,1330,13,1,1,0,8,3, , ,N,2,3,0,3,0,1,2,2,N, ,40 02:51.581,75 03:35.828,1427, ,1425, ,0, ,N, ,3, , , , , ,800799, , , ,1,0,0,0,0,0,1,0,0,0,0,0,1,1,1,0,0,0,0,0,0,0,0,1,0,0,0,0,0,0,0,0,1,0,0,8,0,40.0477,-75.06, , 
 ,69392,2011037899,6,67,67301,2011,3,6,1755,17,3,1,0,4,1, , ,N,1,2,0,3,0,3,3,2,N,N,40 03:12.900,75 08:29.229,1856, ,1853, ,0, ,N, ,3, , , , , ,800830, , , ,2,1,0,0,0,0,1,0,0,0,0,0,3,3,0,0,0,0,0,0,0,1,0,0,0,0,0,0,0,0,0,0,0,0,0,8,0,40.0536,-75.1415, , 
 ,69393,2011052614,6,46,46102,2011,5,2,2249,22,3,1,0,2,1, , ,N,5,2,0,3,0,3,3,2,N,N,40 04:26.865,75 09:30.131,2251, ,2249, ,0, ,N, ,3, , , , , ,800841, , , ,2,0,0,0,0,0,2,0,0,0,0,0,3,3,0,0,0,0,0,1,0,0,0,0,0,0,0,0,0,0,0,0,0,0,0,8,0,40.0741,-75.1584, , 
 ,69394,2011054135,6,67,67301,2011,4,7,745,7,1,1,0,4,1, , ,N,5,2,0,3,0,1,2,2,N,N,39 55:32.000,75 10:10.123,811, ,808, ,0, ,N, ,2, , , , , ,800843, , , ,1,1,0,0,0,0,0,0,1,0,0,1,1,0,0,0,0,0,0,0,0,0,0,0,0,0,0,0,0,0,0,0,0,0,0,4,0,39.9256,-75.1693, , 
 ,69395,2011082609,6,67,67301,2011,6,4,1820,18,1,1,0,1,1, , ,N,0,0,0,3,0,2,5,3,N,N,40 00:46.223,75 12:06.595,1850, ,1823, ,0, ,N, ,0, , , , , ,797939, , , ,3,0,0,0,0,0,3,0,0,1,1,0,2,0,0,0,0,0,0,0,1,0,0,0,0,0,0,0,0,0,0,0,0,0,0,2,0,40.0127,-75.2017, , 
 ,69396,2011082634,6,67,67301,2011,7,5,1715,17,1,1,0,1,1, , ,N,0,0,0,3,0,1,2,2,N,N,39 58:58.793,75 06:05.374,1725, ,1720, ,0, ,N, ,0, , , , , ,797940, , , ,2,1,0,0,0,0,1,0,0,0,0,0,1,1,1,0,0,0,0,0,0,0,0,1,0,0,0,0,0,0,0,0,0,0,0,8,0,39.983,-75.1015, , 
 ,69397,2011087847,6,67,67301,2011,8,3,9999,99,1,1,0,4,1, , ,N,1,0,0,3,0,1,2,2,N, ,39 57:46.609,75 08:27.409,1730, ,1716, ,0, , , ,0, , , , , ,797946, , , ,1,0,0,0,0,0,0,0,1,0,0,1,1,0,1,0,0,0,0,0,0,0,0,0,0,0,0,0,0,0,0,0,0,0,0,4,0,39.9629,-75.1409, , 
 ,69398,2011092925,6,67,67301,2011,8,6,1627,16,1,1,0,1,7, , ,N,7,4,0,3,0,0,3,3,N, ,40 05:26.081,74 58:32.048,1633, ,1627, ,0, , , ,3, , , , , ,797948, , , ,3,1,0,0,1,0,0,1,0,0,0,0,0,0,0,0,0,0,0,0,1,0,0,0,0,0,0,0,0,0,0,0,0,0,0,0,0,40.0887,-74.9734, , 
 ,69399,2011026152,6,67,67301,2011,2,2,2143,21,3,2,1,7,4, , ,N,0,0,0,3,0,0,1,1,N,N,39 56:40.166,75 11:29.369,2156, ,2149,1,1,3,N, ,0,N, , , , ,797977, , , ,1,1,0,0,0,0,0,0,0,0,0,0,0,0,0,0,0,0,0,0,0,0,0,0,0,0,0,0,0,0,0,0,0,0,0,0,0,39.9435,-75.1925, , 
 ,69400,2011031611,6,67,67301,2011,2,7,306,3,3,1,0,4,1, , ,N,1,2,0,3,0,2,4,3,N,N,40 01:58.442,75 06:24.270,308, ,306, ,0, ,N, ,2, , , , , ,797983, , , ,3,2,0,0,0,0,1,0,0,0,0,2,2,0,0,0,0,0,0,0,0,0,0,0,0,0,0,0,0,0,0,0,0,0,0,4,0,40.0329,-75.1067, , 
 ,69401,2011040385,6,67,67301,2011,3,1,1900,19,1,1,0,8,1, , ,N,1,3,0,3,0,1,2,2, , ,39 58:16.953,75 14:27.625,1900, ,9999, ,0, , , ,3, , , , , ,797990, , , ,1,1,0,0,0,0,0,0,0,0,0,1,1,0,0,0,0,0,0,0,0,0,0,0,0,0,0,0,0,0,0,0,1,0,0,4,0,39.9714,-75.241, , 
 ,69402,2011040629,6,67,67301,2011,3,3,1200,12,1,1,0,4,1, , ,N,0,0,7,3,0,1,2,2,N,N,40 01:29.992,75 12:18.079,1210, ,1205, ,0, , , ,0, , , , , ,797992, , , ,2,1,0,0,0,0,1,0,0,0,1,0,1,0,0,0,0,0,0,0,0,0,0,1,0,0,0,0,0,0,0,0,0,0,0,3,0,40.025,-75.205, , 
 ,69403,2011049558,6,46,46102,2011,5,7,424,4,3,1,0,7,3, , ,N,0,0,1,3,0,1,1,1,N,N,40 03:44.978,75 08:16.143,434, ,428,2,1,6,N, ,0,N, , , , ,797998, , , ,1,1,0,0,0,0,0,0,0,0,0,0,1,1,0,0,0,0,0,0,0,0,0,0,0,0,0,0,0,0,0,0,0,0,0,8,0,40.0625,-75.1378, , 
 ,69404,2011054117,6,67,67301,2011,4,4,1422,14,1,9,8,1,1, , ,N,1,2,0,3,0,1,4,2,N,N,40 01:57.810,75 06:23.231,1535, ,1528,3,2,6,N, ,3,N, , , , ,798001, , , ,2,1,0,0,0,0,1,0,0,0,0,1,1,0,0,0,1,0,0,0,0,0,0,0,0,0,0,0,0,0,0,0,0,0,0,4,0,40.0327,-75.1065, , 
 ,69405,2011023330,6,67,67301,2011,1,2,1224,12,1,1,0,8,1, , ,N,2,2,0,3,0,1,2,2,N,N,40 02:02.652,75 10:35.500,1229, ,1225, ,0, ,N, ,3, , , , , ,798075, , , ,1,0,0,0,0,0,1,0,0,0,0,1,1,0,0,0,0,0,0,0,0,0,0,0,0,0,0,0,0,0,0,0,1,0,0,4,0,40.0341,-75.1765, , 
 ,69406,2011038443,6,67,67301,2011,3,7,1630,16,1,1,0,8,1, , ,N,0,0,0,3,0,1,2,2,N,N,40 00:31.640,75 05:05.964,9999, ,9999, ,0, ,N, ,0, , , , , ,798082, , , ,1,1,0,0,0,0,0,0,0,0,0,1,1,0,1,0,0,0,0,0,0,0,0,0,0,0,0,0,0,0,0,0,1,0,0,4,0,40.0088,-75.085, , 
 ,69407,2011047057,6,67,67301,2011,4,7,9999,99,1,1,0,2,1, , ,N,1,2,0,3,0,2,2,2,N,N,39 55:22.764,75 11:18.725,9999, ,9999,9,1,4,N, ,3,N, , , , ,798090, , , ,2,2,0,0,0,0,0,0,0,0,0,2,2,0,0,0,0,0,0,0,0,0,0,1,0,0,0,0,0,0,0,0,0,0,0,4,0,39.923,-75.1885, , 
 ,69408,2011053605,6,67,67301,2011,4,1,1632,16,1,1,0,7,5, , ,N,0,0,0,3,0,1,1,1,N,N,39 59:28.747,75 06:31.920,1634, ,1633, ,0, ,N, ,0, , , , , ,798096, , , ,1,0,0,0,0,0,1,0,0,0,1,0,1,0,0,0,0,0,0,0,0,0,0,0,0,0,0,0,0,0,0,0,0,0,0,3,0,39.9913,-75.1089, , 
 ,69409,2011054103,6,67,67301,2011,4,4,828,8,1,2,1,1,1, , ,N,1,2,0,3,0,2,5,2,N,N,39 57:28.162,75 08:50.070,830, ,828, ,0, ,N, ,3, , , , , ,798097, , , ,2,1,0,0,0,0,0,1,0,0,0,0,2,2,0,0,0,0,0,0,0,0,0,0,0,0,0,0,0,0,0,0,0,0,0,8,0,39.9578,-75.1472, , 
 ,69410,2011056781,6,67,67301,2011,4,6,842,8,1,1,0,8,1, , ,N,2,2,0,3,0,1,3,2,N,N,39 57:14.403,75 10:05.487,849, ,845,1,2,2, , ,3,Y, , , , ,798100, , , ,1,1,0,0,0,0,0,0,0,0,0,0,1,1,0,0,0,0,0,0,0,0,0,0,0,0,0,0,0,0,0,0,1,0,0,8,0,39.954,-75.1682, , 
 ,69411,2011057051,6,67,67301,2011,4,6,2118,21,3,1,0,8,1, , ,N,1,3,0,3,0,1,2,2, , ,40 01:15.121,75 04:27.828,2150, ,2144, ,0, , , ,3, , , , , ,798101, , , ,1,1,0,0,0,0,0,0,0,0,0,0,1,1,0,0,0,0,0,0,0,0,0,0,0,0,0,0,0,0,0,0,1,0,0,8,0,40.0209,-75.0744, , 
U,69412,2011066181,6,67,67301,2011,5,7,9999,99,1,1,0,4,6,8,8,Y,0,2,0,3,0,1,2,3,Y,Y,39 56:51.248,75 10:10.351,930,99,925, ,0, ,Y, ,3, ,U,U,U,U,798120,U,U,U,3,0,0,0,1,0,2,0,0,0,0,1,1,0,0,0,0,0,0,0,0,0,0,0,0,0,0,0,0,0,0,0,0,0,0,4,0,39.9476,-75.1695, , 
 ,69413,2011015911,6,67,67301,2011,1,6,2221,22,3,1,0,8,1, , ,N,1,2,0,3,0,1,3,2,N,N,39 55:56.906,75 13:28.606,2227, ,2221,3,1,1,N, ,3,N, , , , ,790458, , , ,1,1,0,0,0,0,0,0,0,0,1,0,1,0,0,0,0,0,0,0,0,0,0,0,0,0,0,0,0,0,0,0,1,0,0,3,0,39.9325,-75.2246, , 
 ,69414,2011024580,6,67,67301,2011,2,6,149,1,3,2,1,4,1, , ,N,0,0,0,3,0,2,2,2,N,N,40 00:35.958,75 03:49.497,154, ,150,2,1,1,N, ,0,N, , , , ,790465, , , ,2,1,0,0,1,0,0,0,0,0,0,1,2,1,0,0,0,0,0,0,0,1,0,1,0,0,0,0,0,0,0,0,0,0,0,4,0,40.0099,-75.0639, , 
 ,69415,2011037946,6,67,67301,2011,3,1,1225,12,1,1,0,4,1, , ,N,1,2,0,3,0,1,3,2,N,N,40 03:02.656,75 08:55.144,1231, ,1231, ,0, ,N, ,3, , , , , ,790475, , , ,2,2,0,0,0,0,0,0,0,0,0,1,1,0,0,0,0,0,0,0,0,1,0,0,0,0,0,0,0,0,0,0,0,0,0,4,0,40.0507,-75.1487, , 
 ,69416,2011044578,6,67,67301,2011,4,1,1805,18,1,1,0,8,1, , ,N,0,0,0,3,0,1,3,2,N,N,40 01:22.360,75 09:03.050,1825, ,1807, ,0, ,N, ,0, , , , , ,790480, , , ,1,1,0,0,0,0,0,0,0,0,0,0,1,1,0,0,0,0,0,0,0,0,0,0,0,0,0,0,0,0,0,0,1,0,0,8,0,40.0229,-75.1508, , 
 ,69417,2011047027,6,67,67301,2011,4,7,2138,21,3,1,0,2,1, , ,N,1,2,0,3,0,2,5,2,N,N,40 01:44.844,75 05:23.694,2240, ,2223, ,0, ,N, ,3, , , , , ,790483, , , ,2,1,0,0,0,0,0,0,0,0,0,2,2,0,1,0,0,0,0,0,0,0,0,0,0,0,0,0,0,0,0,0,0,0,0,4,0,40.0291,-75.0899, , 
 ,69418,2011047069,6,67,67301,2011,4,1,1417,14,1,1,0,8,1, , ,N,0,0,0,3,0,1,2,2,N,N,39 55:50.940,75 11:13.150,1423, ,1420, ,0, ,N, ,0, , , , , ,790515, , , ,1,1,0,0,0,0,0,0,0,0,1,0,1,0,0,0,0,0,0,0,0,0,0,0,0,0,0,0,0,0,0,0,1,0,0,3,0,39.9308,-75.187, , 
 ,69419,2011064159,6,67,67301,2011,5,1,2020,20,3,1,0,4,1, , ,N,2,3,0,3,0,3,7,2,N,N,39 54:26.343,75 13:41.477,9999, ,2030, ,0, ,N, ,3, , , , , ,790526, , , ,2,1,0,0,1,0,0,0,0,0,1,0,3,2,0,0,0,0,0,0,0,0,0,0,0,0,0,0,0,0,0,0,0,0,0,3,0,39.9073,-75.2282, , 
 ,69420,2011068468,6,67,67301,2011,6,4,1110,11,1,1,0,0,1, , ,N,0,2,0,3,0,1,1,1, , ,39 56:45.890,75 10:32.350,1113, ,1112, ,0, , , ,3, , , , , ,790531, , , ,1,0,1,0,0,0,0,0,0,0,0,0,1,1,0,0,0,0,0,0,0,0,0,0,0,0,0,0,0,0,0,0,0,0,0,8,0,39.9461,-75.1757, , 
 ,69421,2011075709,6,67,67301,2011,6,3,530,5,1,1,0,1,1, , ,N,2,2,0,3,0,1,2,3,N,N,40 02:15.990,75 06:43.523,536, ,550, ,0, ,N, ,3, , , , , ,790535, , , ,3,2,0,0,0,0,0,1,0,0,1,0,1,0,0,0,0,0,0,0,1,0,0,0,0,0,0,0,0,0,0,0,0,0,0,3,0,40.0378,-75.1121, , 
 ,69422,2011075783,6,67,67301,2011,6,2,2318,23,3,1,0,4,1, , ,N,0,0,0,3,0,1,2,2, , ,40 03:37.293,75 11:20.543,2330, ,2318, ,0, , , ,0, , , , , ,790536, , , ,1,1,0,0,0,0,0,0,1,0,0,1,1,0,0,0,0,0,0,0,0,0,0,0,0,0,0,0,0,0,0,0,0,0,0,4,0,40.0604,-75.189, , 
 ,69423,2011083420,6,67,67301,2011,7,2,1425,14,1,1,0,2,1, , ,N,2,2,0,3,0,2,3,3,N,N,39 57:27.353,75 09:31.142,1433, ,1431, ,0, ,N, ,3, , , , , ,790556, , , ,3,0,0,0,0,0,2,1,0,0,0,2,2,0,0,0,0,0,0,0,0,0,0,2,0,0,0,0,0,0,0,0,0,0,0,4,0,39.9576,-75.1587, , 
 ,69424,2011087999,6,67,67301,2011,8,4,1608,16,1,2,1,4,1, , ,N,0,0,0,3,0,3,3,2,N,N,39 59:07.502,75 14:32.481,1619, ,1615, ,0, ,N, ,0, , , , , ,790562, , , ,2,2,0,0,0,0,0,0,0,0,1,2,3,0,0,0,0,0,0,0,0,0,0,3,0,0,0,0,0,0,0,0,0,0,0,3,0,39.9854,-75.2424, , 