wz_ln_closure,objectid_1,crn,district,county,municipality,crash_year,crash_month,day_of_week,time_of_day,hour_of_day,illumination,weather,road_condition,collision_type,relation_to_road,work_zone_type,work_zone_loc,work_zone_ind,intersect_type,tcd_type,location_type,urban_rural,fatal_count,injury_count,person_count,total_units,sch_bus_ind,sch_zone_ind,latitude,longitude,arrival_tm,cons_zone_spd_lim,dispatch_tm,est_hrs_closed,lane_closed,ln_close_dir,ntfy_hiwy_maint,spec_juris_cd,tcd_func_cd,tfc_detour_ind,workers_pres,wz_close_detour,wz_flagger,wz_law_offcr_ind,objectid,wz_moving,wz_other,wz_shlder_mdn,vehicle_count,automobile_count,motorcycle_count,bus_count,small_truck_count,heavy_truck_count,suv_count,van_count,bicycle_count,maj_inj_count,mod_inj_count,min_inj_count,tot_inj_count,unk_inj_deg_count,unk_inj_per_count,driver_count_16yr,driver_count_17yr,driver_count_18yr,driver_count_19yr,driver_count_20yr,driver_count_50_64yr,driver_count_65_74yr,driver_count_75plus,unbelted_occ_count,unb_death_count,unb_maj_inj_count,belted_death_count,belted_maj_inj_count,mcycle_death_count,mcycle_maj_inj_count,bicycle_death_count,bicycle_maj_inj_count,ped_count,ped_death_count,ped_maj_inj_count,max_severity_level,comm_veh_count,dec_lat,dec_long,rdwy_surf_type_cd,county_name
 ,69425,2011011034,6,67,67301,2011,1,6,539,5,3,1,1,7,5, , ,N,0,0,2,3,0,1,1,1,N,N,39 57:21.972,75 08:31.292,539, ,543, ,0, ,N, ,0, , , , , ,790592, , , ,1,1,0,0,0,0,0,0,0,0,0,0,1,1,0,0,0,0,0,1,0,0,0,0,0,0,0,0,0,0,0,0,0,0,0,8,0,39.9561,-75.142, , 
 ,69426,2011031359,6,67,67301,2011,2,7,9999,99,3,1,0,2,1, , ,N,0,0,0,3,0,1,2,2,N,N,40 04:29.380,75 03:21.930,2220, ,2010,2,2,7,N, ,0,Y, , , , ,790615, , , ,2,2,0,0,0,0,0,0,0,0,0,1,1,0,0,0,0,0,0,0,0,0,0,0,0,0,0,0,0,0,0,0,0,0,0,4,0,40.0748,-75.0561, , 
 ,69427,2011044536,6,67,67301,2011,4,7,44,0,3,1,0,5,1, , ,N,0,0,0,3,0,1,1,3, , ,39 56:24.920,75 10:07.410,46, ,44, ,0, , , ,0, , , , , ,790627, , , ,3,3,0,0,0,0,0,0,0,0,0,1,1,0,0,0,0,0,0,1,0,0,0,0,0,0,0,0,0,0,0,0,0,0,0,4,0,39.9403,-75.1687, , 
 ,69428,2011033422,6,67,67301,2011,3,3,1400,14,1,1,0,1,1, , ,N,1,2,0,3,0,1,2,2,N,N,39 56:05.495,75 08:33.195,2255, ,2249, ,0, ,N, ,3, , , , , ,790656, , , ,2,1,0,0,0,1,0,0,0,0,0,1,1,0,1,0,0,0,0,0,0,0,0,0,0,0,0,0,0,0,0,0,0,0,0,4,1,39.9348,-75.1426, , 
 ,69429,2011041410,6,67,67301,2011,4,6,716,7,1,1,0,1,1, , ,N,0,0,0,3,0,0,2,2,N,N,39 59:32.963,75 05:08.275,738, ,720, ,0, ,N, ,0, , , , , ,790662, , , ,2,0,0,0,2,0,0,0,0,0,0,0,0,0,0,0,0,0,0,0,1,0,0,0,0,0,0,0,0,0,0,0,0,0,0,0,0,39.9926,-75.0856, , 
 ,69430,2011047093,6,67,67301,2011,4,6,1550,15,1,2,1,8,1, , ,N,0,0,0,3,0,1,2,2,N,N,40 02:18.451,75 10:36.599,1610, ,1607, ,0, ,N, ,0, , , , , ,790665, , , ,1,1,0,0,0,0,0,0,0,0,0,1,1,0,0,0,0,0,0,0,0,0,0,0,0,0,0,0,0,0,0,0,1,0,0,4,0,40.0385,-75.1768, , 
 ,69431,2011023242,6,67,67301,2011,1,6,2240,22,3,1,0,4,1, , ,N,1,2,0,3,0,0,3,2, ,N,39 58:11.244,75 08:29.318,2255, ,2251, ,0, ,N, ,3, , , , , ,794114, , , ,2,1,0,0,0,0,0,1,0,0,0,0,0,0,0,0,0,0,0,1,0,0,0,0,0,0,0,0,0,0,0,0,0,0,0,0,0,39.9697,-75.1416, , 
 ,69432,2011031305,6,67,67301,2011,2,6,1600,16,1,1,0,1,1, , ,N,0,0,0,3,0,1,2,2,N,N,40 00:00.687,75 10:33.639,1605, ,1601, ,0, ,N, ,0, , , , , ,794117, , , ,2,1,1,0,0,0,0,0,0,0,0,1,1,0,0,0,0,0,0,0,0,0,0,0,0,0,0,0,0,0,0,0,0,0,0,4,0,40.0002,-75.176, , 
 ,69433,2011033569,6,67,67301,2011,3,3,1025,10,1,1,0,1,1, , ,N,2,2,0,3,0,2,6,3,N,N,40 02:37.146,75 01:18.710,1055, ,1050, ,0, , , ,3, , , , , ,794119, , , ,3,2,0,0,0,0,1,0,0,0,0,0,2,2,0,0,0,1,0,0,0,0,0,0,0,0,0,0,0,0,0,0,0,0,0,8,0,40.0437,-75.0219, , 
 ,69434,2011009989,6,67,67301,2011,1,2,2144,21,3,1,0,5,1, , ,N,1,2,0,3,0,0,2,3, , ,40 02:11.789,75 03:52.061,2312, ,2311,1,1,2, , ,3,N, , , , ,794155, , , ,2,2,0,0,0,0,0,0,0,0,0,0,0,0,0,0,0,0,0,0,0,0,0,0,0,0,0,0,0,0,0,0,0,0,0,0,0,40.0366,-75.0645, , 
 ,69435,2011064124,6,67,67301,2011,5,5,1430,14,1,1,0,4,1, , ,N,1,2,0,3,0,1,3,2,N,N,40 00:13.519,75 10:52.190,1435, ,1435, ,0, , , ,3, , , , , ,794162, , , ,2,1,0,0,1,0,0,0,0,0,0,0,1,1,0,0,0,0,0,0,1,0,0,0,0,0,0,0,0,0,0,0,0,0,0,8,0,40.0037,-75.1811, , 
 ,69436,2011064158,6,67,67301,2011,5,4,1720,17,1,1,0,8,1, , ,N,0,0,0,3,0,1,2,2, , ,39 56:21.980,75 11:20.590,1730, ,1720, ,0, , , ,0, , , , , ,794163, , , ,1,1,0,0,0,0,0,0,0,0,0,1,1,0,0,0,0,0,0,0,0,0,0,0,0,0,0,0,0,0,0,0,1,0,0,4,0,39.9394,-75.1891, , 
 ,69437,2011073220,6,67,67301,2011,6,4,1100,11,1,1,0,8,1, , ,N,1,2,0,3,0,1,2,2,N,N,40 07:07.975,75 01:04.685,1150, ,1139, ,0, ,N, ,3, , , , , ,794167, , , ,1,0,0,0,0,0,1,0,0,0,0,0,1,1,0,0,0,0,0,0,0,0,0,0,0,0,0,0,0,0,0,0,1,0,0,8,0,40.1189,-75.018, , 
 ,69438,2011075558,6,67,67301,2011,6,4,2003,20,4,1,0,8,1, , ,N,0,0,0,3,0,1,2,2, , ,40 02:48.836,75 04:37.693,2007, ,2003, ,0, , , ,0, , , , , ,794174, , , ,1,0,0,0,0,1,0,0,0,0,0,1,1,0,0,0,0,0,0,0,0,0,0,1,0,0,0,0,0,0,0,0,1,0,0,4,0,40.0469,-75.0771, , 
 ,69439,2011085457,6,67,67301,2011,7,6,1225,12,1,1,0,1,1, , ,N,10,2,0,3,0,2,3,2,N,N,39 59:02.943,75 06:09.192,1235, ,1230, ,0, ,N, ,2, , , , , ,794178, , , ,2,0,0,0,1,0,0,1,0,0,0,0,2,2,1,0,0,0,0,0,1,0,0,0,0,0,0,0,0,0,0,0,0,0,0,8,0,39.9842,-75.1026, , 
 ,69440,2011093012,6,67,67301,2011,8,3,2325,23,3,1,0,4,1, , ,N,5,2,0,3,0,4,5,2,N,N,40 01:40.946,75 06:36.204,2337, ,2329,2,1,2, , ,3,Y, , , , ,794184, , , ,2,2,0,0,0,0,0,0,0,0,0,4,4,0,0,0,0,0,0,0,0,0,0,1,0,0,0,0,0,0,0,0,0,0,0,4,0,40.028,-75.1101, , 
 ,69441,2011100895,6,67,67301,2011,9,2,150,1,3,2,1,1,1, , ,N,0,0,3,3,0,0,3,2,N,N,39 54:19.348,75 11:40.168,205, ,203, ,0, ,N, ,0, , , , , ,794188, , , ,2,2,0,0,0,0,0,0,0,0,0,0,0,0,0,0,0,0,0,0,0,0,0,0,0,0,0,0,0,0,0,0,0,0,0,0,0,39.9054,-75.1945, , 
 ,69442,2011100897,6,67,67301,2011,9,3,618,6,5,1,1,4,1, , ,N,10,3,0,3,0,1,3,2,N,N,40 00:03.643,75 07:25.222,710, ,700, ,0, , , ,3, , , , , ,794189, , , ,2,2,0,0,0,0,0,0,0,0,0,0,1,1,0,0,0,0,0,0,1,0,0,3,0,0,0,0,0,0,0,0,0,0,0,8,0,40.001,-75.1237, , 
 ,69443,2011101479,6,67,67301,2011,10,7,1028,10,1,1,0,1,1, , ,N,0,0,0,3,0,0,6,2,N,N,39 58:27.763,75 11:39.415,1037, ,1031, ,0, ,N, ,0, , , , , ,794190, , , ,2,2,0,0,0,0,0,0,0,0,0,0,0,0,0,0,0,0,0,0,0,0,0,0,0,0,0,0,0,0,0,0,0,0,0,0,0,39.9744,-75.1943, , 
 ,69444,2011062009,6,67,67301,2011,5,2,747,7,1,5,0,1,1, , ,N,1,2,0,3,0,1,7,2, ,N,40 02:04.023,75 06:53.623,905, ,859, ,0, ,N, ,3, , , , , ,794250, , , ,2,1,0,1,0,0,0,0,0,0,0,1,1,0,0,0,0,0,0,0,0,1,0,0,0,0,0,0,0,0,0,0,0,0,0,4,1,40.0345,-75.1149, , 
 ,69445,2011028696,6,67,67301,2011,3,2,1430,14,1,1,0,1,1, , ,N,0,0,0,3,0,1,3,2,N,N,40 01:18.764,75 02:19.953,1447, ,1434, ,0, ,N, ,0, , , , , ,794266, , , ,2,2,0,0,0,0,0,0,0,0,0,0,1,1,0,0,0,0,1,0,0,0,0,0,0,0,0,0,0,0,0,0,0,0,0,8,0,40.0218,-75.039, , 
 ,69446,2011029113,6,67,67301,2011,1,2,1525,15,1,1,0,7,3, , ,N,7,0,2,3,0,2,2,2,N,N,40 00:23.964,75 11:36.713,1555, ,1536,3,2,4,Y, ,0,Y, , , , ,794267, , , ,2,2,0,0,0,0,0,0,0,0,1,1,2,0,0,0,0,0,0,0,0,0,0,0,0,0,0,0,0,0,0,0,0,0,0,3,0,40.0067,-75.1935, , 
 ,69447,2011038375,6,67,67301,2011,3,3,2308,23,3,1,0,7,4, , ,N,0,2,0,3,0,0,1,1,N,N,40 04:10.917,75 03:01.661,113, ,111, ,0, ,N, ,3, , , , , ,794274, , , ,1,1,0,0,0,0,0,0,0,0,0,0,0,0,0,0,0,0,0,0,0,0,0,0,0,0,0,0,0,0,0,0,0,0,0,0,0,40.0697,-75.0505, , 
 ,69448,2011038643,6,67,67301,2011,3,5,2300,23,6,6,1,5,1, , ,N,0,0,0,3,0,0,1,3,N,N,40 03:42.955,75 14:06.129,2300, ,2250, ,0, ,N, ,0, , , , , ,794275, , , ,3,3,0,0,0,0,0,0,0,0,0,0,0,0,0,0,0,0,0,0,0,0,0,0,0,0,0,0,0,0,0,0,0,0,0,0,0,40.0619,-75.235, , 
 ,69449,2011033485,6,67,67301,2011,3,3,1426,14,1,1,0,4,1, , ,N,1,2,0,3,0,3,4,3,N,N,39 55:14.271,75 14:29.219,1426, ,1426,3,2,7,N, ,3,Y, , , , ,800869, , , ,3,3,0,0,0,0,0,0,0,0,0,3,3,0,1,0,0,0,0,0,0,0,0,0,0,0,0,0,0,0,0,0,0,0,0,4,0,39.9206,-75.2414, , 
 ,69450,2011038468,6,67,67301,2011,3,3,930,9,1,1,0,8,1, , ,N,0,0,0,3,0,1,2,2,N,N,39 59:05.092,75 09:23.762,946, ,944, ,0, ,N, ,0, , , , , ,800876, , , ,1,1,0,0,0,0,0,0,0,0,0,1,1,0,0,0,0,0,0,0,0,0,0,0,0,0,0,0,0,0,0,0,1,0,0,4,0,39.9847,-75.1566, , 
 ,69451,2011047111,6,67,67301,2011,4,1,1846,18,1,1,0,4,1, , ,N,1,2,0,3,0,2,3,2, , ,39 56:02.515,75 11:10.165,1854, ,1850, ,0, , , ,3, , , , , ,800884, , , ,2,1,0,0,1,0,0,0,0,0,0,2,2,0,0,0,0,0,0,0,1,0,0,0,0,0,0,0,0,0,0,0,0,0,0,4,0,39.934,-75.1862, , 
 ,69452,2011052064,6,67,67301,2011,5,5,950,9,1,1,0,1,1, , ,N,0,0,0,3,0,1,3,3,N,N,39 59:02.869,75 12:29.988,1008, ,951,1,1,3,N, ,0,N, , , , ,800888, , , ,3,3,0,0,0,0,0,0,0,0,0,1,1,0,0,0,0,0,0,0,1,0,0,0,0,0,0,0,0,0,0,0,0,0,0,4,0,39.9841,-75.2083, , 
 ,69453,2011038460,6,67,67301,2011,3,3,944,9,1,1,0,4,1, , ,N,5,2,0,3,0,1,2,2,N,N,40 02:01.294,75 03:49.581,947, ,946, ,0, , , ,3, , , , , ,800928, , , ,2,2,0,0,0,0,0,0,0,0,0,0,1,1,0,0,0,0,0,0,0,0,1,0,0,0,0,0,0,0,0,0,0,0,0,8,0,40.0336,-75.0636, , 
 ,69454,2011054147,6,67,67301,2011,4,6,1555,15,1,1,0,4,1, , ,N,0,0,0,3,0,1,2,2,N,N,39 55:22.861,75 14:36.488,1609, ,1607, ,0, ,N, ,0, , , , , ,800944, , , ,2,1,0,0,1,0,0,0,0,0,0,1,1,0,1,0,0,0,0,0,0,0,0,0,0,0,0,0,0,0,0,0,0,0,0,4,0,39.923,-75.2435, , 
 ,69455,2011064189,6,67,67301,2011,5,1,1220,12,1,1,0,1,1, , ,N,2,3,0,3,0,2,5,2, , ,39 55:28.725,75 10:53.209,1240, ,1235, ,0, , , ,3, , , , , ,800954, , , ,2,2,0,0,0,0,0,0,0,0,0,2,2,0,1,0,0,0,1,0,0,0,0,0,0,0,0,0,0,0,0,0,0,0,0,4,0,39.9246,-75.1814, , 
 ,69456,2011082520,6,67,67301,2011,7,7,1140,11,1,1,0,4,1, , ,N,0,0,0,3,0,2,2,3,N,N,39 55:12.532,75 12:47.516,1150, ,1143,3,2,5,N, ,0,Y, , , , ,800974, , , ,3,0,0,0,0,1,2,0,0,0,2,0,2,0,0,0,0,0,0,0,1,1,0,0,0,0,0,0,0,0,0,0,0,0,0,3,1,39.9201,-75.2132, , 
 ,69457,2011090517,6,67,67301,2011,8,5,1410,14,1,1,0,1,1, , ,N,0,2,0,3,0,1,2,2,N,N,40 02:52.058,75 00:49.000,1548, ,1540, ,0, , , ,3, , , , , ,800983, , , ,2,2,0,0,0,0,0,0,0,0,1,0,1,0,0,0,0,0,0,0,0,0,0,0,0,0,0,0,0,0,0,0,0,0,0,3,0,40.0478,-75.0136, , 
 ,69458,2011092916,6,67,67301,2011,8,5,2015,20,3,2,1,2,1, , ,N,5,2,0,3,0,6,7,2,N,N,39 58:38.507,75 13:37.478,2020, ,2020, ,0, ,N, ,3, , , , , ,800985, , , ,2,0,0,0,0,0,2,0,0,0,0,6,6,0,0,0,0,0,0,0,0,0,0,6,0,0,0,0,0,0,0,0,0,0,0,4,0,39.9774,-75.2271, , 
 ,69459,2011023185,6,67,67301,2011,1,2,1635,16,1,8,3,4,1, , ,N,0,2,7,3,0,2,5,2,N,N,40 01:35.063,75 05:05.733,1640, ,1635,1,1,3,N, ,3,Y, , , , ,801009, , , ,2,1,0,0,0,0,1,0,0,0,0,0,2,2,0,0,0,0,0,0,0,0,0,0,0,0,0,0,0,0,0,0,0,0,0,8,0,40.0264,-75.0849, , 
 ,69460,2011054222,6,46,46102,2011,4,2,1721,17,1,1,1,4,1, , ,N,0,0,7,3,0,2,3,2,N,N,40 04:23.587,75 09:24.567,1835, ,1825, ,0, ,N, ,0, , , , , ,801034, , , ,2,2,0,0,0,0,0,0,0,0,0,0,2,2,0,0,0,1,0,0,1,0,0,0,0,0,0,0,0,0,0,0,0,0,0,8,0,40.0732,-75.1568, , 
 ,69461,2011056960,6,67,67301,2011,5,2,2138,21,3,1,0,4,1, , ,N,2,3,0,3,0,0,2,2,N,N,40 04:26.908,75 11:13.159,2145, ,2139, ,0, ,N, ,3, , , , , ,801038, , , ,2,1,0,0,0,0,0,1,0,0,0,0,0,0,0,0,0,0,0,0,0,0,0,0,0,0,0,0,0,0,0,0,0,0,0,0,0,40.0741,-75.187, , 
 ,69462,2011061740,6,67,67301,2011,5,5,2205,22,3,1,0,8,1, , ,N,1,2,0,3,0,1,3,2, , ,39 56:52.576,75 09:44.521,2208, ,2208, ,0, , , ,3, , , , , ,801043, , , ,1,1,0,0,0,0,0,0,0,0,0,1,1,0,0,0,0,0,0,0,1,0,0,0,0,0,0,0,0,0,0,0,1,0,0,4,0,39.9479,-75.1624, , 
 ,69463,2011066048,6,67,67301,2011,5,1,1224,12,1,1,0,4,1, , ,N,1,2,0,3,0,2,2,2,N,N,39 53:30.990,75 14:30.862,1233, ,1225,9,1,4,N, ,3,Y, , , , ,801046, , , ,2,1,0,0,0,0,1,0,0,0,0,0,2,2,0,0,0,0,0,0,1,1,0,0,0,0,0,0,0,0,0,0,0,0,0,8,0,39.8919,-75.2419, , 
 ,69464,2011100782,6,67,67301,2011,9,3,1448,14,1,1,0,8,1, , ,N,1,2,0,3,0,1,2,2,N,N,39 59:18.500,75 06:22.881,1508, ,1501, ,0, , , ,3, , , , , ,801050, , , ,1,1,0,0,0,0,0,0,0,0,0,0,1,1,0,0,0,0,0,0,0,0,0,0,0,0,0,0,0,0,0,0,1,0,0,8,0,39.9885,-75.1064, , 
 ,69465,2011100798,6,67,67301,2011,9,4,1007,10,1,2,1,4,2, , ,N,0,0,7,3,0,1,2,2,N,N,40 03:05.493,75 00:32.313,1011, ,1008, ,0, , , ,0, , , , , ,801051, , , ,2,1,0,0,1,0,0,0,0,0,0,1,1,0,0,0,0,0,0,0,0,0,0,0,0,0,0,0,0,0,0,0,0,0,0,4,0,40.0515,-75.009, , 
 ,69466,2011106087,6,67,67301,2011,9,6,1525,15,1,2,1,1,1, , ,N,0,2,0,3,0,1,2,2,N,N,39 57:23.096,75 11:46.617,1526, ,1525, ,0, ,N, ,3, , , , , ,801057, , , ,2,1,0,0,0,0,1,0,0,0,0,1,1,0,0,0,0,0,0,0,0,0,0,1,0,0,0,0,0,0,0,0,0,0,0,4,0,39.9564,-75.1963, , 
 ,69467,2011082420,6,67,67301,2011,6,2,2210,22,3,1,0,1,1, , ,N,1,2,0,3,0,2,2,2,N,N,40 01:18.103,75 08:23.224,2224, ,2215, ,0, ,N, ,3, , , , , ,798136, , , ,2,2,0,0,0,0,0,0,0,0,0,2,2,0,0,0,0,0,0,0,0,0,0,0,0,0,0,0,0,0,0,0,0,0,0,4,0,40.0217,-75.1398, , 
 ,69468,2011083353,6,67,67301,2011,7,2,1030,10,1,1,0,1,1, , ,N,0,0,0,3,0,1,2,2,N,N,39 56:47.719,75 14:23.799,1037, ,1034, ,0, ,N, ,0, , , , , ,798137, , , ,2,1,0,0,0,0,1,0,0,0,0,0,1,1,0,0,0,0,0,0,0,0,0,0,0,0,0,0,0,0,0,0,0,0,0,8,0,39.9466,-75.2399, , 
 ,69469,2011092856,6,67,67301,2011,8,2,1500,15,1,2,1,8,1, , ,N,1,0,0,3,0,1,2,2,N, ,39 58:34.467,75 08:43.619,2000, ,2000, ,0, , , ,0, , , , , ,798144, , , ,1,0,0,0,1,0,0,0,0,0,0,1,1,0,1,0,0,0,0,0,0,0,0,0,0,0,0,0,0,0,0,0,1,0,0,4,0,39.9762,-75.1454, , 
 ,69470,2011101629,6,67,67301,2011,9,5,1644,16,1,1,0,5,1, , ,N,0,0,0,3,0,0,5,4,N,N,40 00:04.771,75 08:17.770,1821, ,1819, ,0, ,N, ,0, , , , , ,798153, , , ,4,2,0,0,0,0,1,1,0,0,0,0,0,0,0,0,0,0,0,0,0,0,0,0,0,0,0,0,0,0,0,0,0,0,0,0,0,40.0013,-75.1383, , 
 ,69471,2011066199,6,67,67301,2011,6,7,1210,12,1,1,0,8,1, , ,N,0,0,0,3,0,1,2,2,N,N,40 01:59.308,75 10:52.728,1225, ,1220, ,0, ,N, ,0, , , , , ,798155, , , ,1,1,0,0,0,0,0,0,0,0,0,0,1,1,0,0,0,0,0,0,0,0,0,0,0,0,0,0,0,0,0,0,1,0,0,8,0,40.0331,-75.1813, , 
 ,69472,2011023019,6,67,67301,2011,1,3,1644,16,4,1,0,8,1, , ,N,1,2,0,3,0,1,2,2,N,N,39 57:30.819,75 11:37.074,1647, ,1645,1,2,6,N, ,3,Y, , , , ,798170, , , ,1,0,0,0,1,0,0,0,0,0,0,0,1,1,0,0,0,0,0,0,1,0,0,0,0,0,0,0,0,0,0,0,1,0,0,8,0,39.9585,-75.1936, , 
 ,69473,2011024669,6,67,67301,2011,1,1,930,9,1,1,1,1,1, , ,N,0,0,0,3,0,3,4,2, , ,39 57:06.880,75 09:29.750,935, ,930,1,1,1, , ,0,N, , , , ,798172, , , ,2,1,0,1,0,0,0,0,0,0,0,3,3,0,0,0,0,0,0,0,1,0,0,0,0,0,0,0,0,0,0,0,0,0,0,4,1,39.9519,-75.1583, , 
 ,69474,2011028911,6,67,67301,2011,1,2,120,1,3,1,0,4,1, , ,N,1,2,0,3,0,1,5,2,N,N,39 55:23.835,75 09:40.423,123, ,121, ,0, ,N, ,3, , , , , ,798177, , , ,2,1,0,0,1,0,0,0,0,0,0,1,1,0,0,0,0,0,0,1,0,0,0,3,0,0,0,0,0,0,0,0,0,0,0,4,0,39.9233,-75.1612, , 
 ,69475,2011028917,6,67,67301,2011,2,3,1427,14,1,1,0,8,1, , ,N,2,2,0,3,0,1,2,2,N,N,39 57:02.085,75 09:42.069,1433, ,1429, ,0, ,N, ,9, , , , , ,798178, , , ,1,1,0,0,0,0,0,0,0,0,1,0,1,0,0,0,0,0,0,0,0,0,0,0,0,0,0,0,0,0,0,0,1,0,0,3,0,39.9506,-75.1617, , 
 ,69476,2011029111,6,67,67301,2011,2,4,1445,14,1,8,3,8,1, , ,N,0,0,0,3,0,1,2,2,N,N,39 54:59.817,75 09:51.840,1520, ,1504, ,0, ,N, ,0, , , , , ,798179, , , ,1,1,0,0,0,0,0,0,0,0,0,1,1,0,0,0,0,0,0,0,1,0,0,0,0,0,0,0,0,0,0,0,1,0,0,4,0,39.9166,-75.1644, , 
 ,69477,2011029192,6,67,67301,2011,1,2,1725,17,1,1,0,1,1, , ,N,1,2,0,3,0,3,4,4,N,N,39 57:59.822,75 13:29.529,1738, ,1735, ,0, ,N, ,3, , , , , ,798180, , , ,4,4,0,0,0,0,0,0,0,0,0,0,3,3,0,0,0,0,0,0,0,0,0,0,0,0,0,0,0,0,0,0,0,0,0,8,0,39.9666,-75.2249, , 
 ,69478,2011031616,6,67,67301,2011,2,4,920,9,1,1,0,4,1, , ,N,2,3,0,3,0,1,2,2,N,N,40 07:22.609,75 00:51.321,940, ,927, ,0, ,N, ,3, , , , , ,798182, , , ,2,2,0,0,0,0,0,0,0,0,0,0,1,1,0,0,0,0,0,0,0,1,0,0,0,0,0,0,0,0,0,0,0,0,0,8,0,40.1229,-75.0143, , 
 ,69479,2011033589,6,67,67301,2011,2,1,245,2,3,1,0,4,1, , ,N,1,3,0,3,0,2,2,4,N,N,40 02:49.300,75 04:01.523,319, ,250,5,2,7,N, ,3,Y, , , , ,798184, , , ,4,4,0,0,0,0,0,0,0,1,1,0,2,0,0,0,0,0,0,0,0,0,0,0,0,0,0,0,0,0,0,0,0,0,0,2,0,40.047,-75.0671, , 
 ,69480,2011054346,6,67,67301,2011,4,3,1854,18,1,1,0,1,1, , ,N,0,2,0,3,0,1,2,2,N,N,40 01:36.470,75 05:53.754,1903, ,1857,1,1,1,N, ,3,N, , , , ,798191, , , ,2,0,0,0,0,0,2,0,0,0,0,1,1,0,0,0,0,0,0,0,0,0,0,0,0,0,0,0,0,0,0,0,0,0,0,4,0,40.0268,-75.0983, , 
 ,69481,2011066188,6,67,67301,2011,5,6,1807,18,1,2,1,5,1, , ,N,0,2,7,3,0,4,5,2,N,N,39 58:38.122,75 13:36.069,2024, ,1807, ,0, ,N, ,3, , , , , ,798201, , , ,2,2,0,0,0,0,0,0,0,0,1,3,4,0,0,0,0,0,0,0,1,0,0,0,0,0,0,0,0,0,0,0,0,0,0,3,0,39.9773,-75.2267, , 
 ,69482,2011054067,6,67,67301,2011,4,5,1012,10,1,1,0,8,1, , ,N,1,3,0,3,0,1,2,2,N,N,39 58:45.019,75 14:56.536,1041, ,1041, ,0, , , ,3, , , , , ,798242, , , ,1,0,0,0,0,0,1,0,0,0,0,0,1,1,0,0,0,0,0,0,1,0,0,0,0,0,0,0,0,0,0,0,1,0,0,8,0,39.9792,-75.249, , 
 ,69483,2011013596,6,67,67301,2011,1,4,1043,10,1,4,3,7,2, , ,N,0,0,0,3,0,0,1,1,N,N,40 02:15.778,75 00:41.365,1050, ,1048, ,0, ,N, ,0, , , , , ,798262, , , ,1,0,0,0,1,0,0,0,0,0,0,0,0,0,0,0,0,0,0,0,0,0,0,0,0,0,0,0,0,0,0,0,0,0,0,0,0,40.0377,-75.0116, , 
 ,69484,2011029407,6,67,67301,2011,2,6,1949,19,3,1,0,4,1, , ,N,1,2,0,3,0,2,4,2,N,N,40 05:41.218,75 00:55.140,1955, ,1949,1,1,1,N, ,3,N, , , , ,798272, , , ,2,1,0,0,1,0,0,0,0,0,0,0,2,2,0,0,0,1,0,0,1,0,0,0,0,0,0,0,0,0,0,0,0,0,0,8,0,40.0948,-75.0153, , 
 ,69485,2011064188,6,67,67301,2011,5,7,1610,16,1,1,0,5,1, , ,N,0,0,0,3,0,0,2,2,N,N,39 58:26.215,75 12:19.501,9999, ,623, ,0, ,N, ,0, , , , , ,790676, , , ,2,1,0,0,0,0,0,0,0,0,0,0,0,0,0,0,0,0,0,0,1,0,0,0,0,0,0,0,0,0,0,0,0,0,0,0,0,39.9739,-75.2054, , 
 ,69486,2011057273,6,67,67301,2011,5,6,735,7,1,1,0,5,1, , ,N,0,2,0,3,0,0,2,2,N,N,40 05:37.121,75 01:52.148,812, ,810, ,0, ,N, ,3, , , , , ,790725, , , ,2,2,0,0,0,0,0,0,0,0,0,0,0,0,0,0,0,0,0,0,0,0,0,0,0,0,0,0,0,0,0,0,0,0,0,0,0,40.0936,-75.0312, , 
 ,69487,2011060531,6,67,67301,2011,6,6,513,5,1,1,0,7,3, , ,N,0,8,3,3,0,0,1,1,N,N,39 54:34.540,75 09:12.600,517, ,515,1,1,4,N, ,3,N, , , , ,790728, , , ,1,1,0,0,0,0,0,0,0,0,0,0,0,0,1,0,0,0,0,0,0,0,0,1,0,0,0,0,0,0,0,0,0,0,0,9,0,39.9096,-75.1535, , 
 ,69488,2011024646,6,67,67301,2011,1,3,2345,23,3,1,0,4,1, , ,N,1,3,0,3,0,2,4,2, , ,40 03:05.814,75 04:55.685,2354, ,2348,2,1,4, , ,3,N, , , , ,790748, , , ,2,1,0,0,0,0,1,0,0,0,0,0,2,2,0,0,0,0,0,1,0,0,0,0,0,0,0,0,0,0,0,0,0,0,0,8,0,40.0516,-75.0821, , 
 ,69489,2011040334,6,67,67301,2011,3,6,1441,14,1,1,0,7,5, , ,N,0,0,0,3,0,1,1,1, , ,40 01:25.471,75 04:58.306,1450, ,1447, ,0, , , ,0, , , , , ,790766, , , ,1,0,0,0,0,0,1,0,0,0,0,1,1,0,0,0,0,0,0,0,1,0,0,0,0,0,0,0,0,0,0,0,0,0,0,4,0,40.0237,-75.0829, , 
 ,69490,2011053000,6,67,67301,2011,5,2,1631,16,1,1,0,1,1, , ,N,0,0,2,3,0,1,2,2,N,N,39 57:02.987,75 10:59.671,1650, ,1634, ,0, ,N, ,0, , , , , ,790773, , , ,2,1,0,0,0,0,1,0,0,0,0,1,1,0,0,0,0,0,0,0,0,0,0,0,0,0,0,0,0,0,0,0,0,0,0,4,0,39.9508,-75.1832, , 