wz_ln_closure,objectid_1,crn,district,county,municipality,crash_year,crash_month,day_of_week,time_of_day,hour_of_day,illumination,weather,road_condition,collision_type,relation_to_road,work_zone_type,work_zone_loc,work_zone_ind,intersect_type,tcd_type,location_type,urban_rural,fatal_count,injury_count,person_count,total_units,sch_bus_ind,sch_zone_ind,latitude,longitude,arrival_tm,cons_zone_spd_lim,dispatch_tm,est_hrs_closed,lane_closed,ln_close_dir,ntfy_hiwy_maint,spec_juris_cd,tcd_func_cd,tfc_detour_ind,workers_pres,wz_close_detour,wz_flagger,wz_law_offcr_ind,objectid,wz_moving,wz_other,wz_shlder_mdn,vehicle_count,automobile_count,motorcycle_count,bus_count,small_truck_count,heavy_truck_count,suv_count,van_count,bicycle_count,maj_inj_count,mod_inj_count,min_inj_count,tot_inj_count,unk_inj_deg_count,unk_inj_per_count,driver_count_16yr,driver_count_17yr,driver_count_18yr,driver_count_19yr,driver_count_20yr,driver_count_50_64yr,driver_count_65_74yr,driver_count_75plus,unbelted_occ_count,unb_death_count,unb_maj_inj_count,belted_death_count,belted_maj_inj_count,mcycle_death_count,mcycle_maj_inj_count,bicycle_death_count,bicycle_maj_inj_count,ped_count,ped_death_count,ped_maj_inj_count,max_severity_level,comm_veh_count,dec_lat,dec_long,rdwy_surf_type_cd,county_name
 ,69624,2011054204,6,67,67301,2011,4,2,230,2,3,1,0,7,2, , ,N,0,0,0,3,0,0,2,1,N,N,39 54:37.343,75 11:09.175,237, ,236,3,1,3,N, ,0,N, , , , ,798536, , , ,1,1,0,0,0,0,0,0,0,0,0,0,0,0,0,0,0,0,0,0,0,0,0,2,0,0,0,0,0,0,0,0,0,0,0,0,0,39.9104,-75.1859, , 
 ,69625,2011054243,6,67,67301,2011,4,5,1152,11,1,1,0,1,1, , ,N,0,0,0,3,0,4,5,2,N,N,40 02:22.503,75 03:32.798,1155, ,1152,1,1,1,N, ,0,N, , , , ,798537, , , ,2,2,0,0,0,0,0,0,0,0,0,4,4,0,0,0,0,0,0,0,0,0,1,0,0,0,0,0,0,0,0,0,0,0,0,4,0,40.0396,-75.0591, , 
 ,69626,2011023271,6,67,67301,2011,1,7,1745,17,3,1,1,8,1, , ,N,0,0,0,3,1,0,2,2,N,N,39 56:11.380,75 13:06.820,1747, ,1746, ,0, ,N,0,0, , , , , ,798552, , , ,1,1,0,0,0,0,0,0,0,0,0,0,0,0,0,0,0,0,0,0,0,0,0,0,0,0,0,0,0,0,0,0,1,1,0,1,0,39.9365,-75.2186,9, 
 ,69627,2011047315,6,67,67301,2011,3,1,21,0,3,1,0,5,6, , ,N,0,0,0,3,0,0,1,3,N,N,39 57:32.583,75 14:32.580,24, ,21, ,0, ,N, ,0, , , , , ,798572, , , ,3,2,0,0,0,0,1,0,0,0,0,0,0,0,0,0,0,0,0,0,0,0,0,0,0,0,0,0,0,0,0,0,0,0,0,0,0,39.9591,-75.2424, , 
 ,69628,2011029362,6,67,67301,2011,2,2,650,6,1,2,1,5,1, , ,N,0,0,3,3,0,0,3,3,N,N,39 57:36.198,75 10:45.405,704, ,653,1,1,4,N, ,0,Y, , , , ,798616, , , ,3,3,0,0,0,0,0,0,0,0,0,0,0,0,0,0,0,0,0,0,0,0,0,0,0,0,0,0,0,0,0,0,0,0,0,0,0,39.9601,-75.1793, , 
 ,69629,2011031433,6,67,67301,2011,2,7,1705,17,4,1,0,8,1, , ,N,1,2,0,3,0,1,3,2,N,N,39 56:36.171,75 09:48.077,1713, ,1711, ,0, ,N, ,3, , , , , ,798620, , , ,1,0,0,0,0,0,1,0,0,0,0,0,1,1,0,0,0,0,0,0,0,0,0,0,0,0,0,0,0,0,0,0,1,0,0,8,0,39.9434,-75.1634, , 
 ,69630,2011061819,6,67,67301,2011,5,4,1545,15,1,2,1,8,1, , ,N,0,0,0,3,0,1,2,2,N,N,39 59:43.440,75 05:34.950,2035, ,2029, ,0, ,N, ,0, , , , , ,798637, , , ,1,1,0,0,0,0,0,0,1,0,0,0,1,1,0,0,0,0,0,0,0,1,0,0,0,0,0,0,0,0,0,0,0,0,0,8,0,39.9954,-75.093, , 
 ,69631,2011064127,6,67,67301,2011,5,3,1145,11,1,1,0,4,1, , ,N,0,0,7,3,0,2,2,2,N,N,40 01:41.221,75 12:35.355,1300, ,1152, ,0, ,N, ,0, , , , , ,798681, , , ,2,1,0,0,0,0,1,0,0,1,0,1,2,0,0,0,0,0,0,0,0,0,1,0,0,0,0,1,0,0,0,0,0,0,0,2,0,40.0281,-75.2098, , 
 ,69632,2011033579,6,67,67301,2011,3,5,1709,17,1,2,1,6,1, , ,N,0,2,0,3,0,0,2,2,N,N,40 05:10.976,75 12:51.665,1720, ,1710,1,2,6,N, ,3,N, , , , ,798711, , , ,2,2,0,0,0,0,0,0,0,0,0,0,0,0,0,0,1,0,0,0,0,0,0,0,0,0,0,0,0,0,0,0,0,0,0,0,0,40.0864,-75.2144, , 
 ,69633,2011040346,6,67,67301,2011,3,7,1500,15,1,1,0,4,1, , ,N,1,2,0,3,0,1,2,2,N,N,40 02:11.789,75 03:52.061,1515, ,1504,1,1,2,N, ,3,N, , , , ,798717, , , ,2,2,0,0,0,0,0,0,0,0,0,1,1,0,0,0,0,0,0,0,0,0,0,0,0,0,0,0,0,0,0,0,0,0,0,4,0,40.0366,-75.0645, , 
 ,69634,2011047286,6,67,67301,2011,3,4,500,5,3,1,0,8,1, , ,N,1,2,0,3,0,1,2,2,N,N,39 57:58.932,75 12:27.077,1330, ,1330, ,0, ,N, ,3, , , , , ,791146, , , ,1,1,0,0,0,0,0,0,0,0,0,0,1,1,0,0,0,0,0,0,0,0,0,0,0,0,0,0,0,0,0,0,1,0,0,8,0,39.9664,-75.2075, , 
 ,69635,2011051409,6,67,67301,2011,4,2,2129,21,3,1,0,8,1, , ,N,0,0,0,3,1,1,2,2,N,N,40 02:57.889,75 03:03.699,2140, ,2130,3,2,1,N,0,0,N, , , , ,791148, , , ,1,0,1,0,0,0,0,0,0,0,1,0,1,0,0,0,0,0,0,0,0,0,0,0,0,0,0,0,0,0,0,0,1,1,0,1,0,40.0494,-75.051,2, 
 ,69636,2011056769,6,67,67301,2011,5,6,1850,18,4,1,0,7,9, , ,N,0,0,99,3,0,1,1,3,N,N,39 57:31.917,75 13:41.718,1855, ,1850,3,2,7,N, ,0,Y, , , , ,791153, , , ,3,3,0,0,0,0,0,0,0,0,0,1,1,0,0,0,0,0,0,0,0,0,0,1,0,0,0,0,0,0,0,0,0,0,0,4,0,39.9589,-75.2283, , 
 ,69637,2011067572,6,46,46108,2011,7,3,1142,11,1,1,0,4,1, , ,N,1,2,0,3,0,0,3,2,N,N,40 05:15.200,75 12:51.480,1145, ,1142, ,0, ,N, ,3, , , , , ,791160, , , ,2,1,0,0,0,0,1,0,0,0,0,0,0,0,0,0,0,0,0,0,1,0,0,1,0,0,0,0,0,0,0,0,0,0,0,0,0,40.0876,-75.2143, , 
 ,69638,2011015804,6,67,67301,2011,1,2,1219,12,1,1,0,4,1, , ,N,1,2,0,3,0,2,2,2,N,N,39 58:37.959,75 13:36.308,1221, ,1219, ,0, ,N, ,3, , , , , ,791181, , , ,2,1,0,0,0,0,1,0,0,0,0,0,2,2,0,0,0,0,0,0,2,0,0,0,0,0,0,0,0,0,0,0,0,0,0,8,0,39.9772,-75.2268, , 
 ,69639,2011023261,6,67,67301,2011,1,1,120,1,3,8,5,1,1, , ,N,0,0,0,3,0,0,3,2, , ,39 59:25.331,75 07:35.489,132, ,130, ,0, , , ,0, , , , , ,791184, , , ,2,1,0,0,0,0,1,0,0,0,0,0,0,0,1,0,0,0,0,0,0,0,0,0,0,0,0,0,0,0,0,0,0,0,0,9,0,39.9904,-75.1265, , 
 ,69640,2011054294,6,67,67301,2011,4,3,2310,23,3,1,0,8,1, , ,N,1,2,0,3,0,1,2,2,N,N,40 01:47.816,75 12:40.562,2333, ,2331, ,0, ,N, ,3, , , , , ,791207, , , ,1,1,0,0,0,0,0,0,0,0,1,0,1,0,1,0,0,0,0,0,0,1,0,0,0,0,0,0,0,0,0,0,1,0,0,3,0,40.0299,-75.2113, , 
 ,69641,2011018564,6,67,67301,2011,2,5,1343,13,1,1,0,1,1, , ,N,6,4,2,3,0,1,2,2,N,N,39 56:57.647,75 11:03.883,1351, ,1344,1,1,4,N, ,3,N, , , , ,791224, , , ,2,1,0,0,1,0,0,0,0,0,0,1,1,0,0,0,0,0,0,0,0,0,0,0,0,0,0,0,0,0,0,0,0,0,0,4,0,39.9493,-75.1844, , 
 ,69642,2011031399,6,67,67301,2011,2,4,1900,19,3,1,0,4,1, , ,N,2,3,0,3,0,1,2,2,N,N,40 01:13.039,75 09:46.119,1909, ,1905, ,0, ,N, ,3, , , , , ,791240, , , ,2,2,0,0,0,0,0,0,0,0,0,1,1,0,0,0,0,0,0,0,0,1,0,1,0,0,0,0,0,0,0,0,0,0,0,4,0,40.0203,-75.1628, , 
 ,69643,2011038467,6,67,67301,2011,3,6,820,8,1,1,0,8,1, , ,N,0,0,0,3,0,1,2,2,N,N,40 01:16.852,75 04:36.469,824, ,824,3,2,6,N, ,0,Y, , , , ,791245, , , ,1,1,0,0,0,0,0,0,0,0,0,0,1,1,1,0,0,0,0,0,0,0,0,0,0,0,0,0,0,0,0,0,1,0,0,8,0,40.0213,-75.0768, , 
 ,69644,2011044598,6,67,67301,2011,4,7,1220,12,1,1,0,4,1, , ,N,1,2,0,3,0,4,4,2, , ,40 00:46.713,75 07:09.797,1235, ,1225, ,0, , , ,3, , , , , ,791290, , , ,2,0,0,0,0,0,2,0,0,0,0,4,4,0,0,0,0,0,0,0,0,0,0,0,0,0,0,0,0,0,0,0,0,0,0,4,0,40.013,-75.1194, , 
 ,69645,2011055747,6,67,67301,2011,4,4,2210,22,3,1,0,1,1, , ,N,1,2,0,3,0,1,3,3,N,N,39 57:06.318,75 12:11.069,2218, ,2216,1,2,6,N, ,3,Y, , , , ,791301, , , ,3,3,0,0,0,0,0,0,0,0,0,0,1,1,2,0,0,0,0,0,0,1,0,0,0,0,0,0,0,0,0,0,0,0,0,8,0,39.9518,-75.2031, , 
 ,69646,2011057270,6,67,67301,2011,4,7,1620,16,1,1,0,5,2, , ,N,5,2,0,3,0,0,2,2,N,N,39 57:46.472,75 10:29.056,1623, ,1623, ,0, ,N, ,3, , , , , ,791303, , , ,2,1,0,1,0,0,0,0,0,0,0,0,0,0,0,0,0,0,0,0,0,1,0,0,0,0,0,0,0,0,0,0,0,0,0,0,1,39.9629,-75.1747, , 
 ,69647,2011056976,6,67,67301,2011,4,2,1955,19,3,1,0,1,1, , ,N,1,2,0,3,0,1,2,2, , ,39 56:58.689,75 10:33.495,2000, ,1955, ,0, , , ,3, , , , , ,791352, , , ,1,1,0,0,0,0,0,0,1,0,0,1,1,0,1,0,0,0,0,0,0,0,0,1,0,0,0,0,0,0,0,0,0,0,0,4,0,39.9496,-75.176, , 
 ,69648,2011029027,6,67,67301,2011,2,7,105,1,3,1,0,2,3, , ,N,0,2,0,3,0,0,1,5,N,N,39 55:53.635,75 10:05.434,110, ,116, ,0, , , ,3, , , , , ,791378, , , ,5,3,0,0,0,0,1,1,0,0,0,0,0,0,1,0,0,0,0,0,0,0,0,0,0,0,0,0,0,0,0,0,0,0,0,9,0,39.9316,-75.1682, , 
 ,69649,2011029436,6,67,67301,2011,2,3,9999,99,1,1,0,4,1, , ,N,0,0,7,3,0,1,4,2,N,N,40 02:06.350,75 07:12.131,1535, ,1530, ,0, ,N, ,0, , , , , ,791379, , , ,2,2,0,0,0,0,0,0,0,0,0,1,1,0,0,0,0,0,0,0,0,0,1,0,0,0,0,0,0,0,0,0,0,0,0,4,0,40.0351,-75.12, , 
 ,69650,2011036861,6,67,67301,2011,3,1,1425,14,1,1,0,5,1, , ,N,0,0,0,3,0,1,6,3,N,N,40 06:01.446,74 59:16.022,1635, ,1630,1,1,4,N, ,0,N, , , , ,791385, , , ,3,3,0,0,0,0,0,0,0,0,0,1,1,0,0,0,0,0,0,0,0,0,0,0,0,0,0,0,0,0,0,0,0,0,0,4,0,40.1004,-74.9878, , 
 ,69651,2011040347,6,67,67301,2011,3,5,2029,20,3,1,0,7,2, , ,N,0,0,6,3,0,1,1,1,N,N,40 01:20.324,75 08:17.631,2031, ,2030, ,0, ,N, ,0, , , , , ,791389, , , ,1,1,0,0,0,0,0,0,0,0,0,1,1,0,0,0,0,0,0,0,0,0,0,0,0,0,0,0,0,0,0,0,0,0,0,4,0,40.0223,-75.1382, , 
 ,69652,2011031432,6,67,67301,2011,2,7,650,6,1,1,0,1,9, , ,N,2,3,0,3,0,0,4,4, , ,40 00:06.858,75 07:06.103,705, ,700,9,1,6, , ,3,N, , , , ,794709, , , ,4,1,0,0,1,0,1,1,0,0,0,0,0,0,1,0,0,0,0,0,1,0,0,0,0,0,0,0,0,0,0,0,0,0,0,9,0,40.0019,-75.1184, , 
 ,69653,2011038374,6,67,67301,2011,3,4,1945,19,2,1,0,1,7, , ,N,6,4,2,3,0,0,4,3,N,N,40 06:00.863,74 59:15.327,1945, ,1945,1,1,4,N, ,3,N, , , , ,794715, , , ,3,2,0,0,0,0,1,0,0,0,0,0,0,0,4,0,0,0,0,0,0,1,0,0,0,0,0,0,0,0,0,0,0,0,0,9,0,40.1002,-74.9876, , 
 ,69654,2011038402,6,67,67301,2011,3,3,1750,17,3,1,0,5,1, , ,N,0,0,0,3,0,1,2,6,N,N,40 01:34.237,75 06:35.578,1920, ,9999, ,0, ,N, ,0, , , , , ,794716, , , ,6,2,0,0,2,0,2,0,0,0,0,0,1,1,0,0,0,0,0,0,0,0,0,0,0,0,0,0,0,0,0,0,0,0,0,8,0,40.0262,-75.1099, , 
 ,69655,2011044554,6,67,67301,2011,4,1,121,1,3,1,0,4,1, , ,N,1,2,0,3,0,0,2,4, , ,39 59:52.789,75 07:31.478,126, ,124, ,0, , , ,3, , , , , ,794723, , , ,4,3,0,0,0,0,1,0,0,0,0,0,0,0,0,0,0,0,1,0,0,0,0,0,0,0,0,0,0,0,0,0,0,0,0,0,0,39.998,-75.1254, , 
 ,69656,2011024674,6,67,67301,2011,1,1,1415,14,1,1,0,1,6, , ,N,0,0,0,3,0,5,6,2,N,N,40 01:13.395,75 03:13.005,1515, ,1514, ,0, , , ,0, , , , , ,794747, , , ,2,0,0,0,0,0,1,1,0,0,1,4,5,0,0,0,0,0,0,0,0,0,0,0,0,0,0,0,0,0,0,0,0,0,0,3,0,40.0204,-75.0536, , 
 ,69657,2011054319,6,67,67301,2011,4,1,1043,10,1,1,0,4,1, , ,N,1,2,0,3,0,2,5,2,N,N,40 02:10.701,75 03:04.967,1047, ,1043, ,0, ,N, ,3, , , , , ,794767, , , ,2,0,0,0,0,0,2,0,0,0,0,1,2,1,0,0,0,0,0,0,1,0,0,3,0,0,0,0,0,0,0,0,0,0,0,4,0,40.0363,-75.0514, , 
 ,69658,2011037975,6,67,67301,2011,3,6,9999,99,1,1,0,1,1, , ,N,0,0,0,3,0,1,3,2,N,N,39 59:38.355,75 09:16.481,1359, ,1352, ,0, ,N, ,0, , , , , ,794802, , , ,2,1,0,0,0,0,1,0,0,0,0,1,1,0,0,0,0,0,0,0,0,0,0,0,0,0,0,0,0,0,0,0,0,0,0,4,0,39.994,-75.1546, , 
 ,69659,2011040253,6,67,67301,2011,3,7,207,2,3,1,0,6,1, , ,N,0,2,0,3,0,0,1,2,N,N,39 57:37.733,75 14:28.033,212, ,208, ,0, ,N, ,3, , , , , ,794804, , , ,2,2,0,0,0,0,0,0,0,0,0,0,0,0,1,0,0,0,0,0,1,0,0,0,0,0,0,0,0,0,0,0,0,0,0,9,0,39.9605,-75.2411, , 
 ,69660,2011047022,6,67,67301,2011,4,2,2015,20,2,1,0,2,1, , ,N,2,3,0,3,0,1,2,2,N,N,40 00:33.602,75 05:12.796,2045, ,2035, ,0, ,N, ,3, , , , , ,794810, , , ,2,1,0,0,0,0,1,0,0,0,1,0,1,0,0,0,0,0,0,0,0,0,0,0,0,0,0,0,0,0,0,0,0,0,0,3,0,40.0093,-75.0869, , 
 ,69661,2011047118,6,67,67301,2011,4,7,1229,12,1,1,0,1,1, , ,N,0,0,0,3,0,1,4,2,N,N,39 56:59.841,75 12:09.317,1230, ,1229, ,0, ,N, ,0, , , , , ,794811, , , ,2,1,0,0,0,0,1,0,0,0,0,0,1,1,0,0,0,0,0,0,0,0,0,0,0,0,0,0,0,0,0,0,0,0,0,8,0,39.95,-75.2026, , 
 ,69662,2011033539,6,67,67301,2011,3,1,2130,21,3,2,1,2,1, , ,N,2,2,2,3,0,2,4,2,N,N,40 00:01.373,75 05:01.402,2200, ,2150, ,0, ,N, ,3, , , , , ,794850, , , ,2,2,0,0,0,0,0,0,0,0,0,2,2,0,0,0,0,0,0,0,1,0,0,0,0,0,0,0,0,0,0,0,0,0,0,4,0,40.0003,-75.0837, , 
 ,69663,2011056824,6,67,67301,2011,5,3,910,9,1,1,0,5,1, , ,N,0,0,0,3,0,1,2,2,N,N,39 57:23.118,75 08:56.745,935, ,924, ,0, ,N, ,0, , , , , ,794868, , , ,1,0,0,1,0,0,0,0,1,0,0,0,1,1,0,0,0,0,0,0,1,0,0,0,0,0,0,0,0,0,0,0,0,0,0,8,1,39.9564,-75.1491, , 
 ,69664,2011023169,6,67,67301,2011,1,7,226,2,3,4,5,7,5, , ,N,0,0,0,3,0,1,5,1,N,N,39 58:02.511,75 09:36.922,230, ,226, ,0, ,N, ,0, , , , , ,794886, , , ,1,1,0,0,0,0,0,0,0,0,0,1,1,0,0,0,0,0,0,0,1,0,0,0,0,0,0,0,0,0,0,0,0,0,0,4,0,39.9674,-75.1603, , 
 ,69665,2011041158,6,46,46102,2011,4,7,1244,12,1,1,0,1,1, , ,N,0,0,0,3,0,1,3,2,N,N,40 04:13.327,75 09:06.355,1247, ,1244,2,2,4,N, ,0,N, , , , ,794901, , , ,2,1,0,0,0,0,1,0,0,0,1,0,1,0,0,0,0,0,0,0,0,0,0,0,0,0,0,0,0,0,0,0,0,0,0,3,0,40.0704,-75.1518, , 
 ,69666,2011057001,6,67,67301,2011,5,5,1950,19,1,1,0,4,1, , ,N,2,0,0,3,0,1,2,2,N,N,40 00:52.077,75 04:46.016,1950, ,1950, ,0, ,N, ,0, , , , , ,794917, , , ,2,1,0,0,0,0,0,0,0,0,0,1,1,0,0,0,0,0,0,0,0,0,0,0,0,0,0,0,0,0,0,0,0,0,0,4,0,40.0145,-75.0794, , 
 ,69667,2011061179,6,67,67301,2011,5,3,419,4,3,1,0,0,2, , ,N,0,0,0,3,0,0,4,1,N,N,40 01:07.147,75 02:48.099,435, ,421, ,0, ,N, ,0, , , , , ,794926, , , ,1,1,0,0,0,0,0,0,0,0,0,0,0,0,0,0,0,0,1,0,0,0,0,0,0,0,0,0,0,0,0,0,0,0,0,0,0,40.0186,-75.0468, , 
 ,69668,2011087913,6,67,67301,2011,8,6,1618,16,1,1,0,5,2, , ,N,1,0,0,3,0,1,2,2,N,N,40 03:28.841,75 08:20.620,1623, ,1618, ,0, ,N, ,0, , , , , ,794949, , , ,2,1,0,0,1,0,0,0,0,0,0,1,1,0,0,0,0,0,0,0,0,0,0,0,0,0,0,0,0,0,0,0,0,0,0,4,0,40.058,-75.1391, , 
 ,69669,2011093749,6,67,67301,2011,8,2,1750,17,1,2,1,8,1, , ,N,0,0,0,3,0,2,3,3,N, ,39 55:35.487,75 13:59.033,1810, ,1800, ,0, , , ,0, , , , , ,794955, , , ,1,1,0,0,0,0,0,0,0,0,0,1,2,1,0,0,0,0,0,0,0,0,0,0,0,0,0,0,0,0,0,0,2,0,0,4,0,39.9265,-75.2331, , 
 ,69670,2011061874,6,67,67301,2011,5,1,2159,21,3,1,0,6,6, , ,N,0,0,0,3,0,0,1,3,N,N,40 00:26.083,75 07:24.238,2202, ,2200, ,0, , , ,0, , , , , ,801578, , , ,3,2,0,0,0,0,0,1,0,0,0,0,0,0,0,0,0,0,0,0,0,0,0,0,0,0,0,0,0,0,0,0,0,0,0,0,0,40.0072,-75.1234, , 
 ,69671,2011066074,6,67,67301,2011,6,7,240,2,3,1,0,8,1, , ,N,2,2,0,3,0,1,2,2,N,N,39 57:38.517,75 08:29.710,240, ,240, ,0, ,N, ,3, , , , , ,801584, , , ,1,1,0,0,0,0,0,0,0,0,1,0,1,0,0,0,0,0,0,0,1,0,0,0,0,0,0,0,0,0,0,0,1,0,0,3,0,39.9607,-75.1416, , 
 ,69672,2011082466,6,67,67301,2011,7,4,809,8,1,1,0,1,1, , ,N,0,0,0,3,0,1,2,2,N,N,40 01:28.671,75 07:51.240,811, ,810,1,1,4,N, ,0,N, , , , ,801593, , , ,2,2,0,0,0,0,0,0,0,0,0,1,1,0,0,0,0,0,0,0,0,0,0,0,0,0,0,0,0,0,0,0,0,0,0,4,0,40.0247,-75.1307, , 
 ,69673,2011061906,6,67,67301,2011,5,2,755,7,1,1,0,4,1, , ,N,2,3,0,3,0,1,2,2,N,N,40 01:39.532,75 09:33.184,759, ,1004, ,0, ,N, ,3, , , , , ,801621, , , ,2,2,0,0,0,0,0,0,0,0,0,1,1,0,0,0,0,0,0,0,0,1,0,0,0,0,0,0,0,0,0,0,0,0,0,4,0,40.0276,-75.1592, , 
 ,69674,2011064071,6,67,67301,2011,5,2,1545,15,1,1,0,4,1, , ,N,1,2,0,3,0,2,2,2,N,N,40 03:10.684,75 08:12.112,1550, ,1547, ,0, ,N, ,3, , , , , ,801626, , , ,2,1,0,0,0,0,0,1,0,0,0,0,2,2,0,0,0,0,0,0,2,0,0,0,0,0,0,0,0,0,0,0,0,0,0,8,0,40.053,-75.1367, , 
 ,69675,2011075773,6,67,67301,2011,6,1,204,2,3,1,0,4,1, , ,N,1,0,0,3,0,1,2,2, , ,39 59:59.193,75 07:32.671,245, ,225, ,0, , , ,0, , , , , ,801641, , , ,1,1,0,0,0,0,0,0,1,0,0,0,1,1,1,0,0,0,0,0,0,0,0,1,0,0,0,0,0,0,0,0,0,0,0,8,0,39.9998,-75.1257, , 
 ,69676,2011082543,6,67,67301,2011,7,1,1230,12,1,1,0,7,2, , ,N,10,0,2,3,0,0,1,1,N,N,40 05:58.224,74 59:10.989,1242, ,1238,1,1,3,N, ,0,Y, , , , ,801647, , , ,1,0,0,0,0,0,1,0,0,0,0,0,0,0,0,0,0,0,0,0,0,0,0,0,0,0,0,0,0,0,0,0,0,0,0,0,0,40.0995,-74.9864, , 
 ,69677,2011095358,6,67,67301,2011,8,3,900,9,1,1,0,2,1, , ,N,1,2,0,3,0,2,2,2,N, ,39 57:31.260,75 10:01.857,910, ,905,1,1,2, , ,3,N, , , , ,801665, , , ,2,0,0,0,0,0,1,1,0,0,0,2,2,0,0,0,0,0,0,0,1,0,0,0,0,0,0,0,0,0,0,0,0,0,0,4,0,39.9587,-75.1672, , 
 ,69678,2011063480,6,67,67301,2011,6,5,2241,22,3,1,0,1,1, , ,N,0,0,0,3,0,2,5,3,N,N,39 59:49.950,75 11:47.338,2249, ,2244,2,2,3,N, ,0,N, , , , ,801672, , , ,3,3,0,0,0,0,0,0,0,0,1,1,2,0,1,0,0,0,1,0,1,0,0,1,0,0,0,0,0,0,0,0,0,0,0,3,0,39.9972,-75.1965, , 
 ,69679,2011065250,6,67,67301,2011,6,6,1535,15,1,1,0,1,1, , ,N,0,0,0,3,0,0,6,2,N,N,39 57:12.090,75 10:53.731,1554, ,1541,1,2,4,N, ,0,N, , , , ,801675, , , ,2,1,0,0,0,0,0,0,0,0,0,0,0,0,0,0,0,0,0,0,0,0,0,0,0,0,0,0,0,0,0,0,0,0,0,0,0,39.9534,-75.1816, , 
 ,69680,2011066201,6,67,67301,2011,6,3,1606,16,1,1,0,4,1, , ,N,1,2,0,3,0,2,3,2,N,N,40 02:22.401,75 05:03.893,1631, ,1630, ,0, ,N, ,3, , , , , ,801676, , , ,2,1,0,0,0,0,1,0,0,0,0,2,2,0,0,0,0,0,0,0,1,0,0,0,0,0,0,0,0,0,0,0,0,0,0,4,0,40.0396,-75.0844, , 
 ,69681,2011100716,6,67,67301,2011,9,6,1816,18,1,1,0,0,4, , ,N,2,0,0,3,0,0,2,1,N,N,40 01:54.553,75 02:31.505,1820, ,1818,1,1,1,N, ,0,Y, , , , ,801707, , , ,1,0,0,0,0,0,1,0,0,0,0,0,0,0,0,0,0,0,0,0,0,0,0,0,0,0,0,0,0,0,0,0,0,0,0,0,0,40.0318,-75.0421, , 
 ,69682,2011108816,6,67,67301,2011,9,4,1524,15,1,1,0,1,1, , ,N,0,0,0,3,0,2,3,2,N,N,39 58:46.588,75 08:44.167,1607, ,1603, ,0, ,N, ,0, , , , , ,801715, , , ,2,1,0,0,0,0,0,1,0,0,1,1,2,0,0,0,0,0,0,0,2,0,0,0,0,0,0,0,0,0,0,0,0,0,0,3,0,39.9796,-75.1456, , 
 ,69683,2011073861,6,67,67301,2011,6,2,2330,23,3,1,0,8,1, , ,N,1,0,0,3,0,1,2,2,N,N,40 00:58.226,75 05:07.933,1305, ,1253, ,0, , , ,0, , , , , ,801730, , , ,1,1,0,0,0,0,0,0,0,0,0,0,1,1,0,0,0,0,0,0,0,0,0,0,0,0,0,0,0,0,0,0,1,0,0,8,0,40.0162,-75.0855, , 
 ,69684,2011085467,6,67,67301,2011,7,3,1610,16,1,1,0,4,1, , ,N,0,0,7,3,0,0,2,2,N,N,40 05:06.730,74 57:33.724,1616, ,1614, ,0, ,N, ,0, , , , , ,801745, , , ,2,1,0,0,0,0,1,0,0,0,0,0,0,0,0,0,0,0,0,0,0,0,0,0,0,0,0,0,0,0,0,0,0,0,0,0,0,40.0852,-74.9594, , 
 ,69685,2011090371,6,67,67301,2011,8,3,928,9,1,1,0,1,1, , ,N,3,2,0,3,0,1,2,2,N,N,39 58:30.545,75 11:17.083,933, ,930, ,0, ,N, ,3, , , , , ,801751, , , ,2,1,0,0,1,0,0,0,0,0,0,0,1,1,0,0,0,0,0,0,0,1,0,0,0,0,0,0,0,0,0,0,0,0,0,8,0,39.9752,-75.1881, , 
 ,69686,2011092860,6,67,67301,2011,8,2,2315,23,3,1,0,2,1, , ,N,2,3,0,3,0,1,2,2,N,N,39 59:49.056,75 07:46.603,29, ,23, ,0, ,N, ,3, , , , , ,801752, , , ,1,1,0,0,0,0,0,0,1,0,0,1,1,0,0,0,0,0,0,0,0,0,0,0,0,0,0,0,0,0,0,0,0,0,0,4,0,39.997,-75.1296, , 
 ,69687,2011093000,6,67,67301,2011,8,5,9999,99,8,2,1,4,1, , ,N,2,2,0,3,0,2,2,2,N,N,40 00:45.170,75 03:29.345,755, ,750, ,0, ,N, ,3, , , , , ,801753, , , ,2,2,0,0,0,0,0,0,0,0,0,2,2,0,0,0,0,0,0,0,0,1,0,0,0,0,0,0,0,0,0,0,0,0,0,4,0,40.0125,-75.0582, , 
 ,69688,2011053446,6,67,67301,2011,4,5,2008,20,4,1,0,4,1, , ,N,0,0,0,3,0,1,2,2,N,N,39 59:33.770,75 10:05.617,2013, ,2008, ,0, ,N, ,0, , , , , ,798723, , , ,2,1,0,0,0,0,0,1,0,0,0,1,1,0,0,0,0,0,0,0,0,0,0,2,0,0,0,0,0,0,0,0,0,0,0,4,0,39.9927,-75.1682, , 
 ,69689,2011060103,6,67,67301,2011,6,4,830,8,1,1,0,1,1, , ,N,0,0,0,3,0,1,2,2,N,N,40 00:35.017,75 03:54.384,844, ,830, ,0, ,N, ,0, , , , , ,798768, , , ,2,1,0,0,0,0,1,0,0,0,0,1,1,0,0,0,0,0,0,0,0,0,0,0,0,0,0,0,0,0,0,0,0,0,0,4,0,40.0098,-75.065, , 