wz_ln_closure,objectid_1,crn,district,county,municipality,crash_year,crash_month,day_of_week,time_of_day,hour_of_day,illumination,weather,road_condition,collision_type,relation_to_road,work_zone_type,work_zone_loc,work_zone_ind,intersect_type,tcd_type,location_type,urban_rural,fatal_count,injury_count,person_count,total_units,sch_bus_ind,sch_zone_ind,latitude,longitude,arrival_tm,cons_zone_spd_lim,dispatch_tm,est_hrs_closed,lane_closed,ln_close_dir,ntfy_hiwy_maint,spec_juris_cd,tcd_func_cd,tfc_detour_ind,workers_pres,wz_close_detour,wz_flagger,wz_law_offcr_ind,objectid,wz_moving,wz_other,wz_shlder_mdn,vehicle_count,automobile_count,motorcycle_count,bus_count,small_truck_count,heavy_truck_count,suv_count,van_count,bicycle_count,maj_inj_count,mod_inj_count,min_inj_count,tot_inj_count,unk_inj_deg_count,unk_inj_per_count,driver_count_16yr,driver_count_17yr,driver_count_18yr,driver_count_19yr,driver_count_20yr,driver_count_50_64yr,driver_count_65_74yr,driver_count_75plus,unbelted_occ_count,unb_death_count,unb_maj_inj_count,belted_death_count,belted_maj_inj_count,mcycle_death_count,mcycle_maj_inj_count,bicycle_death_count,bicycle_maj_inj_count,ped_count,ped_death_count,ped_maj_inj_count,max_severity_level,comm_veh_count,dec_lat,dec_long,rdwy_surf_type_cd,county_name
 ,69690,2011060475,6,67,67301,2011,6,5,1402,14,1,1,0,1,1, , ,N,0,0,0,3,0,1,3,2,Y,N,39 57:32.693,75 10:17.236,1408, ,1405,1,1,4,N, ,0,N, , , , ,798769, , , ,2,1,0,1,0,0,0,0,0,0,0,0,1,1,0,0,0,0,0,0,1,0,0,0,0,0,0,0,0,0,0,0,0,0,0,8,1,39.9591,-75.1715, , 
 ,69691,2011065538,6,67,67301,2011,5,2,1115,11,1,1,0,5,6, , ,N,0,0,0,3,0,1,2,2, , ,39 55:20.816,75 09:41.331,1144, ,1119, ,0, , , ,0, , , , , ,798774, , , ,2,2,0,0,0,0,0,0,0,0,0,1,1,0,0,0,0,0,0,0,1,0,0,0,0,0,0,0,0,0,0,0,0,0,0,4,0,39.9224,-75.1615, , 
 ,69692,2011066035,6,67,67301,2011,5,4,425,4,3,1,0,4,1, , ,N,1,2,0,3,0,1,2,2, , ,39 58:02.330,75 10:25.294,430, ,428, ,0, , , ,3, , , , , ,798785, , , ,1,1,0,0,0,0,0,0,1,0,0,1,1,0,0,0,0,0,0,0,0,0,0,0,0,0,0,0,0,0,0,0,0,0,0,4,0,39.9673,-75.1737, , 
 ,69693,2011083351,6,67,67301,2011,8,2,1720,17,1,2,1,1,1, , ,N,0,0,0,3,0,1,3,3,N,N,40 03:34.826,75 03:29.378,1725, ,1723,1,1,2, , ,0,N, , , , ,798789, , , ,3,2,0,0,1,0,0,0,0,0,0,0,1,1,1,0,0,0,0,0,0,0,1,1,0,0,0,0,0,0,0,0,0,0,0,8,0,40.0597,-75.0582, , 
 ,69694,2011090350,6,67,67301,2011,7,1,1940,19,1,1,0,8,1, , ,N,1,9,0,3,0,1,2,2,N,N,39 59:24.680,75 08:59.719,1945, ,1940, ,0, ,N, ,9, , , , , ,798800, , , ,1,1,0,0,0,0,0,0,0,0,0,1,1,0,1,0,0,0,0,0,0,0,0,0,0,0,0,0,0,0,0,0,1,0,0,4,0,39.9902,-75.1499, , 
 ,69695,2011096951,6,67,67301,2011,9,4,2301,23,3,1,0,1,1, , ,N,0,0,0,3,0,1,2,2,N,N,39 57:45.156,75 11:00.046,2314, ,2305, ,0, ,N, ,0, , , , , ,798809, , , ,2,1,0,0,0,0,1,0,0,0,0,0,1,1,0,0,0,0,0,0,0,0,0,0,0,0,0,0,0,0,0,0,0,0,0,8,0,39.9625,-75.1833, , 
 ,69696,2011100721,6,67,67301,2011,9,3,1320,13,1,2,1,4,1, , ,N,0,0,2,3,0,1,2,2,N, ,40 06:33.787,74 59:44.593,1325, ,1320,2,1,2, , ,0,N, , , , ,798814, , , ,2,1,0,0,0,0,0,1,0,0,1,0,1,0,0,0,0,0,0,1,0,0,0,0,0,0,0,0,0,0,0,0,0,0,0,3,0,40.1094,-74.9957, , 
 ,69697,2011108852,6,67,67301,2011,9,5,2225,22,3,1,0,7,3, , ,N,2,2,0,3,0,0,5,2,N,N,40 04:37.948,74 59:43.097,2249, ,2248, ,0, , , ,9, , , , , ,798819, , , ,2,2,0,0,0,0,0,0,0,0,0,0,0,0,0,0,0,0,0,0,1,0,1,0,0,0,0,0,0,0,0,0,0,0,0,0,0,40.0772,-74.9953, , 
 ,69698,2011061860,6,67,67301,2011,5,3,755,7,1,1,0,4,1, , ,N,0,0,0,3,0,2,3,2,N,N,39 58:19.690,75 11:10.020,807, ,758, ,0, ,N, ,0, , , , , ,798834, , , ,2,2,0,0,0,0,0,0,0,0,0,2,2,0,0,0,0,0,0,0,1,0,0,0,0,0,0,0,0,0,0,0,0,0,0,4,0,39.9721,-75.1861, , 
 ,69699,2011076261,6,67,67301,2011,6,3,29,0,3,1,0,4,1, , ,N,1,3,0,3,0,4,4,2,N,N,39 58:37.426,75 12:19.810,32, ,31, ,0, ,N, ,3, , , , , ,798852, , , ,2,1,1,0,0,0,0,0,0,1,1,2,4,0,0,0,0,0,0,1,0,0,0,0,0,0,0,0,0,1,0,0,0,0,0,2,0,39.9771,-75.2055, , 
 ,69700,2011082449,6,67,67301,2011,7,3,2242,22,3,1,0,4,1, , ,N,1,2,0,3,0,1,2,2,N,N,40 01:24.369,75 08:21.713,2245, ,2245, ,0, ,N, ,3, , , , , ,798858, , , ,1,1,0,0,0,0,0,0,1,0,0,1,1,0,0,0,0,0,0,0,1,0,0,0,0,0,0,0,0,0,0,0,0,0,0,4,0,40.0234,-75.1394, , 
 ,69701,2011083344,6,67,67301,2011,7,7,925,9,1,1,0,2,1, , ,N,1,2,0,3,0,1,5,9,N, ,39 59:18.667,75 06:23.029,938, ,930,2,1,2, , ,3,N, , , , ,798859, , , ,9,6,0,0,0,0,2,1,0,0,0,1,1,0,0,0,0,0,0,0,1,1,0,4,0,0,0,0,0,0,0,0,0,0,0,4,0,39.9885,-75.1064, , 
 ,69702,2011095402,6,67,67301,2011,8,2,300,3,3,1,0,4,1, , ,N,5,2,0,3,0,3,6,2,N,N,40 01:53.078,75 05:05.038,315, ,305, ,0, , , ,3, , , , , ,798871, , , ,2,2,0,0,0,0,0,0,0,0,0,3,3,0,0,0,0,1,0,0,0,0,0,0,0,0,0,0,0,0,0,0,0,0,0,4,0,40.0314,-75.0847, , 
 ,69703,2011095423,6,67,67301,2011,8,2,2330,23,3,1,0,4,3, , ,N,1,2,0,3,0,2,3,2,N,N,39 58:51.252,75 14:47.556,19, ,19, ,0, ,N, ,9, , , , , ,798872, , , ,2,0,0,0,0,0,1,1,0,0,0,2,2,0,1,0,0,0,0,0,0,0,0,0,0,0,0,0,0,0,0,0,0,0,0,4,0,39.9809,-75.2465, , 
 ,69704,2011028890,6,67,67301,2011,1,2,1215,12,1,4,6,8,1, , ,N,0,0,0,3,0,1,2,2,N,N,39 58:44.577,75 09:38.529,1217, ,1217, ,0, ,N, ,0, , , , , ,798892, , , ,1,0,0,0,0,0,0,1,0,0,0,1,1,0,0,0,0,0,0,0,0,0,0,0,0,0,0,0,0,0,0,0,1,0,0,4,0,39.979,-75.1607, , 
 ,69705,2011029072,6,67,67301,2011,2,1,925,9,1,1,0,4,1, , ,N,1,2,0,3,0,1,3,2, , ,40 03:23.636,75 02:47.581,928, ,925,1,1,1, , ,3,N, , , , ,798893, , , ,2,2,0,0,0,0,0,0,0,0,0,0,1,1,0,0,0,0,0,0,0,0,0,0,0,0,0,0,0,0,0,0,0,0,0,8,0,40.0566,-75.0466, , 
 ,69706,2011016011,6,67,67301,2011,1,5,545,5,3,1,0,5,6, , ,N,0,0,0,3,0,0,1,2,N,N,40 02:35.314,75 00:59.534,600, ,551, ,0, ,N, ,0, , , , , ,791415, , , ,2,2,0,0,0,0,0,0,0,0,0,0,0,0,0,0,0,0,0,0,0,0,0,0,0,0,0,0,0,0,0,0,0,0,0,0,0,40.0431,-75.0165, , 
 ,69707,2011031419,6,67,67301,2011,2,1,156,1,3,1,0,4,6, , ,N,0,0,0,3,0,1,1,3,N,N,39 56:53.570,75 12:25.336,156, ,156,2,1,7,N, ,0,Y, , , , ,791428, , , ,3,2,0,0,0,0,1,0,0,0,0,0,1,1,0,0,0,0,0,0,0,0,0,1,0,0,0,0,0,0,0,0,0,0,0,8,0,39.9482,-75.207, , 
 ,69708,2011044586,6,67,67301,2011,3,4,1017,10,1,1,0,4,1, , ,N,1,2,0,3,0,3,3,3, , ,40 02:40.636,75 03:16.819,1023, ,1018,1,2,3, , ,3,N, , , , ,791444, , , ,2,2,0,0,0,0,0,0,0,0,1,2,3,0,0,0,0,0,0,0,1,1,0,0,0,0,0,0,0,0,0,0,1,0,0,3,0,40.0446,-75.0547, , 
 ,69709,2011054257,6,67,67301,2011,5,1,1209,12,1,1,0,8,1, , ,N,0,0,0,3,0,1,2,2,N,N,39 58:29.245,75 11:07.091,1213, ,1210, ,0, ,N, ,0, , , , , ,791449, , , ,1,0,0,0,0,0,1,0,0,0,0,1,1,0,0,0,0,0,0,0,0,1,0,0,0,0,0,0,0,0,0,0,1,0,0,4,0,39.9748,-75.1853, , 
 ,69710,2011054276,6,67,67301,2011,4,5,1845,18,1,1,0,4,1, , ,N,0,0,7,3,0,0,3,2,N,N,40 05:06.303,75 02:12.377,1850, ,1845,9,1,3,N, ,0,N, , , , ,791450, , , ,2,2,0,0,0,0,0,0,0,0,0,0,0,0,0,0,0,0,0,0,0,0,0,0,0,0,0,0,0,0,0,0,0,0,0,0,0,40.0851,-75.0368, , 
 ,69711,2011015994,6,67,67301,2011,1,1,1206,12,1,1,0,4,5, , ,N,1,2,0,3,0,3,5,2,N,N,40 00:35.623,75 10:00.930,1206, ,1202, ,0, ,Y, ,3, , , , , ,791465, , , ,2,0,0,1,0,0,1,0,0,0,3,0,3,0,0,0,0,0,0,0,2,0,0,0,0,0,0,0,0,0,0,0,0,0,0,3,1,40.0098,-75.1669, , 
 ,69712,2011022205,6,67,67301,2011,2,7,5,0,3,1,0,7,2, , ,N,0,0,0,3,0,1,1,1,N,N,39 56:44.754,75 11:24.275,15, ,10, ,0, ,N, ,0, , , , , ,791474, , , ,1,1,0,0,0,0,0,0,0,0,1,0,1,0,0,0,0,0,0,0,0,0,0,0,0,0,0,0,0,0,0,0,0,0,0,3,0,39.9458,-75.1901, , 
 ,69713,2011023337,6,67,67301,2011,1,4,626,6,3,4,4,7,4, , ,N,0,2,0,3,0,0,1,1,N,N,40 01:56.222,75 03:03.412,633, ,628, ,0, , , ,3, , , , , ,791475, , , ,1,1,0,0,0,0,0,0,0,0,0,0,0,0,0,0,0,0,0,0,1,0,0,0,0,0,0,0,0,0,0,0,0,0,0,0,0,40.0323,-75.0509, , 
 ,69714,2011044546,6,67,67301,2011,3,4,850,8,1,1,0,4,1, , ,N,2,3,0,3,0,1,2,2, , ,39 58:03.856,75 08:58.426,910, ,858, ,0, , , ,3, , , , , ,791487, , , ,2,1,0,0,0,0,0,1,0,0,0,1,1,0,0,0,0,0,0,0,0,0,0,0,0,0,0,0,0,0,0,0,0,0,0,4,0,39.9677,-75.1496, , 
 ,69715,2011037950,6,67,67301,2011,3,1,843,8,1,1,0,1,1, , ,N,1,2,0,3,0,2,5,2,N,N,39 58:50.397,75 08:13.811,846, ,843, ,0, ,N, ,3, , , , , ,791524, , , ,2,2,0,0,0,0,0,0,0,0,0,2,2,0,0,0,0,0,0,0,0,0,0,0,0,0,0,0,0,0,0,0,0,0,0,4,0,39.9807,-75.1372, , 
 ,69716,2011040428,6,67,67301,2011,3,5,1650,16,1,1,0,5,1, , ,N,1,1,0,3,0,1,2,2,N,N,40 02:20.571,75 08:40.639,1700, ,1655, ,0, ,N, ,3, , , , , ,791527, , , ,2,1,0,1,0,0,0,0,0,0,0,1,1,0,0,0,0,0,0,0,0,0,0,0,0,0,0,0,0,0,0,0,0,0,0,4,1,40.039,-75.1446, , 
 ,69717,2011047132,6,67,67301,2011,4,1,1800,18,1,1,0,5,1, , ,N,0,0,0,3,0,2,3,4,N,N,39 56:06.824,75 10:32.962,1805, ,1803, ,0, ,N, ,0, , , , , ,791534, , , ,2,2,0,0,0,0,0,0,0,0,0,2,2,0,0,0,0,0,0,0,0,0,0,1,0,0,0,0,0,0,0,0,2,0,0,4,0,39.9352,-75.1758, , 
 ,69718,2011049199,6,67,67301,2011,4,4,1430,14,1,1,0,1,1, , ,N,0,0,0,3,0,1,3,2,N,N,40 01:04.135,75 10:19.440,1450, ,1433,1,1,4, , ,0,N, , , , ,791538, , , ,2,2,0,0,0,0,0,0,0,0,0,1,1,0,0,1,0,0,0,1,0,0,0,0,0,0,0,0,0,0,0,0,0,0,0,4,0,40.0178,-75.1721, , 
 ,69719,2011054075,6,67,67301,2011,4,1,49,0,3,2,1,4,1, , ,N,1,2,0,3,0,1,2,2,N,N,40 01:47.231,75 05:16.817,52, ,50,2,1,1,N, ,9,Y, , , , ,791545, , , ,2,2,0,0,0,0,0,0,0,0,0,0,1,1,0,0,0,0,0,1,0,0,0,0,0,0,0,0,0,0,0,0,0,0,0,8,0,40.0298,-75.088, , 
 ,69720,2011075728,6,67,67301,2011,7,6,1750,17,1,1,0,8,1, , ,N,0,0,0,3,0,1,3,2,N,N,39 59:48.886,75 06:22.392,1805, ,1801, ,0, , , ,0, , , , , ,791556, , , ,1,1,0,0,0,0,0,0,0,0,0,1,1,0,0,0,0,0,0,0,0,0,0,0,0,0,0,0,0,0,0,0,1,0,0,4,0,39.9969,-75.1062, , 
 ,69721,2011075788,6,67,67301,2011,6,3,845,8,3,1,0,5,1, , ,N,0,0,0,3,0,1,2,2, , ,39 59:38.963,75 09:22.475,900, ,857,2,1,3, , ,0,N, , , , ,791557, , , ,1,0,0,0,0,0,1,0,1,0,1,0,1,0,0,0,0,0,0,0,1,0,0,0,0,0,0,0,0,0,0,0,0,0,0,3,0,39.9942,-75.1562, , 
 ,69722,2011082500,6,67,67301,2011,6,5,1528,15,1,1,0,1,1, , ,N,1,2,0,3,0,6,11,3,N, ,40 00:15.609,75 07:41.037,1650, ,1648, ,0, , , ,3, , , , , ,791563, , , ,3,0,0,0,0,0,1,2,0,0,0,0,6,6,0,0,0,0,0,0,0,0,0,0,0,0,0,0,0,0,0,0,0,0,0,8,0,40.0043,-75.1281, , 
 ,69723,2011085511,6,67,67301,2011,7,5,1515,15,1,1,0,8,1, , ,N,0,0,0,3,0,1,2,2,N,N,40 02:06.338,75 08:20.475,1642, ,1642, ,0, ,N, ,0, , , , , ,791566, , , ,1,0,0,0,0,0,0,1,0,0,0,1,1,0,0,0,0,0,0,0,0,0,0,0,0,0,0,0,0,0,0,0,1,0,0,4,0,40.0351,-75.139, , 
 ,69724,2011095636,6,67,67301,2011,8,4,1410,14,1,1,0,0,1, , ,N,6,0,2,3,0,1,1,1,N,N,39 56:21.493,75 08:37.679,1410, ,1410,1,2,2,N, ,0,N, , , , ,794956, , , ,1,0,1,0,0,0,0,0,0,0,1,0,1,0,0,0,0,0,0,0,0,0,0,0,0,0,0,0,0,0,0,0,0,0,0,3,0,39.9407,-75.1435, , 
 ,69725,2011100814,6,67,67301,2011,9,2,9999,99,1,1,0,4,1, , ,N,1,3,0,3,0,1,2,2,N,N,40 00:55.112,75 04:27.555,1135, ,1130, ,0, ,N, ,3, , , , , ,794964, , , ,2,1,0,0,0,0,1,0,0,0,0,0,1,1,0,0,0,0,0,1,0,0,0,0,0,0,0,0,0,0,0,0,0,0,0,8,0,40.0153,-75.0743, , 
 ,69726,2011010024,6,67,67301,2011,1,3,1235,12,1,1,0,4,1, , ,N,1,2,0,3,0,2,3,2,N,N,40 03:20.701,75 05:22.429,1240, ,1238, ,0, ,N, ,3, , , , , ,794972, , , ,2,2,0,0,0,0,0,0,0,0,0,0,2,2,0,0,0,0,0,0,1,0,0,0,0,0,0,0,0,0,0,0,0,0,0,8,0,40.0558,-75.0896, , 
 ,69727,2011013304,6,67,67301,2011,1,3,907,9,1,1,0,1,1, , ,N,0,0,0,3,0,0,2,2,N,N,39 59:45.982,75 11:49.222,939, ,911, ,0, ,N, ,0, , , , , ,794974, , , ,2,1,0,0,0,0,0,1,0,0,0,0,0,0,0,0,0,0,0,0,0,0,0,0,0,0,0,0,0,0,0,0,0,0,0,0,0,39.9961,-75.197, , 
 ,69728,2011031576,6,67,67301,2011,3,1,1449,14,1,2,1,5,1, , ,N,0,0,0,3,0,1,3,2,N,N,39 56:08.087,75 11:58.999,1453, ,1452,1,1,4,N, ,0,N, , , , ,794986, , , ,2,1,0,0,0,0,0,1,0,0,0,1,1,0,0,0,0,0,0,0,1,0,0,0,0,0,0,0,0,0,0,0,0,0,0,4,0,39.9356,-75.1997, , 
 ,69729,2011044856,6,67,67301,2011,4,1,205,2,3,1,0,5,1, , ,N,0,0,0,3,0,0,6,3,N,N,39 56:23.722,75 09:58.512,212, ,212, ,0, , , ,0, , , , , ,794998, , , ,3,3,0,0,0,0,0,0,0,0,0,0,0,0,0,0,0,1,0,0,0,0,0,0,0,0,0,0,0,0,0,0,0,0,0,0,0,39.94,-75.1662, , 
 ,69730,2011040339,6,67,67301,2011,3,7,1030,10,1,1,0,4,1, , ,N,0,0,0,3,0,0,2,2,N,N,40 06:27.064,74 59:12.102,1035, ,1030, ,0, , , ,0, , , , , ,795052, , , ,2,2,0,0,0,0,0,0,0,0,0,0,0,0,0,0,0,0,0,0,0,0,0,0,0,0,0,0,0,0,0,0,0,0,0,0,0,40.1075,-74.9867, , 
 ,69731,2011053625,6,67,67301,2011,4,2,2044,20,2,1,0,4,1, , ,N,1,0,0,3,0,1,3,2,N,N,40 03:08.640,75 04:23.775,2047, ,2046, ,0, ,N, ,0, , , , , ,795062, , , ,2,1,0,0,1,0,0,0,0,0,0,0,1,1,0,0,0,0,0,0,1,0,0,0,0,0,0,0,0,0,0,0,0,0,0,8,0,40.0524,-75.0733, , 
 ,69732,2011054278,6,67,67301,2011,4,1,2302,23,3,1,0,1,1, , ,N,1,2,0,3,0,1,2,2,N,N,40 04:12.769,75 04:13.466,2308, ,2305, ,0, ,N, ,3, , , , , ,795063, , , ,2,1,0,0,1,0,0,0,0,0,0,1,1,0,0,0,0,0,0,0,1,0,0,0,0,0,0,0,0,0,0,0,0,0,0,4,0,40.0702,-75.0704, , 
 ,69733,2011057303,6,67,67301,2011,5,5,1930,19,1,1,0,4,1, , ,N,1,2,0,3,0,1,2,2,N,N,40 04:51.077,75 01:43.585,1935, ,1930,1,1,2,N, ,3,N, , , , ,795064, , , ,2,0,0,0,0,0,2,0,0,0,0,1,1,0,0,0,0,0,0,0,0,0,0,0,0,0,0,0,0,0,0,0,0,0,0,4,0,40.0809,-75.0288, , 
 ,69734,2011015793,6,67,67301,2011,1,3,1214,12,1,4,1,7,5, , ,N,0,0,0,3,0,0,2,1, , ,40 05:50.330,75 03:21.657,1220, ,1216, ,0, , , ,0, , , , , ,795073, , , ,1,0,0,0,0,0,0,1,0,0,0,0,0,0,0,0,0,0,0,0,0,0,0,0,0,0,0,0,0,0,0,0,0,0,0,0,0,40.0973,-75.056, , 
 ,69735,2011031456,6,67,67301,2011,2,4,2342,23,3,1,0,4,1, , ,N,1,2,0,3,0,2,2,2,N,N,39 57:39.331,75 14:41.973,2344, ,2342, ,0, ,N, ,1, , , , , ,795089, , , ,2,2,0,0,0,0,0,0,0,0,0,0,2,2,0,0,0,0,0,0,0,0,0,0,0,0,0,0,0,0,0,0,0,0,0,8,0,39.9609,-75.245, , 
 ,69736,2011031610,6,67,67301,2011,2,4,2230,22,3,1,0,4,1, , ,N,0,0,7,3,0,7,7,2, , ,39 59:27.417,75 07:51.617,2300, ,2230,1,1,4, , ,0,Y, , , , ,795090, , , ,2,2,0,0,0,0,0,0,0,0,0,7,7,0,0,0,0,0,0,0,0,0,0,0,0,0,0,0,0,0,0,0,0,0,0,4,0,39.9909,-75.131, , 
 ,69737,2011039847,6,67,67301,2011,4,6,624,6,2,2,1,7,2, , ,N,0,0,0,3,0,0,1,1,N,N,39 56:41.671,75 11:28.197,627, ,624, ,0, ,N, ,0, , , , , ,795100, , , ,1,1,0,0,0,0,0,0,0,0,0,0,0,0,0,0,0,0,0,0,0,0,0,0,0,0,0,0,0,0,0,0,0,0,0,0,0,39.9449,-75.1912, , 
 ,69738,2011047085,6,67,67301,2011,4,4,1805,18,1,1,0,2,1, , ,N,2,2,0,3,0,4,4,3,N,N,40 01:33.252,75 12:11.489,1810, ,1806,2,2,1,N, ,3,Y, , , , ,795103, , , ,3,2,0,0,0,0,1,0,0,0,1,1,4,2,0,0,0,0,0,0,0,0,0,0,0,0,0,0,0,0,0,0,0,0,0,3,0,40.0259,-75.2032, , 
 ,69739,2011020991,6,67,67301,2011,2,5,1126,11,1,1,0,5,1, , ,N,0,0,0,3,0,1,2,2,N,N,39 59:30.676,75 12:07.938,1127, ,1127,1,2,4,N, ,0,N, , , , ,795129, , , ,2,1,0,0,1,0,0,0,0,0,0,0,1,1,0,0,0,0,0,0,0,0,0,2,0,0,0,0,0,0,0,0,0,0,0,8,0,39.9919,-75.2022, , 
 ,69740,2011054277,6,67,67301,2011,4,7,240,2,3,2,1,4,1, , ,N,1,2,0,3,0,1,2,2,N,N,40 07:43.924,75 00:49.810,249, ,244, ,0, ,N, ,3, , , , , ,795148, , , ,2,1,0,0,0,0,0,1,0,0,0,1,1,0,0,0,0,0,0,0,0,0,0,0,0,0,0,0,0,0,0,0,0,0,0,4,0,40.1288,-75.0137, , 
 ,69741,2011056746,6,67,67301,2011,5,2,1635,16,1,1,0,4,1, , ,N,1,0,0,3,0,1,2,2,N,N,40 03:31.491,74 59:44.414,1646, ,1638, ,0, ,N, ,0, , , , , ,795151, , , ,1,1,0,0,0,0,0,0,1,0,0,0,1,1,0,0,0,0,0,0,0,0,0,0,0,0,0,0,0,0,0,0,0,0,0,8,0,40.0587,-74.9957, , 
Y,69742,2011020990,6,67,67301,2011,2,4,836,8,1,1,0,1,1,2,4,Y,0,0,3,3,0,0,5,5,N,N,39 53:30.359,75 11:54.597,836,45,836, ,0, ,N, ,0, ,N,N,N,N,795178,N,N,N,5,3,0,0,0,0,0,1,0,0,0,0,0,0,0,0,0,0,0,0,0,0,0,0,0,0,0,0,0,0,0,0,0,0,0,0,0,39.8918,-75.1985, , 
 ,69743,2011106238,6,67,67301,2011,9,7,818,8,1,2,1,5,6, , ,N,0,0,0,3,0,0,1,2,N,N,40 00:36.544,75 04:44.449,826, ,821, ,0, ,N, ,0, , , , , ,801760, , , ,2,1,0,0,0,0,1,0,0,0,0,0,0,0,0,0,0,0,1,0,0,0,0,0,0,0,0,0,0,0,0,0,0,0,0,0,0,40.0102,-75.079, , 
 ,69744,2011073289,6,67,67301,2011,6,4,1939,19,3,1,0,4,1, , ,N,1,2,0,3,0,2,3,2, , ,40 01:28.740,75 07:25.247,2010, ,1949, ,0, , , ,3, , , , , ,801773, , , ,2,1,0,0,0,0,1,0,0,0,0,2,2,0,0,0,0,0,0,0,1,0,0,0,0,0,0,0,0,0,0,0,0,0,0,4,0,40.0247,-75.1237, , 
 ,69745,2011089860,6,67,67301,2011,8,4,1038,10,1,1,0,5,1, , ,N,0,0,0,3,0,1,6,2,N,N,39 57:54.750,75 08:15.302,1100, ,1043, ,0, ,N, ,0, , , , , ,801782, , , ,2,0,0,0,1,0,0,1,0,0,0,1,1,0,0,0,0,0,0,0,1,0,0,0,0,0,0,0,0,0,0,0,0,0,0,4,0,39.9653,-75.1375, , 
 ,69746,2011112261,6,67,67301,2011,10,4,2139,21,2,1,0,1,2, , ,N,0,0,0,3,0,2,4,2,N,N,40 00:50.738,75 10:43.400,2144, ,2140,2,2,1,N, ,0,N, , , , ,801811, , , ,2,2,0,0,0,0,0,0,0,0,0,2,2,0,0,0,0,0,0,0,1,0,0,0,0,0,0,0,0,0,0,0,0,0,0,4,0,40.0141,-75.1787, , 
 ,69747,2011112296,6,67,67301,2011,10,3,915,9,1,1,0,4,9, , ,N,1,0,0,3,0,2,2,2,N,N,40 00:40.888,75 08:35.203,940, ,930, ,0, ,N, ,0, , , , , ,801812, , , ,2,2,0,0,0,0,0,0,0,0,0,2,2,0,0,0,0,0,0,1,0,0,0,0,0,0,0,0,0,0,0,0,0,0,0,4,0,40.0114,-75.1431, , 
 ,69748,2011056804,6,67,67301,2011,5,6,1145,11,1,1,0,4,1, , ,N,1,0,0,3,0,1,3,2,N,N,40 02:28.161,75 09:04.622,1250, ,1245, ,0, ,N, ,0, , , , , ,801813, , , ,2,1,0,0,1,0,0,0,0,0,0,0,1,1,0,0,0,0,0,0,1,0,1,0,0,0,0,0,0,0,0,0,0,0,0,8,0,40.0412,-75.1513, , 
 ,69749,2011056392,6,67,67301,2011,5,2,1750,17,1,1,0,4,1, , ,N,1,2,0,3,0,1,2,2,N, ,39 58:18.644,75 14:41.701,1756, ,1754, ,0, ,N, ,3, , , , , ,801819, , , ,2,0,0,0,0,0,2,0,0,0,0,1,1,0,0,0,0,0,0,0,0,0,0,0,0,0,0,0,0,0,0,0,0,0,0,4,0,39.9719,-75.2448, , 
 ,69750,2011067929,6,67,67301,2011,6,4,1825,18,1,1,0,1,1, , ,N,0,0,0,3,0,1,5,3,N,N,40 00:35.277,75 03:53.472,1841, ,1828, ,0, ,N, ,0, , , , , ,801833, , , ,3,2,0,0,0,0,1,0,0,0,0,1,1,0,0,0,0,1,0,0,1,0,0,0,0,0,0,0,0,0,0,0,0,0,0,4,0,40.0098,-75.0647, , 
 ,69751,2011100710,6,67,67301,2011,9,5,1545,15,1,1,0,8,1, , ,N,1,2,0,3,0,1,2,2,N,N,39 58:50.962,75 09:01.180,1551, ,1549, ,0, ,N, ,2, , , , , ,801860, , , ,1,1,0,0,0,0,0,0,0,0,0,1,1,0,1,0,0,0,0,0,0,0,0,1,0,0,0,0,0,0,0,0,1,0,0,4,0,39.9808,-75.1503, , 
 ,69752,2011082658,6,67,67301,2011,7,2,1745,17,1,1,0,4,1, , ,N,1,3,0,3,0,1,4,3,N,N,39 56:21.019,75 13:38.420,1747, ,1745,2,1,1,N, ,3,N, , , , ,801880, , , ,3,2,0,0,1,0,0,0,0,0,0,1,1,0,0,0,0,0,0,0,0,0,0,0,0,0,0,0,0,0,0,0,0,0,0,4,0,39.9392,-75.2273, , 
 ,69753,2011090870,6,67,67301,2011,8,6,2229,22,3,1,1,7,4, , ,N,0,0,2,3,0,0,1,1,N,N,40 02:44.840,75 00:00.922,2329, ,2251, ,0, ,Y, ,0, , , , , ,801888, , , ,1,1,0,0,0,0,0,0,0,0,0,0,0,0,0,0,0,0,0,0,0,0,0,0,0,0,0,0,0,0,0,0,0,0,0,0,0,40.0458,-75.0003, , 
 ,69754,2011093097,6,67,67301,2011,8,7,9999,99,1,1,1,1,1, , ,N,0,0,0,3,0,4,4,2,N, ,39 59:30.685,75 08:19.743,1936, ,1930,9,1,3, , ,0,N, , , , ,801889, , , ,2,1,0,0,0,0,1,0,0,0,0,4,4,0,0,0,0,0,0,0,0,0,0,0,0,0,0,0,0,0,0,0,0,0,0,4,0,39.9919,-75.1388, , 
 ,69755,2011095483,6,67,67301,2011,8,1,1350,13,1,1,1,7,2, , ,N,0,0,0,3,0,1,1,1,N,N,39 57:52.430,75 08:51.514,1355, ,1350, ,0, , , ,0, , , , , ,801890, , , ,1,0,0,0,0,0,0,1,0,0,0,1,1,0,0,0,0,0,0,0,1,0,0,0,0,0,0,0,0,0,0,0,0,0,0,4,0,39.9646,-75.1476, , 
 ,69756,2011098150,6,67,67301,2011,9,1,1715,17,1,1,0,6,1, , ,N,1,3,0,3,0,1,3,2,N,N,39 55:00.289,75 09:36.298,1721, ,1721, ,0, , , ,3, , , , , ,801893, , , ,2,2,0,0,0,0,0,0,0,0,0,1,1,0,0,0,0,0,0,0,0,0,1,0,0,0,0,0,0,0,0,0,0,0,0,4,0,39.9167,-75.1601, , 