wz_ln_closure,objectid_1,crn,district,county,municipality,crash_year,crash_month,day_of_week,time_of_day,hour_of_day,illumination,weather,road_condition,collision_type,relation_to_road,work_zone_type,work_zone_loc,work_zone_ind,intersect_type,tcd_type,location_type,urban_rural,fatal_count,injury_count,person_count,total_units,sch_bus_ind,sch_zone_ind,latitude,longitude,arrival_tm,cons_zone_spd_lim,dispatch_tm,est_hrs_closed,lane_closed,ln_close_dir,ntfy_hiwy_maint,spec_juris_cd,tcd_func_cd,tfc_detour_ind,workers_pres,wz_close_detour,wz_flagger,wz_law_offcr_ind,objectid,wz_moving,wz_other,wz_shlder_mdn,vehicle_count,automobile_count,motorcycle_count,bus_count,small_truck_count,heavy_truck_count,suv_count,van_count,bicycle_count,maj_inj_count,mod_inj_count,min_inj_count,tot_inj_count,unk_inj_deg_count,unk_inj_per_count,driver_count_16yr,driver_count_17yr,driver_count_18yr,driver_count_19yr,driver_count_20yr,driver_count_50_64yr,driver_count_65_74yr,driver_count_75plus,unbelted_occ_count,unb_death_count,unb_maj_inj_count,belted_death_count,belted_maj_inj_count,mcycle_death_count,mcycle_maj_inj_count,bicycle_death_count,bicycle_maj_inj_count,ped_count,ped_death_count,ped_maj_inj_count,max_severity_level,comm_veh_count,dec_lat,dec_long,rdwy_surf_type_cd,county_name
 ,69757,2011111705,6,67,67301,2011,10,6,1623,16,1,1,0,1,1, , ,N,0,0,4,3,0,4,6,5,N,N,39 57:14.188,75 10:52.756,1638, ,1627, ,0, ,N, ,0, , , , , ,801907, , , ,5,2,0,0,0,0,2,0,0,0,0,4,4,0,1,0,0,0,0,0,2,0,0,1,0,0,0,0,0,0,0,0,0,0,0,4,0,39.9539,-75.1813, , 
 ,69758,2011066220,6,67,67301,2011,5,6,1600,16,1,1,0,4,1, , ,N,2,3,0,3,0,1,2,2,N,N,39 58:17.961,75 11:08.293,1605, ,1603, ,0, ,N, ,3, , , , , ,801922, , , ,2,2,0,0,0,0,0,0,0,0,0,0,1,1,1,0,0,0,0,0,0,1,0,1,0,0,0,0,0,0,0,0,0,0,0,8,0,39.9717,-75.1856, , 
 ,69759,2011088069,6,67,67301,2011,8,6,1510,15,1,1,0,1,1, , ,N,1,0,0,3,0,1,3,2,N,N,39 54:59.016,75 10:03.351,1625, ,1620, ,0, ,N, ,0, , , , , ,801940, , , ,2,2,0,0,0,0,0,0,0,0,0,1,1,0,0,0,0,0,1,0,0,0,0,0,0,0,0,0,0,0,0,0,0,0,0,4,0,39.9163,-75.1676, , 
 ,69760,2011115476,6,67,67301,2011,10,3,1336,13,1,1,0,8,1, , ,N,1,2,0,3,0,1,2,2,N, ,39 55:23.512,75 10:11.995,1342, ,1339, ,0, , , ,3, , , , , ,801956, , , ,1,0,0,0,0,0,1,0,0,0,1,0,1,0,0,0,0,0,0,0,1,0,0,0,0,0,0,0,0,0,0,0,1,0,0,3,0,39.9231,-75.1699, , 
 ,69761,2011028932,6,67,67301,2011,1,1,1028,10,1,4,1,1,1, , ,N,5,2,0,3,0,1,2,2, , ,39 54:46.993,75 10:20.708,1032, ,1028, ,0, , , ,3, , , , , ,787711, , , ,2,1,0,0,1,0,0,0,0,0,0,0,1,1,0,0,0,0,0,0,1,0,0,0,0,0,0,0,0,0,0,0,0,0,0,8,0,39.913,-75.1721, , 
 ,69762,2011031312,6,67,67301,2011,2,2,1445,14,1,1,0,4,1, , ,N,1,2,0,3,0,4,4,2, , ,39 55:12.734,75 13:48.680,1639, ,1639, ,0, , , ,9, , , , , ,787715, , , ,2,1,0,0,1,0,0,0,0,0,0,4,4,0,0,0,0,0,0,0,0,0,0,0,0,0,0,0,0,0,0,0,0,0,0,4,0,39.9202,-75.2302, , 
 ,69763,2011031396,6,67,67301,2011,2,4,1928,19,3,1,0,5,9, , ,N,0,0,99,3,0,1,2,3, , ,40 02:25.810,75 13:35.620,1929, ,1928, ,0, , , ,0, , , , , ,787716, , , ,3,3,0,0,0,0,0,0,0,0,0,1,1,0,0,0,0,0,0,0,0,0,0,0,0,0,0,0,0,0,0,0,0,0,0,4,0,40.0405,-75.2266, , 
 ,69764,2011037913,6,67,67301,2011,3,2,2011,20,3,1,0,4,1, , ,N,0,0,0,3,0,1,2,2,N,N,39 59:52.879,75 07:32.158,2015, ,2013,3,1,3,N, ,0,Y, , , , ,787767, , , ,1,1,0,0,0,0,0,0,1,0,0,1,1,0,0,0,0,0,0,0,0,0,0,0,0,0,0,0,0,0,0,0,0,0,0,4,0,39.998,-75.1256, , 
 ,69765,2011054360,6,67,67301,2011,4,6,9999,99,1,1,0,8,1, , ,N,1,2,0,3,0,1,2,2,N,N,39 56:51.180,75 09:33.213,1323, ,1322,1,2,1,N, ,3,N, , , , ,787785, , , ,1,1,0,0,0,0,0,0,0,0,0,1,1,0,0,0,0,0,0,0,1,0,0,0,0,0,0,0,0,0,0,0,1,0,0,4,0,39.9476,-75.1592, , 
 ,69766,2011027434,6,67,67301,2011,3,4,2329,23,3,1,0,7,3, , ,N,0,0,0,3,0,0,3,1,N,N,39 57:35.829,75 10:45.845,2337, ,2330,1,1,3,N, ,0,N, , , , ,787812, , , ,1,1,0,0,0,0,0,0,0,0,0,0,0,0,0,0,0,0,0,0,0,0,0,0,0,0,0,0,0,0,0,0,0,0,0,0,0,39.96,-75.1794, , 
 ,69767,2011029074,6,67,67301,2011,2,2,630,6,1,1,0,1,1, , ,N,0,2,6,3,0,0,4,4,N,N,40 01:46.056,75 06:14.020,703, ,639,2,1,1,N, ,3,N, , , , ,787816, , , ,4,3,0,0,0,0,0,1,0,0,0,0,0,0,1,0,0,0,0,0,0,0,0,0,0,0,0,0,0,0,0,0,0,0,0,9,0,40.0295,-75.1039, , 
 ,69768,2011029201,6,67,67301,2011,2,6,1147,11,1,1,0,1,1, , ,N,0,0,3,3,0,1,2,2, , ,39 53:53.624,75 12:38.520,1158, ,1153,1,2,4, , ,0,N, , , , ,787817, , , ,2,1,0,0,0,1,0,0,0,0,1,0,1,0,0,0,0,0,0,0,1,0,0,0,0,0,0,0,0,0,0,0,0,0,0,3,1,39.8982,-75.2107, , 
 ,69769,2011056944,6,67,67301,2011,5,7,1123,11,1,1,0,2,9, , ,N,10,0,7,3,0,1,6,2,N,N,40 03:43.260,75 05:05.283,1155, ,1130, ,0, ,N, ,0, , , , , ,787831, , , ,2,2,0,0,0,0,0,0,0,0,0,1,1,0,0,0,0,0,0,0,0,0,0,0,0,0,0,0,0,0,0,0,0,0,0,4,0,40.062,-75.0848, , 
 ,69770,2011028985,6,67,67301,2011,2,6,9999,99,3,1,0,5,1, , ,N,0,0,0,3,0,4,4,2,N,N,39 55:41.307,75 13:50.365,1057, ,1057, ,0, ,N, ,0, , , , , ,787853, , , ,2,0,0,0,0,0,2,0,0,0,0,0,4,4,0,0,0,0,0,0,0,0,0,0,0,0,0,0,0,0,0,0,0,0,0,8,0,39.9281,-75.2307, , 
 ,69771,2011031170,6,67,67301,2011,2,2,1240,12,1,1,0,4,1, , ,N,1,2,0,3,0,3,5,2,N,N,39 59:25.814,75 08:25.976,1250, ,1247,1,1,1,N, ,3,N, , , , ,787855, , , ,2,1,0,0,0,0,1,0,0,0,0,3,3,0,0,0,0,0,0,0,1,0,0,5,0,0,0,0,0,0,0,0,0,0,0,4,0,39.9905,-75.1405, , 
 ,69772,2011048068,6,67,67301,2011,5,7,1753,17,1,1,0,7,2, , ,N,7,0,2,3,0,1,1,1,N,N,39 57:05.932,75 08:29.313,1804, ,1755, ,0, ,N, ,0, , , , , ,787872, , , ,1,0,1,0,0,0,0,0,0,0,0,1,1,0,0,0,0,0,0,0,0,0,0,0,0,0,0,0,0,0,0,0,0,0,0,4,0,39.9517,-75.1415, , 
 ,69773,2011064114,6,67,67301,2011,5,2,1615,16,1,1,0,7,5, , ,N,1,0,0,3,0,4,4,1,N,N,40 04:54.543,75 01:49.683,1621, ,1619,1,1,3,N, ,0,N, , , , ,787881, , , ,1,1,0,0,0,0,0,0,0,0,0,4,4,0,0,0,0,0,0,0,0,0,0,0,0,0,0,0,0,0,0,0,0,0,0,4,0,40.0818,-75.0305, , 
 ,69774,2011010034,6,67,67301,2011,1,1,1230,12,1,1,0,1,1, , ,N,1,2,0,3,0,0,2,2,N,N,39 54:19.871,75 10:26.843,1237, ,1235, ,0, ,N, ,3, , , , , ,787885, , , ,2,1,0,0,0,0,1,0,0,0,0,0,0,0,0,0,0,0,0,0,0,0,0,0,0,0,0,0,0,0,0,0,0,0,0,0,0,39.9055,-75.1741, , 
 ,69775,2011020367,6,67,67301,2011,2,3,1807,18,3,1,0,0,1, , ,N,0,0,0,3,0,0,1,1,N,N,39 54:20.519,75 09:00.091,1819, ,1809, ,0, ,N, ,0, , , , , ,787896, , , ,1,1,0,0,0,0,0,0,0,0,0,0,0,0,0,0,0,0,0,0,0,0,0,0,0,0,0,0,0,0,0,0,0,0,0,0,0,39.9058,-75.15, , 
 ,69776,2011026150,6,67,67301,2011,2,6,1805,18,3,1,0,1,1, , ,N,0,0,0,3,0,1,3,2,N,N,40 02:25.729,75 00:20.932,1830, ,1812, ,0, ,N, ,0, , , , , ,787902, , , ,2,1,0,0,0,0,1,0,0,0,0,0,1,1,0,0,0,0,0,0,0,0,0,0,0,0,0,0,0,0,0,0,0,0,0,8,0,40.0405,-75.0058, , 
 ,69777,2011028968,6,67,67301,2011,2,5,2106,21,3,1,5,4,1, , ,N,1,2,0,3,0,1,4,2,N,N,39 57:27.432,75 08:44.473,2116, ,2109, ,0, ,N, ,3, , , , , ,787906, , , ,2,2,0,0,0,0,0,0,0,0,0,0,1,1,2,0,1,0,0,0,1,0,0,1,0,0,0,0,0,0,0,0,0,0,0,8,0,39.9576,-75.1457, , 
 ,69778,2011031448,6,67,67301,2011,2,6,1940,19,3,1,0,7,2, , ,N,1,2,0,3,0,0,1,1,N,N,39 57:28.502,75 08:55.805,1943, ,1943,1,1,4,N, ,3,N, , , , ,787967, , , ,1,1,0,0,0,0,0,0,0,0,0,0,0,0,0,0,0,0,0,0,0,0,0,0,0,0,0,0,0,0,0,0,0,0,0,0,0,39.9579,-75.1488, , 
 ,69779,2011058168,6,67,67301,2011,5,7,330,3,3,1,0,7,4, , ,N,0,0,0,3,0,0,6,1,N,N,39 55:34.747,75 11:39.794,342, ,333,2,1,4,N, ,0,N, , , , ,779772, , , ,1,0,0,0,0,0,1,0,0,0,0,0,0,0,0,0,0,0,1,0,0,0,0,0,0,0,0,0,0,0,0,0,0,0,0,0,0,39.9263,-75.1944, , 
 ,69780,2011064201,6,67,67301,2011,5,7,1540,15,1,1,0,5,1, , ,N,0,0,0,3,0,1,2,2,N,N,40 04:31.202,75 05:24.432,1555, ,1545, ,0, , , ,0, , , , , ,779777, , , ,1,1,0,0,0,0,0,0,1,0,0,0,1,1,0,0,0,0,0,0,0,0,0,0,0,0,0,0,0,0,0,0,0,0,0,8,0,40.0753,-75.0901, , 
 ,69781,2011053551,6,67,67301,2011,4,6,1920,19,3,1,1,1,1, , ,N,0,2,0,3,0,1,3,3,N,N,39 59:28.290,75 08:05.860,1930, ,1923, ,0, ,N, ,3, , , , , ,779816, , , ,3,3,0,0,0,0,0,0,0,0,0,1,1,0,0,0,0,0,0,0,0,0,0,0,0,0,0,0,0,0,0,0,0,0,0,4,0,39.9912,-75.135, , 
 ,69782,2011059286,6,67,67301,2011,6,5,1001,10,1,1,0,4,1, , ,N,1,2,0,3,0,1,2,2,N,N,39 59:49.334,75 14:06.912,1010, ,1008,1,1,2,N, ,9,N, , , , ,779822, , , ,2,1,0,0,0,0,0,1,0,0,0,1,1,0,0,0,0,0,0,0,0,0,0,0,0,0,0,0,0,0,0,0,0,0,0,4,0,39.997,-75.2353, , 
 ,69783,2011064084,6,67,67301,2011,5,3,629,6,1,2,1,4,1, , ,N,1,2,0,3,0,1,2,2, , ,40 06:13.402,74 59:00.359,700, ,654, ,0, , , ,3, , , , , ,779826, , , ,2,2,0,0,0,0,0,0,0,0,0,1,1,0,0,0,1,0,0,0,0,0,0,0,0,0,0,0,0,0,0,0,0,0,0,4,0,40.1037,-74.9834, , 
 ,69784,2011009477,6,67,67301,2011,1,4,1120,11,1,1,0,1,1, , ,N,0,0,0,3,0,0,2,2,N,N,40 01:18.807,75 02:19.821,1130, ,1129,1,1,1,N, ,0,N, , , , ,779840, , , ,2,0,0,0,0,2,0,0,0,0,0,0,0,0,0,0,0,0,0,0,1,0,0,0,0,0,0,0,0,0,0,0,0,0,0,0,2,40.0218,-75.039, , 
 ,69785,2011031429,6,67,67301,2011,2,3,710,7,1,4,3,7,4, , ,N,0,0,0,3,0,0,1,1,N,N,40 05:34.879,75 00:16.066,720, ,711, ,0, ,N, ,0, , , , , ,779854, , , ,1,1,0,0,0,0,0,0,0,0,0,0,0,0,0,0,0,0,0,0,0,0,0,0,0,0,0,0,0,0,0,0,0,0,0,0,0,40.093,-75.0045, , 
 ,69786,2011031445,6,67,67301,2011,2,1,2122,21,3,1,0,4,1, , ,N,1,3,0,3,0,1,2,2,N,N,40 00:57.949,75 04:56.452,2130, ,2124,2,2,7,N, ,3,Y, , , , ,779855, , , ,2,1,0,1,0,0,0,0,0,0,0,0,1,1,0,0,0,0,0,0,1,0,0,0,0,0,0,0,0,0,0,0,0,0,0,8,1,40.0161,-75.0823, , 
 ,69787,2011040435,6,67,67301,2011,3,2,1900,19,3,1,0,8,6, , ,N,0,0,0,3,0,1,2,2, , ,39 57:44.867,75 10:22.203,1900, ,1900, ,0, , , ,0, , , , , ,779863, , , ,1,1,0,0,0,0,0,0,0,0,0,1,1,0,1,0,0,0,0,0,0,0,0,0,0,0,0,0,0,0,0,0,1,0,0,4,0,39.9625,-75.1728, , 
 ,69788,2011055450,6,67,67301,2011,5,1,1054,10,1,8,1,7,4, , ,N,6,0,2,3,0,1,1,1,N,N,40 02:44.738,74 59:58.951,1103, ,1056,1,2,1,Y, ,0,N, , , , ,779871, , , ,1,1,0,0,0,0,0,0,0,0,0,1,1,0,0,0,0,0,0,1,0,0,0,1,0,0,0,0,0,0,0,0,0,0,0,4,0,40.0458,-74.9997, , 
 ,69789,2011057287,6,67,67301,2011,5,7,1420,14,1,1,0,8,1, , ,N,0,0,7,3,0,1,2,2,N,N,40 02:09.160,75 02:18.470,1430, ,1925, ,0, ,N, ,0, , , , , ,779873, , , ,1,1,0,0,0,0,0,0,0,0,0,1,1,0,0,0,0,0,1,0,0,0,0,0,0,0,0,0,0,0,0,0,1,0,0,4,0,40.0359,-75.0385, , 
 ,69790,2011068461,6,67,67301,2011,6,2,9999,99,4,1,0,4,1, , ,N,1,2,0,3,0,2,2,3,N,N,39 55:42.600,75 10:55.919,2017, ,2013, ,0, ,N, ,3, , , , , ,779882, , , ,3,2,1,0,0,0,0,0,0,0,0,0,2,2,0,0,0,0,1,0,0,0,0,1,0,0,0,0,0,0,0,0,0,0,0,8,0,39.9285,-75.1822, , 
 ,69791,2011013140,6,67,67301,2011,1,1,1844,18,3,1,0,5,1, , ,N,7,0,2,3,0,1,3,2,N,N,39 57:35.399,75 10:42.496,1847, ,1847,1,2,3,Y, ,0,Y, , , , ,779893, , , ,2,1,0,0,0,0,1,0,0,0,0,1,1,0,0,0,0,0,0,0,1,0,0,0,0,0,0,0,0,0,0,0,0,0,0,4,0,39.9598,-75.1785, , 
 ,69792,2011027431,6,67,67301,2011,2,2,1549,15,1,1,0,1,1, , ,N,0,0,0,3,0,0,4,3,N,N,39 58:15.366,75 11:35.559,1556, ,1556,1,1,3,N, ,0,N, , , , ,779908, , , ,3,2,0,0,0,0,1,0,0,0,0,0,0,0,0,0,0,0,1,0,1,0,0,1,0,0,0,0,0,0,0,0,0,0,0,0,0,39.9709,-75.1932, , 
 ,69793,2011031289,6,67,67301,2011,2,2,642,6,5,1,0,4,1, , ,N,1,2,0,3,0,1,2,2,N,N,39 57:28.066,75 09:36.785,650, ,647,2,2,1,N, ,3,Y, , , , ,779914, , , ,2,1,0,0,1,0,0,0,0,0,0,1,1,0,0,0,0,0,0,0,1,0,0,0,0,0,0,0,0,0,0,0,0,0,0,4,0,39.9578,-75.1602, , 
 ,69794,2011040363,6,67,67301,2011,3,6,1740,17,1,1,0,5,1, , ,N,0,0,0,3,0,1,2,2,N,N,39 55:34.641,75 08:42.537,1815, ,1805, ,0, ,N, ,0, , , , , ,779924, , , ,2,1,0,0,0,1,0,0,0,0,0,0,1,1,0,0,0,0,0,0,2,0,0,0,0,0,0,0,0,0,0,0,0,0,0,8,1,39.9263,-75.1451, , 
 ,69795,2011040622,6,67,67301,2011,2,7,9999,99,1,1,0,8,1, , ,N,0,0,0,3,0,1,3,2,N,N,39 56:50.140,75 10:04.410,1030, ,1030, ,0, ,N, ,0, , , , , ,779925, , , ,1,1,0,0,0,0,0,0,0,0,1,0,1,0,0,0,0,0,0,0,0,0,0,0,0,0,0,0,0,0,0,0,1,0,0,3,0,39.9473,-75.1679, , 
 ,69796,2011029115,6,67,67301,2011,2,4,1415,14,1,1,0,1,1, , ,N,2,2,0,3,0,1,2,2,N,N,39 57:45.000,75 12:24.119,1510, ,1510, ,0, ,N, ,3, , , , , ,779954, , , ,2,2,0,0,0,0,0,0,0,0,0,1,1,0,1,0,0,0,0,0,0,0,0,0,0,0,0,0,0,0,0,0,0,0,0,4,0,39.9625,-75.2067, , 
 ,69797,2011053568,6,67,67301,2011,4,6,1740,17,1,1,0,8,1, , ,N,0,0,0,3,0,1,2,2,N,N,39 59:44.497,75 07:54.917,1825, ,1821,9,9, ,N, ,0,N, , , , ,783932, , , ,1,1,0,0,0,0,0,0,0,0,1,0,1,0,0,0,0,0,0,0,0,0,0,0,0,0,0,0,0,0,0,0,1,0,0,3,0,39.9957,-75.1319, , 
 ,69798,2011015916,6,67,67301,2011,1,2,1400,14,1,1,0,4,1, , ,N,1,2,0,3,0,1,2,2,N,N,40 01:47.231,75 05:16.817,1445, ,1430, ,0, ,N, ,3, , , , , ,783947, , , ,2,1,0,0,0,1,0,0,0,0,0,1,1,0,0,0,0,0,0,0,2,0,0,0,0,0,0,0,0,0,0,0,0,0,0,4,1,40.0298,-75.088, , 
 ,69799,2011044840,6,67,67301,2011,3,4,655,6,1,1,0,1,1, , ,N,1,2,0,3,0,0,2,2,N,N,40 04:27.147,75 02:05.032,710, ,702,1,1,1,N, ,3,N, , , , ,783979, , , ,2,2,0,0,0,0,0,0,0,0,0,0,0,0,0,0,0,0,1,0,0,0,0,1,0,0,0,0,0,0,0,0,0,0,0,0,0,40.0742,-75.0347, , 
 ,69800,2011025782,6,67,67301,2011,1,4,1825,18,3,1,0,1,6, , ,N,0,0,0,3,1,2,5,2,N,N,40 02:52.890,75 00:40.750,1845, ,1830, ,0, ,N,0,0, , , , , ,784006, , , ,2,2,0,0,0,0,0,0,0,0,0,0,2,2,0,0,0,0,0,0,0,0,1,1,1,0,0,0,0,0,0,0,0,0,0,1,0,40.048,-75.0113,2, 
 ,69801,2011030316,6,67,67301,2011,1,5,525,5,3,1,3,1,1, , ,N,0,0,0,3,0,0,2,2,N,N,39 53:23.511,75 13:10.552,551, ,529,1,1,2,N, ,0,N, , , , ,784057, , , ,2,0,0,0,1,0,1,0,0,0,0,0,0,0,0,0,0,0,0,0,1,0,0,0,0,0,0,0,0,0,0,0,0,0,0,0,0,39.8899,-75.2196, , 
 ,69802,2011031345,6,67,67301,2011,2,2,9999,99,1,1,4,7,4, , ,N,1,3,0,3,0,1,1,1,N,N,39 59:19.158,75 08:16.915,1402, ,1401, ,0, ,N, ,3, , , , , ,784060, , , ,1,1,0,0,0,0,0,0,0,0,0,0,1,1,0,0,0,0,0,0,0,0,0,0,0,0,0,0,0,0,0,0,0,0,0,8,0,39.9887,-75.138, , 
 ,69803,2011015954,6,67,67301,2011,1,5,2030,20,3,1,0,8,2, , ,N,1,2,0,3,0,1,2,2, , ,40 00:01.220,75 08:36.387,9999, ,2025, ,0, , , ,3, , , , , ,784088, , , ,1,0,0,0,0,0,1,0,0,0,0,1,1,0,0,0,0,0,0,0,0,0,0,0,0,0,0,0,0,0,0,0,1,0,0,4,0,40.0003,-75.1434, , 
 ,69804,2011017920,6,67,67301,2011,2,2,819,8,1,1,0,7,2, , ,N,0,0,0,3,0,0,1,1,N,N,39 58:59.056,75 05:54.633,819, ,819, ,0, ,N, ,0, , , , , ,784091, , , ,1,1,0,0,0,0,0,0,0,0,0,0,0,0,0,0,0,0,1,0,0,0,0,0,0,0,0,0,0,0,0,0,0,0,0,0,0,39.983,-75.0986, , 
 ,69805,2011029403,6,67,67301,2011,1,7,0,0,3,4,5,4,2, , ,N,0,0,0,3,0,1,2,2,N, ,40 02:09.344,75 02:23.776,17, ,0, ,0, , , ,0, , , , , ,784097, , , ,2,1,0,0,0,0,0,1,0,0,0,0,1,1,0,0,0,1,0,0,0,0,0,0,0,0,0,0,0,0,0,0,0,0,0,8,0,40.0359,-75.0399, , 
 ,69806,2011056763,6,67,67301,2011,5,2,1105,11,1,1,0,8,1, , ,N,1,2,0,3,0,1,2,2,N,N,39 55:14.279,75 10:13.546,1114, ,1107, ,0, , , ,3, , , , , ,784117, , , ,1,1,0,0,0,0,0,0,0,0,0,1,1,0,0,0,0,0,0,0,0,0,0,0,0,0,0,0,0,0,0,0,1,0,0,4,0,39.9206,-75.1704, , 
 ,69807,2011023321,6,67,67301,2011,1,4,1245,12,1,4,4,8,1, , ,N,0,0,0,3,0,1,2,2,N,Y,40 03:16.564,75 04:19.539,1631, ,1621, ,0, , , ,0, , , , , ,784146, , , ,1,0,0,0,1,0,0,0,0,0,1,0,1,0,0,0,0,0,0,0,0,0,0,0,0,0,0,0,0,0,0,0,1,0,0,3,0,40.0546,-75.0721, , 
 ,69808,2011029003,6,67,67301,2011,2,7,1443,14,1,2,1,4,1, , ,N,1,2,0,3,0,3,5,2,N,N,39 59:52.789,75 07:31.478,1447, ,1445, ,0, ,N, ,3, , , , , ,784153, , , ,2,0,0,0,0,0,2,0,0,0,2,1,3,0,0,0,0,0,0,0,0,0,0,0,0,0,0,0,0,0,0,0,0,0,0,3,0,39.998,-75.1254, , 
 ,69809,2011056773,6,67,67301,2011,5,6,1220,12,1,1,0,7,4, , ,N,0,0,0,3,0,0,1,1,N,N,39 59:48.249,75 12:02.952,1237, ,1224, ,0, ,N, ,0, , , , , ,784219, , , ,1,1,0,0,0,0,0,0,0,0,0,0,0,0,1,0,0,0,0,0,0,0,0,0,0,0,0,0,0,0,0,0,0,0,0,9,0,39.9967,-75.2008, , 
 ,69810,2011057315,6,67,67301,2011,5,4,1505,15,1,2,1,7,2, , ,N,0,0,0,3,0,1,1,1,N,N,40 00:59.180,75 12:09.500,1545, ,1540, ,0, ,N, ,0, , , , , ,784220, , , ,1,1,0,0,0,0,0,0,0,0,0,1,1,0,0,0,0,0,0,0,0,0,0,0,0,0,0,0,0,0,0,0,0,0,0,4,0,40.0164,-75.2026, , 
 ,69811,2011061363,6,67,67301,2011,4,3,1430,14,1,2,1,8,1, , ,N,1,2,0,3,0,1,2,2, , ,40 00:52.732,75 06:26.582,1520, ,1509, ,0, , , ,3, , , , , ,784225, , , ,1,1,0,0,0,0,0,0,0,0,0,1,1,0,0,0,0,0,0,0,0,0,1,1,0,0,0,0,0,0,0,0,1,0,0,4,0,40.0146,-75.1074, , 
 ,69812,2011040324,6,67,67301,2011,3,1,559,5,3,1,0,7,2, , ,N,0,0,0,3,0,0,1,1, , ,39 57:27.788,75 08:49.637,606, ,604,3,2,1, , ,0,Y, , , , ,784251, , , ,1,1,0,0,0,0,0,0,0,0,0,0,0,0,1,0,0,0,0,0,0,0,0,0,0,0,0,0,0,0,0,0,0,0,0,9,0,39.9577,-75.1471, , 
 ,69813,2011057027,6,67,67301,2011,5,1,55,0,3,2,1,4,1, , ,N,1,2,0,3,0,3,3,2,N,N,40 02:10.346,75 03:51.114,115, ,103,1,1,1,N, ,3,N, , , , ,784263, , , ,2,1,0,0,0,0,0,1,0,0,3,0,3,0,0,0,0,0,0,0,0,0,0,0,0,0,0,0,0,0,0,0,0,0,0,3,0,40.0362,-75.0642, , 
 ,69814,2011009810,6,67,67301,2011,1,7,1950,19,3,8,1,4,2, , ,N,0,0,0,3,0,0,1,3, , ,39 58:17.369,75 07:36.767,1950, ,1950, ,0, , , ,0, , , , , ,784281, , , ,3,2,0,0,0,0,1,0,0,0,0,0,0,0,0,0,0,0,0,0,0,0,0,0,0,0,0,0,0,0,0,0,0,0,0,0,0,39.9714,-75.1272, , 
 ,69815,2011031324,6,67,67301,2011,2,4,1412,14,1,1,0,4,1, , ,N,1,2,0,3,0,2,3,2,N,N,40 05:57.001,74 59:12.911,1515, ,1503, ,0, ,N, ,3, , , , , ,771567, , , ,2,2,0,0,0,0,0,0,0,0,0,0,2,2,0,0,0,0,0,0,0,0,1,0,0,0,0,0,0,0,0,0,0,0,0,8,0,40.0992,-74.9869, , 
 ,69816,2011032548,6,67,67301,2011,3,6,1241,12,1,1,0,1,1, , ,N,0,0,0,3,0,0,3,3,N,N,39 57:30.166,75 10:48.962,1250, ,1243, ,0, ,N, ,0, , , , , ,771568, , , ,3,1,0,0,1,0,1,0,0,0,0,0,0,0,0,0,0,0,0,0,1,0,0,0,0,0,0,0,0,0,0,0,0,0,0,0,0,39.9584,-75.1803, , 
 ,69817,2011015967,6,67,67301,2011,1,3,1720,17,3,4,1,4,1, , ,N,1,3,0,3,0,0,3,2,N,N,39 59:55.424,75 05:40.664,1740, ,1740, ,0, ,N, ,3, , , , , ,771603, , , ,2,0,0,0,1,0,1,0,0,0,0,0,0,0,0,0,0,0,0,1,1,0,0,0,0,0,0,0,0,0,0,0,0,0,0,0,0,39.9987,-75.0946, , 
 ,69818,2011027435,6,67,67301,2011,3,5,1434,14,1,1,0,7,2, , ,N,0,0,0,3,0,2,5,3,N,N,40 00:49.146,75 03:24.304,1450, ,1438,1,1,1,N, ,0,N, , , , ,771609, , , ,3,2,0,0,0,1,0,0,0,0,0,0,2,2,0,0,0,0,0,0,0,0,0,0,0,0,0,0,0,0,0,0,0,0,0,8,1,40.0136,-75.0569, , 
 ,69819,2011032106,6,67,67301,2011,1,2,2230,22,3,4,3,7,5, , ,N,0,0,0,3,0,0,1,1,N,N,40 02:03.444,75 01:10.655,2233, ,2233,1,1,2,N, ,0,N, , , , ,771613, , , ,1,1,0,0,0,0,0,0,0,0,0,0,0,0,0,0,0,0,0,0,0,0,0,0,0,0,0,0,0,0,0,0,0,0,0,0,0,40.0344,-75.0196, , 
 ,69820,2011038408,6,67,67301,2011,3,3,708,7,1,1,1,4,1, , ,N,1,2,0,3,0,1,3,2,N,N,40 04:51.448,75 01:44.242,708, ,708, ,0, ,N, ,3, , , , , ,771621, , , ,2,2,0,0,0,0,0,0,0,0,0,1,1,0,0,0,0,0,0,0,1,0,0,0,0,0,0,0,0,0,0,0,0,0,0,4,0,40.0811,-75.0289, , 
 ,69821,2011031425,6,67,67301,2011,2,2,1345,13,1,1,0,8,1, , ,N,1,2,0,3,0,1,2,2,N,N,39 57:26.750,75 13:45.402,1349, ,1345, ,0, ,N, ,3, , , , , ,771661, , , ,1,1,0,0,0,0,0,0,0,0,0,1,1,0,0,0,0,0,0,0,0,1,0,0,0,0,0,0,0,0,0,0,1,0,0,4,0,39.9574,-75.2293, , 
 ,69822,2011031441,6,67,67301,2011,2,7,5,0,3,1,0,1,1, , ,N,2,2,0,3,0,1,3,2,N,N,39 57:23.622,75 09:04.685,14, ,12, ,0, ,N, ,3, , , , , ,771662, , , ,2,2,0,0,0,0,0,0,0,0,0,1,1,0,0,0,0,0,0,0,0,0,0,0,0,0,0,0,0,0,0,0,0,0,0,4,0,39.9566,-75.1513, , 