wz_ln_closure,objectid_1,crn,district,county,municipality,crash_year,crash_month,day_of_week,time_of_day,hour_of_day,illumination,weather,road_condition,collision_type,relation_to_road,work_zone_type,work_zone_loc,work_zone_ind,intersect_type,tcd_type,location_type,urban_rural,fatal_count,injury_count,person_count,total_units,sch_bus_ind,sch_zone_ind,latitude,longitude,arrival_tm,cons_zone_spd_lim,dispatch_tm,est_hrs_closed,lane_closed,ln_close_dir,ntfy_hiwy_maint,spec_juris_cd,tcd_func_cd,tfc_detour_ind,workers_pres,wz_close_detour,wz_flagger,wz_law_offcr_ind,objectid,wz_moving,wz_other,wz_shlder_mdn,vehicle_count,automobile_count,motorcycle_count,bus_count,small_truck_count,heavy_truck_count,suv_count,van_count,bicycle_count,maj_inj_count,mod_inj_count,min_inj_count,tot_inj_count,unk_inj_deg_count,unk_inj_per_count,driver_count_16yr,driver_count_17yr,driver_count_18yr,driver_count_19yr,driver_count_20yr,driver_count_50_64yr,driver_count_65_74yr,driver_count_75plus,unbelted_occ_count,unb_death_count,unb_maj_inj_count,belted_death_count,belted_maj_inj_count,mcycle_death_count,mcycle_maj_inj_count,bicycle_death_count,bicycle_maj_inj_count,ped_count,ped_death_count,ped_maj_inj_count,max_severity_level,comm_veh_count,dec_lat,dec_long,rdwy_surf_type_cd,county_name
 ,69823,2011032244,6,67,67301,2011,3,7,547,5,3,1,0,7,7, , ,N,7,0,2,3,0,1,1,1,N,N,39 58:06.224,75 07:44.162,556, ,549, ,0, ,Y, ,0, , , , , ,771663, , , ,1,1,0,0,0,0,0,0,0,0,1,0,1,0,0,0,0,0,0,0,0,0,0,1,0,0,0,0,0,0,0,0,0,0,0,3,0,39.9684,-75.129, , 
 ,69824,2011033461,6,67,67301,2011,2,2,1830,18,6,2,1,8,1, , ,N,0,0,0,3,0,1,2,2,N,N,40 02:36.420,75 10:21.831,2056, ,2054, ,0, ,N, ,0, , , , , ,771664, , , ,1,0,0,0,0,0,0,0,0,0,1,0,1,0,1,0,0,0,0,0,0,0,0,0,0,0,0,0,0,0,0,0,1,0,0,3,0,40.0435,-75.1727, , 
 ,69825,2011046968,6,67,67301,2011,3,2,400,4,3,1,0,1,6, , ,N,0,0,0,3,0,0,1,3,N,N,39 58:35.850,75 10:15.020,805, ,803, ,0, ,N, ,0, , , , , ,771676, , , ,3,3,0,0,0,0,0,0,0,0,0,0,0,0,1,0,0,0,0,0,0,0,0,0,0,0,0,0,0,0,0,0,0,0,0,9,0,39.9766,-75.1708, , 
 ,69826,2011047077,6,67,67301,2011,4,4,810,8,1,1,0,4,1, , ,N,0,0,0,3,0,1,3,2,N,N,39 55:02.380,75 10:52.006,815, ,812, ,0, , , ,0, , , , , ,771677, , , ,2,1,0,1,0,0,0,0,0,0,0,1,1,0,0,0,0,0,0,0,0,1,0,0,0,0,0,0,0,0,0,0,0,0,0,4,1,39.9173,-75.1811, , 
 ,69827,2011056807,6,67,67301,2011,4,6,1800,18,1,1,0,1,1, , ,N,0,2,0,3,0,4,4,2, , ,40 01:20.480,75 05:39.880,1856, ,1851,1,1,3, , ,3,Y, , , , ,771682, , , ,2,2,0,0,0,0,0,0,0,0,0,1,4,3,0,0,0,0,0,0,0,0,0,1,0,0,0,0,0,0,0,0,0,0,0,4,0,40.0224,-75.0944, , 
 ,69828,2011061893,6,67,67301,2011,5,4,800,8,1,1,0,7,5, , ,N,0,2,0,3,0,0,1,1,N,N,39 57:45.851,75 09:47.773,857, ,851, ,0, ,N, ,3, , , , , ,771687, , , ,1,1,0,0,0,0,0,0,0,0,0,0,0,0,0,0,0,0,0,0,0,0,1,0,0,0,0,0,0,0,0,0,0,0,0,0,0,39.9627,-75.1633, , 
 ,69829,2011023229,6,67,67301,2011,1,3,207,2,3,3,6,4,1, , ,N,1,2,0,3,0,3,3,5, , ,40 01:43.550,75 07:55.833,221, ,219,2,2,5, , ,3,Y, , , , ,771708, , , ,5,2,0,0,1,0,2,0,0,0,0,3,3,0,0,0,0,0,0,0,0,0,0,0,0,0,0,0,0,0,0,0,0,0,0,4,0,40.0288,-75.1322, , 
 ,69830,2011038398,6,67,67301,2011,3,1,1312,13,1,1,0,4,1, , ,N,2,3,0,3,0,1,3,2,N,N,40 02:18.099,75 05:08.113,1327, ,1320,1,1,1, , ,3,Y, , , , ,771723, , , ,2,2,0,0,0,0,0,0,0,0,0,1,1,0,1,0,0,0,0,1,1,0,0,0,0,0,0,0,0,0,0,0,0,0,0,4,0,40.0384,-75.0856, , 
 ,69831,2011049304,6,67,67301,2011,4,1,1419,14,1,1,0,1,1, , ,N,0,0,0,3,0,6,8,2,N,N,39 58:42.372,75 12:09.608,1424, ,1421, ,0, ,N, ,0, , , , , ,771735, , , ,2,1,0,0,0,0,0,1,0,0,0,0,6,6,0,0,0,0,0,0,0,0,0,0,0,0,0,0,0,0,0,0,0,0,0,8,0,39.9784,-75.2027, , 
 ,69832,2011050898,6,67,67301,2011,5,4,1009,10,1,1,0,7,4, , ,N,0,0,0,3,0,2,2,1,N,N,39 59:25.011,75 12:19.318,1009, ,1009, ,0, ,N, ,0, , , , , ,771737, , , ,1,1,0,0,0,0,0,0,0,0,0,2,2,0,0,0,0,0,0,0,0,0,0,0,0,0,0,0,0,0,0,0,0,0,0,4,0,39.9903,-75.2054, , 
 ,69833,2011040248,6,67,67301,2011,3,1,1530,15,1,1,0,5,1, , ,N,2,3,0,3,0,1,2,2,N,N,40 01:34.910,75 13:33.049,1540, ,1534, ,0, ,N, ,3, , , , , ,775771, , , ,1,1,0,0,0,0,0,0,1,0,0,1,1,0,0,0,0,0,0,0,0,0,0,0,0,0,0,0,0,0,0,0,0,0,0,4,0,40.0264,-75.2258, , 
 ,69834,2011040270,6,67,67301,2011,3,1,1916,19,1,1,0,8,1, , ,N,1,3,0,3,0,1,4,2,N,N,39 56:23.107,75 09:27.637,1921, ,1916, ,0, , , ,3, , , , , ,775772, , , ,1,1,0,0,0,0,0,0,0,0,0,1,1,0,0,0,0,0,0,0,0,0,1,0,0,0,0,0,0,0,0,0,1,0,0,4,0,39.9398,-75.1577, , 
 ,69835,2011047086,6,67,67301,2011,4,5,622,6,1,1,0,1,6, , ,N,0,0,0,3,0,1,1,2,N,N,40 07:53.803,75 00:41.506,633, ,626, ,0, ,N, ,0, , , , , ,775776, , , ,2,2,0,0,0,0,0,0,0,0,1,0,1,0,0,0,0,0,0,0,0,0,0,0,0,0,0,0,0,0,0,0,0,0,0,3,0,40.1316,-75.0115, , 
 ,69836,2011038442,6,67,67301,2011,3,5,405,4,3,1,0,7,6, , ,N,0,0,0,3,0,1,1,1,N,N,39 57:12.472,75 11:01.482,412, ,407, ,0, ,N, ,0, , , , , ,775813, , , ,1,0,0,0,0,0,1,0,0,0,0,1,1,0,0,0,0,0,0,0,0,0,0,0,0,0,0,0,0,0,0,0,0,0,0,4,0,39.9535,-75.1837, , 
 ,69837,2011061182,6,67,67301,2011,6,1,118,1,3,1,0,7,4, , ,N,0,0,0,3,0,1,1,1,N,N,39 59:38.079,75 11:57.635,136, ,124,1,1,3,N, ,0,N, , , , ,775868, , , ,1,0,1,0,0,0,0,0,0,0,0,1,1,0,0,0,0,0,0,0,0,0,0,0,0,0,0,0,0,0,0,0,0,0,0,4,0,39.9939,-75.1993, , 
 ,69838,2011068414,6,67,67301,2011,6,7,1930,19,1,1,0,7,5, , ,N,0,0,0,3,0,1,1,1,N,N,39 58:30.126,75 14:52.357,1930, ,1930, ,0, ,N, ,0, , , , , ,775874, , , ,1,0,1,0,0,0,0,0,0,0,0,0,1,1,0,0,0,0,0,0,0,0,0,0,0,0,0,0,0,0,0,0,0,0,0,8,0,39.975,-75.2479, , 
 ,69839,2011071241,6,67,67301,2011,7,3,1548,15,1,1,0,1,1, , ,N,0,0,0,3,0,0,2,2,N,N,40 03:16.597,74 59:06.094,1559, ,1551,3,1,1,Y, ,0,N, , , , ,775877, , , ,2,0,0,0,0,1,0,1,0,0,0,0,0,0,0,0,0,0,0,0,0,0,0,0,0,0,0,0,0,0,0,0,0,0,0,0,1,40.0545,-74.9851, , 
 ,69840,2011015970,6,67,67301,2011,1,5,540,5,3,1,0,4,1, , ,N,1,2,0,3,0,0,3,6,N,N,40 00:30.590,75 05:01.650,545, ,545, ,0, ,N, ,3, , , , , ,775889, , , ,6,5,0,0,0,0,0,1,0,0,0,0,0,0,0,0,0,0,0,0,0,0,0,0,0,0,0,0,0,0,0,0,0,0,0,0,0,40.0085,-75.0838, , 
 ,69841,2011026153,6,67,67301,2011,3,3,1515,15,1,1,0,1,1, , ,N,0,0,0,3,0,1,2,2,N,N,40 00:53.057,75 03:16.437,1525, ,1518,2,1,1,N, ,0,N, , , , ,775897, , , ,2,0,0,0,1,0,1,0,0,0,0,1,1,0,0,0,0,0,0,0,0,0,0,1,0,0,0,0,0,0,0,0,0,0,0,4,0,40.0147,-75.0547, , 
 ,69842,2011028918,6,67,67301,2011,1,4,2250,22,3,4,6,7,5, , ,N,0,0,0,3,0,1,1,1,N,N,40 04:54.970,74 57:39.820,2315, ,2300, ,0, ,N, ,0, , , , , ,775898, , , ,1,0,0,0,0,0,1,0,0,0,1,0,1,0,0,0,0,0,0,0,1,0,0,0,0,0,0,0,0,0,0,0,0,0,0,3,0,40.0819,-74.9611, , 
 ,69843,2011047109,6,67,67301,2011,4,5,1,0,3,1,0,4,1, , ,N,1,2,0,3,0,2,3,2,N,N,40 01:10.526,75 04:23.994,15, ,10, ,0, ,N, ,3, , , , , ,775920, , , ,2,1,0,0,0,0,0,0,0,0,0,2,2,0,1,0,1,0,0,0,0,0,0,0,0,0,0,0,0,0,0,0,0,0,0,4,0,40.0196,-75.0733, , 
 ,69844,2011063197,6,67,67301,2011,6,1,1005,10,1,1,0,7,2, , ,N,0,0,0,3,0,1,1,1,N,N,39 57:49.338,75 08:19.864,1018, ,1007,1,1,2,N, ,0,N, , , , ,776023, , , ,1,1,0,0,0,0,0,0,0,0,0,0,1,1,0,0,0,0,0,0,0,0,0,0,0,0,0,0,0,0,0,0,0,0,0,8,0,39.9638,-75.1388, , 
 ,69845,2011023304,6,67,67301,2011,1,6,1843,18,3,1,0,1,1, , ,N,1,2,0,3,0,1,3,2,N,N,39 56:22.681,75 11:53.378,1855, ,1845, ,0, ,N, ,3, , , , , ,776049, , , ,2,2,0,0,0,0,0,0,0,0,0,1,1,0,0,0,0,0,0,0,1,0,0,0,0,0,0,0,0,0,0,0,0,0,0,4,0,39.9396,-75.1982, , 
 ,69846,2011033466,6,67,67301,2011,3,4,1241,12,1,1,0,8,1, , ,N,0,0,0,3,0,1,2,2, , ,40 02:08.276,75 04:40.326,1242, ,1242, ,0, , , ,0, , , , , ,776061, , , ,1,1,0,0,0,0,0,0,0,0,0,1,1,0,1,0,0,0,0,0,1,0,0,0,0,0,0,0,0,0,0,0,1,0,0,4,0,40.0356,-75.0779, , 
 ,69847,2011038200,6,67,67301,2011,3,6,1623,16,1,1,0,4,1, , ,N,2,3,0,3,0,2,3,2,N,N,40 03:18.014,75 08:40.405,1730, ,1725, ,0, ,N, ,3, , , , , ,776063, , , ,2,2,0,0,0,0,0,0,0,0,0,2,2,0,0,0,0,0,0,0,0,0,1,1,0,0,0,0,0,0,0,0,0,0,0,4,0,40.055,-75.1446, , 
 ,69848,2011016019,6,67,67301,2011,1,5,2106,21,1,4,3,1,1, , ,N,5,3,0,3,0,5,6,2,N,N,40 04:29.370,75 09:55.853,2120, ,2111, ,0, ,N, ,3, , , , , ,776089, , , ,2,1,0,0,0,1,0,0,0,0,0,0,5,5,0,0,0,0,0,0,0,0,0,3,0,0,0,0,0,0,0,0,0,0,0,8,1,40.0748,-75.1655, , 
 ,69849,2011028894,6,67,67301,2011,2,7,1000,10,1,6,1,8,1, , ,N,1,3,0,3,0,1,2,2,N,N,40 03:25.527,75 09:13.208,1400, ,1348, ,0, ,N, ,3, , , , , ,776099, , , ,1,1,0,0,0,0,0,0,0,0,0,0,1,1,0,0,0,0,0,0,0,0,0,0,0,0,0,0,0,0,0,0,1,0,0,8,0,40.0571,-75.1537, , 
 ,69850,2011037931,6,67,67301,2011,3,4,1351,13,1,1,0,8,1, , ,N,0,0,0,3,0,1,2,2,N,N,39 59:48.044,75 06:47.422,1354, ,1352, ,0, ,N, ,0, , , , , ,776105, , , ,1,1,0,0,0,0,0,0,0,0,0,1,1,0,1,0,0,0,0,0,0,0,0,0,0,0,0,0,0,0,0,0,1,0,0,4,0,39.9967,-75.1132, , 
 ,69851,2011045083,6,67,67301,2011,4,3,1356,13,1,1,0,1,1, , ,N,0,0,0,3,0,1,2,2,N,N,40 01:23.502,75 02:04.372,1406, ,1401,1,1,2,N, ,0,N, , , , ,779967, , , ,2,1,0,0,1,0,0,0,0,0,1,0,1,0,0,0,0,0,0,0,0,1,0,0,0,0,0,0,0,0,0,0,0,0,0,3,0,40.0232,-75.0346, , 
 ,69852,2011054341,6,67,67301,2011,4,3,2355,23,3,2,1,5,1, , ,N,0,0,0,3,0,1,3,2,N,N,39 54:19.779,75 11:40.584,3, ,3,2,1,4,N, ,0,N, , , , ,779977, , , ,2,0,0,0,1,1,0,0,0,0,0,1,1,0,1,0,0,0,0,0,1,0,0,0,0,0,0,0,0,0,0,0,0,0,0,4,0,39.9055,-75.1946, , 
 ,69853,2011054349,6,67,67301,2011,4,4,2025,20,3,2,1,4,1, , ,N,1,2,0,3,0,0,2,2,N,N,40 00:19.138,75 10:54.316,2100, ,2100,3,2,3,N, ,3,Y, , , , ,779978, , , ,2,1,0,0,0,0,1,0,0,0,0,0,0,0,2,0,0,0,1,0,0,0,0,0,0,0,0,0,0,0,0,0,0,0,0,9,0,40.0053,-75.1818, , 
 ,69854,2011023181,6,67,67301,2011,1,1,1525,15,1,1,1,4,1, , ,N,1,2,0,3,0,0,4,2, , ,40 01:27.951,75 03:46.122,1532, ,1530, ,0, , , ,3, , , , , ,779993, , , ,2,2,0,0,0,0,0,0,0,0,0,0,0,0,0,0,0,0,0,0,0,0,0,0,0,0,0,0,0,0,0,0,0,0,0,0,0,40.0244,-75.0628, , 
 ,69855,2011024655,6,67,67301,2011,1,5,1840,18,3,1,0,8,1, , ,N,0,0,0,3,0,1,2,3,N,N,39 58:48.666,75 10:10.238,1848, ,1845, ,0, , , ,0, , , , , ,779995, , , ,2,2,0,0,0,0,0,0,0,0,1,0,1,0,0,0,0,0,0,0,0,0,0,0,0,0,0,0,0,0,0,0,1,0,0,3,0,39.9802,-75.1695, , 
 ,69856,2011029040,6,67,67301,2011,2,3,1540,15,1,1,0,4,1, , ,N,1,2,0,3,0,2,4,2,N,N,40 01:39.788,75 05:55.565,1549, ,1546,1,1,2,N, ,3,N, , , , ,779998, , , ,2,1,0,0,0,0,0,1,0,0,0,1,2,1,0,0,0,0,0,0,1,0,0,0,0,0,0,0,0,0,0,0,0,0,0,4,0,40.0277,-75.0988, , 
 ,69857,2011036814,6,67,67301,2011,4,6,1635,16,1,2,1,1,1, , ,N,0,0,0,3,0,1,3,2,N,N,39 57:37.759,75 10:52.718,1655, ,1638, ,0, ,N, ,0, , , , , ,780006, , , ,2,0,0,0,0,0,0,0,0,0,0,1,1,0,0,0,0,0,0,0,0,1,0,0,0,0,0,0,0,0,0,0,0,0,0,4,0,39.9605,-75.1813, , 
 ,69858,2011053474,6,67,67301,2011,4,4,1850,18,1,1,0,1,1, , ,N,0,0,0,3,0,2,2,3,N,N,40 02:21.461,75 09:10.481,1918, ,1918, ,0, ,N, ,0, , , , , ,780018, , , ,3,2,0,0,0,0,1,0,0,0,0,0,2,2,0,0,0,0,0,0,0,0,0,0,0,0,0,0,0,0,0,0,0,0,0,8,0,40.0393,-75.1529, , 
 ,69859,2011056893,6,67,67301,2011,5,3,9999,99,1,1,0,5,1, , ,N,1,3,0,3,0,1,2,2, , ,39 56:27.441,75 09:32.504,1720, ,1715, ,0, , , ,3, , , , , ,780020, , , ,1,1,0,0,0,0,0,0,1,0,0,1,1,0,0,0,0,0,0,0,0,1,0,0,0,0,0,0,0,0,0,0,0,0,0,4,0,39.941,-75.159, , 
 ,69860,2011056934,6,67,67301,2011,5,7,1604,16,1,1,0,4,1, , ,N,1,2,0,3,0,1,2,2,N,N,40 03:53.239,75 14:23.085,1610, ,1606, ,0, ,N, ,3, , , , , ,780021, , , ,2,1,0,0,0,0,1,0,0,0,1,0,1,0,1,0,0,0,0,0,0,1,0,0,0,0,0,0,0,0,0,0,0,0,0,3,0,40.0645,-75.2397, , 
Y,69861,2011059052,6,67,67301,2011,6,7,715,7,1,1,0,1,1,2,2,Y,0,0,3,3,0,0,2,2,N,N,39 53:28.593,75 11:56.554,715,55,715,2,1,1,N, ,0,Y,Y,N,N,Y,780026,N,N,N,2,0,0,0,1,0,1,0,0,0,0,0,0,0,0,0,0,0,0,0,1,0,0,0,0,0,0,0,0,0,0,0,0,0,0,0,0,39.8913,-75.199, , 
 ,69862,2011023335,6,67,67301,2011,1,4,740,7,1,4,4,7,2, , ,N,0,0,0,3,0,0,1,1,N, ,39 56:21.665,75 11:21.128,917, ,912, ,0, , , ,0, , , , , ,780047, , , ,1,1,0,0,0,0,0,0,0,0,0,0,0,0,0,0,0,0,0,0,0,0,0,0,0,0,0,0,0,0,0,0,0,0,0,0,0,39.9394,-75.1892, , 
 ,69863,2011029950,6,67,67301,2011,3,5,1520,15,1,2,1,7,5, , ,N,0,0,0,3,0,0,3,1,N,N,39 53:15.398,75 14:31.188,1526, ,1520, ,0, ,N, ,0, , , , , ,780050, , , ,1,0,0,0,0,0,1,0,0,0,0,0,0,0,0,0,0,0,0,1,0,0,0,0,0,0,0,0,0,0,0,0,0,0,0,0,0,39.8876,-75.242, , 
 ,69864,2011044450,6,67,67301,2011,3,4,1613,16,1,1,0,2,1, , ,N,2,3,0,3,0,2,3,2,N,N,39 55:20.805,75 09:29.847,1628, ,1623,2,2,1, , ,3,Y, , , , ,780058, , , ,2,1,0,0,1,0,0,0,0,0,0,2,2,0,0,0,0,0,0,0,0,0,0,0,0,0,0,0,0,0,0,0,0,0,0,4,0,39.9224,-75.1583, , 
 ,69865,2011053559,6,67,67301,2011,4,4,2106,21,3,1,0,8,6, , ,N,0,0,0,3,0,1,2,2,N, ,40 00:42.390,75 08:54.329,2143, ,2142, ,0, , , ,0, , , , , ,780069, , , ,1,1,0,0,0,0,0,0,0,0,0,1,1,0,0,0,0,0,0,0,0,0,0,0,0,0,0,0,0,0,0,0,1,0,0,4,0,40.0118,-75.1484, , 
 ,69866,2011029419,6,67,67301,2011,2,3,1730,17,4,2,1,8,1, , ,N,2,0,0,3,0,1,2,2,N,N,39 59:31.308,75 07:17.698,1736, ,1735, ,0, ,N, ,0, , , , , ,780094, , , ,1,1,0,0,0,0,0,0,0,0,0,1,1,0,0,0,0,0,0,0,0,0,0,0,0,0,0,0,0,0,0,0,1,0,0,4,0,39.992,-75.1216, , 
 ,69867,2011031595,6,67,67301,2011,2,2,1815,18,6,1,0,4,1, , ,N,2,2,0,3,0,1,2,2,N,N,40 02:09.049,75 08:59.276,1910, ,1904, ,0, ,N, ,9, , , , , ,780096, , , ,2,2,0,0,0,0,0,0,0,0,1,0,1,0,0,0,0,0,0,0,0,1,0,0,0,0,0,0,0,0,0,0,0,0,0,3,0,40.0358,-75.1498, , 
 ,69868,2011031630,6,67,67301,2011,2,6,1838,18,3,1,0,4,1, , ,N,0,0,7,3,0,1,2,3,N,N,40 01:53.711,75 06:19.211,1852, ,1847, ,0, ,N, ,0, , , , , ,780097, , , ,3,3,0,0,0,0,0,0,0,0,0,1,1,0,0,0,0,0,0,0,0,0,0,0,0,0,0,0,0,0,0,0,0,0,0,4,0,40.0316,-75.1053, , 
 ,69869,2011023193,6,67,67301,2011,1,2,659,6,1,4,1,4,1, , ,N,1,3,0,3,0,1,2,2,N,N,39 59:44.756,75 05:43.919,810, ,806, ,0, , , ,3, , , , , ,784290, , , ,2,2,0,0,0,0,0,0,0,0,0,1,1,0,0,0,0,0,0,0,0,0,0,0,0,0,0,0,0,0,0,0,0,0,0,4,0,39.9958,-75.0955, , 
 ,69870,2011029084,6,67,67301,2011,2,3,1215,12,1,1,0,8,1, , ,N,1,2,0,3,0,1,2,2, , ,39 57:03.252,75 09:07.174,1230, ,1220, ,0, , , ,3, , , , , ,784298, , , ,1,1,0,0,0,0,0,0,0,0,0,1,1,0,0,0,0,0,0,0,1,0,0,0,0,0,0,0,0,0,0,0,1,0,0,4,0,39.9509,-75.152, , 
 ,69871,2011033566,6,67,67301,2011,3,5,50,0,3,1,0,4,1, , ,N,5,2,0,3,0,1,2,2,N,N,39 54:42.724,75 10:21.917,104, ,1158,9,1,2,N, ,3,N, , , , ,784300, , , ,2,2,0,0,0,0,0,0,0,0,0,1,1,0,0,0,0,0,0,0,0,0,0,0,0,0,0,0,0,0,0,0,0,0,0,4,0,39.9119,-75.1728, , 
 ,69872,2011048998,6,67,67301,2011,4,1,130,1,3,1,0,4,6, , ,N,0,0,0,3,0,1,4,2, , ,40 01:00.800,75 08:58.479,1145, ,1145, ,0, , , ,0, , , , , ,784314, , , ,2,1,0,0,0,0,0,0,0,0,0,0,1,1,2,0,0,0,0,0,0,0,0,0,0,0,0,0,0,0,0,0,0,0,0,8,0,40.0168,-75.1496, , 
 ,69873,2011053537,6,67,67301,2011,4,3,2001,20,3,2,1,8,1, , ,N,1,3,0,3,0,1,2,2,N,N,40 02:51.640,75 11:14.661,2024, ,2014, ,0, ,N, ,3, , , , , ,784317, , , ,1,1,0,0,0,0,0,0,0,0,0,1,1,0,1,0,0,0,0,0,0,0,0,0,0,0,0,0,0,0,0,0,1,0,0,4,0,40.0477,-75.1874, , 
 ,69874,2011056787,6,67,67301,2011,5,3,9999,99,1,1,0,4,1, , ,N,2,0,0,3,0,1,2,2, , ,39 56:43.040,75 11:08.505,849, ,849, ,0, , , ,0, , , , , ,784319, , , ,1,1,0,0,0,0,0,0,1,0,0,1,1,0,0,0,0,0,0,0,0,0,0,0,0,0,0,0,0,0,0,0,0,0,0,4,0,39.9453,-75.1857, , 
 ,69875,2011015807,6,67,67301,2011,1,6,1856,18,3,1,0,8,1, , ,N,2,2,0,3,0,1,2,2,N,N,40 00:07.772,75 12:40.103,1905, ,1857,3,2,7,N, ,3,Y, , , , ,784333, , , ,1,0,0,1,0,0,0,0,0,0,1,0,1,0,0,0,0,0,0,0,0,0,0,0,0,0,0,0,0,0,0,0,1,0,0,3,1,40.0022,-75.2111, , 
 ,69876,2011082407,6,67,67301,2011,6,4,759,7,1,1,0,4,1, , ,N,1,2,0,3,0,1,2,2,N,N,40 01:26.988,75 07:59.257,806, ,804, ,0, ,N, ,3, , , , , ,784385, , , ,2,1,0,0,0,1,0,0,0,0,1,0,1,0,0,0,0,0,0,0,1,0,0,0,0,0,0,0,0,0,0,0,0,0,0,3,1,40.0242,-75.133, , 
 ,69877,2011088040,6,67,67301,2011,7,7,1839,18,1,1,0,6,1, , ,N,0,0,3,3,0,1,3,2,N,N,40 01:01.986,75 10:01.856,1851, ,1841,2,1,2,N, ,0,N, , , , ,784391, , , ,2,1,0,0,0,0,0,1,0,0,0,1,1,0,0,0,0,0,0,0,1,0,0,0,0,0,0,0,0,0,0,0,0,0,0,4,0,40.0172,-75.1672, , 
 ,69878,2011092969,6,67,67301,2011,8,5,1105,11,1,2,1,4,1, , ,N,0,0,7,3,0,1,5,2,N,N,40 02:56.849,75 03:30.995,1120, ,1111, ,0, ,N, ,0, , , , , ,784398, , , ,2,2,0,0,0,0,0,0,0,0,0,0,1,1,0,0,0,0,0,1,0,0,0,0,0,0,0,0,0,0,0,0,0,0,0,8,0,40.0491,-75.0586, , 
 ,69879,2011100831,6,67,67301,2011,9,6,1126,11,1,1,0,8,1, , ,N,1,2,0,3,0,1,2,2,N,N,39 59:55.770,75 07:52.360,1133, ,1130, ,0, ,N, ,3, , , , , ,784407, , , ,1,1,0,0,0,0,0,0,0,0,0,1,1,0,0,0,0,0,0,0,0,0,0,0,0,0,0,0,0,0,0,0,1,0,0,4,0,39.9988,-75.1313, , 
 ,69880,2011023008,6,67,67301,2011,1,4,1107,11,1,4,4,1,1, , ,N,0,0,0,3,0,1,3,4,N,N,39 58:48.824,75 10:11.462,1115, ,1111,1,2,6,N, ,0,Y, , , , ,784431, , , ,3,3,0,0,0,0,0,0,0,0,1,0,1,0,0,0,0,0,0,0,1,0,0,0,0,0,0,0,0,0,0,0,1,0,0,3,0,39.9802,-75.1699, , 
 ,69881,2011046806,6,67,67301,2011,4,1,406,4,3,2,1,5,1, , ,N,0,0,0,3,0,1,2,2,N,N,39 56:14.898,75 11:54.814,416, ,408, ,0, ,N, ,0, , , , , ,784463, , , ,2,0,0,0,0,0,1,0,0,0,0,1,1,0,1,0,0,0,0,0,0,0,0,0,0,0,0,0,0,0,0,0,0,0,0,4,0,39.9366,-75.1993, , 
 ,69882,2011047015,6,67,67301,2011,4,6,2145,21,3,2,1,8,1, , ,N,1,2,0,3,0,1,2,2, , ,39 56:57.318,75 09:25.995,9999, ,2340, ,0, , , ,3, , , , , ,784464, , , ,1,1,0,0,0,0,0,0,0,0,0,0,1,1,0,0,0,0,0,0,0,0,0,0,0,0,0,0,0,0,0,0,1,0,0,8,0,39.9493,-75.1572, , 
 ,69883,2011013302,6,67,67301,2011,1,2,2221,22,3,4,4,7,2, , ,N,0,0,0,3,0,1,1,1,N,N,39 54:08.443,75 09:03.724,2255, ,2239, ,0, ,N, ,0, , , , , ,784475, , , ,1,1,0,0,0,0,0,0,0,0,0,1,1,0,0,0,0,0,0,0,0,0,0,0,0,0,0,0,0,0,0,0,0,0,0,4,0,39.9023,-75.151, , 
 ,69884,2011029411,6,67,67301,2011,1,5,2030,20,3,1,0,4,1, , ,N,1,2,0,3,0,1,4,2,N,N,40 01:40.946,75 06:36.204,2040, ,2031, ,0, ,N, ,3, , , , , ,784489, , , ,2,1,0,0,0,0,1,0,0,0,0,1,1,0,0,0,0,0,0,0,0,0,0,0,0,0,0,0,0,0,0,0,0,0,0,4,0,40.028,-75.1101, , 
 ,69885,2011054309,6,67,67301,2011,4,1,1045,10,1,1,0,7,5, , ,N,0,0,0,3,0,1,1,2,N,N,40 06:08.168,74 58:54.300,1057, ,1052, ,0, ,N, ,0, , , , , ,784509, , , ,2,0,0,0,1,0,1,0,0,0,0,0,1,1,0,0,0,0,0,0,1,0,0,0,0,0,0,0,0,0,0,0,0,0,0,8,0,40.1023,-74.9818, , 
 ,69886,2011015952,6,67,67301,2011,1,3,1130,11,1,1,0,4,1, , ,N,0,0,0,3,0,0,3,2, , ,39 59:55.173,75 07:49.546,1130, ,1130, ,0, , , ,0, , , , , ,784519, , , ,2,2,0,0,0,0,0,0,0,0,0,0,0,0,2,0,0,0,0,0,1,0,0,1,0,0,0,0,0,0,0,0,0,0,0,9,0,39.9987,-75.1304, , 
 ,69887,2011014328,6,46,46102,2011,2,3,732,7,1,1,5,1,1, , ,N,0,0,0,3,0,1,2,2,N,N,40 03:44.734,75 08:16.418,743, ,738,1,1,4,N, ,0,N, , , , ,771750, , , ,2,0,0,0,0,0,2,0,0,0,0,0,1,1,0,0,0,0,0,0,2,0,0,0,0,0,0,0,0,0,0,0,0,0,0,8,0,40.0624,-75.1379, , 
 ,69888,2011028492,6,67,67301,2011,3,3,1915,19,3,1,0,1,1, , ,N,0,0,0,3,0,1,4,4,N,N,39 59:42.655,75 11:51.950,1928, ,1926, ,0, ,N, ,0, , , , , ,771760, , , ,4,3,0,0,0,0,1,0,0,0,0,0,1,1,0,0,0,0,0,0,0,0,0,0,0,0,0,0,0,0,0,0,0,0,0,8,0,39.9952,-75.1978, , 
 ,69889,2011029036,6,67,67301,2011,1,6,717,7,1,1,0,1,1, , ,N,0,0,0,3,0,0,3,3,N,Y,40 07:08.635,75 00:27.557,717, ,717,1,1,4,N, ,0,N, , , , ,771761, , , ,3,1,0,0,0,0,2,0,0,0,0,0,0,0,0,0,0,0,0,0,2,0,0,0,0,0,0,0,0,0,0,0,0,0,0,0,0,40.1191,-75.0077, , 