wz_ln_closure,objectid_1,crn,district,county,municipality,crash_year,crash_month,day_of_week,time_of_day,hour_of_day,illumination,weather,road_condition,collision_type,relation_to_road,work_zone_type,work_zone_loc,work_zone_ind,intersect_type,tcd_type,location_type,urban_rural,fatal_count,injury_count,person_count,total_units,sch_bus_ind,sch_zone_ind,latitude,longitude,arrival_tm,cons_zone_spd_lim,dispatch_tm,est_hrs_closed,lane_closed,ln_close_dir,ntfy_hiwy_maint,spec_juris_cd,tcd_func_cd,tfc_detour_ind,workers_pres,wz_close_detour,wz_flagger,wz_law_offcr_ind,objectid,wz_moving,wz_other,wz_shlder_mdn,vehicle_count,automobile_count,motorcycle_count,bus_count,small_truck_count,heavy_truck_count,suv_count,van_count,bicycle_count,maj_inj_count,mod_inj_count,min_inj_count,tot_inj_count,unk_inj_deg_count,unk_inj_per_count,driver_count_16yr,driver_count_17yr,driver_count_18yr,driver_count_19yr,driver_count_20yr,driver_count_50_64yr,driver_count_65_74yr,driver_count_75plus,unbelted_occ_count,unb_death_count,unb_maj_inj_count,belted_death_count,belted_maj_inj_count,mcycle_death_count,mcycle_maj_inj_count,bicycle_death_count,bicycle_maj_inj_count,ped_count,ped_death_count,ped_maj_inj_count,max_severity_level,comm_veh_count,dec_lat,dec_long,rdwy_surf_type_cd,county_name
 ,70023,2011023285,6,67,67301,2011,1,7,1750,17,3,1,1,4,1, , ,N,2,3,0,3,0,4,6,2,N,N,40 07:34.842,75 01:12.201,1753, ,1753,1,2,6,N, ,3,Y, , , , ,784914, , , ,2,2,0,0,0,0,0,0,0,0,0,4,4,0,0,0,0,0,0,0,0,0,0,0,0,0,0,0,0,0,0,0,0,0,0,4,0,40.1263,-75.0201, , 
 ,70024,2011031212,6,67,67301,2011,2,5,1349,13,1,1,0,4,1, , ,N,0,0,0,3,0,0,3,2, , ,39 57:03.206,75 09:06.792,1349, ,1349, ,0, , , ,0, , , , , ,784921, , , ,2,1,0,1,0,0,0,0,0,0,0,0,0,0,0,0,0,0,0,0,0,0,0,0,0,0,0,0,0,0,0,0,0,0,0,0,1,39.9509,-75.1519, , 
 ,70025,2011031300,6,67,67301,2011,2,3,9999,99,1,1,0,7,5, , ,N,0,0,0,3,0,1,1,1, , ,40 05:26.313,75 00:28.721,1550, ,1543, ,0, , , ,0, , , , , ,784922, , , ,1,1,0,0,0,0,0,0,0,0,0,0,1,1,0,0,0,0,0,0,1,0,0,1,0,0,0,0,0,0,0,0,0,0,0,8,0,40.0906,-75.008, , 
 ,70026,2011040235,6,67,67301,2011,3,6,637,6,5,1,0,7,5, , ,N,1,0,0,3,0,1,1,1,N,N,39 59:45.639,75 10:37.711,637, ,637, ,0, ,N, ,0, , , , , ,784928, , , ,1,1,0,0,0,0,0,0,0,0,0,0,1,1,0,0,0,0,0,0,0,0,0,0,0,0,0,0,0,0,0,0,0,0,0,8,0,39.996,-75.1771, , 
 ,70027,2011016008,6,67,67301,2011,1,4,1436,14,1,1,0,5,1, , ,N,0,8,0,3,0,3,3,2,N,N,40 00:38.470,75 11:03.917,1516, ,1506,2,2,4,N, ,3,N, , , , ,784959, , , ,2,2,0,0,0,0,0,0,0,0,0,3,3,0,0,0,1,0,0,1,0,0,0,0,0,0,0,0,0,0,0,0,0,0,0,4,0,40.0107,-75.1844, , 
 ,70028,2011029176,6,67,67301,2011,1,7,2257,22,3,1,1,4,1, , ,N,1,2,0,3,0,0,2,2,N,N,40 03:47.229,75 01:19.196,2258, ,2258, ,0, ,N, ,3, , , , , ,784969, , , ,2,2,0,0,0,0,0,0,0,0,0,0,0,0,0,0,0,0,0,0,0,1,0,0,0,0,0,0,0,0,0,0,0,0,0,0,0,40.0631,-75.022, , 
 ,70029,2011037961,6,67,67301,2011,3,6,2035,20,3,1,0,4,1, , ,N,1,3,0,3,0,0,2,2,N,N,39 58:10.608,75 08:26.438,2042, ,2040, ,0, ,N, ,3, , , , , ,784980, , , ,2,2,0,0,0,0,0,0,0,0,0,0,0,0,0,0,0,0,0,0,0,0,0,0,0,0,0,0,0,0,0,0,0,0,0,0,0,39.9696,-75.1407, , 
 ,70030,2011009995,6,67,67301,2011,1,1,1713,17,3,2,1,8,1, , ,N,1,3,0,3,0,1,2,2,N,N,39 58:44.706,75 07:23.109,1717, ,1715, ,0, ,N, ,3, , , , , ,784999, , , ,1,1,0,0,0,0,0,0,0,0,0,1,1,0,0,0,0,0,0,0,0,0,0,1,0,0,0,0,0,0,0,0,1,0,0,4,0,39.9791,-75.1231, , 
 ,70031,2011054091,6,67,67301,2011,4,1,400,4,3,2,1,7,4, , ,N,0,0,0,3,0,1,1,1,N,N,39 54:08.307,75 14:23.080,400, ,537, ,0, ,N, ,0, , , , , ,785001, , , ,1,1,0,0,0,0,0,0,0,0,0,1,1,0,0,0,0,0,0,0,1,0,0,0,0,0,0,0,0,0,0,0,0,0,0,4,0,39.9023,-75.2397, , 
 ,70032,2011054332,6,67,67301,2011,4,1,928,9,1,1,0,8,1, , ,N,1,2,0,3,0,1,2,2,N,N,39 57:55.483,75 10:26.846,932, ,930,1,1,1,N, ,3,Y, , , , ,785002, , , ,1,1,0,0,0,0,0,0,0,0,0,1,1,0,0,0,0,0,0,0,0,0,0,0,0,0,0,0,0,0,0,0,1,0,0,4,0,39.9654,-75.1741, , 
 ,70033,2011057022,6,67,67301,2011,5,7,9999,99,1,1,0,8,1, , ,N,0,0,0,3,0,1,2,2,N,N,39 57:55.528,75 12:21.580,1630, ,1624, ,0, , , ,0, , , , , ,785005, , , ,1,1,0,0,0,0,0,0,0,0,0,1,1,0,0,0,0,0,0,0,0,0,0,0,0,0,0,0,0,0,0,0,1,0,0,4,0,39.9654,-75.206, , 
 ,70034,2011039849,6,67,67301,2011,4,7,650,6,5,1,0,5,1, , ,N,0,0,0,3,0,1,3,3,N,N,39 59:34.825,75 05:06.954,701, ,653,2,2,2,N, ,0,N, , , , ,772299, , , ,3,2,0,0,1,0,0,0,0,0,0,0,1,1,0,0,0,0,0,0,1,0,0,0,0,0,0,0,0,0,0,0,0,0,0,8,0,39.9931,-75.0852, , 
 ,70035,2011054018,6,67,67301,2011,3,5,2135,21,1,4,1,4,1, , ,N,0,0,7,3,0,1,2,2,N,N,39 57:25.070,75 12:34.730,2147, ,2144, ,0, ,N, ,0, , , , , ,772314, , , ,1,1,0,0,0,0,0,0,1,0,0,1,1,0,0,0,0,0,0,0,0,0,0,0,0,0,0,0,0,0,0,0,0,0,0,4,0,39.957,-75.2096, , 
 ,70036,2011014558,6,67,67301,2011,1,4,120,1,3,4,3,7,3, , ,N,0,0,0,3,0,0,1,1,N,N,39 58:40.000,75 06:43.291,130, ,124, ,0, ,N, ,0, , , , , ,772326, , , ,1,1,0,0,0,0,0,0,0,0,0,0,0,0,0,0,0,0,0,0,0,0,0,0,0,0,0,0,0,0,0,0,0,0,0,0,0,39.9778,-75.112, , 
 ,70037,2011015947,6,67,67301,2011,1,6,1436,14,1,1,5,7,5, , ,N,2,3,0,3,0,1,1,1,N,N,39 59:39.372,75 08:38.903,1510, ,1503, ,0, ,N, ,3, , , , , ,772329, , , ,1,1,0,0,0,0,0,0,0,0,0,0,1,1,0,0,0,1,0,0,0,0,0,0,0,0,0,0,0,0,0,0,0,0,0,8,0,39.9943,-75.1441, , 
 ,70038,2011033423,6,67,67301,2011,3,6,729,7,1,1,0,8,1, , ,N,5,2,0,3,0,1,2,2, , ,40 00:35.933,75 05:46.068,741, ,737, ,0, , , ,3, , , , , ,772346, , , ,1,0,0,0,1,0,0,0,0,0,1,0,1,0,0,0,0,0,0,0,0,0,0,0,0,0,0,0,0,0,0,0,1,0,0,3,0,40.01,-75.0961, , 
 ,70039,2011029079,6,67,67301,2011,2,3,956,9,1,1,0,2,1, , ,N,1,2,0,3,0,6,7,3,N,N,40 04:50.449,75 01:42.488,1010, ,1000,2,2,4,N, ,3,Y, , , , ,772389, , , ,3,1,0,0,0,0,2,0,0,0,0,0,6,6,0,0,0,0,0,0,2,0,0,0,0,0,0,0,0,0,0,0,0,0,0,8,0,40.0808,-75.0284, , 
 ,70040,2011030317,6,67,67301,2011,2,1,305,3,3,1,0,5,1, , ,N,0,0,0,3,0,0,2,2,N,N,39 58:45.996,75 12:14.398,320, ,311,2,1,4,N, ,0,N, , , , ,772390, , , ,2,2,0,0,0,0,0,0,0,0,0,0,0,0,0,0,0,0,0,0,0,0,0,0,0,0,0,0,0,0,0,0,0,0,0,0,0,39.9794,-75.204, , 
 ,70041,2011038204,6,67,67301,2011,3,2,1016,10,1,2,1,4,1, , ,N,2,3,0,3,0,2,4,2,N,N,40 02:01.186,75 08:43.295,1037, ,1035,2,1,2,N, ,3,N, , , , ,772399, , , ,2,1,0,0,0,0,0,1,0,0,0,2,2,0,0,0,0,0,0,0,1,0,0,0,0,0,0,0,0,0,0,0,0,0,0,4,0,40.0337,-75.1454, , 
 ,70042,2011048582,6,67,67301,2011,3,5,1225,12,1,1,0,1,1, , ,N,0,0,0,3,0,3,4,3,N,N,39 54:52.749,75 14:39.257,1230, ,1227, ,0, ,N, ,0, , , , , ,772410, , , ,3,2,0,0,0,0,1,0,0,0,0,3,3,0,0,0,0,0,0,0,1,0,0,0,0,0,0,0,0,0,0,0,0,0,0,4,0,39.9147,-75.2442, , 
 ,70043,2011040386,6,67,67301,2011,3,6,2325,23,3,1,0,4,1, , ,N,0,0,7,3,0,1,3,3,N,N,40 00:28.980,75 12:37.400,22, ,22, ,0, ,N, ,0, , , , , ,772450, , , ,3,3,0,0,0,0,0,0,0,0,0,0,1,1,0,0,0,0,0,0,0,0,0,0,0,0,0,0,0,0,0,0,0,0,0,8,0,40.0081,-75.2104, , 
 ,70044,2011029420,6,67,67301,2011,2,7,855,8,3,2,1,6,1, , ,N,1,2,0,3,0,0,2,2,N,N,40 05:12.438,74 58:18.635,9999, ,9999, ,0, ,N, ,3, , , , , ,772483, , , ,2,1,0,0,0,0,1,0,0,0,0,0,0,0,0,0,0,0,0,0,0,0,0,0,0,0,0,0,0,0,0,0,0,0,0,0,0,40.0868,-74.9718, , 
 ,70045,2011038415,6,67,67301,2011,3,7,2145,21,3,1,0,1,1, , ,N,5,2,0,3,0,1,3,2, , ,40 01:54.059,75 05:01.805,2155, ,2050,1,1,1, , ,3,N, , , , ,772491, , , ,2,0,0,0,0,0,1,1,0,0,0,1,1,0,0,0,0,0,0,0,1,0,0,0,0,0,0,0,0,0,0,0,0,0,0,4,0,40.0317,-75.0838, , 
 ,70046,2011057015,6,67,67301,2011,5,5,520,5,1,1,0,6,1, , ,N,1,2,0,3,0,0,2,2,N,N,39 56:06.914,75 11:09.185,522, ,521, ,0, ,N, ,3, , , , , ,772506, , , ,2,1,0,0,1,0,0,0,0,0,0,0,0,0,0,0,0,0,0,0,0,1,0,2,0,0,0,0,0,0,0,0,0,0,0,0,0,39.9353,-75.1859, , 
 ,70047,2011017706,6,67,67301,2011,1,7,226,2,3,1,0,7,2, , ,N,0,0,0,3,0,1,1,1,N,N,39 57:27.410,75 08:54.103,234, ,230,2,1,3,N, ,0,N, , , , ,772523, , , ,1,1,0,0,0,0,0,0,0,0,1,0,1,0,0,0,0,0,1,0,0,0,0,0,0,0,0,0,0,0,0,0,0,0,0,3,0,39.9576,-75.1484, , 
 ,70048,2011028970,6,67,67301,2011,2,1,225,2,3,1,0,7,2, , ,N,1,2,0,3,0,0,2,1, , ,39 56:39.490,75 09:18.158,233, ,230, ,0, , , ,3, , , , , ,772537, , , ,1,1,0,0,0,0,0,0,0,0,0,0,0,0,0,0,0,0,0,0,0,0,0,0,0,0,0,0,0,0,0,0,0,0,0,0,0,39.9443,-75.155, , 
 ,70049,2011031323,6,67,67301,2011,2,7,2200,22,3,1,0,1,1, , ,N,2,0,0,3,0,2,4,3,N,N,40 01:10.494,75 06:29.973,1245, ,9999,9,2,6,N, ,0,Y, , , , ,772541, , , ,3,0,0,0,1,0,2,0,0,0,0,0,2,2,0,0,0,0,0,0,2,0,0,0,0,0,0,0,0,0,0,0,0,0,0,8,0,40.0196,-75.1083, , 
 ,70050,2011056417,6,67,67301,2011,5,4,830,8,2,1,0,8,1, , ,N,1,3,0,3,0,1,2,2,N,N,40 02:19.928,75 03:45.658,930, ,930, ,0, ,N, ,9, , , , , ,772554, , , ,1,1,0,0,0,0,0,0,0,0,0,0,1,1,0,0,0,0,0,0,0,0,1,0,0,0,0,0,0,0,0,0,1,0,0,8,0,40.0389,-75.0627, , 
 ,70051,2011056816,6,67,67301,2011,5,2,151,1,3,1,0,8,1, , ,N,1,2,0,3,1,0,2,2,N,N,40 01:26.988,75 07:59.257,156, ,153,4,2,5,N,0,3,N, , , , ,772556, , , ,1,1,0,0,0,0,0,0,0,0,0,0,0,0,0,0,0,0,0,0,0,0,0,0,0,0,0,0,0,0,0,0,1,1,0,1,0,40.0242,-75.133,2, 
 ,70052,2011033550,6,67,67301,2011,3,2,1537,15,1,1,0,8,1, , ,N,1,3,0,3,0,1,2,2,N,N,39 55:39.619,75 08:49.027,1540, ,1540,1,1,2,N, ,3,Y, , , , ,776633, , , ,1,0,0,0,0,0,1,0,0,0,0,0,1,1,0,0,0,0,0,0,0,0,0,0,0,0,0,0,0,0,0,0,1,0,0,8,0,39.9277,-75.147, , 
 ,70053,2011038214,6,67,67301,2011,3,4,1418,14,1,1,0,1,1, , ,N,1,2,0,3,0,1,3,2, , ,39 59:42.673,75 06:43.885,1422, ,1420, ,0, , , ,3, , , , , ,776639, , , ,2,2,0,0,0,0,0,0,0,0,0,1,1,0,0,0,0,0,0,0,0,0,0,0,0,0,0,0,0,0,0,0,0,0,0,4,0,39.9952,-75.1123, , 
 ,70054,2011038447,6,67,67301,2011,3,6,1230,12,1,1,0,8,6, , ,N,0,0,7,3,0,1,2,2,N,N,40 04:18.781,75 01:57.836,1251, ,1251, ,0, ,N, ,0, , , , , ,776640, , , ,1,0,0,0,0,0,1,0,0,0,0,1,1,0,0,0,0,0,0,0,0,0,0,0,0,0,0,0,0,0,0,0,1,0,0,4,0,40.0719,-75.0327, , 
 ,70055,2011031337,6,67,67301,2011,1,1,1515,15,1,4,3,8,1, , ,N,1,2,0,3,0,1,2,2,N,N,40 01:00.708,75 08:58.113,1430, ,1430, ,0, ,N, ,3, , , , , ,776665, , , ,1,0,0,1,0,0,0,0,0,0,1,0,1,0,0,0,0,0,0,0,0,0,0,0,0,0,0,0,0,0,0,0,1,0,0,3,1,40.0169,-75.1495, , 
 ,70056,2011038440,6,67,67301,2011,3,4,1228,12,1,1,0,1,1, , ,N,0,3,0,3,0,0,1,2,N,N,39 58:26.986,75 13:07.406,1234, ,1228, ,0, ,N, ,3, , , , , ,776673, , , ,2,1,0,0,1,0,0,0,0,0,0,0,0,0,1,0,0,0,0,0,0,0,0,0,0,0,0,0,0,0,0,0,0,0,0,9,0,39.9742,-75.2187, , 
 ,70057,2011061738,6,67,67301,2011,5,1,625,6,1,2,1,7,2, , ,N,6,4,0,3,0,0,1,1,N,N,39 53:35.159,75 13:19.839,630, ,625,1,1,4,N, ,3,N, , , , ,776693, , , ,1,0,0,0,0,0,1,0,0,0,0,0,0,0,1,0,0,0,0,0,0,0,0,0,0,0,0,0,0,0,0,0,0,0,0,9,0,39.8931,-75.2222, , 
 ,70058,2011023774,6,67,67301,2011,1,5,1614,16,1,4,3,8,1, , ,N,0,0,0,3,0,1,2,2,N, ,40 03:09.092,75 09:10.493,1705, ,1702, ,0, , , ,0, , , , , ,776719, , , ,1,0,0,0,0,0,1,0,0,0,0,1,1,0,0,0,0,0,0,0,1,0,0,0,0,0,0,0,0,0,0,0,1,0,0,4,0,40.0525,-75.1529, , 
 ,70059,2011028981,6,67,67301,2011,2,5,830,8,1,1,0,8,1, , ,N,0,0,0,3,0,1,2,2,N,Y,40 02:20.304,75 09:00.391,905, ,900, ,0, ,N, ,0, , , , , ,776722, , , ,1,1,0,0,0,0,0,0,0,0,0,0,1,1,0,0,0,0,0,0,0,0,0,0,0,0,0,0,0,0,0,0,1,0,0,8,0,40.039,-75.1501, , 
 ,70060,2011042395,6,67,67301,2011,4,6,1505,15,1,1,0,1,1, , ,N,0,0,0,3,0,1,2,2,N,N,40 02:39.420,75 00:09.724,1512, ,1505, ,0, ,N, ,0, , , , , ,776738, , , ,2,2,0,0,0,0,0,0,0,0,0,1,1,0,0,0,0,0,0,0,0,0,0,0,0,0,0,0,0,0,0,0,0,0,0,4,0,40.0443,-75.0027, , 
 ,70061,2011033562,6,67,67301,2011,3,4,949,9,1,1,0,4,1, , ,N,1,3,0,3,0,2,2,2,N,N,40 07:44.061,75 00:31.316,1001, ,950,3,2,1,N, ,3,Y, , , , ,776771, , , ,2,0,0,0,0,0,2,0,0,0,0,0,2,2,0,0,0,0,0,0,0,0,0,0,0,0,0,0,0,0,0,0,0,0,0,8,0,40.1289,-75.0087, , 
 ,70062,2011054304,6,67,67301,2011,4,6,1009,10,1,1,0,4,1, , ,N,1,2,0,3,0,1,2,2,N,N,39 58:48.958,75 12:50.715,1015, ,1009, ,0, ,N, ,3, , , , , ,776795, , , ,1,1,0,0,0,0,0,0,1,0,1,0,1,0,0,0,0,0,0,0,1,0,0,1,0,0,0,0,0,0,0,0,0,0,0,3,0,39.9803,-75.2141, , 
 ,70063,2011015827,6,67,67301,2011,1,2,2328,23,3,1,0,7,5, , ,N,1,2,0,3,0,2,3,2,N,N,39 57:27.900,75 13:09.320,2332, ,2329, ,0, ,N, ,3, , , , , ,776803, , , ,2,0,0,0,0,0,1,1,0,0,0,2,2,0,0,0,0,0,1,0,0,0,0,0,0,0,0,0,0,0,0,0,0,0,0,4,0,39.9578,-75.2193, , 
 ,70064,2011031159,6,67,67301,2011,2,2,940,9,1,2,1,7,5, , ,N,0,0,0,3,0,1,1,1,N,N,40 04:06.616,75 04:01.104,955, ,944, ,0, ,N, ,0, , , , , ,776816, , , ,1,1,0,0,0,0,0,0,0,0,1,0,1,0,0,0,0,0,0,0,0,0,1,0,0,0,0,0,0,0,0,0,0,0,0,3,0,40.0685,-75.067, , 
 ,70065,2011044628,6,67,67301,2011,4,2,1215,12,1,1,0,1,6, , ,N,0,0,0,3,0,0,1,2,N,N,40 06:35.514,75 01:14.660,1229, ,1229, ,0, , , ,0, , , , , ,776824, , , ,2,0,0,0,1,0,1,0,0,0,0,0,0,0,0,0,0,0,0,0,1,0,0,0,0,0,0,0,0,0,0,0,0,0,0,0,0,40.1099,-75.0207, , 
 ,70066,2011047052,6,67,67301,2011,4,3,1315,13,1,2,1,8,1, , ,N,0,0,7,3,0,1,2,2,N,N,40 01:52.414,75 10:02.118,1350, ,1342, ,0, ,N, ,0, , , , , ,776827, , , ,1,0,0,0,0,0,0,1,0,0,0,1,1,0,1,0,0,0,0,0,0,0,0,0,0,0,0,0,0,0,0,0,1,0,0,4,0,40.0312,-75.1673, , 
 ,70067,2011053532,6,67,67301,2011,4,2,1740,17,1,1,0,1,1, , ,N,5,0,0,3,0,2,7,4,N, ,40 00:52.185,75 07:52.121,1755, ,1745, ,0, , , ,0, , , , , ,776832, , , ,4,3,0,0,0,0,0,1,0,0,0,2,2,0,0,0,0,0,0,0,0,0,0,0,0,0,0,0,0,0,0,0,0,0,0,4,0,40.0145,-75.1311, , 
 ,70068,2011054095,6,67,67301,2011,4,2,410,4,3,2,1,7,5, , ,N,10,3,0,3,0,0,1,1,N,N,39 56:48.598,75 09:12.376,440, ,439,2,1,1,N, ,3,N, , , , ,776890, , , ,1,1,0,0,0,0,0,0,0,0,0,0,0,0,1,0,0,0,0,0,0,0,0,0,0,0,0,0,0,0,0,0,0,0,0,9,0,39.9468,-75.1534, , 
 ,70069,2011022430,6,67,67301,2011,1,5,225,2,3,1,0,7,5, , ,N,0,0,0,3,1,0,1,1,N,N,40 01:37.847,75 05:55.842,227, ,225,3,2,1,N,0,0,N, , , , ,776913, , , ,1,1,0,0,0,0,0,0,0,0,0,0,0,0,0,0,0,0,0,0,0,0,0,1,1,0,0,0,0,0,0,0,0,0,0,1,0,40.0272,-75.0988,2, 
 ,70070,2011028830,6,67,67301,2011,2,6,820,8,1,1,0,4,1, , ,N,0,0,7,3,0,1,2,2,N,N,40 04:25.078,75 00:56.182,827, ,823, ,0, ,N, ,0, , , , , ,780716, , , ,2,2,0,0,0,0,0,0,0,0,0,0,1,1,0,0,0,0,1,0,0,0,0,0,0,0,0,0,0,0,0,0,0,0,0,8,0,40.0736,-75.0156, , 
 ,70071,2011031290,6,67,67301,2011,2,1,245,2,3,1,0,1,1, , ,N,2,2,7,3,0,2,4,2,N,N,40 03:05.231,75 00:32.643,325, ,316, ,0, ,N, ,3, , , , , ,780718, , , ,2,1,0,0,0,0,1,0,0,0,0,0,2,2,0,0,0,0,0,0,1,0,0,4,0,0,0,0,0,0,0,0,0,0,0,8,0,40.0515,-75.0091, , 
 ,70072,2011056923,6,67,67301,2011,5,1,154,1,3,1,0,7,5, , ,N,0,0,0,3,0,1,1,1,N,N,40 07:22.995,75 00:56.142,157, ,155, ,0, , , ,0, , , , , ,780742, , , ,1,1,0,0,0,0,0,0,0,1,0,0,1,0,0,0,0,0,0,0,0,0,0,0,0,0,0,0,0,0,0,0,0,0,0,2,0,40.1231,-75.0156, , 
 ,70073,2011023265,6,67,67301,2011,1,1,300,3,3,1,0,5,5, , ,N,0,0,0,3,0,0,1,2,N,N,39 57:56.135,75 14:46.298,320, ,313, ,0, ,N, ,0, , , , , ,780765, , , ,2,2,0,0,0,0,0,0,0,0,0,0,0,0,0,0,0,0,0,0,0,0,0,0,0,0,0,0,0,0,0,0,0,0,0,0,0,39.9656,-75.2462, , 
 ,70074,2011051181,6,67,67301,2011,5,1,328,3,3,2,7,7,3, , ,N,0,0,0,3,0,0,1,1,N,N,39 55:54.752,75 11:59.242,336, ,333, ,0, ,N, ,0, , , , , ,780786, , , ,1,1,0,0,0,0,0,0,0,0,0,0,0,0,0,0,0,0,0,0,0,0,0,0,0,0,0,0,0,0,0,0,0,0,0,0,0,39.9319,-75.1998, , 
 ,70075,2011057317,6,67,67301,2011,4,7,2300,23,3,1,0,4,1, , ,N,1,2,0,3,0,1,4,3, , ,39 57:10.041,75 10:00.776,2330, ,2320,9,1,3, , ,3,N, , , , ,780792, , , ,3,3,0,0,0,0,0,0,0,0,0,1,1,0,0,0,0,0,0,0,1,0,0,0,0,0,0,0,0,0,0,0,0,0,0,4,0,39.9528,-75.1669, , 
 ,70076,2011023126,6,67,67301,2011,1,7,9999,99,3,1,0,1,1, , ,N,5,2,0,3,0,1,3,2, , ,39 53:40.603,75 14:12.181,2150, ,2144, ,0, , , ,3, , , , , ,780825, , , ,2,2,0,0,0,0,0,0,0,0,0,1,1,0,0,0,0,0,0,0,2,0,0,0,0,0,0,0,0,0,0,0,0,0,0,4,0,39.8946,-75.2367, , 
 ,70077,2011029007,6,67,67301,2011,2,5,920,9,1,8,5,8,2, , ,N,1,2,0,3,0,1,2,2,N,N,40 02:37.429,75 05:06.333,1320, ,1315, ,0, ,N, ,9, , , , , ,780828, , , ,1,0,0,0,0,0,1,0,0,0,0,1,1,0,0,0,0,0,0,0,0,0,0,0,0,0,0,0,0,0,0,0,1,0,0,4,0,40.0437,-75.0851, , 
 ,70078,2011029041,6,67,67301,2011,2,7,30,0,3,1,0,7,5, , ,N,0,0,0,3,0,0,1,1,N,N,40 00:48.691,75 10:47.182,30, ,10,2,1,4,Y, ,0,N, , , , ,780829, , , ,1,0,0,0,0,0,0,1,0,0,0,0,0,0,0,0,0,0,0,0,0,0,0,0,0,0,0,0,0,0,0,0,0,0,0,0,0,40.0135,-75.1798, , 
 ,70079,2011044850,6,67,67301,2011,3,5,842,8,1,2,1,4,1, , ,N,1,2,0,3,0,0,3,3,N,N,40 07:07.975,75 01:04.685,845, ,845,1,1,2,N, ,3,N, , , , ,780840, , , ,3,3,0,0,0,0,0,0,0,0,0,0,0,0,0,0,0,0,0,0,1,0,0,0,0,0,0,0,0,0,0,0,0,0,0,0,0,40.1189,-75.018, , 
 ,70080,2011023336,6,67,67301,2011,1,1,1948,19,3,1,0,4,1, , ,N,0,0,0,3,0,1,2,2,N,N,39 56:23.731,75 11:59.293,2038, ,2015, ,0, ,N, ,0, , , , , ,780871, , , ,2,1,0,0,0,0,0,1,0,0,0,1,1,0,0,0,0,0,0,0,1,0,0,1,0,0,0,0,0,0,0,0,0,0,0,4,0,39.9399,-75.1998, , 
 ,70081,2011028933,6,67,67301,2011,1,1,2031,20,3,1,0,1,1, , ,N,2,2,0,3,0,1,5,4,N,N,40 04:40.775,75 01:25.271,2032, ,2032,3,2,3,N, ,3,Y, , , , ,780873, , , ,4,3,0,0,0,0,0,1,0,0,0,0,1,1,0,0,0,0,1,0,0,0,2,0,0,0,0,0,0,0,0,0,0,0,0,8,0,40.078,-75.0237, , 
 ,70082,2011044596,6,67,67301,2011,4,1,9999,99,3,2,1,8,1, , ,N,1,2,0,3,0,1,2,2,N,N,40 01:40.946,75 06:36.204,2356, ,2354,1,1,2,N, ,3,N, , , , ,780883, , , ,1,1,0,0,0,0,0,0,0,0,0,1,1,0,0,0,0,0,0,0,0,0,0,0,0,0,0,0,0,0,0,0,1,0,0,4,0,40.028,-75.1101, , 
 ,70083,2011054207,6,67,67301,2011,4,4,1430,14,1,4,0,1,1, , ,N,1,2,0,3,0,1,3,3,N,N,40 01:14.041,75 06:58.561,9999, ,1430, ,0, ,N, ,3, , , , , ,780894, , , ,3,2,0,0,0,0,1,0,0,0,0,0,1,1,1,0,0,0,0,0,1,0,0,0,0,0,0,0,0,0,0,0,0,0,0,8,0,40.0206,-75.1163, , 
 ,70084,2011015831,6,67,67301,2011,1,4,2051,20,3,4,3,4,1, , ,N,0,0,0,3,0,2,3,2,N,N,40 01:44.360,75 07:55.620,2305, ,2303,3,2,5, , ,0,Y, , , , ,780907, , , ,2,2,0,0,0,0,0,0,0,0,0,2,2,0,0,0,0,0,0,0,0,0,0,0,0,0,0,0,0,0,0,0,0,0,0,4,0,40.029,-75.1321, , 
 ,70085,2011023244,6,67,67301,2011,1,5,1445,14,1,1,0,5,1, , ,N,1,2,0,3,0,0,3,2,N,N,39 58:07.845,75 08:10.373,1445, ,1445, ,0, ,N, ,3, , , , , ,780912, , , ,2,1,0,0,0,0,0,1,0,0,0,0,0,0,0,0,0,0,0,0,0,0,0,0,0,0,0,0,0,0,0,0,0,0,0,0,0,39.9688,-75.1362, , 
 ,70086,2011028958,6,67,67301,2011,2,4,1048,10,1,1,0,8,1, , ,N,0,0,0,3,0,1,2,2, , ,40 01:51.717,75 05:23.235,1050, ,1048, ,0, , , ,0, , , , , ,780918, , , ,1,0,0,0,0,0,1,0,0,0,0,1,1,0,0,0,0,0,0,0,0,0,0,0,0,0,0,0,0,0,0,0,1,0,0,4,0,40.031,-75.0898, , 
 ,70087,2011033451,6,67,67301,2011,2,4,1333,13,1,1,0,8,1, , ,N,2,0,0,3,0,1,2,2,N,Y,39 57:46.268,75 09:40.918,1336, ,1334,1,1,2,N, ,0,N, , , , ,780924, , , ,1,1,0,0,0,0,0,0,1,1,0,0,1,0,0,0,0,0,0,0,1,0,0,1,0,0,0,0,0,0,0,1,0,0,0,2,0,39.9631,-75.1612, , 
 ,70088,2011020065,6,67,67301,2011,2,4,1940,19,3,1,0,1,1, , ,N,6,0,2,3,0,0,2,2,N,N,39 56:55.117,75 11:09.395,1942, ,1941, ,0, ,N, ,0, , , , , ,785447, , , ,2,2,0,0,0,0,0,0,0,0,0,0,0,0,0,0,0,0,0,0,0,0,0,0,0,0,0,0,0,0,0,0,0,0,0,0,0,39.9486,-75.1859, , 