wz_ln_closure,objectid_1,crn,district,county,municipality,crash_year,crash_month,day_of_week,time_of_day,hour_of_day,illumination,weather,road_condition,collision_type,relation_to_road,work_zone_type,work_zone_loc,work_zone_ind,intersect_type,tcd_type,location_type,urban_rural,fatal_count,injury_count,person_count,total_units,sch_bus_ind,sch_zone_ind,latitude,longitude,arrival_tm,cons_zone_spd_lim,dispatch_tm,est_hrs_closed,lane_closed,ln_close_dir,ntfy_hiwy_maint,spec_juris_cd,tcd_func_cd,tfc_detour_ind,workers_pres,wz_close_detour,wz_flagger,wz_law_offcr_ind,objectid,wz_moving,wz_other,wz_shlder_mdn,vehicle_count,automobile_count,motorcycle_count,bus_count,small_truck_count,heavy_truck_count,suv_count,van_count,bicycle_count,maj_inj_count,mod_inj_count,min_inj_count,tot_inj_count,unk_inj_deg_count,unk_inj_per_count,driver_count_16yr,driver_count_17yr,driver_count_18yr,driver_count_19yr,driver_count_20yr,driver_count_50_64yr,driver_count_65_74yr,driver_count_75plus,unbelted_occ_count,unb_death_count,unb_maj_inj_count,belted_death_count,belted_maj_inj_count,mcycle_death_count,mcycle_maj_inj_count,bicycle_death_count,bicycle_maj_inj_count,ped_count,ped_death_count,ped_maj_inj_count,max_severity_level,comm_veh_count,dec_lat,dec_long,rdwy_surf_type_cd,county_name
 ,70089,2011022919,6,67,67301,2011,1,7,845,8,1,8,5,2,1, , ,N,10,0,0,3,0,1,4,2, , ,40 06:21.873,75 02:37.330,851, ,848, ,0, , , ,0, , , , , ,785451, , , ,2,2,0,0,0,0,0,0,0,0,0,0,1,1,0,0,0,0,0,0,0,0,0,0,0,0,0,0,0,0,0,0,0,0,0,8,0,40.1061,-75.0437, , 
 ,70090,2011023200,6,67,67301,2011,1,2,1558,15,1,1,0,8,4, , ,N,1,3,99,3,0,1,2,2,N,N,40 00:39.309,75 09:51.487,1600, ,1550, ,0, ,N, ,3, , , , , ,785452, , , ,1,0,0,1,0,0,0,0,0,0,0,1,1,0,0,0,0,0,0,0,0,0,0,0,0,0,0,0,0,0,0,0,1,0,0,4,1,40.0109,-75.1643, , 
 ,70091,2011031172,6,67,67301,2011,2,6,1620,16,1,1,0,4,1, , ,N,1,3,0,3,0,0,4,2,N,N,39 58:45.093,75 09:42.531,1623, ,1622,2,1,4,N, ,3,Y, , , , ,785460, , , ,2,2,0,0,0,0,0,0,0,0,0,0,0,0,0,0,1,0,0,0,0,0,0,0,0,0,0,0,0,0,0,0,0,0,0,0,0,39.9792,-75.1618, , 
 ,70092,2011031207,6,67,67301,2011,2,3,1620,16,1,1,0,1,1, , ,N,1,2,0,3,0,3,4,2,N,N,40 00:04.340,75 13:35.009,1700, ,646, ,0, ,N, ,3, , , , , ,785461, , , ,2,1,0,0,1,0,0,0,0,0,0,3,3,0,0,0,0,0,0,0,1,0,0,0,0,0,0,0,0,0,0,0,0,0,0,4,0,40.0012,-75.2264, , 
 ,70093,2011029028,6,67,67301,2011,2,3,123,1,3,1,1,7,5, , ,N,1,3,0,3,0,0,1,1,N,N,39 56:12.940,75 10:49.285,126, ,123, ,0, ,N, ,3, , , , , ,785496, , , ,1,1,0,0,0,0,0,0,0,0,0,0,0,0,0,0,0,0,0,0,0,0,0,0,0,0,0,0,0,0,0,0,0,0,0,0,0,39.9369,-75.1804, , 
 ,70094,2011031580,6,67,67301,2011,3,4,1702,17,1,1,0,7,4, , ,N,0,0,2,3,0,0,1,1,N,N,39 57:42.410,75 10:55.251,1711, ,1705,1,1,3,N, ,0,N, , , , ,785500, , , ,1,1,0,0,0,0,0,0,0,0,0,0,0,0,0,0,0,0,0,0,0,0,0,0,0,0,0,0,0,0,0,0,0,0,0,0,0,39.9618,-75.182, , 
 ,70095,2011033751,6,67,67301,2011,2,2,9999,99,3,2,1,4,1, , ,N,1,2,0,3,0,2,3,2,N,N,39 58:25.603,75 15:29.678,1954, ,1950, ,0, ,N, ,3, , , , , ,785502, , , ,2,2,0,0,0,0,0,0,0,0,1,1,2,0,0,0,0,0,0,0,1,0,0,0,0,0,0,0,0,0,0,0,0,0,0,3,0,39.9738,-75.2582, , 
 ,70096,2011040616,6,67,67301,2011,3,2,2007,20,2,1,0,1,1, , ,N,1,2,0,3,0,2,3,2,N,N,39 58:23.685,75 12:43.721,9999, ,2115, ,0, ,N, ,9, , , , , ,785512, , , ,2,1,0,0,0,0,1,0,0,0,2,0,2,0,0,0,0,0,0,0,0,0,0,0,0,0,0,0,0,0,0,0,0,0,0,3,0,39.9732,-75.2121, , 
 ,70097,2011054192,6,67,67301,2011,4,6,2230,22,6,1,0,8,1, , ,N,1,2,0,3,0,1,2,2,N,N,40 02:39.696,75 03:14.496,2235, ,2233, ,0, ,N, ,3, , , , , ,785520, , , ,1,1,0,0,0,0,0,0,0,0,0,1,1,0,1,0,0,0,0,0,0,0,0,0,0,0,0,0,0,0,0,0,1,0,0,4,0,40.0443,-75.0541, , 
 ,70098,2011056991,6,67,67301,2011,5,1,120,1,3,1,0,8,9, , ,N,2,3,0,3,0,1,2,2,N,N,39 59:24.990,75 08:19.269,121, ,120, ,0, ,N, ,3, , , , , ,785521, , , ,1,0,0,0,0,0,0,0,0,0,0,0,1,1,1,0,0,0,0,0,0,0,0,0,0,0,0,0,0,0,0,0,1,0,0,8,0,39.9903,-75.1387, , 
U,70099,2011023191,6,67,67301,2011,1,6,9999,99,1,8,6,2,3,8,8,Y,0,0,0,3,0,0,1,2,N,N,39 54:31.438,75 13:36.436,901,99,901,2,1,3,N, ,0,N,U,U,U,U,785544,U,U,U,2,0,0,0,0,0,1,0,0,0,0,0,0,0,0,0,0,0,0,0,1,0,0,0,0,0,0,0,0,0,0,0,0,0,0,0,0,39.9087,-75.2268, , 
 ,70100,2011023257,6,67,67301,2011,1,2,1110,11,1,1,0,8,1, , ,N,1,2,0,3,0,1,2,2, , ,39 57:13.704,75 09:59.736,1120, ,1120, ,0, , , ,3, , , , , ,785545, , , ,1,0,0,0,1,0,0,0,0,0,0,0,1,1,0,0,0,0,0,0,1,0,0,0,0,0,0,0,0,0,0,0,1,0,0,8,0,39.9538,-75.1666, , 
 ,70101,2011054141,6,67,67301,2011,4,3,658,6,1,1,0,4,1, , ,N,1,3,0,3,0,0,2,2,N,N,39 57:24.296,75 13:02.938,735, ,730, ,0, ,N, ,3, , , , , ,785573, , , ,2,0,0,0,0,0,1,1,0,0,0,0,0,0,0,0,0,0,0,0,0,0,0,2,0,0,0,0,0,0,0,0,0,0,0,0,0,39.9567,-75.2175, , 
 ,70102,2011090570,6,67,67301,2011,8,2,5,0,3,2,1,7,1, , ,N,0,0,3,3,0,1,2,1,N,N,39 54:19.461,75 11:41.252,22, ,20,1,2,4,N, ,0,Y, , , , ,785601, , , ,1,1,0,0,0,0,0,0,0,0,0,1,1,0,0,0,0,0,0,0,0,0,0,0,0,0,0,0,0,0,0,0,0,0,0,4,0,39.9054,-75.1948, , 
 ,70103,2011092999,6,67,67301,2011,8,5,1845,18,1,1,0,8,1, , ,N,0,0,0,3,0,1,2,2,N, ,40 00:56.404,75 05:30.912,1850, ,1846, ,0, , , ,0, , , , , ,785604, , , ,1,1,0,0,0,0,0,0,0,0,0,1,1,0,0,0,0,0,0,0,0,0,0,0,0,0,0,0,0,0,0,0,1,0,0,4,0,40.0157,-75.0919, , 
 ,70104,2011047042,6,67,67301,2011,4,1,257,2,3,1,0,4,1, , ,N,1,2,0,3,0,1,5,2,N,N,40 01:39.299,75 06:35.952,307, ,259,2,1,1,N, ,3,N, , , , ,785657, , , ,2,2,0,0,0,0,0,0,0,0,1,0,1,0,0,0,0,0,0,0,0,0,0,1,0,0,0,0,0,0,0,0,0,0,0,3,0,40.0277,-75.11, , 
 ,70105,2011069904,6,67,67301,2011,7,2,1711,17,1,1,0,1,1, , ,N,1,2,0,3,0,1,2,2,N,N,40 01:33.550,75 07:19.144,1721, ,1717,2,1,2,N, ,3,N, , , , ,785671, , , ,2,2,0,0,0,0,0,0,0,0,1,0,1,0,0,0,0,0,0,0,2,0,0,0,0,0,0,0,0,0,0,0,0,0,0,3,0,40.026,-75.122, , 
 ,70106,2011040369,6,67,67301,2011,3,1,5,0,3,1,0,1,2, , ,N,2,0,0,3,0,1,1,2, , ,40 00:12.260,75 10:00.943,5, ,5, ,0, , , ,0, , , , , ,772582, , , ,2,2,0,0,0,0,0,0,0,0,0,0,1,1,0,0,0,0,0,0,0,0,0,0,0,0,0,0,0,0,0,0,0,0,0,8,0,40.0034,-75.1669, , 
 ,70107,2011042396,6,67,67301,2011,4,6,2005,20,3,1,0,1,1, , ,N,0,0,0,3,0,2,6,2,N,N,39 58:53.825,75 06:07.768,2028, ,2008, ,0, ,N, ,0, , , , , ,772584, , , ,2,2,0,0,0,0,0,0,0,0,0,2,2,0,0,0,0,0,0,0,0,0,0,0,0,0,0,0,0,0,0,0,0,0,0,4,0,39.9816,-75.1021, , 
 ,70108,2011044611,6,67,67301,2011,3,3,845,8,1,1,0,1,1, , ,N,1,0,0,3,0,4,7,2,N,N,39 59:19.820,75 08:22.117,919, ,849, ,0, ,N, ,0, , , , , ,772588, , , ,2,1,0,0,0,1,0,0,0,0,0,4,4,0,0,0,0,0,0,0,0,0,0,0,0,0,0,0,0,0,0,0,0,0,0,4,1,39.9888,-75.1395, , 
 ,70109,2011061879,6,67,67301,2011,5,4,1530,15,1,1,1,1,1, , ,N,0,0,0,3,0,1,4,4,N,N,40 06:25.126,74 59:54.851,1545, ,1535, ,0, ,N, ,0, , , , , ,772604, , , ,4,2,0,0,1,0,0,1,0,0,0,1,1,0,1,0,0,0,0,0,1,0,0,0,0,0,0,0,0,0,0,0,0,0,0,4,0,40.107,-74.9986, , 
 ,70110,2011020066,6,67,67301,2011,2,6,1156,11,1,1,0,5,1, , ,N,7,0,2,3,0,0,3,2,N,N,39 58:05.918,75 07:47.272,1214, ,1159, ,0, ,N, ,0, , , , , ,772621, , , ,2,1,0,0,0,0,1,0,0,0,0,0,0,0,0,0,0,0,0,0,1,0,0,0,0,0,0,0,0,0,0,0,0,0,0,0,0,39.9684,-75.1296, , 
 ,70111,2011031296,6,67,67301,2011,2,2,1500,15,1,2,1,5,6, , ,N,0,0,0,3,0,2,3,4, , ,40 00:28.117,75 05:26.453,9999, ,1500,1,2,5, , ,0,Y, , , , ,772628, , , ,4,2,0,0,1,0,1,0,0,0,0,2,2,0,0,0,0,0,0,0,1,0,0,1,0,0,0,0,0,0,0,0,0,0,0,4,0,40.0078,-75.0907, , 
 ,70112,2011041602,6,67,67301,2011,4,7,217,2,3,1,0,7,2, , ,N,0,0,0,3,0,0,2,1,N,N,39 57:48.790,75 11:03.118,228, ,222,2,2,3,N, ,0,N, , , , ,772639, , , ,1,1,0,0,0,0,0,0,0,0,0,0,0,0,0,0,0,0,1,0,0,0,0,0,0,0,0,0,0,0,0,0,0,0,0,0,0,39.9636,-75.1842, , 
 ,70113,2011043502,6,67,67301,2011,4,4,1206,12,1,1,0,5,1, , ,N,0,0,2,3,0,2,5,2,N,N,39 57:34.563,75 09:54.999,1212, ,1211, ,0, ,N, ,0, , , , , ,772641, , , ,2,1,0,0,0,0,1,0,0,0,0,0,2,2,0,0,0,0,0,0,0,0,0,0,0,0,0,0,0,0,0,0,0,0,0,8,0,39.9596,-75.1653, , 
 ,70114,2011010620,6,67,67301,2011,1,1,2052,20,3,1,0,7,2, , ,N,1,3,0,3,0,1,1,1,N,N,40 00:37.732,75 09:38.718,2052, ,2052, ,0, , , ,3, , , , , ,772658, , , ,1,1,0,0,0,0,0,0,0,0,0,1,1,0,0,0,0,0,0,0,0,0,0,0,0,0,0,0,0,0,0,0,0,0,0,4,0,40.0105,-75.1608, , 
 ,70115,2011023051,6,67,67301,2011,1,7,1329,13,1,1,0,8,1, , ,N,0,0,0,3,0,1,2,2,N,N,39 56:51.584,75 09:58.908,1335, ,1330, ,0, ,N, ,0, , , , , ,772668, , , ,1,0,0,0,0,0,0,1,0,0,0,0,1,1,0,0,0,0,0,0,1,0,0,0,0,0,0,0,0,0,0,0,1,0,0,8,0,39.9477,-75.1664, , 
 ,70116,2011023263,6,67,67301,2011,1,4,1145,11,1,1,1,5,1, , ,N,0,0,0,3,0,0,0,2,N,N,39 59:37.146,75 07:39.767,1155, ,1150,1,2,3,N, ,0,Y, , , , ,772669, , , ,2,2,0,0,0,0,0,0,0,0,0,0,0,0,0,0,0,0,0,0,0,0,0,0,0,0,0,0,0,0,0,0,0,0,0,9,0,39.9937,-75.1277, , 
 ,70117,2011031459,6,67,67301,2011,2,1,1739,17,1,1,0,0,1, , ,N,2,0,0,3,0,1,1,1,N,N,40 00:20.327,75 06:06.507,1742, ,1740, ,0, ,N, ,0, , , , , ,772675, , , ,1,0,0,0,0,0,0,0,0,0,0,1,1,0,0,0,0,0,0,0,0,0,0,0,0,0,0,0,0,0,0,0,0,0,0,4,0,40.0056,-75.1018, , 
 ,70118,2011056784,6,67,67301,2011,5,5,2051,20,3,1,0,4,1, , ,N,5,3,0,3,0,1,2,2,N,N,40 02:28.579,75 09:28.736,2133, ,2119, ,0, ,N, ,3, , , , , ,772700, , , ,2,0,1,0,1,0,0,0,0,0,0,0,1,1,0,0,0,0,0,0,0,0,0,0,0,0,0,0,0,0,0,0,0,0,0,8,0,40.0413,-75.158, , 
 ,70119,2011029191,6,67,67301,2011,2,7,947,9,1,2,1,4,1, , ,N,2,2,7,3,0,1,2,2,N,N,40 02:12.681,75 07:15.877,1010, ,1010, ,0, ,N, ,3, , , , , ,772721, , , ,2,2,0,0,0,0,0,0,0,0,0,0,1,1,0,0,0,0,0,0,0,0,0,0,0,0,0,0,0,0,0,0,0,0,0,8,0,40.0369,-75.1211, , 
 ,70120,2011031346,6,67,67301,2011,2,5,208,2,3,1,0,7,5, , ,N,0,0,0,3,0,0,1,1, , ,39 59:14.880,75 08:21.530,210, ,208, ,0, , , ,0, , , , , ,772722, , , ,1,1,0,0,0,0,0,0,0,0,0,0,0,0,0,0,0,0,0,0,0,0,0,0,0,0,0,0,0,0,0,0,0,0,0,0,0,39.9875,-75.1393, , 
 ,70121,2011032239,6,67,67301,2011,2,4,1510,15,1,1,0,5,1, , ,N,0,0,0,3,0,1,2,2,N,N,39 52:35.928,75 15:18.776,1541, ,1510, ,0, ,Y, ,0, , , , , ,772723, , , ,2,1,0,0,0,0,1,0,0,0,1,0,1,0,0,0,0,0,1,0,1,0,0,0,0,0,0,0,0,0,0,0,0,0,0,3,0,39.8766,-75.2552, , 
 ,70122,2011054023,6,67,67301,2011,4,5,1245,12,1,2,1,8,1, , ,N,0,0,0,3,0,1,2,2,N,N,39 56:23.876,75 09:58.874,1340, ,1337, ,0, ,N, ,0, , , , , ,772739, , , ,1,1,0,0,0,0,0,0,0,0,0,1,1,0,0,0,0,0,0,0,0,0,0,0,0,0,0,0,0,0,0,0,1,0,0,4,0,39.94,-75.1663, , 
 ,70123,2011058166,6,67,67301,2011,5,7,1415,14,1,1,0,1,1, , ,N,6,0,2,3,0,0,4,2,N,N,39 53:35.717,75 13:42.269,1435, ,1427,2,1,1,N, ,0,N, , , , ,772743, , , ,2,2,0,0,0,0,0,0,0,0,0,0,0,0,0,0,0,0,0,0,0,1,0,0,0,0,0,0,0,0,0,0,0,0,0,0,0,39.8933,-75.2284, , 
 ,70124,2011023049,6,67,67301,2011,1,7,10,0,3,1,0,5,1, , ,N,0,0,0,3,0,0,3,2,N, ,40 05:30.771,74 58:40.164,24, ,10,1,1,3, , ,0,Y, , , , ,772769, , , ,2,2,0,0,0,0,0,0,0,0,0,0,0,0,0,0,0,0,0,0,0,0,0,0,0,0,0,0,0,0,0,0,0,0,0,0,0,40.0919,-74.9778, , 
 ,70125,2011024650,6,67,67301,2011,1,3,2230,22,3,1,1,4,1, , ,N,0,0,7,3,0,0,2,2,N,N,39 54:16.236,75 10:00.537,2320, ,2315, ,0, ,N, ,0, , , , , ,776916, , , ,2,1,0,0,1,0,0,0,0,0,0,0,0,0,0,0,0,0,0,0,0,0,0,0,0,0,0,0,0,0,0,0,0,0,0,0,0,39.9045,-75.1668, , 
 ,70126,2011031389,6,67,67301,2011,3,3,541,5,3,1,0,2,1, , ,N,5,2,0,3,0,2,2,2, , ,39 57:42.281,75 09:27.699,550, ,546, ,0, , , ,9, , , , , ,776922, , , ,2,1,0,0,1,0,0,0,0,0,0,0,2,2,0,0,0,0,0,0,0,0,0,1,0,0,0,0,0,0,0,0,0,0,0,8,0,39.9617,-75.1577, , 
 ,70127,2011038018,6,67,67301,2011,2,2,850,8,1,1,0,4,1, , ,N,0,0,7,3,0,0,2,2,N,N,39 57:00.500,75 10:26.080,905, ,900, ,0, ,N, ,0, , , , , ,776931, , , ,2,2,0,0,0,0,0,0,0,0,0,0,0,0,0,0,0,0,0,0,0,0,0,0,0,0,0,0,0,0,0,0,0,0,0,0,0,39.9501,-75.1739, , 
 ,70128,2011002484,6,46,46102,2011,1,4,1832,18,3,1,0,4,1, , ,N,1,2,0,3,0,1,4,2,N,N,40 03:55.036,75 05:25.304,1841, ,1832, ,0, ,N, ,3, , , , , ,776942, , , ,2,0,0,0,0,0,1,1,0,0,0,1,1,0,0,0,0,0,0,0,0,0,0,1,0,0,0,0,0,0,0,0,0,0,0,4,0,40.0653,-75.0904, , 
 ,70129,2011031306,6,67,67301,2011,2,2,50,0,3,1,0,8,1, , ,N,1,2,0,3,0,1,2,2,N,N,40 00:43.066,75 08:09.135,115, ,110, ,0, ,N, ,3, , , , , ,776962, , , ,1,1,0,0,0,0,0,0,0,0,0,0,1,1,1,0,0,0,0,0,0,0,0,0,0,0,0,0,0,0,0,0,1,0,0,8,0,40.012,-75.1359, , 
 ,70130,2011053549,6,67,67301,2011,4,3,1844,18,4,2,1,7,3, , ,N,0,0,1,3,0,1,1,1,N,N,40 01:11.615,75 08:58.601,1846, ,1845, ,0, ,N, ,0, , , , , ,776987, , , ,1,0,0,0,0,0,1,0,0,0,0,1,1,0,0,0,0,0,0,0,0,1,0,0,0,0,0,0,0,0,0,0,0,0,0,4,0,40.0199,-75.1496, , 
 ,70131,2011054370,6,67,67301,2011,4,4,209,2,3,1,0,7,2, , ,N,0,0,0,3,0,0,1,1,N,N,40 07:00.455,75 01:10.842,217, ,213,3,2,7,N, ,0,Y, , , , ,776988, , , ,1,0,0,0,1,0,0,0,0,0,0,0,0,0,1,0,0,0,0,0,0,0,0,0,0,0,0,0,0,0,0,0,0,0,0,9,0,40.1168,-75.0197, , 
 ,70132,2011056959,6,67,67301,2011,5,2,549,5,1,1,0,8,1, , ,N,1,2,0,3,0,1,2,2,N,N,39 57:15.624,75 11:30.453,550, ,549, ,0, ,N, ,3, , , , , ,777029, , , ,1,0,0,0,0,0,1,0,1,0,1,0,1,0,0,0,0,0,0,0,1,0,0,0,0,0,0,0,0,0,0,0,0,0,0,3,0,39.9543,-75.1918, , 
 ,70133,2011057024,6,67,67301,2011,5,6,1500,15,1,1,0,8,1, , ,N,0,0,0,3,0,1,2,2,N,Y,39 56:47.925,75 13:18.595,1514, ,1509, ,0, ,N, ,0, , , , , ,777030, , , ,1,0,0,0,0,0,1,0,0,0,1,0,1,0,0,0,0,0,0,0,0,0,0,0,0,0,0,0,0,0,0,0,1,0,0,3,0,39.9466,-75.2218, , 
 ,70134,2011038218,6,67,67301,2011,3,6,9999,99,1,1,0,4,1, , ,N,0,2,7,3,0,1,2,2,N,N,40 07:11.466,75 01:02.573,1055, ,1055,1,1,2,N, ,3,N, , , , ,777070, , , ,2,2,0,0,0,0,0,0,0,0,0,0,1,1,0,0,0,0,0,0,1,0,1,0,0,0,0,0,0,0,0,0,0,0,0,8,0,40.1199,-75.0174, , 
 ,70135,2011054118,6,67,67301,2011,4,1,139,1,3,2,1,5,6, , ,N,0,0,0,3,0,0,1,4,N,N,40 02:58.549,75 10:27.613,1339, ,1339, ,0, ,N, ,0, , , , , ,777079, , , ,4,4,0,0,0,0,0,0,0,0,0,0,0,0,1,0,0,0,0,0,1,0,0,0,0,0,0,0,0,0,0,0,0,0,0,9,0,40.0496,-75.1743, , 
 ,70136,2011056911,6,67,67301,2011,5,1,56,0,3,1,0,1,1, , ,N,1,2,0,3,0,2,4,3,N,N,40 01:58.974,75 06:57.861,256, ,56, ,0, ,N, ,3, , , , , ,777081, , , ,3,2,0,0,0,0,0,0,0,0,0,2,2,0,1,0,0,0,0,0,0,0,0,3,0,0,0,0,0,0,0,0,0,0,0,4,0,40.033,-75.1161, , 
 ,70137,2011023124,6,67,67301,2011,1,5,810,8,1,1,0,4,1, , ,N,1,2,0,3,0,2,3,2,N,N,40 04:51.077,75 01:43.585,820, ,812, ,0, ,N, ,3, , , , , ,777101, , , ,2,2,0,0,0,0,0,0,0,0,1,1,2,0,0,0,0,0,0,0,1,0,0,0,0,0,0,0,0,0,0,0,0,0,0,3,0,40.0809,-75.0288, , 
 ,70138,2011023286,6,67,67301,2011,1,2,150,1,3,4,6,7,5, , ,N,0,0,0,3,0,2,2,1, , ,40 02:56.497,75 14:45.745,200, ,157, ,0, , , ,0, , , , , ,777102, , , ,1,1,0,0,0,0,0,0,0,0,0,0,2,2,0,0,0,0,1,0,0,0,0,0,0,0,0,0,0,0,0,0,0,0,0,8,0,40.049,-75.246, , 
 ,70139,2011028971,6,67,67301,2011,1,7,1742,17,3,1,0,1,2, , ,N,0,0,0,3,0,1,1,2,N,N,40 04:31.269,75 04:47.996,1755, ,1748,2,1,3,N, ,0,N, , , , ,777106, , , ,2,1,0,0,0,0,1,0,0,0,0,1,1,0,0,0,0,0,0,0,0,1,0,0,0,0,0,0,0,0,0,0,0,0,0,4,0,40.0754,-75.08, , 
 ,70140,2011031435,6,67,67301,2011,2,3,1006,10,1,4,3,8,2, , ,N,1,2,0,3,0,1,2,2,N,N,39 57:45.807,75 14:48.513,9999, ,9999, ,0, ,N, ,3, , , , , ,777109, , , ,1,1,0,0,0,0,0,0,0,0,0,1,1,0,0,0,0,0,0,0,0,0,0,0,0,0,0,0,0,0,0,0,1,0,0,4,0,39.9626,-75.2468, , 
 ,70141,2011031618,6,67,67301,2011,2,6,2040,20,3,1,0,8,1, , ,N,0,0,0,3,0,1,2,2,N,N,40 03:56.727,75 03:10.901,2050, ,2045, ,0, ,N, ,0, , , , , ,777110, , , ,1,1,0,0,0,0,0,0,0,0,0,1,1,0,0,0,0,0,0,0,1,0,0,0,0,0,0,0,0,0,0,0,1,0,0,4,0,40.0658,-75.053, , 
 ,70142,2011052062,6,67,67301,2011,5,3,1429,14,1,1,0,7,5, , ,N,2,0,2,3,0,0,1,1,N,N,39 58:57.030,75 06:03.538,1445, ,1435, ,0, ,N, ,0, , , , , ,777133, , , ,1,1,0,0,0,0,0,0,0,0,0,0,0,0,0,0,0,0,0,0,0,0,0,0,0,0,0,0,0,0,0,0,0,0,0,0,0,39.9825,-75.1011, , 
 ,70143,2011038388,6,67,67301,2011,3,4,9999,99,1,2,1,8,1, , ,N,1,3,0,3,0,1,3,4,N,N,40 02:04.960,75 01:34.629,1523, ,1514,1,1,2,N, ,3,Y, , , , ,780929, , , ,4,4,0,0,0,0,0,0,0,0,0,0,1,1,0,0,0,0,0,0,1,0,0,0,0,0,0,0,0,0,0,0,0,0,0,8,0,40.0347,-75.0263, , 
 ,70144,2011031194,6,67,67301,2011,2,4,2105,21,3,1,0,8,1, , ,N,1,2,0,3,0,1,2,2,N,N,40 02:04.999,75 07:51.139,2115, ,2110, ,0, ,N, ,3, , , , , ,780965, , , ,1,1,0,0,0,0,0,0,0,0,0,0,1,1,0,0,0,0,0,0,0,0,0,1,0,0,0,0,0,0,0,0,1,0,0,8,0,40.0347,-75.1309, , 
 ,70145,2011049307,6,67,67301,2011,4,7,1920,19,1,1,0,5,1, , ,N,0,0,0,3,0,1,5,2,N,N,39 53:12.197,75 12:53.968,1925, ,1925, ,0, ,N, ,0, , , , , ,780981, , , ,2,2,0,0,0,0,0,0,0,0,0,1,1,0,0,0,0,1,0,0,0,0,0,0,0,0,0,0,0,0,0,0,0,0,0,4,0,39.8867,-75.215, , 
 ,70146,2011031147,6,67,67301,2011,2,6,1802,18,1,1,0,1,1, , ,N,2,2,0,3,0,2,4,3, , ,40 01:35.682,75 04:04.802,1811, ,1811, ,0, , , ,3, , , , , ,781009, , , ,3,3,0,0,0,0,0,0,0,0,0,0,2,2,0,0,0,0,0,0,1,0,0,0,0,0,0,0,0,0,0,0,0,0,0,8,0,40.0266,-75.068, , 
 ,70147,2011040371,6,67,67301,2011,3,4,1715,17,4,2,1,4,1, , ,N,3,3,0,3,0,1,3,2,N,N,40 01:45.048,75 08:50.535,1745, ,1719, ,0, ,N, ,3, , , , , ,781018, , , ,2,2,0,0,0,0,0,0,0,0,0,0,1,1,0,0,0,0,0,0,1,0,0,0,0,0,0,0,0,0,0,0,0,0,0,8,0,40.0292,-75.1474, , 
 ,70148,2011044540,6,67,67301,2011,4,6,1625,16,1,2,1,8,1, , ,N,0,0,0,3,0,1,2,2,N,N,40 02:13.822,75 08:10.384,1637, ,1635, ,0, ,N, ,0, , , , , ,781021, , , ,1,0,0,0,0,0,1,0,0,0,1,0,1,0,0,0,0,0,0,0,0,0,0,0,0,0,0,0,0,0,0,0,1,0,0,3,0,40.0372,-75.1362, , 
 ,70149,2011055704,6,67,67301,2011,5,1,142,1,3,2,1,7,2, , ,N,0,0,0,3,0,0,1,1,N,N,40 02:25.081,75 00:21.884,304, ,146, ,0, ,N, ,0, , , , , ,781036, , , ,1,1,0,0,0,0,0,0,0,0,0,0,0,0,0,0,0,0,0,0,0,0,0,0,0,0,0,0,0,0,0,0,0,0,0,0,0,40.0403,-75.006, , 
 ,70150,2011064068,6,67,67301,2011,5,3,700,7,1,1,0,1,1, , ,N,0,2,0,3,0,1,2,2,Y,N,39 59:59.992,75 08:25.875,720, ,715, ,0, ,N, ,3, , , , , ,781038, , , ,2,0,0,1,0,0,0,1,0,0,0,1,1,0,0,0,0,0,0,0,0,0,0,0,0,0,0,0,0,0,0,0,0,0,0,4,1,40,-75.1405, , 
 ,70151,2011015982,6,67,67301,2011,1,1,1537,15,1,1,0,7,5, , ,N,1,0,0,3,0,0,1,1,N,N,39 53:25.696,75 14:42.046,1609, ,1537, ,0, ,N, ,0, , , , , ,781046, , , ,1,1,0,0,0,0,0,0,0,0,0,0,0,0,1,0,0,0,0,0,0,1,0,0,0,0,0,0,0,0,0,0,0,0,0,9,0,39.8903,-75.245, , 
 ,70152,2011023776,6,67,67301,2011,1,2,2250,22,3,1,0,5,1, , ,N,2,2,0,3,0,0,4,3,N,N,39 57:41.407,75 08:11.675,2300, ,2253, ,0, ,N, ,3, , , , , ,781053, , , ,3,2,0,0,0,0,1,0,0,0,0,0,0,0,0,0,0,0,0,1,1,0,0,0,0,0,0,0,0,0,0,0,0,0,0,0,0,39.9617,-75.1365, , 
 ,70153,2011027942,6,67,67301,2011,1,1,1510,15,1,1,1,7,5, , ,N,0,0,0,3,0,1,3,1,N,N,40 06:01.100,75 01:19.440,1520, ,1514, ,0, ,N, ,0, , , , , ,781057, , , ,1,1,0,0,0,0,0,0,0,0,0,1,1,0,0,0,0,0,1,0,0,0,0,0,0,0,0,0,0,0,0,0,0,0,0,4,0,40.1003,-75.0221, , 
 ,70154,2011029607,6,67,67301,2011,2,6,2142,21,3,1,3,7,1, , ,N,1,3,0,3,0,0,1,5,N,N,40 00:34.300,75 06:18.608,2148, ,2144, ,0, ,N, ,3, , , , , ,781059, , , ,5,3,0,0,0,0,1,1,0,0,0,0,0,0,0,0,0,0,0,0,0,0,0,0,0,0,0,0,0,0,0,0,0,0,0,0,0,40.0095,-75.1052, , 
 ,70155,2011040427,6,67,67301,2011,3,3,9999,99,1,1,0,4,1, , ,N,1,2,0,3,0,4,4,2, , ,39 55:15.805,75 13:44.269,1735, ,1730, ,0, ,N, ,3, , , , , ,781069, , , ,2,1,0,0,0,0,1,0,0,0,3,0,4,1,0,0,0,0,0,0,0,0,0,0,0,0,0,0,0,0,0,0,0,0,0,3,0,39.9211,-75.229, , 