wz_ln_closure,objectid_1,crn,district,county,municipality,crash_year,crash_month,day_of_week,time_of_day,hour_of_day,illumination,weather,road_condition,collision_type,relation_to_road,work_zone_type,work_zone_loc,work_zone_ind,intersect_type,tcd_type,location_type,urban_rural,fatal_count,injury_count,person_count,total_units,sch_bus_ind,sch_zone_ind,latitude,longitude,arrival_tm,cons_zone_spd_lim,dispatch_tm,est_hrs_closed,lane_closed,ln_close_dir,ntfy_hiwy_maint,spec_juris_cd,tcd_func_cd,tfc_detour_ind,workers_pres,wz_close_detour,wz_flagger,wz_law_offcr_ind,objectid,wz_moving,wz_other,wz_shlder_mdn,vehicle_count,automobile_count,motorcycle_count,bus_count,small_truck_count,heavy_truck_count,suv_count,van_count,bicycle_count,maj_inj_count,mod_inj_count,min_inj_count,tot_inj_count,unk_inj_deg_count,unk_inj_per_count,driver_count_16yr,driver_count_17yr,driver_count_18yr,driver_count_19yr,driver_count_20yr,driver_count_50_64yr,driver_count_65_74yr,driver_count_75plus,unbelted_occ_count,unb_death_count,unb_maj_inj_count,belted_death_count,belted_maj_inj_count,mcycle_death_count,mcycle_maj_inj_count,bicycle_death_count,bicycle_maj_inj_count,ped_count,ped_death_count,ped_maj_inj_count,max_severity_level,comm_veh_count,dec_lat,dec_long,rdwy_surf_type_cd,county_name
 ,70289,2011043504,6,67,67301,2011,4,7,2230,22,3,1,0,1,1, , ,N,0,0,0,3,0,0,2,2,N,N,39 55:50.674,75 11:55.546,2245, ,2234,1,1,4,N, ,0,N, , , , ,781419, , , ,2,0,0,0,0,0,2,0,0,0,0,0,0,0,0,0,1,0,0,0,1,0,0,0,0,0,0,0,0,0,0,0,0,0,0,0,0,39.9307,-75.1988, , 
 ,70290,2011029037,6,67,67301,2011,2,5,1615,16,1,1,0,6,1, , ,N,0,0,0,3,0,1,3,2, , ,40 01:45.693,75 06:20.504,1617, ,1615,9,1,2, , ,0,N, , , , ,781434, , , ,1,1,0,0,0,0,0,0,1,0,0,0,1,1,0,0,0,0,0,0,0,0,0,0,0,0,0,0,0,0,0,0,0,0,0,8,0,40.0294,-75.1057, , 
 ,70291,2011031377,6,67,67301,2011,2,5,1825,18,3,2,1,1,1, , ,N,0,0,0,3,0,0,4,2,N,N,40 01:56.279,75 05:01.432,1845, ,1831,1,1,2,N, ,0,N, , , , ,781435, , , ,2,2,0,0,0,0,0,0,0,0,0,0,0,0,0,0,0,0,0,0,1,0,0,0,0,0,0,0,0,0,0,0,0,0,0,0,0,40.0323,-75.0837, , 
 ,70292,2011037911,6,67,67301,2011,3,4,1010,10,1,2,1,8,2, , ,N,1,2,0,3,0,1,2,2,N,N,39 57:06.668,75 09:35.366,9999, ,1020, ,0, ,N, ,3, , , , , ,781443, , , ,1,0,0,1,0,0,0,0,0,0,0,1,1,0,0,0,0,0,0,0,0,0,0,0,0,0,0,0,0,0,0,0,1,0,0,4,1,39.9519,-75.1598, , 
 ,70293,2011047083,6,67,67301,2011,4,2,2121,21,3,1,0,7,9, , ,N,0,0,0,3,0,1,1,1,N,N,40 01:03.556,75 10:21.350,2122, ,2122,2,2,5,N, ,0,Y, , , , ,781449, , , ,1,0,0,0,0,0,1,0,0,0,0,0,1,1,0,0,0,0,0,0,1,0,0,0,0,0,0,0,0,0,0,0,0,0,0,8,0,40.0177,-75.1726, , 
 ,70294,2011066784,6,67,67301,2011,6,5,1600,16,1,1,0,4,1, , ,N,2,3,0,3,0,3,4,2, , ,39 58:58.728,75 14:54.135,1635, ,1630, ,0, , , ,3, , , , , ,781463, , , ,2,1,0,0,1,0,0,0,0,0,1,2,3,0,0,0,0,0,0,0,0,0,0,0,0,0,0,0,0,0,0,0,0,0,0,3,0,39.983,-75.2484, , 
 ,70295,2011029057,6,67,67301,2011,2,1,1250,12,1,1,0,4,1, , ,N,0,0,7,3,0,1,6,3,N,N,39 57:46.688,75 11:39.775,1300, ,1258,2,2,2,N, ,0,Y, , , , ,781496, , , ,3,3,0,0,0,0,0,0,0,0,0,1,1,0,0,0,0,1,0,0,0,0,0,0,0,0,0,0,0,0,0,0,0,0,0,4,0,39.963,-75.1944, , 
 ,70296,2011029130,6,67,67301,2011,2,3,220,2,3,2,1,2,6, , ,N,0,0,0,3,0,0,1,3,N, ,40 02:02.950,75 07:26.515,230, ,225, ,0, , , ,0, , , , , ,781497, , , ,3,3,0,0,0,0,0,0,0,0,0,0,0,0,0,0,0,0,0,0,0,0,0,0,0,0,0,0,0,0,0,0,0,0,0,0,0,40.0342,-75.124, , 
 ,70297,2011040338,6,67,67301,2011,3,4,821,8,1,2,1,1,1, , ,N,1,2,0,3,0,1,5,3, , ,39 56:27.112,75 12:45.004,834, ,828,3,1,1, , ,3,Y, , , , ,781512, , , ,3,1,0,0,0,0,1,0,0,0,0,0,1,1,1,0,0,0,0,1,0,0,0,0,0,0,0,0,0,0,0,0,0,0,0,8,0,39.9409,-75.2125, , 
 ,70298,2011031316,6,67,67301,2011,2,5,1755,17,4,1,0,8,1, , ,N,0,0,0,3,0,1,3,2,N,N,39 59:48.044,75 06:47.422,1803, ,1801, ,0, ,N, ,0, , , , , ,781542, , , ,1,1,0,0,0,0,0,0,0,0,1,0,1,0,1,0,0,0,0,0,1,0,0,0,0,0,0,0,0,0,0,0,1,0,0,3,0,39.9967,-75.1132, , 
 ,70299,2011033495,6,67,67301,2011,3,3,2116,21,3,1,0,8,1, , ,N,1,2,0,3,0,1,2,2,N,N,39 56:30.483,75 09:57.441,2130, ,2120, ,0, ,N, ,3, , , , , ,781545, , , ,1,1,0,0,0,0,0,0,0,0,0,0,1,1,0,0,0,0,0,0,1,0,0,0,0,0,0,0,0,0,0,0,1,0,0,8,0,39.9418,-75.1658, , 
 ,70300,2011019032,6,67,67301,2011,2,6,1637,16,1,1,0,1,1, , ,N,0,0,0,3,0,1,2,2,N,N,39 58:03.625,75 07:52.792,1644, ,1639, ,0, ,N, ,0, , , , , ,781579, , , ,2,2,0,0,0,0,0,0,0,0,0,1,1,0,0,0,0,0,0,0,1,0,0,0,0,0,0,0,0,0,0,0,0,0,0,4,0,39.9676,-75.1314, , 
 ,70301,2011023212,6,67,67301,2011,1,1,1915,19,3,1,5,4,6, , ,N,0,0,0,3,0,0,2,3,N,N,40 03:55.864,75 09:26.053,1930, ,1925, ,0, ,N, ,0, , , , , ,781583, , , ,3,2,0,0,0,0,1,0,0,0,0,0,0,0,0,0,0,0,0,1,0,0,0,0,0,0,0,0,0,0,0,0,0,0,0,0,0,40.0655,-75.1572, , 
 ,70302,2011023178,6,67,67301,2011,1,2,1505,15,1,1,0,4,1, , ,N,0,0,0,3,0,1,2,2, , ,39 55:00.312,75 13:01.670,1622, ,1621,3,1,4, , ,0,N, , , , ,781627, , , ,2,2,0,0,0,0,0,0,0,0,0,1,1,0,0,0,0,0,0,0,0,0,0,1,0,0,0,0,0,0,0,0,0,0,0,4,0,39.9159,-75.2207, , 
 ,70303,2011044553,6,67,67301,2011,4,6,1730,17,1,1,0,4,1, , ,N,1,2,0,3,0,2,4,2, , ,40 00:43.066,75 08:09.135,1740, ,1735, ,0, , , ,3, , , , , ,781644, , , ,2,1,0,0,1,0,0,0,0,0,0,2,2,0,0,0,0,0,0,0,0,0,0,0,0,0,0,0,0,0,0,0,0,0,0,4,0,40.012,-75.1359, , 
 ,70304,2011044568,6,67,67301,2011,3,7,2320,23,3,1,0,1,1, , ,N,1,2,0,3,0,1,3,3, , ,39 59:47.932,75 10:31.898,9999, ,1131,2,2,4, , ,3,Y, , , , ,781645, , , ,2,1,0,0,0,0,0,1,0,0,0,1,1,0,0,0,0,0,0,1,1,0,0,0,0,0,0,0,0,0,0,0,1,0,0,4,0,39.9966,-75.1755, , 
 ,70305,2011061888,6,67,67301,2011,5,7,1730,17,1,1,0,3,1, , ,N,0,0,0,3,0,1,2,2,N,N,39 54:53.517,75 09:33.404,1740, ,1736, ,0, ,N, ,0, , , , , ,781659, , , ,1,1,0,0,0,0,0,0,1,0,0,0,1,1,0,0,0,0,0,0,0,0,0,0,0,0,0,0,0,0,0,0,0,0,0,8,0,39.9149,-75.1593, , 
 ,70306,2011015746,6,67,67301,2011,1,2,2354,23,3,1,0,4,1, , ,N,0,0,2,3,0,1,2,2,N,N,39 57:37.602,75 10:51.950,1, ,2358,1,2,4,N, ,0,N, , , , ,781670, , , ,2,2,0,0,0,0,0,0,0,0,1,0,1,0,0,0,0,0,0,0,0,0,0,0,0,0,0,0,0,0,0,0,0,0,0,3,0,39.9604,-75.1811, , 
 ,70307,2011037970,6,67,67301,2011,3,7,2050,20,3,1,0,7,3, , ,N,0,0,0,3,0,1,1,1, , ,39 54:49.634,75 08:50.801,2106, ,2102, ,0, , , ,0, , , , , ,786527, , , ,1,1,0,0,0,0,0,0,0,0,0,0,1,1,0,0,0,0,0,0,0,0,1,0,0,0,0,0,0,0,0,0,0,0,0,8,0,39.9138,-75.1475, , 
 ,70308,2011033534,6,67,67301,2011,3,1,1112,11,1,2,1,4,1, , ,N,1,2,0,3,0,3,6,2,N,N,40 02:21.627,75 11:05.396,1133, ,1133,1,1,7, , ,9,N, , , , ,786558, , , ,2,0,0,1,0,0,0,1,0,0,0,3,3,0,1,0,0,0,0,0,1,0,0,3,0,0,0,0,0,0,0,0,0,0,0,4,1,40.0393,-75.1848, , 
 ,70309,2011033777,6,67,67301,2011,3,2,828,8,1,1,0,1,1, , ,N,0,0,0,3,0,1,4,2,N,N,40 04:06.861,75 04:01.510,834, ,830, ,0, ,N, ,0, , , , , ,786559, , , ,2,2,0,0,0,0,0,0,0,0,0,0,1,1,0,0,0,0,0,0,0,0,0,0,0,0,0,0,0,0,0,0,0,0,0,8,0,40.0686,-75.0671, , 
 ,70310,2011038001,6,67,67301,2011,3,7,1700,17,1,1,0,1,1, , ,N,1,2,0,3,0,1,4,3,N,N,39 57:23.865,75 11:52.879,1728, ,1726, ,0, ,N, ,3, , , , , ,786565, , , ,3,2,0,1,0,0,0,0,0,0,0,1,1,0,0,0,0,0,0,0,1,0,0,0,0,0,0,0,0,0,0,0,0,0,0,4,1,39.9566,-75.198, , 
 ,70311,2011040410,6,67,67301,2011,3,6,1345,13,1,1,0,4,1, , ,N,1,2,0,3,0,1,4,2,N,N,39 58:26.116,75 12:23.386,1350, ,1347, ,0, ,N, ,3, , , , , ,786568, , , ,2,2,0,0,0,0,0,0,0,0,0,0,1,1,0,0,0,0,0,0,0,0,0,0,0,0,0,0,0,0,0,0,0,0,0,8,0,39.9738,-75.2064, , 
 ,70312,2011015928,6,67,67301,2011,1,5,9999,99,1,1,0,4,1, , ,N,1,2,0,3,0,1,3,2, , ,39 59:38.209,75 09:16.513,9999, ,9999, ,0, , , ,3, , , , , ,786598, , , ,2,1,0,0,0,1,0,0,0,0,0,1,1,0,0,0,0,0,0,0,0,0,0,0,0,0,0,0,0,0,0,0,0,0,0,4,1,39.9939,-75.1545, , 
 ,70313,2011024641,6,67,67301,2011,1,4,9999,99,1,1,1,8,1, , ,N,0,0,0,3,0,1,2,2,N,N,39 55:48.910,75 10:54.454,905, ,858,1,1,1,N, ,0,N, , , , ,786656, , , ,1,1,0,0,0,0,0,0,0,0,1,0,1,0,0,0,0,0,0,0,0,0,0,0,0,0,0,0,0,0,0,0,1,0,0,3,0,39.9303,-75.1818, , 
 ,70314,2011038227,6,67,67301,2011,3,7,1948,19,3,1,0,5,1, , ,N,2,3,0,3,0,1,2,2,N,N,40 01:33.297,75 07:10.065,1957, ,1955,3,2,3,N, ,3,N, , , , ,786665, , , ,2,1,1,0,0,0,0,0,0,0,1,0,1,0,1,0,0,0,0,0,0,0,0,0,0,0,0,0,0,0,0,0,0,0,0,3,0,40.0259,-75.1197, , 
 ,70315,2011048660,6,67,67301,2011,3,4,1852,18,3,1,0,5,1, , ,N,0,0,0,3,0,1,3,2,N,N,40 07:12.218,75 00:33.691,1900, ,1854,1,1,4,N, ,0,Y, , , , ,786676, , , ,2,2,0,0,0,0,0,0,0,0,0,1,1,0,0,0,0,0,0,0,1,0,0,2,0,0,0,0,0,0,0,0,0,0,0,4,0,40.1201,-75.0094, , 
 ,70316,2011009843,6,67,67301,2011,1,1,1430,14,1,2,1,7,5, , ,N,0,0,99,3,0,2,2,1,N,N,39 59:36.470,75 11:17.330,1435, ,1435,4,2,3, , ,0,Y, , , , ,786684, , , ,1,1,0,0,0,0,0,0,0,0,1,1,2,0,0,0,0,0,0,0,0,0,0,2,0,0,0,0,0,0,0,0,0,0,0,3,0,39.9935,-75.1881, , 
 ,70317,2011015902,6,67,67301,2011,1,5,1843,18,3,1,6,8,1, , ,N,1,2,0,3,0,1,3,2, , ,40 02:37.429,75 05:06.333,1854, ,1846, ,0, , , ,3, , , , , ,786688, , , ,1,1,0,0,0,0,0,0,0,0,0,1,1,0,0,0,0,0,0,0,0,0,0,0,0,0,0,0,0,0,0,0,1,0,0,4,0,40.0437,-75.0851, , 
 ,70318,2011023048,6,67,67301,2011,2,3,826,8,1,8,4,4,1, , ,N,1,3,0,3,0,0,4,2,N,N,39 57:21.674,75 09:20.655,844, ,826, ,0, ,N, ,3, , , , , ,786693, , , ,2,1,0,0,0,1,0,0,0,0,0,0,0,0,0,0,0,0,0,0,0,0,0,0,0,0,0,0,0,0,0,0,0,0,0,0,1,39.956,-75.1557, , 
 ,70319,2011031308,6,67,67301,2011,2,1,1310,13,1,1,0,1,1, , ,N,5,3,0,3,0,1,3,2,N,N,40 01:19.120,75 06:53.578,1330, ,1320, ,0, ,N, ,3, , , , , ,786749, , , ,2,1,0,0,0,0,1,0,0,0,0,1,1,0,1,0,0,0,0,0,0,0,0,0,0,0,0,0,0,0,0,0,0,0,0,4,0,40.022,-75.1149, , 
 ,70320,2011044838,6,67,67301,2011,4,6,225,2,3,2,1,7,2, , ,N,7,0,2,3,0,0,1,1,N,N,40 00:38.272,75 11:04.414,245, ,228,2,1,2,N, ,0,N, , , , ,786760, , , ,1,1,0,0,0,0,0,0,0,0,0,0,0,0,1,0,0,0,0,0,0,0,0,0,0,0,0,0,0,0,0,0,0,0,0,9,0,40.0106,-75.1846, , 
 ,70321,2011053460,6,67,67301,2011,4,1,1830,18,1,1,0,8,1, , ,N,1,0,0,3,0,1,1,2,N,N,39 58:33.020,75 10:30.586,1837, ,1833, ,0, ,N, ,0, , , , , ,786769, , , ,1,1,0,0,0,0,0,0,0,0,0,1,1,0,0,0,0,0,0,0,0,0,0,0,0,0,0,0,0,0,0,0,1,0,0,4,0,39.9758,-75.1752, , 
 ,70322,2011054302,6,67,67301,2011,4,2,2045,20,3,1,0,5,1, , ,N,2,2,0,3,0,0,3,2,N,N,39 54:10.596,75 10:26.386,2049, ,2049, ,0, ,N, ,3, , , , , ,786771, , , ,2,2,0,0,0,0,0,0,0,0,0,0,0,0,0,0,0,0,0,0,0,0,0,0,0,0,0,0,0,0,0,0,0,0,0,0,0,39.9029,-75.174, , 
 ,70323,2011054516,6,67,67301,2011,5,3,1458,14,1,1,0,1,1, , ,N,0,0,0,3,0,0,2,2,N,N,40 00:28.321,75 12:04.926,1507, ,1501, ,0, ,N, ,0, , , , , ,786773, , , ,2,1,0,0,1,0,0,0,0,0,0,0,0,0,0,0,0,0,0,0,1,0,0,0,0,0,0,0,0,0,0,0,0,0,0,0,0,40.0079,-75.2014, , 
 ,70324,2011056847,6,67,67301,2011,5,3,1405,14,1,1,0,4,1, , ,N,2,3,0,3,0,1,2,2,N, ,40 06:26.640,75 01:41.417,1410, ,1410, ,0, , , ,3, , , , , ,786776, , , ,2,2,0,0,0,0,0,0,0,0,0,1,1,0,0,0,0,0,0,0,0,0,0,2,0,0,0,0,0,0,0,0,0,0,0,4,0,40.1074,-75.0282, , 
 ,70325,2011054121,6,67,67301,2011,4,7,1554,15,1,1,0,8,1, , ,N,0,0,0,3,0,1,2,2,N,N,39 58:03.547,75 13:52.838,1628, ,1624, ,0, ,N, ,0, , , , , ,773270, , , ,1,1,0,0,0,0,0,0,0,0,0,1,1,0,1,0,0,0,0,1,0,0,0,0,0,0,0,0,0,0,0,0,1,0,0,4,0,39.9677,-75.2313, , 
 ,70326,2011056766,6,67,67301,2011,5,1,915,9,1,1,0,4,1, , ,N,5,2,7,3,0,3,3,2,N,N,39 54:47.100,75 14:35.859,935, ,924,2,2,4,N, ,3,Y, , , , ,773272, , , ,2,2,0,0,0,0,0,0,0,0,0,3,3,0,0,0,0,0,0,0,1,0,0,0,0,0,0,0,0,0,0,0,0,0,0,4,0,39.9131,-75.2433, , 
 ,70327,2011061836,6,67,67301,2011,5,1,1310,13,1,1,0,0,1, , ,N,0,0,0,3,0,2,3,1,N,N,40 03:20.460,75 13:38.610,1320, ,1315, ,0, ,N, ,0, , , , , ,773275, , , ,1,1,0,0,0,0,0,0,0,0,0,2,2,0,0,0,0,0,0,0,1,0,0,3,0,0,0,0,0,0,0,0,0,0,0,4,0,40.0557,-75.2274, , 
 ,70328,2011018562,6,67,67301,2011,2,2,1040,10,1,1,0,1,1, , ,N,0,0,0,3,0,1,2,2,N,N,40 01:28.168,75 01:48.845,1051, ,1041, ,0, ,N, ,0, , , , , ,773289, , , ,2,0,0,0,0,1,1,0,0,0,0,0,1,1,0,0,0,0,0,0,2,0,0,0,0,0,0,0,0,0,0,0,0,0,0,8,0,40.0244,-75.0305, , 
 ,70329,2011044566,6,67,67301,2011,4,6,9999,99,3,1,0,4,1, , ,N,1,2,0,3,0,2,4,3, , ,40 00:59.814,75 08:49.815,2259, ,2252,1,1,4, , ,3,Y, , , , ,773312, , , ,3,1,0,0,1,0,0,1,0,0,0,0,2,2,0,0,0,0,0,0,0,0,0,1,0,0,0,0,0,0,0,0,0,0,0,8,0,40.0166,-75.1472, , 
 ,70330,2011015838,6,67,67301,2011,1,5,1745,17,3,1,0,7,6, , ,N,0,0,0,3,0,0,1,1,N,N,40 01:13.101,75 12:39.884,1820, ,1752, ,0, ,N, ,0, , , , , ,773335, , , ,1,0,0,0,0,0,0,1,0,0,0,0,0,0,1,0,0,0,0,0,0,0,0,0,0,0,0,0,0,0,0,0,0,0,0,9,0,40.0203,-75.2111, , 
 ,70331,2011023248,6,67,67301,2011,1,3,1640,16,4,1,0,1,1, , ,N,0,2,7,3,0,0,3,2,N,N,39 57:52.917,75 08:02.238,1650, ,1646,2,1,1,N, ,3,N, , , , ,773344, , , ,2,1,0,0,0,0,1,0,0,0,0,0,0,0,0,0,0,0,0,0,0,0,0,0,0,0,0,0,0,0,0,0,0,0,0,0,0,39.9647,-75.134, , 
 ,70332,2011024667,6,67,67301,2011,1,5,930,9,1,1,0,1,1, , ,N,0,0,0,3,0,0,3,3,N,N,39 57:47.682,75 10:05.562,1009, ,1004, ,0, , , ,0, , , , , ,773345, , , ,3,3,0,0,0,0,0,0,0,0,0,0,0,0,0,0,0,0,0,0,0,0,0,0,0,0,0,0,0,0,0,0,0,0,0,0,0,39.9632,-75.1682, , 
 ,70333,2011029051,6,67,67301,2011,2,2,244,2,3,1,0,4,1, , ,N,1,2,0,3,0,3,3,2, , ,40 01:41.450,75 02:20.031,245, ,245,4,2,7, , ,2,Y, , , , ,773348, , , ,2,2,0,0,0,0,0,0,0,0,3,0,3,0,0,0,0,0,0,0,0,0,0,0,0,0,0,0,0,0,0,0,0,0,0,3,0,40.0282,-75.0389, , 
 ,70334,2011031195,6,67,67301,2011,2,4,736,7,1,1,0,4,1, , ,N,1,3,0,3,0,1,4,2,N,N,40 04:01.347,75 10:24.416,742, ,738, ,0, , , ,3, , , , , ,773350, , , ,2,2,0,0,0,0,0,0,0,0,0,0,1,1,0,0,0,0,0,0,0,0,0,0,0,0,0,0,0,0,0,0,0,0,0,8,0,40.067,-75.1734, , 
 ,70335,2011037896,6,67,67301,2011,3,3,200,2,3,1,0,5,1, , ,N,0,0,0,3,0,4,5,2,N,N,40 01:17.017,75 10:07.074,213, ,208, ,0, ,N, ,0, , , , , ,773358, , , ,2,1,0,0,0,0,0,0,0,0,0,4,4,0,0,0,0,0,0,0,0,0,0,4,0,0,0,0,0,0,0,0,0,0,0,4,0,40.0214,-75.1686, , 
 ,70336,2011016006,6,67,67301,2011,1,7,2300,23,3,4,4,4,1, , ,N,1,2,0,3,0,2,2,2,N,N,39 57:22.417,75 13:10.384,2300, ,2300,1,1,4,N, ,3,Y, , , , ,773387, , , ,2,2,0,0,0,0,0,0,0,0,0,2,2,0,0,0,0,0,0,0,0,0,0,0,0,0,0,0,0,0,0,0,0,0,0,4,0,39.9562,-75.2196, , 
 ,70337,2011015979,6,67,67301,2011,1,2,45,0,3,1,0,7,5, , ,N,0,0,0,3,0,2,3,1,N,N,40 01:28.569,75 09:33.835,100, ,58, ,0, ,N, ,0, , , , , ,773432, , , ,1,1,0,0,0,0,0,0,0,0,0,1,2,1,0,0,0,0,0,0,0,0,0,0,0,0,0,0,0,0,0,0,0,0,0,4,0,40.0246,-75.1594, , 
 ,70338,2011044607,6,67,67301,2011,3,4,757,7,1,2,1,8,1, , ,N,1,2,0,3,0,1,2,2,N,N,40 02:08.676,75 04:51.649,803, ,800,3,1,2,N, ,3,Y, , , , ,773464, , , ,1,0,0,0,1,0,0,0,0,0,0,0,1,1,0,0,0,0,0,0,1,0,0,0,0,0,0,0,0,0,0,0,1,0,0,8,0,40.0357,-75.081, , 
 ,70339,2011044609,6,67,67301,2011,3,5,1504,15,1,2,1,1,1, , ,N,1,2,0,3,0,1,3,2, , ,39 56:29.947,75 13:21.989,1615, ,1612, ,0, ,N, ,3, , , , , ,773465, , , ,2,1,0,0,0,0,1,0,0,0,0,0,1,1,1,0,0,0,0,0,0,0,0,0,0,0,0,0,0,0,0,0,0,0,0,8,0,39.9417,-75.2228, , 
 ,70340,2011047090,6,67,67301,2011,4,3,1005,10,1,2,1,4,1, , ,N,0,0,0,3,0,1,2,2,N,N,40 02:29.027,75 05:17.727,1010, ,1009, ,0, ,N, ,0, , , , , ,773466, , , ,2,1,0,0,0,0,1,0,0,0,0,0,1,1,0,0,0,0,0,0,1,0,0,0,0,0,0,0,0,0,0,0,0,0,0,8,0,40.0414,-75.0883, , 
 ,70341,2011023228,6,67,67301,2011,1,1,23,0,3,1,6,7,5, , ,N,0,0,0,3,0,1,1,1, ,N,40 03:35.067,75 08:01.618,28, ,25,2,2,6,N, ,0,N, , , , ,773487, , , ,1,0,0,0,0,0,1,0,0,0,0,1,1,0,0,0,0,0,0,0,1,0,0,0,0,0,0,0,0,0,0,0,0,0,0,4,0,40.0597,-75.1338, , 
 ,70342,2011023281,6,67,67301,2011,1,5,1100,11,1,4,3,7,4, , ,N,0,0,0,3,0,1,1,1,N,N,40 02:43.361,75 13:03.693,1112, ,1108, ,0, ,N, ,0, , , , , ,773488, , , ,1,1,0,0,0,0,0,0,0,0,0,0,1,1,0,0,0,0,0,0,0,0,0,0,0,0,0,0,0,0,0,0,0,0,0,8,0,40.0454,-75.2177, , 
 ,70343,2011056878,6,67,67301,2011,5,6,1440,14,1,1,0,1,1, , ,N,0,2,99,3,0,1,5,2, , ,40 00:04.390,75 08:54.400,1506, ,1459, ,0, , , ,3, , , , , ,777561, , , ,2,2,0,0,0,0,0,0,0,0,0,1,1,0,0,0,0,0,0,0,0,0,0,0,0,0,0,0,0,0,0,0,0,0,0,4,0,40.0012,-75.1484, , 
 ,70344,2011015901,6,67,67301,2011,1,6,1658,16,1,1,0,4,1, , ,N,2,3,0,3,0,2,3,2,N,N,40 01:15.020,75 08:54.994,1752, ,1749, ,0, , , ,3, , , , , ,777583, , , ,2,2,0,0,0,0,0,0,0,0,0,2,2,0,0,0,0,0,0,0,1,0,0,0,0,0,0,0,0,0,0,0,0,0,0,4,0,40.0208,-75.1486, , 
 ,70345,2011022206,6,67,67301,2011,2,7,218,2,3,1,0,7,3, , ,N,0,0,0,3,0,2,2,1,N,N,39 57:35.191,75 10:40.848,224, ,222,1,1,3,N, ,0,N, , , , ,777586, , , ,1,0,0,0,0,0,1,0,0,0,1,1,2,0,0,0,0,0,0,0,0,0,0,0,0,0,0,0,0,0,0,0,0,0,0,3,0,39.9598,-75.178, , 
 ,70346,2011023011,6,67,67301,2011,1,3,2100,21,2,5,6,8,1, , ,N,0,0,0,3,0,1,2,2,N,N,40 00:06.400,75 12:45.650,9999, ,2101, ,0, ,N, ,0, , , , , ,777587, , , ,1,1,0,0,0,0,0,0,0,1,0,0,1,0,0,0,0,0,0,0,1,0,0,0,0,0,0,0,0,0,0,0,1,0,1,2,0,40.0018,-75.2127, , 
 ,70347,2011023274,6,67,67301,2011,1,5,1740,17,3,1,0,4,1, , ,N,1,3,0,3,0,0,2,2, , ,39 57:17.517,75 10:16.535,1832, ,1824, ,0, , , ,3, , , , , ,777588, , , ,2,1,0,0,1,0,0,0,0,0,0,0,0,0,0,0,0,0,0,0,1,0,0,0,0,0,0,0,0,0,0,0,0,0,0,0,0,39.9549,-75.1713, , 
 ,70348,2011043419,6,67,67301,2011,4,1,1425,14,1,1,0,7,2, , ,N,0,0,0,3,0,2,3,3,N,N,40 06:29.307,74 59:48.649,1450, ,1430,1,2,4,N, ,0,Y, , , , ,777602, , , ,3,1,0,0,0,0,2,0,0,0,0,1,2,1,0,0,0,0,0,1,0,0,1,0,0,0,0,0,0,0,0,0,0,0,0,4,0,40.1081,-74.9968, , 
 ,70349,2011054033,6,67,67301,2011,4,6,12,0,3,1,0,1,1, , ,N,7,0,0,3,0,6,8,2,N,N,40 05:07.699,74 58:10.087,20, ,16,2,2,4,N, ,0,Y, , , , ,777610, , , ,2,1,0,0,0,0,1,0,0,0,0,0,6,6,0,0,0,0,0,1,0,0,0,0,0,0,0,0,0,0,0,0,0,0,0,8,0,40.0855,-74.9695, , 
 ,70350,2011054094,6,67,67301,2011,4,5,9999,99,3,1,0,1,1, , ,N,0,0,0,3,0,0,4,2,N,N,40 01:34.101,75 05:40.559,125, ,122,2,1,1,Y, ,0,N, , , , ,777611, , , ,2,2,0,0,0,0,0,0,0,0,0,0,0,0,1,0,0,0,0,0,0,0,0,0,0,0,0,0,0,0,0,0,0,0,0,9,0,40.0261,-75.0946, , 
 ,70351,2011054369,6,67,67301,2011,4,4,821,8,1,1,0,4,1, , ,N,2,2,0,3,0,1,3,2,N, ,40 06:35.729,75 01:30.785,828, ,825, ,0, , , ,3, , , , , ,777612, , , ,2,2,0,0,0,0,0,0,0,0,0,1,1,0,0,0,0,0,0,0,1,0,0,1,0,0,0,0,0,0,0,0,0,0,0,4,0,40.1099,-75.0251, , 
 ,70352,2011056989,6,67,67301,2011,5,6,1616,16,1,1,0,1,1, , ,N,0,0,0,3,0,2,2,2,N,N,39 55:26.550,75 14:43.853,1648, ,1646, ,0, ,N, ,0, , , , , ,777616, , , ,2,2,0,0,0,0,0,0,0,0,0,0,2,2,0,0,0,0,0,0,1,0,0,0,0,0,0,0,0,0,0,0,0,0,0,8,0,39.924,-75.2455, , 
 ,70353,2011053578,6,67,67301,2011,4,3,2101,21,6,1,0,4,1, , ,N,1,2,0,3,0,5,5,2,N, ,40 03:17.448,75 10:08.247,2127, ,2117, ,0, , , ,3, , , , , ,777635, , , ,2,0,0,0,0,0,1,1,0,0,0,0,5,5,0,0,0,0,0,0,0,0,0,0,0,0,0,0,0,0,0,0,0,0,0,8,0,40.0548,-75.169, , 
 ,70354,2011054211,6,67,67301,2011,4,6,815,8,1,1,0,1,1, , ,N,1,2,0,3,0,1,3,3,N,N,39 59:40.673,75 05:40.311,830, ,828, ,0, ,N, ,3, , , , , ,777637, , , ,3,0,0,0,1,0,0,2,0,0,0,0,1,1,0,0,0,0,0,0,0,0,0,1,0,0,0,0,0,0,0,0,0,0,0,8,0,39.9946,-75.0945, , 