wz_ln_closure,objectid_1,crn,district,county,municipality,crash_year,crash_month,day_of_week,time_of_day,hour_of_day,illumination,weather,road_condition,collision_type,relation_to_road,work_zone_type,work_zone_loc,work_zone_ind,intersect_type,tcd_type,location_type,urban_rural,fatal_count,injury_count,person_count,total_units,sch_bus_ind,sch_zone_ind,latitude,longitude,arrival_tm,cons_zone_spd_lim,dispatch_tm,est_hrs_closed,lane_closed,ln_close_dir,ntfy_hiwy_maint,spec_juris_cd,tcd_func_cd,tfc_detour_ind,workers_pres,wz_close_detour,wz_flagger,wz_law_offcr_ind,objectid,wz_moving,wz_other,wz_shlder_mdn,vehicle_count,automobile_count,motorcycle_count,bus_count,small_truck_count,heavy_truck_count,suv_count,van_count,bicycle_count,maj_inj_count,mod_inj_count,min_inj_count,tot_inj_count,unk_inj_deg_count,unk_inj_per_count,driver_count_16yr,driver_count_17yr,driver_count_18yr,driver_count_19yr,driver_count_20yr,driver_count_50_64yr,driver_count_65_74yr,driver_count_75plus,unbelted_occ_count,unb_death_count,unb_maj_inj_count,belted_death_count,belted_maj_inj_count,mcycle_death_count,mcycle_maj_inj_count,bicycle_death_count,bicycle_maj_inj_count,ped_count,ped_death_count,ped_maj_inj_count,max_severity_level,comm_veh_count,dec_lat,dec_long,rdwy_surf_type_cd,county_name
 ,70555,2011046973,6,67,67301,2011,4,7,1720,17,1,1,0,4,1, , ,N,1,2,0,3,0,1,4,2,N,N,39 58:10.457,75 12:41.542,1735, ,1730, ,0, ,N, ,3, , , , , ,774262, , , ,2,1,0,0,0,0,1,0,0,0,0,0,1,1,0,0,0,0,0,0,1,0,0,0,0,0,0,0,0,0,0,0,0,0,0,8,0,39.9697,-75.2115, , 
 ,70556,2011053473,6,67,67301,2011,3,6,1300,13,1,1,0,1,1, , ,N,3,2,0,3,0,3,28,2,Y, ,39 58:02.991,75 10:52.020,1305, ,1300,3,1,1,N, ,3,N, , , , ,774269, , , ,2,1,0,1,0,0,0,0,0,0,0,0,3,3,0,0,0,0,0,0,0,0,0,0,0,0,0,0,0,0,0,0,0,0,0,8,1,39.9675,-75.181, , 
 ,70557,2011054161,6,67,67301,2011,4,3,930,9,1,1,0,8,2, , ,N,0,0,0,3,0,1,3,2,N,N,39 58:57.650,75 08:27.520,1600, ,1600, ,0, ,N, ,0, , , , , ,774270, , , ,1,1,0,0,0,0,0,0,0,0,0,1,1,0,2,0,0,0,0,0,0,0,0,0,0,0,0,0,0,0,0,0,1,0,0,4,0,39.9827,-75.141, , 
 ,70558,2011068354,6,67,67301,2011,6,4,111,1,3,1,0,4,1, , ,N,1,0,0,3,0,1,2,2,N,N,39 57:19.616,75 13:58.461,112, ,112,1,1,4,N, ,0,Y, , , , ,774284, , , ,2,1,0,0,0,0,0,1,0,0,0,1,1,0,0,0,0,0,0,0,0,0,0,0,0,0,0,0,0,0,0,0,0,0,0,4,0,39.9554,-75.2329, , 
 ,70559,2011070731,6,67,67301,2011,6,6,947,9,1,1,0,1,1, , ,N,0,0,0,3,0,1,3,3,N,N,39 56:38.538,75 08:34.510,1007, ,950,1,1,2,N, ,0,N, , , , ,774286, , , ,3,1,0,0,0,1,0,0,0,0,1,0,1,0,1,0,0,0,0,0,0,0,0,1,0,0,0,0,0,0,0,0,0,0,0,3,1,39.944,-75.1429, , 
 ,70560,2011009971,6,67,67301,2011,1,2,1009,10,1,1,0,4,1, , ,N,1,2,0,3,0,2,5,2,N,N,40 02:10.346,75 03:51.114,1012, ,1009,2,2,1,N, ,3,Y, , , , ,774296, , , ,2,1,0,0,0,1,0,0,0,0,0,2,2,0,0,0,0,0,0,0,0,0,0,0,0,0,0,0,0,0,0,0,0,0,0,4,0,40.0362,-75.0642, , 
 ,70561,2011023344,6,67,67301,2011,1,6,9999,99,1,1,1,8,1, , ,N,1,2,0,3,0,1,3,2, , ,39 57:15.859,75 09:47.045,1344, ,1340, ,0, , , ,3, , , , , ,774356, , , ,1,0,0,0,1,0,0,0,0,0,0,0,1,1,0,0,0,0,0,0,0,0,0,2,0,0,0,0,0,0,0,0,1,0,0,8,0,39.9544,-75.1631, , 
 ,70562,2011031460,6,67,67301,2011,2,7,1230,12,1,1,0,8,1, , ,N,1,3,0,3,0,1,3,2,N,N,39 57:50.673,75 13:56.071,1242, ,1234, ,0, , , ,3, , , , , ,778225, , , ,1,1,0,0,0,0,0,0,0,0,0,1,1,0,0,0,0,0,0,0,0,1,0,0,0,0,0,0,0,0,0,0,1,0,0,4,0,39.9641,-75.2322, , 
 ,70563,2011040240,6,67,67301,2011,3,5,700,7,1,2,1,8,1, , ,N,0,0,0,3,0,1,2,2,N,Y,40 01:37.959,75 07:23.326,850, ,850, ,0, ,N, ,0, , , , , ,778236, , , ,1,1,0,0,0,0,0,0,0,0,1,0,1,0,1,0,0,0,0,0,0,0,0,0,0,0,0,0,0,0,0,0,1,0,0,3,0,40.0272,-75.1231, , 
 ,70564,2011046967,6,67,67301,2011,4,6,1330,13,1,2,1,4,1, , ,N,1,3,0,3,0,0,2,2,N,N,39 58:29.085,75 09:55.144,1430, ,1426, ,0, ,N, ,3, , , , , ,778243, , , ,2,1,0,0,1,0,0,0,0,0,0,0,0,0,0,0,0,0,0,0,0,0,0,0,0,0,0,0,0,0,0,0,0,0,0,0,0,39.9747,-75.1653, , 
 ,70565,2011038008,6,67,67301,2011,3,4,750,7,1,1,0,5,1, , ,N,5,2,0,3,0,0,5,2,N,N,39 56:22.379,75 11:53.331,800, ,755, ,0, ,N, ,3, , , , , ,778267, , , ,2,1,0,0,0,0,1,0,0,0,0,0,0,0,2,0,0,0,0,0,0,0,0,0,0,0,0,0,0,0,0,0,0,0,0,9,0,39.9396,-75.1982, , 
 ,70566,2011038395,6,67,67301,2011,3,4,1113,11,1,1,1,5,1, , ,N,0,0,0,3,0,0,2,3, , ,39 56:19.554,75 10:55.768,1115, ,1115, ,0, , , ,0, , , , , ,778268, , , ,3,3,0,0,0,0,0,0,0,0,0,0,0,0,2,0,0,0,0,0,0,0,0,0,0,0,0,0,0,0,0,0,0,0,0,9,0,39.9388,-75.1822, , 
Y,70567,2011050393,6,67,67301,2011,4,7,2351,23,3,1,0,4,1,1,4,Y,0,1,0,3,0,0,2,2,N,N,39 54:07.672,75 09:05.249,2,45,2352,2,2,2,N, ,3,Y,N,N,N,N,778280,N,N,N,2,2,0,0,0,0,0,0,0,0,0,0,0,0,0,0,0,0,0,0,0,0,0,0,0,0,0,0,0,0,0,0,0,0,0,0,0,39.9022,-75.1514, , 
 ,70568,2011023179,6,67,67301,2011,1,2,1358,13,1,1,0,7,5, , ,N,2,2,0,3,0,0,1,1,N,N,39 59:59.423,75 13:10.092,1420, ,1401, ,0, ,N, ,3, , , , , ,778311, , , ,1,1,0,0,0,0,0,0,0,0,0,0,0,0,1,0,0,0,0,0,0,0,0,0,0,0,0,0,0,0,0,0,0,0,0,9,0,39.9998,-75.2195, , 
 ,70569,2011029015,6,67,67301,2011,2,2,1647,16,1,1,0,4,1, , ,N,2,2,0,3,0,1,2,2,N,N,40 05:06.178,75 13:43.983,1659, ,1654, ,0, , , ,2, , , , , ,778316, , , ,2,0,0,0,1,0,1,0,0,0,0,1,1,0,0,0,0,0,1,0,0,1,0,0,0,0,0,0,0,0,0,0,0,0,0,4,0,40.085,-75.2289, , 
 ,70570,2011029945,6,67,67301,2011,3,3,1932,19,3,1,0,1,1, , ,N,0,0,0,3,0,1,2,2,N,N,39 58:04.317,75 11:23.580,1954, ,1940, ,0, ,N, ,0, , , , , ,778318, , , ,2,1,0,0,0,0,0,1,0,0,0,1,1,0,0,0,0,0,0,0,0,0,0,0,0,0,0,0,0,0,0,0,0,0,0,4,0,39.9679,-75.1899, , 
 ,70571,2011030965,6,67,67301,2011,1,2,1717,17,3,1,0,1,1, , ,N,0,0,0,3,0,1,4,2,N,N,39 56:44.754,75 11:24.275,1729, ,1722, ,0, ,N, ,0, , , , , ,778320, , , ,2,1,0,0,0,0,0,1,0,0,0,1,1,0,0,0,0,0,0,0,1,0,0,0,0,0,0,0,0,0,0,0,0,0,0,4,0,39.9458,-75.1901, , 
 ,70572,2011038635,6,67,67301,2011,3,6,1835,18,3,1,0,8,1, , ,N,2,2,0,3,0,1,2,2,N,N,39 57:15.094,75 10:11.174,1855, ,1845, ,0, ,N, ,3, , , , , ,778325, , , ,1,0,0,0,0,0,1,0,0,0,0,1,1,0,0,0,0,0,0,0,0,0,0,0,0,0,0,0,0,0,0,0,1,0,0,4,0,39.9542,-75.1698, , 
 ,70573,2011053482,6,67,67301,2011,4,5,1305,13,1,1,0,1,1, , ,N,1,2,0,3,0,0,3,3,N,N,39 55:17.972,75 11:24.679,1320, ,1310,1,1,1,N, ,3,N, , , , ,778338, , , ,3,1,0,0,2,0,0,0,0,0,0,0,0,0,0,0,0,0,0,0,1,0,0,3,0,0,0,0,0,0,0,0,0,0,0,0,0,39.9217,-75.1902, , 
 ,70574,2011053855,6,67,67301,2011,5,3,1440,14,1,1,0,1,1, , ,N,0,0,0,3,0,0,5,5,N,N,39 56:52.229,75 11:14.512,1452, ,1447, ,0, ,N, ,0, , , , , ,778339, , , ,5,4,0,0,0,0,1,0,0,0,0,0,0,0,3,0,1,0,0,0,0,0,0,0,0,0,0,0,0,0,0,0,0,0,0,9,0,39.9478,-75.1874, , 
 ,70575,2011029644,6,67,67301,2011,2,1,1630,16,1,1,0,4,1, , ,N,1,2,0,3,0,1,2,2, , ,40 00:15.124,75 04:38.614,1651, ,1649,2,2,7, , ,3,Y, , , , ,778356, , , ,2,1,0,1,0,0,0,0,0,0,1,0,1,0,0,0,0,0,0,0,0,0,0,0,0,0,0,0,0,0,0,0,0,0,0,3,1,40.0042,-75.0774, , 
 ,70576,2011047095,6,67,67301,2011,4,6,905,9,1,2,1,8,1, , ,N,1,3,0,3,0,2,3,3,N,N,39 55:59.145,75 11:19.201,913, ,905, ,0, ,N, ,3, , , , , ,778371, , , ,1,1,0,0,0,0,0,0,0,0,0,2,2,0,1,0,0,0,0,0,0,0,0,0,0,0,0,0,0,0,0,0,2,0,0,4,0,39.9331,-75.1887, , 
 ,70577,2011029441,6,67,67301,2011,2,1,30,0,3,1,6,4,1, , ,N,1,3,0,3,0,0,5,2,N,N,39 56:33.900,75 09:42.753,39, ,36, ,0, ,N, ,3, , , , , ,778416, , , ,2,2,0,0,0,0,0,0,0,0,0,0,0,0,1,0,0,0,0,0,0,0,0,0,0,0,0,0,0,0,0,0,0,0,0,9,0,39.9428,-75.1619, , 
 ,70578,2011031200,6,67,67301,2011,2,3,1500,15,1,4,5,1,1, , ,N,1,3,0,3,0,2,5,4,N,N,39 56:26.008,75 09:21.189,1510, ,1507,1,2,4,N, ,3,N, , , , ,778419, , , ,4,4,0,0,0,0,0,0,0,0,0,0,2,2,0,0,0,0,0,0,0,0,0,0,0,0,0,0,0,0,0,0,0,0,0,8,0,39.9406,-75.1559, , 
 ,70579,2011031613,6,67,67301,2011,2,4,2209,22,3,1,0,7,3, , ,N,1,2,0,3,0,1,3,3,N,N,40 05:59.946,75 00:29.876,2222, ,2212,1,2,1,N, ,3,Y, , , , ,778421, , , ,3,3,0,0,0,0,0,0,0,0,0,0,1,1,0,0,0,0,0,0,2,0,0,0,0,0,0,0,0,0,0,0,0,0,0,8,0,40.1,-75.0083, , 
 ,70580,2011054068,6,67,67301,2011,4,7,1845,18,4,2,1,4,1, , ,N,1,3,0,3,0,4,4,2,N,N,39 57:16.282,75 13:47.657,1900, ,1856, ,0, ,N, ,3, , , , , ,782615, , , ,2,2,0,0,0,0,0,0,0,0,1,2,4,1,0,0,0,1,0,0,0,0,0,0,0,0,0,0,0,0,0,0,0,0,0,3,0,39.9545,-75.2299, , 
 ,70581,2011061188,6,67,67301,2011,6,7,2340,23,3,2,1,7,3, , ,N,0,0,0,3,0,0,1,1,N,N,39 56:42.217,75 11:27.522,2349, ,2342, ,0, ,N, ,0, , , , , ,782622, , , ,1,1,0,0,0,0,0,0,0,0,0,0,0,0,0,0,0,0,0,0,1,0,0,0,0,0,0,0,0,0,0,0,0,0,0,0,0,39.9451,-75.191, , 
 ,70582,2011064164,6,67,67301,2011,5,6,9999,99,1,9,8,4,4, , ,N,3,2,0,3,0,1,3,3, , ,39 58:22.961,75 13:06.430,9999, ,17, ,0, , , ,3, , , , , ,782627, , , ,3,3,0,0,0,0,0,0,0,1,0,0,1,0,1,0,0,0,0,0,0,0,0,0,0,0,0,0,0,0,0,0,0,0,0,2,0,39.973,-75.2185, , 
 ,70583,2011034034,6,67,67301,2011,3,5,2048,20,3,1,0,7,2, , ,N,6,0,2,3,0,1,1,1,N,N,40 00:25.365,75 04:08.878,2056, ,2052, ,0, ,N, ,0, , , , , ,782649, , , ,1,0,1,0,0,0,0,0,0,0,0,0,1,1,0,0,0,0,0,0,0,0,0,0,0,0,0,0,0,0,0,0,0,0,0,8,0,40.007,-75.0691, , 
 ,70584,2011044467,6,67,67301,2011,3,3,1816,18,1,1,0,7,2, , ,N,0,0,0,3,0,2,2,1,N,N,40 02:12.926,75 09:41.590,1830, ,1822, ,0, ,N, ,0, , , , , ,782661, , , ,1,0,0,0,0,0,0,1,0,0,0,2,2,0,0,0,0,0,0,0,0,0,0,0,0,0,0,0,0,0,0,0,0,0,0,4,0,40.0369,-75.1616, , 
 ,70585,2011047062,6,67,67301,2011,4,2,2030,20,3,1,0,4,1, , ,N,5,2,0,3,0,3,4,2,N,N,40 01:54.428,75 05:07.226,2035, ,2033,2,2,2,N, ,3,Y, , , , ,782662, , , ,2,2,0,0,0,0,0,0,0,0,1,2,3,0,0,0,0,0,0,0,0,0,0,0,0,0,0,0,0,0,0,0,0,0,0,3,0,40.0318,-75.0853, , 
 ,70586,2011051615,6,67,67301,2011,5,3,643,6,5,2,1,7,2, , ,N,0,0,0,3,0,1,1,1,N,N,39 56:41.864,75 11:27.967,657, ,645,1,1,3,N, ,0,N, , , , ,782670, , , ,1,1,0,0,0,0,0,0,0,0,0,1,1,0,0,0,0,0,0,0,0,0,0,0,0,0,0,0,0,0,0,0,0,0,0,4,0,39.945,-75.1911, , 
 ,70587,2011024653,6,67,67301,2011,1,1,916,9,1,1,0,1,1, , ,N,1,3,0,3,0,2,4,2,N,N,40 02:58.278,75 08:47.343,1605, ,1600, ,0, ,N, ,3, , , , , ,782693, , , ,2,2,0,0,0,0,0,0,0,0,0,0,2,2,1,0,0,0,0,0,0,0,0,0,0,0,0,0,0,0,0,0,0,0,0,8,0,40.0495,-75.1465, , 
 ,70588,2011029418,6,67,67301,2011,1,2,1949,19,3,1,0,4,1, , ,N,1,3,0,3,0,1,2,2,N,N,40 01:08.120,75 02:58.216,1950, ,1950,9,1,4, , ,3,N, , , , ,782700, , , ,2,1,0,0,0,0,0,1,0,0,1,0,1,0,1,0,0,1,0,0,0,0,0,0,0,0,0,0,0,0,0,0,0,0,0,3,0,40.0189,-75.0495, , 
 ,70589,2011044845,6,67,67301,2011,4,6,1640,16,1,6,1,1,1, , ,N,1,2,0,3,0,1,2,2, , ,39 57:49.790,75 10:22.508,1648, ,1645, ,0, , , ,3, , , , , ,782710, , , ,2,1,0,0,0,0,0,1,0,0,0,0,1,1,0,0,0,0,0,0,1,0,0,0,0,0,0,0,0,0,0,0,0,0,0,8,0,39.9638,-75.1729, , 
 ,70590,2011047314,6,67,67301,2011,4,4,2248,22,6,1,0,4,1, , ,N,2,3,0,3,0,2,9,3, , ,39 54:28.098,75 09:13.377,9999, ,2249, ,0, , , ,3, , , , , ,782712, , , ,3,1,0,0,1,1,0,0,0,0,1,1,2,0,6,0,0,0,0,0,0,0,0,0,0,0,0,0,0,0,0,0,0,0,0,3,1,39.9078,-75.1537, , 
 ,70591,2011050392,6,67,67301,2011,4,6,2324,23,3,1,0,1,1, , ,N,0,0,0,3,0,4,4,4,N,N,39 55:30.581,75 11:35.978,2336, ,2326,2,1,4,N, ,0,N, , , , ,782716, , , ,4,2,0,0,0,0,0,2,0,0,3,1,4,0,0,0,0,0,0,0,1,0,0,1,0,0,0,0,0,0,0,0,0,0,0,3,0,39.9252,-75.1933, , 
 ,70592,2011023240,6,67,67301,2011,1,3,9999,99,1,9,1,8,1, , ,N,0,0,0,3,0,1,2,2, , ,39 58:48.487,75 08:34.113,1300, ,1300, ,0, , , ,0, , , , , ,782744, , , ,1,1,0,0,0,0,0,0,0,0,0,0,1,1,0,0,0,0,0,0,0,0,0,0,0,0,0,0,0,0,0,0,1,0,0,8,0,39.9801,-75.1428, , 
 ,70593,2011029151,6,67,67301,2011,2,5,1545,15,1,1,0,4,1, , ,N,2,0,0,3,0,1,2,2,N,N,39 58:18.897,75 09:19.922,1551, ,1547, ,0, ,N, ,0, , , , , ,782747, , , ,1,1,0,0,0,0,0,0,1,0,0,0,1,1,0,0,0,0,0,0,0,0,0,0,0,0,0,0,0,0,0,0,0,0,0,8,0,39.9719,-75.1555, , 
 ,70594,2011033418,6,67,67301,2011,3,1,9999,99,3,1,0,1,1, , ,N,1,2,0,3,0,3,6,2,N,N,39 55:16.112,75 11:37.750,238, ,234, ,0, ,N, ,3, , , , , ,782752, , , ,2,2,0,0,0,0,0,0,0,0,0,0,3,3,0,0,0,0,0,0,0,0,0,0,0,0,0,0,0,0,0,0,0,0,0,8,0,39.9211,-75.1938, , 
 ,70595,2011033486,6,67,67301,2011,3,2,1535,15,1,1,0,4,1, , ,N,2,2,7,3,0,1,2,2,N,N,39 54:13.685,75 10:25.724,1615, ,1608, ,0, ,N, ,2, , , , , ,782753, , , ,2,1,0,0,0,0,1,0,0,0,0,1,1,0,0,0,0,0,0,0,0,0,0,0,0,0,0,0,0,0,0,0,0,0,0,4,0,39.9038,-75.1738, , 
 ,70596,2011037937,6,67,67301,2011,3,1,1535,15,1,1,0,4,1, , ,N,1,2,0,3,0,4,4,2,N,N,40 02:18.372,75 10:37.026,1545, ,1541,1,2,2,N, ,3,Y, , , , ,782759, , , ,2,2,0,0,0,0,0,0,0,0,0,4,4,0,0,0,0,0,0,0,1,0,1,0,0,0,0,0,0,0,0,0,0,0,0,4,0,40.0384,-75.177, , 
 ,70597,2011037978,6,67,67301,2011,3,4,724,7,1,1,0,2,1, , ,N,0,0,0,3,0,1,2,2,N,N,40 02:23.755,75 07:58.291,730, ,726, ,0, ,N, ,0, , , , , ,782760, , , ,2,2,0,0,0,0,0,0,0,0,0,1,1,0,0,0,0,0,0,0,1,0,0,0,0,0,0,0,0,0,0,0,0,0,0,4,0,40.0399,-75.1329, , 
 ,70598,2011030600,6,46,46102,2011,3,3,1534,15,1,1,0,1,1, , ,N,0,2,0,3,0,2,5,3,N,N,40 04:07.013,75 08:55.184,1539, ,1534,2,1,4,N, ,3,N, , , , ,785702, , , ,3,1,0,0,0,0,1,1,0,0,0,0,2,2,0,0,0,0,0,0,0,0,0,0,0,0,0,0,0,0,0,0,0,0,0,8,0,40.0686,-75.1487, , 
 ,70599,2011040422,6,67,67301,2011,3,7,14,0,3,1,0,4,1, , ,N,1,2,0,3,0,4,4,2,N,N,40 01:19.624,75 03:47.697,28, ,21,3,1,1,N, ,3,Y, , , , ,785713, , , ,2,2,0,0,0,0,0,0,0,1,1,0,4,2,0,0,0,0,0,1,0,0,0,0,0,0,0,0,0,0,0,0,0,0,0,2,0,40.022,-75.0632, , 
 ,70600,2011085482,6,67,67301,2011,7,2,1319,13,1,1,0,1,1, , ,N,0,0,0,3,0,2,4,2,N,N,39 59:27.399,75 05:28.591,1500, ,1457, ,0, ,N, ,0, , , , , ,785745, , , ,2,1,0,1,0,0,0,0,0,0,0,0,2,2,0,0,0,0,0,0,1,0,0,1,0,0,0,0,0,0,0,0,0,0,0,8,1,39.9909,-75.0913, , 
 ,70601,2011023223,6,67,67301,2011,1,1,1802,18,3,1,0,8,1, , ,N,3,3,0,3,0,1,2,2,N,N,40 03:02.804,75 08:37.852,1803, ,1826, ,0, ,N, ,3, , , , , ,785779, , , ,1,1,0,0,0,0,0,0,0,0,0,1,1,0,1,0,0,0,0,0,0,0,0,0,0,0,0,0,0,0,0,0,1,0,0,4,0,40.0508,-75.1438, , 
 ,70602,2011037983,6,67,67301,2011,3,1,307,3,3,1,0,7,4, , ,N,0,0,0,3,0,1,2,1,N,N,40 00:35.676,75 11:10.555,316, ,310, ,0, ,N, ,0, , , , , ,785795, , , ,1,1,0,0,0,0,0,0,0,0,0,1,1,0,0,0,0,0,0,0,0,0,0,0,0,0,0,0,0,0,0,0,0,0,0,4,0,40.0099,-75.1863, , 
 ,70603,2011037989,6,67,67301,2011,3,2,1905,19,3,1,0,4,4, , ,N,0,0,7,3,0,1,5,2,N,N,40 02:08.526,75 07:16.770,1909, ,1907, ,0, ,N, ,0, , , , , ,785796, , , ,2,1,0,0,0,0,0,1,0,0,0,1,1,0,0,0,0,0,1,0,0,0,0,0,0,0,0,0,0,0,0,0,0,0,0,4,0,40.0357,-75.1213, , 
 ,70604,2011040374,6,67,67301,2011,3,4,2240,22,3,2,1,4,1, , ,N,5,2,2,3,0,1,3,2, , ,39 57:23.622,75 09:04.685,2245, ,2243, ,0, , , ,3, , , , , ,785799, , , ,2,0,0,0,0,0,2,0,0,0,0,1,1,0,0,0,0,0,0,0,0,0,0,0,0,0,0,0,0,0,0,0,0,0,0,4,0,39.9566,-75.1513, , 
 ,70605,2011040413,6,67,67301,2011,3,2,9999,99,1,1,0,4,1, , ,N,0,0,0,3,0,0,2,2, , ,39 55:01.555,75 12:54.915,118, ,111, ,0, , , ,0, , , , , ,785800, , , ,2,1,0,0,1,0,0,0,0,0,0,0,0,0,0,0,0,0,0,0,0,0,0,0,0,0,0,0,0,0,0,0,0,0,0,0,0,39.9164,-75.2189, , 
 ,70606,2011054208,6,67,67301,2011,4,3,750,7,1,1,0,4,1, , ,N,1,2,0,3,0,2,2,6,N, ,39 58:42.573,75 06:52.947,826, ,820,2,2,6, , ,3,N, , , , ,785807, , , ,6,3,0,0,2,0,1,0,0,0,0,0,2,2,0,0,0,0,0,0,1,0,0,0,0,0,0,0,0,0,0,0,0,0,0,8,0,39.9785,-75.1147, , 
 ,70607,2011013592,6,67,67301,2011,1,1,808,8,1,1,6,7,2, , ,N,0,0,0,3,0,0,1,1,N,N,39 53:56.588,75 10:40.372,824, ,810,2,1,1,N, ,0,N, , , , ,785827, , , ,1,1,0,0,0,0,0,0,0,0,0,0,0,0,0,0,0,0,0,0,0,0,0,0,0,0,0,0,0,0,0,0,0,0,0,0,0,39.8991,-75.1779, , 
 ,70608,2011020514,6,67,67301,2011,2,7,1826,18,3,1,1,7,2, , ,N,0,0,0,3,0,0,2,1,N,N,40 01:18.570,75 02:22.660,1837, ,1828,1,1,2,N, ,0,N, , , , ,785835, , , ,1,1,0,0,0,0,0,0,0,0,0,0,0,0,0,0,0,0,0,0,0,0,0,0,0,0,0,0,0,0,0,0,0,0,0,0,0,40.0219,-75.0395, , 
 ,70609,2011033774,6,67,67301,2011,3,5,1224,12,1,1,0,1,1, , ,N,0,0,0,3,0,0,4,3,N,N,39 54:45.727,75 11:32.625,1228, ,1226, ,0, ,N, ,0, , , , , ,785845, , , ,3,2,0,0,0,0,0,1,0,0,0,0,0,0,0,0,0,0,0,0,1,0,0,0,0,0,0,0,0,0,0,0,0,0,0,0,0,39.9127,-75.1924, , 
 ,70610,2011038209,6,67,67301,2011,3,5,647,6,8,2,1,4,1, , ,N,0,0,6,3,0,1,2,2, , ,39 54:15.520,75 14:19.910,940, ,647, ,0, , , ,0, , , , , ,785849, , , ,2,1,0,0,0,0,0,1,0,0,0,1,1,0,0,0,0,0,0,0,1,0,0,0,0,0,0,0,0,0,0,0,0,0,0,4,0,39.9043,-75.2389, , 
 ,70611,2011039848,6,67,67301,2011,4,6,1045,10,1,2,1,1,1, , ,N,0,0,0,3,0,1,4,3,N,N,39 57:37.308,75 10:51.832,1052, ,1045,1,1,4,N, ,0,N, , , , ,785854, , , ,3,1,0,0,0,0,2,0,0,0,1,0,1,0,0,0,0,0,0,0,2,0,0,0,0,0,0,0,0,0,0,0,0,0,0,3,0,39.9604,-75.1811, , 
 ,70612,2011056829,6,67,67301,2011,5,4,352,3,3,1,0,1,6, , ,N,0,0,0,3,0,0,1,2,N,N,40 03:27.565,74 59:59.262,356, ,354, ,0, ,N, ,0, , , , , ,785912, , , ,2,0,0,0,0,0,1,1,0,0,0,0,0,0,0,0,0,0,0,0,0,0,0,0,0,0,0,0,0,0,0,0,0,0,0,0,0,40.0577,-74.9998, , 
 ,70613,2011049171,6,67,67301,2011,4,7,2312,23,3,1,0,7,4, , ,N,0,0,0,3,0,0,5,1,N,N,39 55:30.581,75 11:35.978,2332, ,2312,2,1,4,N, ,0,N, , , , ,785956, , , ,1,1,0,0,0,0,0,0,0,0,0,0,0,0,0,0,0,0,0,0,0,0,0,0,0,0,0,0,0,0,0,0,0,0,0,0,0,39.9252,-75.1933, , 
 ,70614,2011020068,6,67,67301,2011,2,1,209,2,3,1,0,7,4, , ,N,0,0,2,3,0,1,2,1,N,N,39 57:35.787,75 10:49.741,223, ,213,1,2,3,N, ,0,N, , , , ,785973, , , ,1,1,0,0,0,0,0,0,0,0,1,0,1,0,0,0,0,0,0,0,0,0,0,0,0,0,0,0,0,0,0,0,0,0,0,3,0,39.9599,-75.1805, , 
 ,70615,2011028891,6,67,67301,2011,2,7,608,6,5,2,1,4,1, , ,N,1,2,0,3,0,2,2,2,N,N,39 59:11.018,75 10:10.592,618, ,608,2,1,1,N, ,3,N, , , , ,785980, , , ,2,1,0,0,1,0,0,0,0,0,0,2,2,0,0,0,0,0,1,0,0,0,0,0,0,0,0,0,0,0,0,0,0,0,0,4,0,39.9864,-75.1696, , 
 ,70616,2011055463,6,67,67301,2011,5,4,2241,22,3,1,0,7,2, , ,N,0,0,0,3,0,3,3,1,N,N,39 56:17.644,75 08:37.128,2248, ,2247,1,1,1,N, ,0,N, , , , ,786001, , , ,1,1,0,0,0,0,0,0,0,0,0,0,3,3,0,0,1,0,0,0,0,0,0,3,0,0,0,0,0,0,0,0,0,0,0,8,0,39.9381,-75.1437, , 
 ,70617,2011026019,6,67,67301,2011,2,1,1303,13,1,1,0,5,1, , ,N,6,0,2,3,0,0,4,2,N,N,39 57:24.144,75 08:32.205,1311, ,1307,1,1,4,N, ,0,N, , , , ,774359, , , ,2,1,0,0,0,0,1,0,0,0,0,0,0,0,0,0,0,0,0,0,0,1,0,0,0,0,0,0,0,0,0,0,0,0,0,0,0,39.9575,-75.1467, , 
 ,70618,2011029024,6,67,67301,2011,2,6,100,1,3,1,0,8,6, , ,N,0,0,0,3,0,1,2,2, , ,40 03:52.909,75 09:12.171,110, ,108, ,0, , , ,0, , , , , ,774361, , , ,1,1,0,0,0,0,0,0,0,0,0,1,1,0,0,0,0,0,0,0,0,0,0,0,0,0,0,0,0,0,0,0,1,0,0,4,0,40.0647,-75.1534, , 
 ,70619,2011031171,6,67,67301,2011,2,5,1515,15,1,1,0,4,1, , ,N,1,3,0,3,0,0,3,2, , ,39 58:45.093,75 09:42.531,1532, ,1530, ,0, , , ,3, , , , , ,774364, , , ,2,1,0,0,1,0,0,0,0,0,0,0,0,0,0,0,0,0,0,1,0,0,0,0,0,0,0,0,0,0,0,0,0,0,0,0,0,39.9792,-75.1618, , 
 ,70620,2011031369,6,67,67301,2011,2,3,1645,16,1,1,0,4,1, , ,N,5,2,0,3,0,2,4,2, , ,39 57:51.410,75 10:34.160,1655, ,1650, ,0, , , ,3, , , , , ,774410, , , ,2,2,0,0,0,0,0,0,0,0,0,0,2,2,0,0,0,0,0,0,1,0,0,0,0,0,0,0,0,0,0,0,0,0,0,8,0,39.9643,-75.1762, , 