wz_ln_closure,objectid_1,crn,district,county,municipality,crash_year,crash_month,day_of_week,time_of_day,hour_of_day,illumination,weather,road_condition,collision_type,relation_to_road,work_zone_type,work_zone_loc,work_zone_ind,intersect_type,tcd_type,location_type,urban_rural,fatal_count,injury_count,person_count,total_units,sch_bus_ind,sch_zone_ind,latitude,longitude,arrival_tm,cons_zone_spd_lim,dispatch_tm,est_hrs_closed,lane_closed,ln_close_dir,ntfy_hiwy_maint,spec_juris_cd,tcd_func_cd,tfc_detour_ind,workers_pres,wz_close_detour,wz_flagger,wz_law_offcr_ind,objectid,wz_moving,wz_other,wz_shlder_mdn,vehicle_count,automobile_count,motorcycle_count,bus_count,small_truck_count,heavy_truck_count,suv_count,van_count,bicycle_count,maj_inj_count,mod_inj_count,min_inj_count,tot_inj_count,unk_inj_deg_count,unk_inj_per_count,driver_count_16yr,driver_count_17yr,driver_count_18yr,driver_count_19yr,driver_count_20yr,driver_count_50_64yr,driver_count_65_74yr,driver_count_75plus,unbelted_occ_count,unb_death_count,unb_maj_inj_count,belted_death_count,belted_maj_inj_count,mcycle_death_count,mcycle_maj_inj_count,bicycle_death_count,bicycle_maj_inj_count,ped_count,ped_death_count,ped_maj_inj_count,max_severity_level,comm_veh_count,dec_lat,dec_long,rdwy_surf_type_cd,county_name
 ,70621,2011047110,6,67,67301,2011,4,5,1610,16,1,1,0,4,1, , ,N,0,0,7,3,0,2,4,2,N,N,39 59:30.642,75 06:33.592,1615, ,1614,2,2,6,N, ,0,Y, , , , ,774423, , , ,2,2,0,0,0,0,0,0,0,0,2,0,2,0,0,0,0,0,0,0,2,0,0,4,0,0,0,0,0,0,0,0,0,0,0,3,0,39.9919,-75.1093, , 
 ,70622,2011054063,6,67,67301,2011,4,1,1440,14,1,1,0,5,1, , ,N,1,2,3,3,0,1,2,2,N,N,40 00:30.056,75 11:40.124,1500, ,9999, ,0, ,N, ,3, , , , , ,774428, , , ,1,1,0,0,0,0,0,0,1,0,0,0,1,1,0,0,0,0,0,0,1,0,0,0,0,0,0,0,0,0,0,0,0,0,0,8,0,40.0083,-75.1945, , 
 ,70623,2011015900,6,67,67301,2011,1,6,906,9,1,4,3,4,1, , ,N,0,0,0,3,0,1,2,2, , ,40 04:57.290,74 59:13.970,928, ,908, ,0, , , ,0, , , , , ,774442, , , ,2,2,0,0,0,0,0,0,0,0,0,1,1,0,0,0,0,0,0,0,0,0,0,0,0,0,0,0,0,0,0,0,0,0,0,4,0,40.0826,-74.9872, , 
 ,70624,2011033446,6,67,67301,2011,3,4,9999,99,1,1,0,4,1, , ,N,1,2,0,3,0,1,2,2,N,N,39 58:15.013,75 09:14.917,1145, ,1143, ,0, ,N, ,3, , , , , ,774468, , , ,2,2,0,0,0,0,0,0,0,0,0,0,1,1,1,0,0,0,0,0,0,0,1,0,0,0,0,0,0,0,0,0,0,0,0,8,0,39.9707,-75.1541, , 
 ,70625,2011020511,6,67,67301,2011,1,1,305,3,3,1,0,2,1, , ,N,0,0,2,3,0,1,6,3,N,N,39 56:35.017,75 11:39.287,318, ,311,2,2,3,N, ,0,N, , , , ,774498, , , ,3,2,0,0,0,0,1,0,0,0,0,1,1,0,0,0,0,0,0,0,0,0,0,0,0,0,0,0,0,0,0,0,0,0,0,4,0,39.9431,-75.1941, , 
 ,70626,2011055751,6,67,67301,2011,4,7,1735,17,1,1,0,1,1, , ,N,0,0,0,3,0,1,5,2,N,N,39 59:59.834,75 06:25.786,1742, ,1740, ,0, ,N, ,0, , , , , ,774529, , , ,2,2,0,0,0,0,0,0,0,0,1,0,1,0,1,0,0,0,0,0,0,0,0,2,0,0,0,0,0,0,0,0,0,0,0,3,0,40,-75.1072, , 
 ,70627,2011056982,6,67,67301,2011,5,3,921,9,1,1,0,4,1, , ,N,1,3,0,3,0,1,2,2,N,N,39 59:03.469,75 07:30.305,926, ,921, ,0, ,N, ,3, , , , , ,774530, , , ,1,1,0,0,0,0,0,0,1,0,0,1,1,0,0,0,0,0,1,0,0,0,0,0,0,0,0,0,0,0,0,0,0,0,0,4,0,39.9843,-75.1251, , 
 ,70628,2011057029,6,67,67301,2011,5,6,9999,99,1,1,0,8,9, , ,N,10,2,0,3,0,1,2,2,N,N,40 01:00.325,75 05:01.091,1215, ,9999, ,0, ,N, ,3, , , , , ,774531, , , ,1,1,0,0,0,0,0,0,0,0,0,0,1,1,1,0,0,0,0,0,0,0,0,0,0,0,0,0,0,0,0,0,1,0,0,8,0,40.0168,-75.0836, , 
 ,70629,2011031360,6,67,67301,2011,2,3,1815,18,3,1,0,1,1, , ,N,2,2,0,3,0,0,3,2,N,N,40 06:39.135,75 00:12.689,1830, ,1820, ,0, , , ,3, , , , , ,774556, , , ,2,1,0,0,0,0,1,0,0,0,0,0,0,0,0,0,0,0,0,0,1,0,0,0,0,0,0,0,0,0,0,0,0,0,0,0,0,40.1109,-75.0035, , 
 ,70630,2011031591,6,67,67301,2011,2,2,1047,10,1,1,0,4,1, , ,N,2,2,2,3,0,2,6,2,N,N,39 54:43.230,75 09:02.020,1053, ,1049, ,0, ,N, ,3, , , , , ,774557, , , ,2,1,0,0,0,0,1,0,0,0,2,0,2,0,0,0,0,0,0,0,0,0,0,0,0,0,0,0,0,0,0,0,0,0,0,3,0,39.912,-75.1506, , 
 ,70631,2011044542,6,67,67301,2011,3,3,800,8,1,1,0,7,3, , ,N,0,0,0,3,0,0,2,1,N,N,40 03:19.912,75 02:52.978,834, ,834, ,0, ,N, ,0, , , , , ,774566, , , ,1,1,0,0,0,0,0,0,0,0,0,0,0,0,0,0,0,0,0,0,0,0,0,1,0,0,0,0,0,0,0,0,0,0,0,0,0,40.0555,-75.048, , 
 ,70632,2011015814,6,67,67301,2011,1,3,1930,19,3,1,0,4,1, , ,N,1,2,0,3,0,8,9,2,N,N,39 57:12.003,75 11:01.526,1959, ,1930, ,0, ,N, ,3, , , , , ,774593, , , ,2,1,0,1,0,0,0,0,0,0,2,0,8,6,0,0,0,0,0,0,1,0,0,0,0,0,0,0,0,0,0,0,0,0,0,3,1,39.9533,-75.1838, , 
 ,70633,2011015915,6,67,67301,2011,1,6,855,8,1,4,3,7,4, , ,N,0,0,0,3,0,0,1,1,N,N,40 03:04.082,75 03:03.224,908, ,901,1,1,1,N, ,0,N, , , , ,774594, , , ,1,1,0,0,0,0,0,0,0,0,0,0,0,0,0,0,0,0,0,0,0,0,0,0,0,0,0,0,0,0,0,0,0,0,0,0,0,40.0511,-75.0509, , 
 ,70634,2011023249,6,67,67301,2011,1,1,237,2,3,1,0,6,1, , ,N,0,0,0,3,0,0,2,2,N,N,39 59:06.793,75 07:26.634,245, ,239,3,2,5,N, ,0,Y, , , , ,774600, , , ,2,1,0,1,0,0,0,0,0,0,0,0,0,0,0,0,0,0,0,0,0,0,0,0,0,0,0,0,0,0,0,0,0,0,0,0,1,39.9852,-75.1241, , 
 ,70635,2011033755,6,67,67301,2011,2,1,9999,99,3,1,0,4,1, , ,N,1,2,0,3,0,1,3,2,N,N,40 01:24.369,75 08:21.713,2350, ,2345, ,0, ,N, ,3, , , , , ,778424, , , ,2,2,0,0,0,0,0,0,0,0,1,0,1,0,0,0,0,0,0,0,0,0,0,0,0,0,0,0,0,0,0,0,0,0,0,3,0,40.0234,-75.1394, , 
 ,70636,2011037957,6,67,67301,2011,3,3,2015,20,3,1,0,1,1, , ,N,0,0,0,3,0,4,4,2,N,N,39 59:19.930,75 07:38.090,2028, ,2027, ,0, ,N, ,0, , , , , ,778464, , , ,2,1,0,0,0,0,1,0,0,0,0,4,4,0,0,0,0,0,0,0,0,0,0,0,0,0,0,0,0,0,0,0,0,0,0,4,0,39.9889,-75.1272, , 
 ,70637,2011040241,6,67,67301,2011,3,6,120,1,3,1,0,4,1, , ,N,1,2,0,3,0,1,2,2,N,N,40 02:42.927,75 07:32.139,130, ,120,3,2,7,N, ,3,Y, , , , ,778471, , , ,2,2,0,0,0,0,0,0,0,0,0,1,1,0,0,0,0,0,0,0,0,0,0,0,0,0,0,0,0,0,0,0,0,0,0,4,0,40.0453,-75.1256, , 
 ,70638,2011020060,6,67,67301,2011,2,2,610,6,3,1,0,1,1, , ,N,0,0,0,3,0,2,3,2,N,N,40 02:02.394,75 01:10.391,624, ,613,1,2,1,N, ,0,N, , , , ,778504, , , ,2,0,0,0,0,1,1,0,0,0,0,0,2,2,0,0,0,0,0,0,1,0,0,1,0,0,0,0,0,0,0,0,0,0,0,8,1,40.0339,-75.0196, , 
 ,70639,2011023219,6,67,67301,2011,1,7,148,1,3,4,5,2,1, , ,N,0,0,0,3,0,2,4,3,N,N,40 00:57.689,75 03:44.698,156, ,153,3,2,5,N, ,0,Y, , , , ,778508, , , ,3,3,0,0,0,0,0,0,0,0,0,0,2,2,0,0,0,0,0,0,1,0,0,0,0,0,0,0,0,0,0,0,0,0,0,8,0,40.016,-75.0624, , 
 ,70640,2011033436,6,67,67301,2011,2,1,256,2,3,1,0,2,1, , ,N,0,0,0,3,0,2,2,2,N,N,40 01:48.899,75 05:37.286,300, ,258, ,0, ,N, ,0, , , , , ,778517, , , ,2,1,0,0,0,0,1,0,0,1,0,0,2,1,0,0,0,0,0,0,0,0,0,0,0,0,0,0,0,0,0,0,0,0,0,2,0,40.0302,-75.0937, , 
 ,70641,2011037963,6,67,67301,2011,3,4,1442,14,1,1,0,6,1, , ,N,1,0,0,3,0,1,2,2,N,N,40 00:49.975,75 07:33.617,1448, ,1445, ,0, ,N, ,0, , , , , ,778519, , , ,2,1,0,0,1,0,0,0,0,0,0,0,1,1,1,0,0,0,0,0,0,0,0,1,0,0,0,0,0,0,0,0,0,0,0,8,0,40.0139,-75.126, , 
 ,70642,2011038371,6,67,67301,2011,3,2,915,9,1,8,0,8,1, , ,N,5,2,0,3,0,1,2,2,N,N,40 01:11.133,75 12:38.068,918, ,911, ,0, ,N, ,3, , , , , ,778520, , , ,1,1,0,0,0,0,0,0,0,0,0,1,1,0,0,0,0,0,0,0,1,0,0,0,0,0,0,0,0,0,0,0,1,0,0,4,0,40.0196,-75.2107, , 
 ,70643,2011047133,6,67,67301,2011,4,1,1315,13,1,1,0,8,1, , ,N,2,3,0,3,0,1,2,2,N,N,39 59:14.867,75 15:20.366,1328, ,1322, ,0, , , ,3, , , , , ,778527, , , ,1,1,0,0,0,0,0,0,0,0,1,0,1,0,0,0,0,0,0,0,0,0,0,0,0,0,0,0,0,0,0,0,1,0,0,3,0,39.9875,-75.2557, , 
 ,70644,2011015955,6,67,67301,2011,1,2,9999,99,3,1,0,1,1, , ,N,0,0,0,3,0,1,2,2,N,N,40 01:06.581,75 08:56.836,1718, ,1716, ,0, , , ,0, , , , , ,778538, , , ,2,2,0,0,0,0,0,0,0,0,0,1,1,0,0,0,0,0,0,0,1,0,0,0,0,0,0,0,0,0,0,0,0,0,0,4,0,40.0185,-75.1491, , 
 ,70645,2011016918,6,67,67301,2011,1,3,9999,99,3,4,3,4,1, , ,N,1,2,0,3,0,1,2,2,N,N,39 53:59.665,75 14:59.841,1910, ,1900, ,0, , , ,3, , , , , ,778541, , , ,2,1,0,0,0,0,1,0,0,0,0,0,1,1,0,0,0,0,0,1,1,0,0,0,0,0,0,0,0,0,0,0,0,0,0,8,0,39.8999,-75.25, , 
 ,70646,2011037024,6,67,67301,2011,2,3,128,1,3,4,3,1,1, , ,N,0,0,0,3,0,0,2,2,N,N,39 57:27.189,75 08:50.060,129, ,129,2,2,4,N, ,0,N, , , , ,778553, , , ,2,1,0,0,0,1,0,0,0,0,0,0,0,0,1,0,0,0,0,0,0,0,0,0,0,0,0,0,0,0,0,0,0,0,0,9,0,39.9576,-75.1472, , 
 ,70647,2011039853,6,67,67301,2011,4,7,1608,16,1,1,0,1,1, , ,N,0,0,0,3,0,0,2,2,N,N,40 00:29.477,75 12:10.976,1615, ,1608, ,0, ,N, ,0, , , , , ,778555, , , ,2,2,0,0,0,0,0,0,0,0,0,0,0,0,0,0,0,0,0,0,1,0,0,0,0,0,0,0,0,0,0,0,0,0,0,0,0,40.0082,-75.203, , 
U,70648,2011054288,6,67,67301,2011,4,4,1500,15,1,1,8,7,2,8,8,Y,0,0,2,3,0,0,1,1,N, ,40 00:28.765,75 11:28.742,9999,99,1705, ,0, , , ,0, ,U,U,U,U,778570,U,U,U,1,1,0,0,0,0,0,0,0,0,0,0,0,0,1,0,0,0,0,0,0,0,0,0,0,0,0,0,0,0,0,0,0,0,0,9,0,40.008,-75.1913, , 
 ,70649,2011015989,6,67,67301,2011,1,7,410,4,6,9,8,5,1, , ,N,0,0,0,3,0,0,1,4, , ,40 00:12.331,75 10:01.502,415, ,410, ,0, ,N, ,0, , , , , ,778592, , , ,4,3,0,0,0,0,1,0,0,0,0,0,0,0,0,0,0,0,0,0,0,0,0,0,0,0,0,0,0,0,0,0,0,0,0,0,0,40.0034,-75.1671, , 
 ,70650,2011029144,6,67,67301,2011,1,1,1500,15,1,1,0,1,1, , ,N,0,0,0,3,0,1,3,2,N,N,40 03:16.706,75 02:53.661,1540, ,1535,1,1,1,N, ,0,N, , , , ,778607, , , ,2,2,0,0,0,0,0,0,0,0,0,0,1,1,0,0,0,0,0,0,0,0,0,0,0,0,0,0,0,0,0,0,0,0,0,8,0,40.0546,-75.0482, , 
 ,70651,2011033776,6,67,67301,2011,3,3,840,8,1,1,0,4,1, , ,N,1,2,0,3,0,2,3,2,N,N,39 56:02.828,75 08:57.152,906, ,846, ,0, ,N, ,2, , , , , ,778616, , , ,2,1,0,0,0,0,1,0,0,0,0,1,2,1,0,0,0,0,0,0,1,0,0,1,0,0,0,0,0,0,0,0,0,0,0,4,0,39.9341,-75.1492, , 
 ,70652,2011005375,6,67,67301,2011,1,3,1740,17,3,1,0,1,1, , ,N,0,0,0,3,0,0,3,3,N,N,39 58:53.825,75 06:07.768,1746, ,1740,1,1,2,N, ,0,N, , , , ,778633, , , ,3,2,0,0,1,0,0,0,0,0,0,0,0,0,0,0,0,0,0,0,0,0,0,0,0,0,0,0,0,0,0,0,0,0,0,0,0,39.9816,-75.1021, , 
 ,70653,2011038430,6,67,67301,2011,3,2,1405,14,1,1,0,4,1, , ,N,1,3,0,3,0,2,2,2,N,N,40 02:04.960,75 01:34.629,1615, ,1605, ,0, ,N, ,3, , , , , ,782763, , , ,2,2,0,0,0,0,0,0,0,0,2,0,2,0,0,0,0,0,0,0,0,0,0,0,0,0,0,0,0,0,0,0,0,0,0,3,0,40.0347,-75.0263, , 
 ,70654,2011023322,6,67,67301,2011,1,4,1945,19,3,1,1,4,1, , ,N,1,2,0,3,0,0,2,2,N,N,39 57:02.767,75 10:32.497,1958, ,1950, ,0, ,N, ,3, , , , , ,782790, , , ,2,2,0,0,0,0,0,0,0,0,0,0,0,0,0,0,0,0,0,0,0,0,0,2,0,0,0,0,0,0,0,0,0,0,0,0,0,39.9508,-75.1757, , 
 ,70655,2011033417,6,67,67301,2011,3,6,1531,15,1,1,0,8,1, , ,N,0,2,0,3,0,1,2,2,N, ,40 01:13.573,75 09:07.552,1538, ,1531, ,0, , , ,3, , , , , ,782800, , , ,1,1,0,0,0,0,0,0,0,0,0,1,1,0,0,0,0,0,0,0,0,0,0,0,0,0,0,0,0,0,0,0,1,0,0,4,0,40.0204,-75.1521, , 
 ,70656,2011040344,6,67,67301,2011,3,7,1750,17,1,1,0,4,1, , ,N,1,2,0,3,0,1,3,2,N,N,40 01:41.630,75 06:35.610,1755, ,1751, ,0, ,N, ,3, , , , , ,782811, , , ,2,2,0,0,0,0,0,0,0,0,0,1,1,0,0,0,0,1,0,0,0,0,0,0,0,0,0,0,0,0,0,0,0,0,0,4,0,40.0283,-75.1098, , 
 ,70657,2011009992,6,67,67301,2011,1,1,222,2,3,1,1,1,1, , ,N,0,0,0,3,0,0,2,2,N,N,40 01:30.495,75 07:32.466,231, ,225, ,0, ,N, ,0, , , , , ,782827, , , ,2,2,0,0,0,0,0,0,0,0,0,0,0,0,0,0,0,0,0,0,0,0,0,0,0,0,0,0,0,0,0,0,0,0,0,0,0,40.0251,-75.1257, , 
 ,70658,2011031450,6,67,67301,2011,2,2,1446,14,1,1,2,0,1, , ,N,0,0,0,3,0,1,1,2,N, ,40 04:44.940,74 59:53.865,1447, ,1447, ,0, ,N, ,0, , , , , ,782852, , , ,1,0,1,0,0,0,0,0,0,0,0,0,1,1,0,0,0,0,0,0,0,0,0,0,0,0,0,0,0,0,0,0,0,0,0,8,0,40.0792,-74.9983, , 
 ,70659,2011064130,6,67,67301,2011,5,1,1435,14,1,1,8,1,1, , ,N,0,0,7,3,0,1,1,2,N,N,40 04:20.290,75 09:30.574,1505, ,1428, ,0, ,N, ,0, , , , , ,782874, , , ,2,2,0,0,0,0,0,0,0,0,0,1,1,0,0,0,0,0,0,0,0,0,0,0,0,0,0,0,0,0,0,0,0,0,0,4,0,40.0723,-75.1585, , 
 ,70660,2011023180,6,67,67301,2011,1,6,920,9,1,8,1,8,2, , ,N,0,0,0,3,0,1,2,2, , ,40 02:20.773,75 02:04.425,9999, ,9999, ,0, , , ,0, , , , , ,782893, , , ,1,1,0,0,0,0,0,0,0,0,0,1,1,0,0,0,0,0,0,0,0,0,0,0,0,0,0,0,0,0,0,0,1,0,0,4,0,40.0391,-75.0346, , 
 ,70661,2011033557,6,67,67301,2011,3,1,119,1,3,1,0,5,6, , ,N,0,0,0,3,0,0,2,8,N,N,39 55:44.010,75 09:42.060,122, ,120, ,0, ,N, ,0, , , , , ,782906, , , ,8,8,0,0,0,0,0,0,0,0,0,0,0,0,1,0,1,0,0,0,0,0,0,0,0,0,0,0,0,0,0,0,0,0,0,9,0,39.9289,-75.1617, , 
 ,70662,2011029188,6,67,67301,2011,2,7,1438,14,1,2,1,4,1, , ,N,0,0,0,3,0,0,2,2,N,N,40 03:22.253,75 00:30.890,1455, ,1455, ,0, ,N, ,0, , , , , ,782940, , , ,2,0,0,0,0,0,1,1,0,0,0,0,0,0,0,0,0,0,0,0,0,0,0,0,0,0,0,0,0,0,0,0,0,0,0,0,0,40.0562,-75.0086, , 
 ,70663,2011056961,6,67,67301,2011,5,6,2130,21,3,1,0,8,1, , ,N,0,0,0,3,0,1,2,2,N,N,39 58:50.024,75 10:20.673,2138, ,2134, ,0, ,N, ,0, , , , , ,782961, , , ,1,1,0,0,0,0,0,0,0,0,0,1,1,0,0,0,0,0,0,0,0,1,0,0,0,0,0,0,0,0,0,0,1,0,0,4,0,39.9806,-75.1724, , 
 ,70664,2011047120,6,67,67301,2011,4,7,345,3,3,1,0,6,6, , ,N,0,0,0,3,0,1,1,2,N,N,40 02:24.435,75 02:23.359,358, ,350, ,0, ,N, ,0, , , , , ,783009, , , ,2,1,0,0,0,0,0,1,0,0,0,1,1,0,0,0,0,0,0,0,0,0,0,0,0,0,0,0,0,0,0,0,0,0,0,4,0,40.0401,-75.0398, , 
 ,70665,2011048787,6,67,67301,2011,4,5,2030,20,3,1,0,1,1, , ,N,0,0,0,3,0,3,7,2,N,N,40 01:40.857,75 05:45.034,2100, ,2050, ,0, ,N, ,0, , , , , ,783014, , , ,2,1,0,0,0,0,1,0,0,0,0,0,3,3,0,0,0,0,0,0,0,0,0,0,0,0,0,0,0,0,0,0,0,0,0,8,0,40.028,-75.0958, , 
 ,70666,2011016009,6,67,67301,2011,1,1,1500,15,1,1,0,4,1, , ,N,0,3,7,3,0,1,1,2,N,N,39 59:57.380,75 07:59.500,1501, ,1500, ,0, ,N, ,3, , , , , ,783029, , , ,2,2,0,0,0,0,0,0,0,0,0,1,1,0,0,0,0,0,0,0,0,0,0,1,0,0,0,0,0,0,0,0,0,0,0,4,0,39.9993,-75.1332, , 
 ,70667,2011015895,6,67,67301,2011,1,3,1330,13,1,1,0,1,1, , ,N,3,2,0,3,0,1,3,2,N,N,39 57:47.032,75 10:44.498,1501, ,1445, ,0, ,N, ,3, , , , , ,783073, , , ,2,2,0,0,0,0,0,0,0,0,0,1,1,0,1,0,0,0,0,0,0,0,0,0,0,0,0,0,0,0,0,0,0,0,0,4,0,39.9631,-75.179, , 
 ,70668,2011015925,6,67,67301,2011,1,4,610,6,5,8,3,4,1, , ,N,1,2,0,3,0,1,3,2,N,N,39 59:40.935,75 05:40.542,630, ,615, ,0, ,N, ,3, , , , , ,783074, , , ,2,1,0,0,1,0,0,0,0,0,0,1,1,0,0,0,0,0,0,0,1,0,0,0,0,0,0,0,0,0,0,0,0,0,0,4,0,39.9946,-75.0945, , 
 ,70669,2011029035,6,67,67301,2011,2,3,2304,23,3,1,0,4,1, , ,N,1,2,0,3,0,2,3,2,N,N,40 02:04.999,75 07:51.139,25, ,19, ,0, ,N, ,3, , , , , ,783079, , , ,2,2,0,0,0,0,0,0,0,0,0,2,2,0,0,0,0,0,0,0,0,0,0,0,0,0,0,0,0,0,0,0,0,0,0,4,0,40.0347,-75.1309, , 
 ,70670,2011054327,6,67,67301,2011,4,5,1344,13,1,1,0,4,1, , ,N,1,2,0,3,0,1,2,2,N,N,40 01:40.752,75 03:26.701,1352, ,1349,1,1,4,N, ,2,Y, , , , ,783100, , , ,2,1,1,0,0,0,0,0,0,0,0,1,1,0,0,0,0,0,0,0,0,1,1,0,0,0,0,0,0,0,0,0,0,0,0,4,0,40.028,-75.0574, , 
 ,70671,2011054054,6,67,67301,2011,4,6,545,5,1,1,0,4,1, , ,N,0,0,7,3,0,0,2,2,N,N,39 59:25.121,75 11:48.526,600, ,553, ,0, ,N, ,0, , , , , ,785231, , , ,2,2,0,0,0,0,0,0,0,0,0,0,0,0,0,0,1,0,0,0,0,0,1,0,0,0,0,0,0,0,0,0,0,0,0,0,0,39.9903,-75.1968, , 
 ,70672,2011056841,6,67,67301,2011,4,7,1518,15,1,1,0,1,1, , ,N,0,0,0,3,0,0,2,2,N,N,40 07:05.041,74 58:56.310,1554, ,1551,1,2,1,N, ,0,N, , , , ,785234, , , ,2,1,0,0,0,0,1,0,0,0,0,0,0,0,0,0,0,0,0,0,2,0,0,0,0,0,0,0,0,0,0,0,0,0,0,0,0,40.1181,-74.9823, , 
 ,70673,2011024578,6,67,67301,2011,2,3,1720,17,1,1,0,7,4, , ,N,0,0,0,3,0,1,1,1,N,N,40 00:24.197,75 11:56.257,1731, ,1727, ,0, ,N, ,0, , , , , ,785249, , , ,1,1,0,0,0,0,0,0,0,0,0,1,1,0,0,0,0,0,0,0,0,0,0,0,0,0,0,0,0,0,0,0,0,0,0,4,0,40.0067,-75.199, , 
 ,70674,2011037025,6,67,67301,2011,3,3,704,7,1,1,0,1,1, , ,N,0,0,0,3,0,0,3,3,N,N,40 02:33.318,75 00:12.090,719, ,704,9,9, ,N, ,0,U, , , , ,785256, , , ,3,1,0,0,2,0,0,0,0,0,0,0,0,0,0,0,0,0,0,0,0,0,0,0,0,0,0,0,0,0,0,0,0,0,0,0,0,40.0425,-75.0034, , 
 ,70675,2011040618,6,67,67301,2011,3,6,2320,23,3,1,0,8,1, , ,N,1,2,0,3,0,1,2,2,N,N,39 57:03.770,75 09:55.537,2330, ,2325, ,0, ,N, ,3, , , , , ,785259, , , ,1,1,0,0,0,0,0,0,0,0,0,0,1,1,0,0,0,0,0,0,0,0,0,0,0,0,0,0,0,0,0,0,1,0,0,8,0,39.951,-75.1654, , 
 ,70676,2011050894,6,67,67301,2011,4,6,2141,21,2,1,0,5,1, , ,N,0,0,0,3,0,2,3,2,N,N,40 00:58.023,75 03:06.443,2147, ,2145,2,1,1,Y, ,0,N, , , , ,785270, , , ,2,1,0,0,0,0,1,0,0,0,0,0,2,2,0,0,0,0,0,0,1,0,0,0,0,0,0,0,0,0,0,0,0,0,0,8,0,40.0161,-75.0519, , 
 ,70677,2011053560,6,67,67301,2011,4,2,1426,14,1,1,0,2,1, , ,N,2,0,0,3,0,1,2,2,N,N,39 55:05.264,75 09:38.912,1433, ,1429, ,0, ,N, ,0, , , , , ,785276, , , ,1,1,0,0,0,0,0,0,1,0,0,1,1,0,0,0,0,0,0,0,0,0,1,0,0,0,0,0,0,0,0,0,0,0,0,4,0,39.9181,-75.1608, , 
 ,70678,2011054168,6,67,67301,2011,4,5,1749,17,1,1,0,4,1, , ,N,1,3,0,3,0,0,2,2,N,N,40 05:28.608,75 01:23.332,1756, ,1750, ,0, ,N, ,3, , , , , ,785279, , , ,2,2,0,0,0,0,0,0,0,0,0,0,0,0,0,0,0,0,0,0,0,0,1,0,0,0,0,0,0,0,0,0,0,0,0,0,0,40.0913,-75.0231, , 
 ,70679,2011035885,6,67,67301,2011,3,7,2321,23,3,1,0,1,1, , ,N,6,4,2,3,0,0,3,3,N,N,39 59:11.058,75 05:30.293,2329, ,2328,1,1,1,N, ,3,N, , , , ,785309, , , ,3,2,0,0,0,0,1,0,0,0,0,0,0,0,0,0,0,0,0,0,0,0,0,0,0,0,0,0,0,0,0,0,0,0,0,0,0,39.9863,-75.0919, , 
 ,70680,2011056605,6,67,67301,2011,5,2,1639,16,1,1,0,5,1, , ,N,0,0,0,3,0,1,4,3,N,N,40 01:32.293,75 07:20.440,1646, ,1641,1,1,1,N, ,0,N, , , , ,785329, , , ,3,2,0,0,0,0,0,1,0,0,0,1,1,0,0,0,0,0,0,0,0,0,0,0,0,0,0,0,0,0,0,0,0,0,0,4,1,40.0256,-75.1223, , 
 ,70681,2011038411,6,67,67301,2011,3,7,615,6,5,1,0,1,1, , ,N,5,2,0,3,0,0,2,2,N,N,40 01:39.299,75 06:35.952,640, ,633,1,1,1,N, ,3,N, , , , ,785363, , , ,2,1,0,0,0,0,1,0,0,0,0,0,0,0,0,0,0,0,0,0,2,0,0,0,0,0,0,0,0,0,0,0,0,0,0,0,0,40.0276,-75.1101, , 
 ,70682,2011023889,6,67,67301,2011,2,7,929,9,1,8,0,0,1, , ,N,0,0,2,3,0,0,1,1,N,N,39 54:38.318,75 09:10.210,1352, ,935,3,1,2,N, ,0,N, , , , ,785394, , , ,1,0,0,0,0,1,0,0,0,0,0,0,0,0,0,0,0,0,0,0,0,0,0,0,0,0,0,0,0,0,0,0,0,0,0,0,1,39.9106,-75.1528, , 
 ,70683,2011031344,6,67,67301,2011,2,2,1242,12,1,1,0,4,1, , ,N,1,3,0,3,0,0,3,2,N,N,39 58:18.717,75 08:55.168,1247, ,1243, ,0, ,N, ,3, , , , , ,785399, , , ,2,2,0,0,0,0,0,0,0,0,0,0,0,0,0,0,0,0,0,0,0,0,0,0,0,0,0,0,0,0,0,0,0,0,0,0,0,39.9719,-75.1487, , 
 ,70684,2011033581,6,67,67301,2011,3,3,1130,11,1,1,0,8,1, , ,N,1,2,0,3,0,1,2,2,N,N,39 59:22.394,75 10:08.017,1340, ,1335, ,0, ,N, ,3, , , , , ,785400, , , ,1,1,0,0,0,0,0,0,0,0,0,0,1,1,1,0,0,0,0,0,0,0,0,0,0,0,0,0,0,0,0,0,1,0,0,8,0,39.9895,-75.1689, , 
 ,70685,2011040442,6,67,67301,2011,3,6,455,4,3,1,0,6,1, , ,N,0,0,0,3,0,2,2,4, , ,40 03:24.849,75 05:08.545,458, ,455,9,2,1, , ,0,Y, , , , ,785403, , , ,4,3,0,0,0,0,0,1,0,0,0,2,2,0,0,0,0,0,0,0,1,0,0,0,0,0,0,0,0,0,0,0,0,0,0,4,0,40.0569,-75.0857, , 
 ,70686,2011044569,6,67,67301,2011,3,5,822,8,1,2,1,8,1, , ,N,1,3,0,3,0,1,3,3,N,N,40 01:38.071,75 10:30.338,836, ,831,1,2,5,N, ,3,Y, , , , ,785407, , , ,1,0,0,0,0,0,0,1,0,0,0,1,1,0,0,0,0,0,0,0,0,0,0,0,0,0,0,0,0,0,0,0,2,0,0,4,0,40.0272,-75.1751, , 
 ,70687,2011075727,6,67,67301,2011,7,3,1230,12,1,1,0,1,1, , ,N,2,3,0,3,0,1,5,2, , ,40 01:23.912,75 05:41.927,1230, ,1230, ,0, , , ,3, , , , , ,785428, , , ,2,1,0,0,0,0,1,0,0,0,0,0,1,1,0,0,0,0,0,0,0,0,0,4,0,0,0,0,0,0,0,0,0,0,0,8,0,40.0233,-75.095, , 