wz_ln_closure,objectid_1,crn,district,county,municipality,crash_year,crash_month,day_of_week,time_of_day,hour_of_day,illumination,weather,road_condition,collision_type,relation_to_road,work_zone_type,work_zone_loc,work_zone_ind,intersect_type,tcd_type,location_type,urban_rural,fatal_count,injury_count,person_count,total_units,sch_bus_ind,sch_zone_ind,latitude,longitude,arrival_tm,cons_zone_spd_lim,dispatch_tm,est_hrs_closed,lane_closed,ln_close_dir,ntfy_hiwy_maint,spec_juris_cd,tcd_func_cd,tfc_detour_ind,workers_pres,wz_close_detour,wz_flagger,wz_law_offcr_ind,objectid,wz_moving,wz_other,wz_shlder_mdn,vehicle_count,automobile_count,motorcycle_count,bus_count,small_truck_count,heavy_truck_count,suv_count,van_count,bicycle_count,maj_inj_count,mod_inj_count,min_inj_count,tot_inj_count,unk_inj_deg_count,unk_inj_per_count,driver_count_16yr,driver_count_17yr,driver_count_18yr,driver_count_19yr,driver_count_20yr,driver_count_50_64yr,driver_count_65_74yr,driver_count_75plus,unbelted_occ_count,unb_death_count,unb_maj_inj_count,belted_death_count,belted_maj_inj_count,mcycle_death_count,mcycle_maj_inj_count,bicycle_death_count,bicycle_maj_inj_count,ped_count,ped_death_count,ped_maj_inj_count,max_severity_level,comm_veh_count,dec_lat,dec_long,rdwy_surf_type_cd,county_name
 ,70688,2011015932,6,67,67301,2011,1,3,640,6,1,3,1,4,1, , ,N,1,2,0,3,0,0,3,2,N,N,40 01:54.735,75 07:53.327,1650, ,1640, ,0, ,N, ,3, , , , , ,785442, , , ,2,2,0,0,0,0,0,0,0,0,0,0,0,0,0,0,0,0,0,0,0,0,0,0,0,0,0,0,0,0,0,0,0,0,0,0,0,40.0319,-75.1315, , 
 ,70689,2011019646,6,67,67301,2011,1,4,1100,11,1,4,3,7,3, , ,N,0,0,0,3,0,0,1,1,N,N,39 53:09.634,75 12:31.891,1124, ,1108,1,2,2,N, ,0,N, , , , ,785446, , , ,1,0,0,0,1,0,0,0,0,0,0,0,0,0,0,0,0,0,0,0,0,0,0,0,0,0,0,0,0,0,0,0,0,0,0,0,0,39.886,-75.2089, , 
 ,70690,2011029034,6,67,67301,2011,2,6,830,8,1,1,0,1,1, , ,N,1,3,0,3,0,1,3,2,N,N,40 02:29.911,75 07:53.039,845, ,842, ,0, ,N, ,3, , , , , ,774604, , , ,2,2,0,0,0,0,0,0,0,0,0,1,1,0,1,0,0,0,0,0,0,0,0,0,0,0,0,0,0,0,0,0,0,0,0,4,0,40.0416,-75.1314, , 
 ,70691,2011033507,6,67,67301,2011,2,2,9999,99,1,2,1,4,1, , ,N,1,2,1,3,0,1,2,2,Y,N,39 59:23.298,75 07:31.934,842, ,837,1,1,1,N, ,3,N, , , , ,774610, , , ,2,0,0,1,0,0,1,0,0,0,1,0,1,0,0,0,0,0,0,0,0,0,0,1,0,0,0,0,0,0,0,0,0,0,0,3,1,39.9898,-75.1255, , 
 ,70692,2011020062,6,67,67301,2011,2,4,1239,12,1,1,0,7,2, , ,N,0,0,0,3,0,0,1,1,N,N,40 00:41.001,75 03:40.841,1312, ,1245,1,1,2,N, ,0,N, , , , ,774644, , , ,1,1,0,0,0,0,0,0,0,0,0,0,0,0,0,0,0,0,0,0,0,0,0,0,0,0,0,0,0,0,0,0,0,0,0,0,0,40.0114,-75.0612, , 
 ,70693,2011023027,6,67,67301,2011,1,1,155,1,3,1,6,1,1, , ,N,0,0,0,3,0,1,2,2,N,N,40 02:42.709,75 08:59.341,255, ,200, ,0, ,N, ,0, , , , , ,774647, , , ,2,2,0,0,0,0,0,0,0,0,0,1,1,0,1,0,0,0,0,0,0,0,0,0,0,0,0,0,0,0,0,0,0,0,0,4,0,40.0452,-75.1498, , 
 ,70694,2011033477,6,67,67301,2011,3,7,2340,23,3,1,0,4,1, , ,N,0,0,7,3,0,1,3,2, , ,40 06:15.470,75 00:03.780,2355, ,2346, ,0, , , ,0, , , , , ,774651, , , ,2,1,0,0,0,0,1,0,0,0,0,0,1,1,0,0,0,0,0,0,0,0,0,3,0,0,0,0,0,0,0,0,0,0,0,8,0,40.1043,-75.0011, , 
 ,70695,2011037916,6,67,67301,2011,3,7,2003,20,3,1,0,4,1, , ,N,1,2,0,3,0,0,3,2,N,N,40 00:21.351,75 06:48.588,2010, ,2010,1,1,1,N, ,2,Y, , , , ,774655, , , ,2,1,0,0,1,0,0,0,0,0,0,0,0,0,0,0,0,0,0,0,1,0,0,0,0,0,0,0,0,0,0,0,0,0,0,0,0,40.0059,-75.1135, , 
 ,70696,2011038319,6,67,67301,2011,3,4,1515,15,1,1,0,1,1, , ,N,0,0,0,3,0,1,2,2,N,N,39 57:28.146,75 09:43.610,1527, ,1518, ,0, ,N, ,0, , , , , ,774656, , , ,2,1,0,0,0,0,1,0,0,0,0,1,1,0,0,0,0,0,0,0,0,0,0,1,0,0,0,0,0,0,0,0,0,0,0,4,0,39.9578,-75.1621, , 
 ,70697,2011054316,6,67,67301,2011,4,7,1512,15,1,2,1,4,1, , ,N,1,2,0,3,0,2,2,2,N,N,39 57:30.005,75 09:55.764,1524, ,1513, ,0, ,N, ,3, , , , , ,774668, , , ,2,2,0,0,0,0,0,0,0,0,0,2,2,0,0,0,0,0,0,0,0,0,0,0,0,0,0,0,0,0,0,0,0,0,0,4,0,39.9585,-75.1656, , 
 ,70698,2011056901,6,67,67301,2011,5,4,1255,12,1,1,0,4,1, , ,N,1,2,0,3,0,5,7,3,N,N,40 02:10.729,75 03:51.497,1307, ,1259,1,2,1,N, ,3,Y, , , , ,774671, , , ,3,2,0,0,1,0,0,0,0,0,0,5,5,0,0,0,0,0,0,0,2,0,0,1,0,0,0,0,0,0,0,0,0,0,0,4,0,40.0363,-75.0643, , 
 ,70699,2011031347,6,67,67301,2011,2,4,1331,13,1,1,0,1,1, , ,N,0,0,0,3,0,2,5,2,N,N,39 55:24.160,75 09:17.575,1337, ,1331, ,0, ,N, ,0, , , , , ,774697, , , ,2,2,0,0,0,0,0,0,0,0,0,2,2,0,1,0,0,0,0,0,1,0,0,0,0,0,0,0,0,0,0,0,0,0,0,4,0,39.9234,-75.1549, , 
 ,70700,2011031400,6,67,67301,2011,2,7,230,2,3,1,0,4,1, , ,N,5,2,0,3,0,2,2,2,N,N,40 00:11.393,75 09:08.837,239, ,239, ,0, , , ,3, , , , , ,774698, , , ,2,2,0,0,0,0,0,0,0,1,1,0,2,0,0,0,0,1,0,0,1,0,0,0,0,0,0,0,0,0,0,0,0,0,0,2,0,40.0032,-75.1525, , 
 ,70701,2011009975,6,67,67301,2011,1,1,215,2,3,2,1,4,1, , ,N,1,3,0,3,0,0,1,2, , ,39 55:29.719,75 09:51.101,225, ,218, ,0, , , ,3, , , , , ,774727, , , ,2,2,0,0,0,0,0,0,0,0,0,0,0,0,0,0,0,0,0,0,0,0,0,0,0,0,0,0,0,0,0,0,0,0,0,0,0,39.9249,-75.1642, , 
 ,70702,2011047131,6,67,67301,2011,3,1,1005,10,1,1,0,8,1, , ,N,0,0,0,3,0,1,2,2, , ,39 56:48.730,75 10:22.830,1011, ,1007, ,0, , , ,0, , , , , ,774758, , , ,1,1,0,0,0,0,0,0,0,0,1,0,1,0,0,0,0,0,0,0,0,0,0,0,0,0,0,0,0,0,0,0,1,0,0,3,0,39.9469,-75.173, , 
 ,70703,2011028999,6,67,67301,2011,2,2,1040,10,1,1,0,1,1, , ,N,0,0,7,3,0,1,3,2, , ,39 59:40.824,75 05:40.755,1055, ,1050, ,0, , , ,0, , , , , ,774792, , , ,2,0,0,0,0,0,1,1,0,0,0,0,1,1,0,0,0,0,0,0,0,0,0,0,0,0,0,0,0,0,0,0,0,0,0,8,0,39.9947,-75.0947, , 
 ,70704,2011051631,6,67,67301,2011,4,3,2351,23,3,1,0,7,2, , ,N,0,0,8,3,1,0,1,1,N,N,40 00:17.377,75 11:39.656,3, ,2354,9,2,1,Y,0,0,Y, , , , ,774811, , , ,1,0,1,0,0,0,0,0,0,0,0,0,0,0,0,0,0,0,0,0,0,0,0,0,0,0,0,0,1,0,0,0,0,0,0,1,0,40.0048,-75.1943,2, 
 ,70705,2011055461,6,67,67301,2011,5,3,1712,17,1,1,0,1,1, , ,N,0,0,0,3,0,1,2,2,N,N,40 00:28.668,75 12:05.885,1734, ,1720, ,0, ,N, ,0, , , , , ,774814, , , ,2,2,0,0,0,0,0,0,0,0,0,0,1,1,0,0,0,0,0,0,1,0,0,0,0,0,0,0,0,0,0,0,0,0,0,8,0,40.008,-75.2016, , 
 ,70706,2011057297,6,67,67301,2011,5,3,752,7,1,1,0,1,1, , ,N,1,2,0,3,0,1,2,2,N,N,40 01:32.799,75 07:24.507,844, ,835, ,0, ,N, ,3, , , , , ,774815, , , ,2,2,0,0,0,0,0,0,0,0,0,0,1,1,1,0,0,0,0,0,0,0,0,0,0,0,0,0,0,0,0,0,0,0,0,8,0,40.0258,-75.1235, , 
 ,70707,2011061373,6,67,67301,2011,3,5,2011,20,3,1,0,8,5, , ,N,1,2,0,3,0,1,3,2, , ,39 59:25.940,75 07:06.347,2037, ,2035, ,0, , , ,3, , , , , ,774817, , , ,1,0,0,0,0,0,0,0,0,0,1,0,1,0,1,0,0,0,0,0,0,0,0,0,0,0,0,0,0,0,0,0,1,0,0,3,0,39.9905,-75.1184, , 
 ,70708,2011023043,6,67,67301,2011,1,1,2200,22,3,1,0,4,1, , ,N,1,2,0,3,0,1,2,2,N,N,40 00:04.340,75 13:35.009,2250, ,2240, ,0, ,N, ,3, , , , , ,778643, , , ,2,2,0,0,0,0,0,0,0,0,0,1,1,0,0,0,0,0,0,0,0,0,0,0,0,0,0,0,0,0,0,0,0,0,0,4,0,40.0012,-75.2264, , 
 ,70709,2011028993,6,67,67301,2011,2,7,1635,16,1,2,1,4,1, , ,N,1,3,0,3,0,1,3,2,N,N,40 01:45.055,75 02:34.360,1655, ,1653, ,0, ,N, ,3, , , , , ,778650, , , ,2,2,0,0,0,0,0,0,0,0,0,1,1,0,0,0,0,0,0,0,0,1,0,0,0,0,0,0,0,0,0,0,0,0,0,4,0,40.0292,-75.0429, , 
 ,70710,2011031348,6,67,67301,2011,2,4,1230,12,1,1,0,8,2, , ,N,0,0,0,3,0,1,2,2,N,N,40 04:34.811,75 02:09.408,1255, ,1250, ,0, ,N, ,0, , , , , ,778653, , , ,1,1,0,0,0,0,0,0,0,0,1,0,1,0,0,0,0,0,0,0,0,0,0,0,0,0,0,0,0,0,0,0,1,0,0,3,0,40.0763,-75.0359, , 
 ,70711,2011037902,6,67,67301,2011,3,4,2110,21,3,1,0,4,1, , ,N,1,2,0,3,0,0,2,2,N,N,39 56:45.045,75 10:29.351,2117, ,2113,9,1,4,N, ,3,N, , , , ,778660, , , ,2,2,0,0,0,0,0,0,0,0,0,0,0,0,0,0,0,0,0,0,1,0,0,0,0,0,0,0,0,0,0,0,0,0,0,0,0,39.9458,-75.1748, , 
 ,70712,2011047008,6,67,67301,2011,4,7,2030,20,3,1,0,8,1, , ,N,1,3,0,3,0,1,2,2,N,N,39 57:53.895,75 08:56.986,2035, ,2030, ,0, ,N, ,3, , , , , ,778709, , , ,1,1,0,0,0,0,0,0,0,0,0,0,1,1,0,0,0,0,0,0,0,0,0,0,0,0,0,0,0,0,0,0,1,0,0,8,0,39.965,-75.1492, , 
 ,70713,2011057298,6,67,67301,2011,5,5,9999,99,3,1,0,7,3, , ,N,0,0,1,3,0,1,1,1,N,N,40 01:12.501,75 09:07.563,212, ,202,2,2,1,N, ,0,Y, , , , ,778719, , , ,1,0,0,0,0,0,1,0,0,0,1,0,1,0,0,0,0,0,0,0,1,0,0,0,0,0,0,0,0,0,0,0,0,0,0,3,0,40.0201,-75.1521, , 
 ,70714,2011047072,6,67,67301,2011,4,7,340,3,3,1,0,5,6, , ,N,0,0,0,3,0,1,1,3, , ,39 58:43.010,75 09:57.980,342, ,340, ,0, , , ,0, , , , , ,778758, , , ,3,3,0,0,0,0,0,0,0,0,0,1,1,0,0,0,0,0,0,0,0,0,0,0,0,0,0,0,0,0,0,0,0,0,0,4,0,39.9786,-75.1661, , 
 ,70715,2011029029,6,67,67301,2011,2,3,1420,14,1,1,0,5,1, , ,N,0,3,0,3,0,1,1,2,N,N,39 56:09.783,75 10:09.987,1435, ,1427, ,0, ,N, ,3, , , , , ,778793, , , ,2,2,0,0,0,0,0,0,0,0,0,0,1,1,0,0,0,0,0,0,0,0,1,0,0,0,0,0,0,0,0,0,0,0,0,8,0,39.9361,-75.1694, , 
 ,70716,2011047307,6,67,67301,2011,4,7,1500,15,1,1,0,1,1, , ,N,2,0,0,3,0,1,6,3,N,N,40 07:16.190,75 00:40.345,1520, ,1504, ,0, ,N, ,0, , , , , ,778818, , , ,3,1,0,0,1,0,1,0,0,0,0,1,1,0,0,0,0,0,0,0,0,0,0,0,0,0,0,0,0,0,0,0,0,0,0,4,0,40.1212,-75.0112, , 
 ,70717,2011054178,6,67,67301,2011,4,4,323,3,3,1,0,4,2, , ,N,0,0,0,3,0,0,0,2,N,N,39 58:41.386,75 15:53.442,330, ,323, ,0, ,N, ,0, , , , , ,778830, , , ,2,1,0,0,0,0,0,0,0,0,0,0,0,0,0,0,0,0,0,0,0,0,0,0,0,0,0,0,0,0,0,0,0,0,0,9,0,39.9782,-75.2648, , 
 ,70718,2011056397,6,67,67301,2011,5,2,1822,18,1,1,0,8,1, , ,N,2,3,0,3,0,1,2,2, , ,40 02:09.760,75 11:10.789,1857, ,1851, ,0, , , ,3, , , , , ,778831, , , ,1,0,0,0,0,0,1,0,0,0,0,1,1,0,0,0,0,0,0,0,0,0,0,0,0,0,0,0,0,0,0,0,1,0,0,4,0,40.036,-75.1863, , 
 ,70719,2011073300,6,67,67301,2011,6,6,157,1,3,2,1,7,3, , ,N,3,0,0,3,0,1,1,1,N,N,40 01:47.921,75 06:15.655,203, ,201, ,0, ,Y, ,0, , , , , ,778848, , , ,1,1,0,0,0,0,0,0,0,0,1,0,1,0,0,0,0,0,0,0,0,0,0,0,0,0,0,0,0,0,0,0,0,0,0,3,0,40.0298,-75.1043, , 
 ,70720,2011076063,6,67,67301,2011,6,1,2200,22,3,1,0,8,1, , ,N,1,2,0,3,0,2,3,3,N,N,39 59:27.011,75 07:51.262,2231, ,2223, ,0, ,N, ,3, , , , , ,778851, , , ,1,1,0,0,0,0,0,0,0,0,0,0,2,2,1,0,0,0,0,0,0,0,0,1,0,0,0,0,0,0,0,0,2,0,0,8,0,39.9908,-75.1309, , 
 ,70721,2011082739,6,67,67301,2011,7,2,916,9,1,1,0,4,1, , ,N,0,0,0,3,0,2,3,2,N,N,39 59:29.608,75 06:01.452,920, ,918,2,1,2, , ,0,N, , , , ,778864, , , ,2,1,1,0,0,0,0,0,0,0,1,1,2,0,0,0,0,0,0,0,1,0,0,0,0,0,0,0,0,0,0,0,0,0,0,3,0,39.9916,-75.1004, , 
 ,70722,2011015202,6,67,67301,2011,1,4,158,1,3,4,4,7,2, , ,N,0,0,0,3,0,0,1,1,N,N,39 56:46.465,75 08:31.876,230, ,207,1,1,1,N, ,0,N, , , , ,778882, , , ,1,0,0,0,0,0,0,1,0,0,0,0,0,0,0,0,0,0,0,0,1,0,0,0,0,0,0,0,0,0,0,0,0,0,0,0,0,39.9461,-75.1422, , 
 ,70723,2011022967,6,67,67301,2011,1,5,1732,17,3,1,0,1,1, , ,N,1,2,0,3,0,1,4,3, , ,39 57:56.929,75 14:45.807,1736, ,1733, ,0, , , ,3, , , , , ,778888, , , ,3,2,0,0,0,0,1,0,0,0,0,1,1,0,0,0,0,0,0,0,0,0,1,0,0,0,0,0,0,0,0,0,0,0,0,4,0,39.9658,-75.2461, , 
 ,70724,2011023761,6,67,67301,2011,1,4,1810,18,3,3,3,8,1, , ,N,2,3,0,3,0,1,2,2,N,N,39 58:38.391,75 13:38.956,1818, ,1816, ,0, ,N, ,3, , , , , ,778889, , , ,1,1,0,0,0,0,0,0,0,0,0,1,1,0,0,0,0,0,0,0,1,0,0,0,0,0,0,0,0,0,0,0,1,0,0,4,0,39.9773,-75.2275, , 
 ,70725,2011033523,6,67,67301,2011,3,1,1847,18,4,2,1,4,1, , ,N,1,3,0,3,0,1,3,3,N,N,40 01:15.747,75 03:15.058,1945, ,1940, ,0, ,N, ,3, , , , , ,778896, , , ,3,3,0,0,0,0,0,0,0,0,0,1,1,0,0,0,0,0,1,0,0,0,0,3,0,0,0,0,0,0,0,0,0,0,0,4,0,40.021,-75.0542, , 
 ,70726,2011056783,6,67,67301,2011,5,3,1133,11,1,1,0,4,5, , ,N,0,0,7,3,0,1,2,2,N,N,39 56:34.118,75 09:56.259,1139, ,1137, ,0, ,N, ,0, , , , , ,783104, , , ,1,1,0,0,0,0,0,0,1,0,0,1,1,0,0,0,0,0,0,0,1,0,0,1,0,0,0,0,0,0,0,0,0,0,0,4,0,39.9428,-75.1656, , 
 ,70727,2011061823,6,67,67301,2011,5,6,2030,20,3,8,1,4,1, , ,N,1,2,0,3,0,1,6,3,N,N,40 02:40.430,75 12:14.449,2057, ,2052, ,0, ,N, ,3, , , , , ,783111, , , ,3,3,0,0,0,0,0,0,0,0,0,0,1,1,1,0,0,0,0,2,0,1,0,0,0,0,0,0,0,0,0,0,0,0,0,8,0,40.0446,-75.204, , 
 ,70728,2011062017,6,67,67301,2011,5,1,2318,23,3,2,1,4,1, , ,N,1,3,0,3,0,1,2,5,N,N,40 02:19.456,75 07:24.668,2355, ,2342, ,0, ,N, ,3, , , , , ,783112, , , ,5,4,0,0,1,0,0,0,0,0,0,1,1,0,0,0,0,0,0,0,0,0,0,0,0,0,0,0,0,0,0,0,0,0,0,4,0,40.0387,-75.1235, , 
 ,70729,2011031363,6,67,67301,2011,2,3,1145,11,1,1,5,1,1, , ,N,1,2,0,3,0,0,2,2,N,N,39 59:53.415,75 08:19.870,1222, ,1217, ,0, ,N, ,3, , , , , ,783138, , , ,2,1,0,0,0,0,0,1,0,0,0,0,0,0,0,0,0,0,0,1,0,0,0,0,0,0,0,0,0,0,0,0,0,0,0,0,0,39.9982,-75.1389, , 
 ,70730,2011047112,6,67,67301,2011,3,6,9999,99,3,1,0,4,1, , ,N,0,0,0,3,0,1,5,2, , ,39 59:13.282,75 09:21.538,145, ,138,9,1,1, , ,0,Y, , , , ,783156, , , ,2,0,0,0,0,0,2,0,0,0,0,0,1,1,4,0,0,0,0,0,1,0,0,0,0,0,0,0,0,0,0,0,0,0,0,8,0,39.987,-75.156, , 
 ,70731,2011053478,6,67,67301,2011,4,4,9999,99,1,1,0,8,1, , ,N,1,2,0,3,0,1,2,2,N,N,39 59:33.831,75 07:13.101,9999, ,9999, ,0, ,N, ,3, , , , , ,783161, , , ,1,1,0,0,0,0,0,0,0,0,0,0,1,1,1,0,0,0,0,0,0,0,0,0,0,0,0,0,0,0,0,0,1,0,0,8,0,39.9927,-75.1203, , 
 ,70732,2011054254,6,67,67301,2011,4,3,2310,23,3,1,0,1,1, , ,N,1,2,0,3,0,1,3,2,N,N,39 58:43.230,75 09:28.092,2316, ,2315, ,0, , , ,3, , , , , ,783162, , , ,2,2,0,0,0,0,0,0,0,0,0,1,1,0,0,0,0,0,0,0,0,0,0,0,0,0,0,0,0,0,0,0,0,0,0,4,0,39.9787,-75.1578, , 
 ,70733,2011010018,6,67,67301,2011,1,7,217,2,3,1,0,4,1, , ,N,0,0,0,3,0,0,2,2,N,N,40 03:40.459,75 03:06.529,217, ,217, ,0, ,N, ,0, , , , , ,783222, , , ,2,1,0,0,1,0,0,0,0,0,0,0,0,0,0,0,0,0,0,0,0,0,0,0,0,0,0,0,0,0,0,0,0,0,0,0,0,40.0612,-75.0518, , 
 ,70734,2011015828,6,67,67301,2011,1,7,2307,23,3,4,6,1,1, , ,N,1,2,0,3,0,6,8,2,N,N,40 06:16.064,75 00:07.662,2307, ,2307,1,1,2, , ,3,N, , , , ,783226, , , ,2,0,0,0,1,0,1,0,0,0,0,6,6,0,0,0,0,0,0,0,0,0,0,7,0,0,0,0,0,0,0,0,0,0,0,4,0,40.1044,-75.0021, , 
 ,70735,2011024125,6,67,67301,2011,2,4,529,5,3,1,0,1,1, , ,N,0,0,0,3,0,0,2,2,N,N,39 58:14.417,75 07:29.837,535, ,529,3,1,2,N, ,0,N, , , , ,783233, , , ,2,0,0,0,1,1,0,0,0,0,0,0,0,0,0,0,0,0,0,0,0,0,0,0,0,0,0,0,0,0,0,0,0,0,0,0,1,39.9708,-75.1248, , 
 ,70736,2011054312,6,67,67301,2011,4,4,9999,99,1,2,0,7,5, , ,N,0,0,0,3,0,0,1,1,N,N,39 59:46.455,75 06:50.090,9999, ,9999, ,0, , , ,0, , , , , ,783259, , , ,1,1,0,0,0,0,0,0,0,0,0,0,0,0,0,0,0,0,0,0,0,0,1,0,0,0,0,0,0,0,0,0,0,0,0,0,0,39.9962,-75.1139, , 
 ,70737,2011013745,6,67,67301,2011,1,1,748,7,1,1,0,5,1, , ,N,0,0,0,3,0,0,2,2,N,N,39 58:31.503,75 11:40.222,812, ,802,1,1,3,N, ,0,N, , , , ,783265, , , ,2,2,0,0,0,0,0,0,0,0,0,0,0,0,1,0,0,0,0,0,0,0,0,0,0,0,0,0,0,0,0,0,0,0,0,9,0,39.9754,-75.1945, , 
 ,70738,2011015956,6,67,67301,2011,1,3,655,6,5,1,0,1,1, , ,N,0,0,0,3,0,1,2,2,N,N,40 00:40.190,75 07:35.730,704, ,701, ,0, , , ,0, , , , , ,783267, , , ,2,2,0,0,0,0,0,0,0,0,0,1,1,0,0,0,0,0,0,0,0,0,1,0,0,0,0,0,0,0,0,0,0,0,0,4,0,40.0112,-75.1266, , 
 ,70739,2011015992,6,67,67301,2011,1,6,1952,19,3,1,0,1,1, , ,N,0,2,0,3,0,1,3,2,N,N,40 01:35.398,75 06:55.669,2000, ,1953,1,1,1,N, ,3,N, , , , ,783268, , , ,2,2,0,0,0,0,0,0,0,0,0,1,1,0,1,0,0,0,0,0,1,0,0,0,0,0,0,0,0,0,0,0,0,0,0,4,0,40.0265,-75.1156, , 
 ,70740,2011038393,6,67,67301,2011,3,3,1630,16,1,1,0,4,1, , ,N,1,3,0,3,0,1,3,2, , ,40 01:04.535,75 12:40.875,1715, ,1648, ,0, , , ,3, , , , , ,783289, , , ,2,1,0,0,0,1,0,0,0,0,0,0,1,1,0,0,0,0,0,0,1,0,0,0,0,0,0,0,0,0,0,0,0,0,0,8,1,40.0178,-75.2114, , 
 ,70741,2011051175,6,67,67301,2011,4,7,427,4,3,1,0,7,2, , ,N,0,0,0,3,0,0,1,1,N,N,40 01:48.232,75 01:18.645,438, ,428,2,1,1,N, ,0,N, , , , ,783303, , , ,1,1,0,0,0,0,0,0,0,0,0,0,0,0,0,0,0,0,0,0,0,0,0,0,0,0,0,0,0,0,0,0,0,0,0,0,0,40.0299,-75.022, , 
 ,70742,2011056843,6,67,67301,2011,5,6,450,4,5,1,0,8,1, , ,N,0,0,0,3,0,1,2,2,N,N,39 59:24.400,75 08:39.600,505, ,500, ,0, ,N, ,0, , , , , ,783305, , , ,1,1,0,0,0,0,0,0,0,0,0,0,1,1,1,0,0,0,0,0,0,0,0,0,0,0,0,0,0,0,0,0,1,0,0,8,0,39.9901,-75.1443, , 
 ,70743,2011041604,6,67,67301,2011,4,1,215,2,3,2,1,1,1, , ,N,0,0,0,3,0,0,4,3,N,N,39 56:42.645,75 11:26.414,224, ,222,2,2,4,N, ,0,N, , , , ,783335, , , ,3,1,0,0,0,0,1,0,0,0,0,0,0,0,1,0,0,0,0,0,0,0,0,0,0,0,0,0,0,0,0,0,0,0,0,9,0,39.9452,-75.1907, , 
 ,70744,2011031262,6,67,67301,2011,2,2,1611,16,1,2,1,8,1, , ,N,0,0,0,3,0,1,2,2,N,N,39 58:01.916,75 10:49.844,1627, ,1615, ,0, ,N, ,0, , , , , ,786947, , , ,1,1,0,0,0,0,0,0,0,0,1,0,1,0,0,0,0,0,1,0,0,0,0,0,0,0,0,0,0,0,0,0,1,0,0,3,0,39.9672,-75.1805, , 
 ,70745,2011040237,6,67,67301,2011,3,6,2000,20,3,1,0,1,1, , ,N,0,0,0,3,0,1,2,2,N,N,40 03:11.258,75 00:24.914,2020, ,2013, ,0, ,N, ,0, , , , , ,786958, , , ,2,1,0,0,0,0,1,0,0,0,0,0,1,1,0,0,0,0,0,0,1,0,0,0,0,0,0,0,0,0,0,0,0,0,0,8,0,40.0531,-75.0069, , 
 ,70746,2011040353,6,67,67301,2011,3,6,1954,19,4,1,0,4,1, , ,N,2,3,0,3,0,0,2,2,N,N,39 59:14.776,75 07:37.257,2020, ,1954, ,0, ,N, ,3, , , , , ,786959, , , ,2,2,0,0,0,0,0,0,0,0,0,0,0,0,0,0,0,0,0,0,1,0,0,0,0,0,0,0,0,0,0,0,0,0,0,0,0,39.9874,-75.127, , 
 ,70747,2011044571,6,67,67301,2011,3,3,1508,15,1,1,0,4,1, , ,N,1,2,0,3,0,1,3,2,N,N,39 59:48.459,75 09:14.287,1025, ,1030, ,0, , , ,3, , , , , ,786964, , , ,2,1,0,0,1,0,0,0,0,0,0,0,1,1,0,0,0,0,0,0,1,0,0,0,0,0,0,0,0,0,0,0,0,0,0,8,0,39.9968,-75.1538, , 
 ,70748,2011044583,6,67,67301,2011,4,2,110,1,3,2,1,7,3, , ,N,0,0,0,3,0,1,4,2,N,N,39 54:23.121,75 11:37.902,115, ,114, ,0, ,N, ,0, , , , , ,787020, , , ,2,2,0,0,0,0,0,0,0,0,0,0,1,1,0,0,0,0,0,0,0,0,0,0,0,0,0,0,0,0,0,0,0,0,0,8,0,39.9064,-75.1939, , 
 ,70749,2011015832,6,67,67301,2011,1,1,2113,21,3,1,0,5,1, , ,N,1,2,0,3,0,1,2,2,N,N,40 01:30.152,75 07:31.660,2140, ,2131, ,0, ,N, ,3, , , , , ,787029, , , ,2,2,0,0,0,0,0,0,0,0,0,0,1,1,0,0,0,0,0,0,0,0,0,0,0,0,0,0,0,0,0,0,0,0,0,8,0,40.025,-75.1257, , 
 ,70750,2011044550,6,67,67301,2011,3,6,1946,19,3,1,0,5,1, , ,N,0,0,0,3,0,1,4,2,N,N,40 06:16.688,75 01:40.641,1946, ,1946, ,0, ,N, ,0, , , , , ,787049, , , ,2,2,0,0,0,0,0,0,0,0,0,1,1,0,0,0,0,0,0,0,0,0,0,0,0,0,0,0,0,0,0,0,0,0,0,4,0,40.1046,-75.028, , 
 ,70751,2011047041,6,67,67301,2011,4,2,1635,16,1,1,0,6,1, , ,N,1,3,0,3,0,2,5,3,N,N,39 59:37.010,75 06:26.272,1653, ,1641, ,0, ,N, ,3, , , , , ,787052, , , ,3,3,0,0,0,0,0,0,0,0,0,2,2,0,0,0,0,0,0,0,1,0,0,0,0,0,0,0,0,0,0,0,0,0,0,4,0,39.9936,-75.1073, , 
 ,70752,2011048233,6,67,67301,2011,4,7,1845,18,1,1,0,1,1, , ,N,0,0,0,3,0,1,4,2,N,N,39 57:30.380,75 09:58.573,1911, ,1846, ,0, ,N, ,0, , , , , ,787053, , , ,2,0,0,0,0,0,2,0,0,0,0,0,1,1,0,0,0,1,0,0,0,0,0,0,0,0,0,0,0,0,0,0,0,0,0,8,0,39.9584,-75.1663, , 
 ,70753,2011024661,6,67,67301,2011,1,2,1222,12,1,1,0,7,3, , ,N,2,2,0,3,0,1,1,1, , ,40 05:21.079,75 01:15.622,1226, ,1223,1,1,2, , ,3,N, , , , ,787084, , , ,1,0,1,0,0,0,0,0,0,0,0,0,1,1,0,0,0,0,0,0,0,0,0,0,0,0,0,0,0,0,0,0,0,0,0,8,0,40.0892,-75.021, , 
 ,70754,2011033554,6,67,67301,2011,3,6,1515,15,1,1,0,4,1, , ,N,0,0,0,3,0,1,6,2,N,N,39 58:26.522,75 12:19.666,1521, ,1521, ,0, ,N, ,0, , , , , ,787091, , , ,2,1,0,0,1,0,0,0,0,0,0,1,1,0,0,0,0,0,0,0,1,1,0,0,0,0,0,0,0,0,0,0,0,0,0,4,1,39.974,-75.2055, , 