wz_ln_closure,objectid_1,crn,district,county,municipality,crash_year,crash_month,day_of_week,time_of_day,hour_of_day,illumination,weather,road_condition,collision_type,relation_to_road,work_zone_type,work_zone_loc,work_zone_ind,intersect_type,tcd_type,location_type,urban_rural,fatal_count,injury_count,person_count,total_units,sch_bus_ind,sch_zone_ind,latitude,longitude,arrival_tm,cons_zone_spd_lim,dispatch_tm,est_hrs_closed,lane_closed,ln_close_dir,ntfy_hiwy_maint,spec_juris_cd,tcd_func_cd,tfc_detour_ind,workers_pres,wz_close_detour,wz_flagger,wz_law_offcr_ind,objectid,wz_moving,wz_other,wz_shlder_mdn,vehicle_count,automobile_count,motorcycle_count,bus_count,small_truck_count,heavy_truck_count,suv_count,van_count,bicycle_count,maj_inj_count,mod_inj_count,min_inj_count,tot_inj_count,unk_inj_deg_count,unk_inj_per_count,driver_count_16yr,driver_count_17yr,driver_count_18yr,driver_count_19yr,driver_count_20yr,driver_count_50_64yr,driver_count_65_74yr,driver_count_75plus,unbelted_occ_count,unb_death_count,unb_maj_inj_count,belted_death_count,belted_maj_inj_count,mcycle_death_count,mcycle_maj_inj_count,bicycle_death_count,bicycle_maj_inj_count,ped_count,ped_death_count,ped_maj_inj_count,max_severity_level,comm_veh_count,dec_lat,dec_long,rdwy_surf_type_cd,county_name
 ,70821,2011029159,6,67,67301,2011,2,3,720,7,1,3,5,7,5, , ,N,0,0,0,3,0,1,1,1,N,N,40 00:05.520,75 11:33.420,721, ,721, ,0, ,N, ,0, , , , , ,786078, , , ,1,1,0,0,0,0,0,0,0,0,0,0,1,1,0,0,0,0,0,0,0,0,0,0,0,0,0,0,0,0,0,0,0,0,0,8,0,40.0015,-75.1926, , 
 ,70822,2011032347,6,67,67301,2011,3,6,1929,19,2,1,0,1,1, , ,N,0,0,0,3,0,0,3,3,N,N,39 56:58.917,75 11:02.225,2000, ,1948,1,1,4,N, ,0,N, , , , ,786082, , , ,3,3,0,0,0,0,0,0,0,0,0,0,0,0,0,0,0,0,0,0,1,0,0,0,0,0,0,0,0,0,0,0,0,0,0,0,0,39.9498,-75.1839, , 
 ,70823,2011038004,6,67,67301,2011,3,1,1830,18,1,1,0,1,1, , ,N,0,0,0,3,0,3,4,3,N,N,40 00:06.301,75 09:10.411,1845, ,1838,2,1,2,N, ,0,Y, , , , ,786088, , , ,3,1,0,0,1,0,1,0,0,0,2,0,3,1,1,0,0,0,0,0,1,0,0,4,0,0,0,0,0,0,0,0,0,0,0,3,0,40.0018,-75.1529, , 
 ,70824,2011004073,6,67,67301,2011,1,5,1439,14,1,1,0,1,1, , ,N,0,0,0,3,0,0,2,2,N,N,39 58:56.106,75 06:02.747,1457, ,1442, ,0, ,N, ,0, , , , , ,786106, , , ,2,0,0,0,2,0,0,0,0,0,0,0,0,0,0,0,0,0,0,0,0,0,0,0,0,0,0,0,0,0,0,0,0,0,0,0,0,39.9823,-75.1007, , 
 ,70825,2011037910,6,67,67301,2011,3,3,1933,19,3,1,0,8,1, , ,N,0,0,0,3,0,1,2,2,N,N,40 01:55.237,75 02:20.331,1938, ,1934, ,0, ,N, ,0, , , , , ,786141, , , ,1,0,0,0,0,0,1,0,0,0,0,1,1,0,0,0,0,0,0,0,0,0,0,0,0,0,0,0,0,0,0,0,1,0,0,4,0,40.032,-75.039, , 
 ,70826,2011037933,6,67,67301,2011,3,7,9999,99,8,1,0,4,1, , ,N,1,0,0,3,0,1,2,2,N,N,40 01:45.357,75 10:53.338,9999, ,908,1,1,1,N, ,0,N, , , , ,786142, , , ,2,2,0,0,0,0,0,0,0,0,1,0,1,0,0,0,0,0,0,0,0,0,0,0,0,0,0,0,0,0,0,0,0,0,0,3,0,40.0293,-75.1815, , 
 ,70827,2011038638,6,67,67301,2011,3,2,9999,99,3,1,1,4,1, , ,N,1,2,0,3,0,1,2,2,N,N,40 02:20.942,75 06:36.006,423, ,416, ,0, ,N, ,3, , , , , ,786144, , , ,2,2,0,0,0,0,0,0,0,0,0,1,1,0,0,0,0,0,0,0,0,0,0,0,0,0,0,0,0,0,0,0,0,0,0,4,0,40.0392,-75.11, , 
 ,70828,2011028882,6,67,67301,2011,2,5,1645,16,4,1,0,2,1, , ,N,0,0,0,3,0,2,3,2, , ,39 59:23.628,75 06:12.878,1756, ,1753,3,1,2, , ,0,N, , , , ,786166, , , ,2,2,0,0,0,0,0,0,0,2,0,0,2,0,0,0,0,1,0,0,0,0,0,1,0,0,0,2,0,0,0,0,0,0,0,2,0,39.9899,-75.1036, , 
 ,70829,2011034709,6,67,67301,2011,2,1,2258,22,3,1,0,5,1, , ,N,0,0,0,3,0,0,5,2,N,N,39 57:29.519,75 10:49.320,2311, ,2308,1,1,3,N, ,0,N, , , , ,786171, , , ,2,2,0,0,0,0,0,0,0,0,0,0,0,0,1,0,0,0,0,0,0,0,0,0,0,0,0,0,0,0,0,0,0,0,0,9,0,39.9582,-75.1804, , 
 ,70830,2011037996,6,67,67301,2011,3,3,1140,11,1,1,0,1,1, , ,N,1,2,99,3,0,1,3,2,N,N,39 56:34.767,75 09:36.842,9999, ,1154, ,0, ,N, ,3, , , , , ,786174, , , ,2,1,0,0,0,1,0,0,0,0,0,0,1,1,0,0,0,0,0,0,0,0,0,0,0,0,0,0,0,0,0,0,0,0,0,8,1,39.943,-75.1602, , 
 ,70831,2011044565,6,67,67301,2011,3,3,1830,18,1,1,0,8,1, , ,N,2,0,0,3,0,1,2,2,N,N,39 59:47.781,75 08:39.389,1839, ,1834, ,0, , , ,0, , , , , ,786179, , , ,1,0,0,0,0,0,0,1,0,0,0,1,1,0,0,0,0,0,0,0,0,0,0,0,0,0,0,0,0,0,0,0,1,0,0,4,0,39.9966,-75.1443, , 
 ,70832,2011054242,6,67,67301,2011,4,6,1433,14,1,1,0,4,1, , ,N,1,2,0,3,0,2,5,2,N,N,40 04:15.522,75 02:16.209,1454, ,1435,1,1,1,N, ,3,N, , , , ,786185, , , ,2,2,0,0,0,0,0,0,0,0,0,2,2,0,0,0,0,0,0,0,0,0,0,0,0,0,0,0,0,0,0,0,0,0,0,4,0,40.0711,-75.038, , 
 ,70833,2011061883,6,67,67301,2011,5,3,1015,10,1,2,1,8,1, , ,N,1,2,0,3,0,1,2,2, , ,39 56:24.070,75 09:58.832,1036, ,1017, ,0, , , ,3, , , , , ,786193, , , ,1,1,0,0,0,0,0,0,0,0,0,1,1,0,0,0,0,0,0,0,0,0,0,0,0,0,0,0,0,0,0,0,1,0,0,4,0,39.94,-75.1662, , 
 ,70834,2011053003,6,67,67301,2011,5,4,818,8,1,1,0,1,1, , ,N,0,0,0,3,0,0,4,4,N,N,39 57:35.085,75 10:36.451,828, ,820,1,1,4,N, ,0,N, , , , ,775051, , , ,4,1,0,0,0,0,2,0,0,0,0,0,0,0,1,0,0,0,0,0,0,0,0,0,0,0,0,0,0,0,0,0,0,0,0,9,0,39.9597,-75.1768, , 
 ,70835,2011044518,6,67,67301,2011,3,5,1115,11,1,1,1,4,1, , ,N,1,2,0,3,0,1,2,2,N,N,39 57:16.308,75 08:58.375,1126, ,1119, ,0, ,N, ,3, , , , , ,775149, , , ,2,1,0,0,0,0,1,0,0,0,0,1,1,0,0,0,0,0,0,0,1,0,0,0,0,0,0,0,0,0,0,0,0,0,0,4,0,39.9545,-75.1495, , 
 ,70836,2011044547,6,67,67301,2011,4,6,1320,13,1,1,0,4,1, , ,N,1,3,0,3,0,2,2,2,N,N,39 58:09.631,75 08:35.678,1330, ,1325,3,2,7,N, ,3,Y, , , , ,775150, , , ,2,1,0,0,1,0,0,0,0,0,0,2,2,0,0,0,0,0,0,0,1,0,0,0,0,0,0,0,0,0,0,0,0,0,0,4,0,39.9693,-75.1432, , 
 ,70837,2011048662,6,67,67301,2011,2,7,1445,14,1,1,0,8,1, , ,N,1,2,0,3,0,1,2,2,N,N,39 57:41.510,75 13:28.359,2348, ,2347, ,0, ,N, ,3, , , , , ,775155, , , ,1,0,0,0,0,0,1,0,0,0,0,1,1,0,1,0,0,0,0,0,0,0,0,0,0,0,0,0,0,0,0,0,1,0,0,4,0,39.9615,-75.2245, , 
 ,70838,2011020512,6,67,67301,2011,2,3,800,8,1,1,6,7,4, , ,N,0,0,2,3,0,0,1,1,N,N,39 59:56.851,75 04:57.153,811, ,805,1,1,1,N, ,0,N, , , , ,775179, , , ,1,0,0,0,0,0,1,0,0,0,0,0,0,0,0,0,0,0,0,0,1,0,0,0,0,0,0,0,0,0,0,0,0,0,0,0,0,39.9994,-75.0843, , 
 ,70839,2011028965,6,67,67301,2011,1,4,825,8,1,4,3,8,1, , ,N,1,3,0,3,0,1,2,2,N,N,39 59:41.841,75 08:15.550,835, ,825,1,1,3,N, ,3,Y, , , , ,775232, , , ,1,0,0,0,1,0,0,0,0,0,0,0,1,1,0,0,0,0,0,0,0,0,0,0,0,0,0,0,0,0,0,0,1,0,0,8,0,39.995,-75.1377, , 
 ,70840,2011033575,6,67,67301,2011,3,3,2125,21,3,1,0,4,1, , ,N,1,2,0,3,0,3,3,2,N,N,40 01:32.498,75 03:19.485,2140, ,2130, ,0, ,N, ,3, , , , , ,775240, , , ,2,1,0,0,1,0,0,0,0,0,0,3,3,0,0,0,0,0,0,0,0,0,0,0,0,0,0,0,0,0,0,0,0,0,0,4,0,40.0257,-75.0554, , 
 ,70841,2011038640,6,67,67301,2011,3,7,2350,23,3,1,0,4,1, , ,N,2,0,0,3,0,0,3,2,N,N,39 55:17.860,75 11:25.268,0, ,2355, ,0, ,N, ,0, , , , , ,775246, , , ,2,2,0,0,0,0,0,0,0,0,0,0,0,0,0,0,0,0,0,0,0,0,0,0,0,0,0,0,0,0,0,0,0,0,0,0,0,39.9216,-75.1904, , 
 ,70842,2011044560,6,67,67301,2011,3,2,1340,13,1,2,1,4,1, , ,N,1,2,0,3,0,1,3,2,N,N,39 59:21.645,75 07:14.530,1350, ,1345, ,0, ,N, ,3, , , , , ,775252, , , ,2,2,0,0,0,0,0,0,0,0,0,1,1,0,0,0,0,0,0,0,0,0,0,0,0,0,0,0,0,0,0,0,0,0,0,4,0,39.9893,-75.1207, , 
 ,70843,2011029114,6,67,67301,2011,2,7,1432,14,1,2,1,1,1, , ,N,1,0,0,3,0,1,7,5, , ,40 03:14.351,75 02:56.006,1510, ,1439,2,2,1, , ,0,N, , , , ,775274, , , ,5,4,0,0,1,0,0,0,0,0,0,1,1,0,0,0,0,0,0,0,2,1,0,0,0,0,0,0,0,0,0,0,0,0,0,4,0,40.054,-75.0489, , 
 ,70844,2011030322,6,67,67301,2011,3,5,248,2,3,2,1,7,2, , ,N,0,0,0,3,0,1,1,1,N,N,39 58:56.161,75 12:27.822,258, ,250,1,1,3,N, ,0,N, , , , ,775275, , , ,1,1,0,0,0,0,0,0,0,0,0,0,1,1,0,0,0,0,0,0,0,0,0,1,0,0,0,0,0,0,0,0,0,0,0,8,0,39.9823,-75.2077, , 
 ,70845,2011028919,6,67,67301,2011,2,6,1600,16,1,4,3,5,1, , ,N,0,2,0,3,0,2,3,3,N,N,39 58:51.812,75 10:35.187,1652, ,1645, ,0, ,N, ,3, , , , , ,775320, , , ,3,1,0,1,1,0,0,0,0,0,0,2,2,0,0,0,0,0,0,0,0,0,0,2,0,0,0,0,0,0,0,0,0,0,0,4,1,39.9811,-75.1764, , 
 ,70846,2011028987,6,67,67301,2011,2,1,9999,99,1,1,0,9,1, , ,N,2,3,0,3,0,2,3,2, , ,40 02:04.164,75 02:53.357,1551, ,1546, ,0, , , ,3, , , , , ,775321, , , ,2,1,0,0,1,0,0,0,0,0,0,0,2,2,0,0,0,0,0,0,0,0,0,3,0,0,0,0,0,0,0,0,0,0,0,8,0,40.0345,-75.0482, , 
 ,70847,2011028883,6,67,67301,2011,2,7,231,2,3,1,0,7,4, , ,N,1,2,0,3,1,0,1,1, , ,39 58:25.603,75 15:29.678,235, ,233, ,0, ,N,0,9, , , , , ,775373, , , ,1,0,0,0,0,0,1,0,0,0,0,0,0,0,0,0,0,0,0,0,0,0,0,1,1,0,0,0,0,0,0,0,0,0,0,1,0,39.9738,-75.2582,2, 
 ,70848,2011029091,6,67,67301,2011,2,1,1908,19,3,1,0,7,5, , ,N,0,0,0,3,0,0,1,1, , ,40 03:57.876,75 00:33.816,1908, ,1908, ,0, , , ,0, , , , , ,775374, , , ,1,0,0,0,0,0,1,0,0,0,0,0,0,0,0,0,0,0,0,0,0,0,0,0,0,0,0,0,0,0,0,0,0,0,0,0,0,40.0661,-75.0094, , 
 ,70849,2011031462,6,67,67301,2011,2,2,46,0,3,1,1,4,1, , ,N,1,2,0,3,0,1,2,2,N,N,40 02:44.136,75 04:17.168,47, ,47, ,0, , , ,3, , , , , ,775376, , , ,2,2,0,0,0,0,0,0,0,0,0,0,1,1,0,0,0,0,0,1,1,0,0,0,0,0,0,0,0,0,0,0,0,0,0,8,0,40.0456,-75.0714, , 
 ,70850,2011043499,6,67,67301,2011,3,4,2352,23,3,1,0,5,1, , ,N,0,0,0,3,0,0,3,3,N,N,39 58:08.186,75 11:29.858,10, ,2355, ,0, ,N, ,0, , , , , ,775384, , , ,3,2,0,0,0,0,0,0,0,0,0,0,0,0,0,0,0,0,0,0,1,0,0,0,0,0,0,0,0,0,0,0,0,0,0,0,0,39.9689,-75.1916, , 
 ,70851,2011045836,6,67,67301,2011,4,6,305,3,3,1,0,7,2, , ,N,6,0,2,3,0,1,1,1,N,N,39 54:43.115,75 08:56.516,312, ,308, ,0, ,N, ,0, , , , , ,775387, , , ,1,1,0,0,0,0,0,0,0,0,1,0,1,0,0,0,0,0,0,0,0,0,0,0,0,0,0,0,0,0,0,0,0,0,0,3,0,39.9119,-75.1491, , 
 ,70852,2011049588,6,67,67301,2011,5,3,1248,12,1,1,0,1,1, , ,N,0,0,0,3,0,1,5,3,N,N,39 57:26.423,75 09:30.734,1259, ,1255,1,1,3,N, ,0,N, , , , ,779198, , , ,3,2,0,0,0,0,0,1,0,0,0,1,1,0,0,0,0,0,0,0,1,0,1,0,0,0,0,0,0,0,0,0,0,0,0,4,0,39.9573,-75.1585, , 
 ,70853,2011054030,6,67,67301,2011,4,7,2355,23,3,1,0,2,1, , ,N,1,2,0,3,0,2,4,3,N,N,40 01:27.922,75 08:48.832,3, ,1, ,0, ,N, ,3, , , , , ,779203, , , ,3,1,0,0,0,0,2,0,0,0,0,2,2,0,0,0,0,0,0,1,0,0,0,0,0,0,0,0,0,0,0,0,0,0,0,4,0,40.0244,-75.1469, , 
 ,70854,2011038637,6,67,67301,2011,3,2,1658,16,1,1,0,5,1, , ,N,0,0,0,3,0,0,1,5,N,N,40 01:29.082,75 05:04.318,1700, ,1658,3,2,1,N, ,0,Y, , , , ,779288, , , ,5,4,0,0,0,0,1,0,0,0,0,0,0,0,0,0,0,0,0,0,0,0,0,0,0,0,0,0,0,0,0,0,0,0,0,0,0,40.0247,-75.0845, , 
 ,70855,2011028975,6,67,67301,2011,2,3,1333,13,1,2,1,4,1, , ,N,0,2,7,3,0,1,3,3, , ,40 03:26.442,75 00:51.597,1341, ,1333, ,0, , , ,3, , , , , ,779324, , , ,3,3,0,0,0,0,0,0,0,0,1,0,1,0,0,0,0,0,0,0,0,0,0,0,0,0,0,0,0,0,0,0,0,0,0,3,0,40.0573,-75.0143, , 
 ,70856,2011028996,6,67,67301,2011,2,6,855,8,1,1,0,4,1, , ,N,1,2,0,3,0,3,3,2, , ,39 55:29.143,75 14:08.116,900, ,855, ,0, , , ,3, , , , , ,779325, , , ,2,1,0,0,0,0,0,1,0,0,0,0,3,3,0,0,0,0,0,0,0,0,0,0,0,0,0,0,0,0,0,0,0,0,0,8,0,39.9248,-75.2356, , 
 ,70857,2011053564,6,67,67301,2011,3,6,240,2,3,1,0,4,1, , ,N,1,2,0,3,0,1,4,2,N, ,40 00:57.144,75 09:13.828,245, ,240, ,0, , , ,2, , , , , ,779396, , , ,2,1,0,0,0,0,1,0,0,0,0,0,1,1,1,0,0,0,0,0,0,0,0,0,0,0,0,0,0,0,0,0,0,0,0,8,0,40.0159,-75.1538, , 
 ,70858,2011055457,6,67,67301,2011,5,2,632,6,1,1,0,1,1, , ,N,0,0,0,3,0,1,2,2,N,N,40 02:57.464,74 59:44.048,755, ,755,1,2,1,N, ,0,Y, , , , ,779399, , , ,2,1,0,0,1,0,0,0,0,0,0,0,1,1,0,0,0,0,0,0,1,0,0,0,0,0,0,0,0,0,0,0,0,0,0,8,0,40.0493,-74.9957, , 
 ,70859,2011036701,6,67,67301,2011,3,6,1317,13,1,1,0,7,4, , ,N,0,0,0,3,0,2,2,2,N,N,40 02:53.334,74 59:55.895,1336, ,1318,1,1,2,Y, ,0,N, , , , ,779442, , , ,2,0,0,0,0,0,2,0,0,0,0,2,2,0,0,0,0,0,0,0,0,1,0,0,0,0,0,0,0,0,0,0,0,0,0,4,0,40.0481,-74.999, , 
 ,70860,2011006092,6,67,67301,2011,1,2,1231,12,1,1,0,1,1, , ,N,2,2,0,3,0,2,5,2,N,N,39 59:38.856,75 14:29.980,1231, ,1231,1,1,2,N, ,3,N, , , , ,779453, , , ,2,2,0,0,0,0,0,0,0,0,0,0,2,2,0,0,0,0,0,0,0,0,0,0,0,0,0,0,0,0,0,0,0,0,0,8,0,39.994,-75.2416, , 
 ,70861,2011024657,6,67,67301,2011,1,1,1141,11,1,1,0,7,5, , ,N,0,0,0,3,0,0,1,1,N,N,40 01:51.135,75 07:04.441,1142, ,1141, ,0, ,N, ,0, , , , , ,779467, , , ,1,1,0,0,0,0,0,0,0,0,0,0,0,0,1,0,0,0,0,0,0,0,0,0,0,0,0,0,0,0,0,0,0,0,0,9,0,40.0309,-75.1179, , 
 ,70862,2011029149,6,67,67301,2011,2,4,9999,99,3,1,0,1,1, , ,N,0,0,0,3,0,2,3,2,N,N,40 01:31.613,75 04:22.825,9999, ,9999, ,0, , , ,0, , , , , ,779470, , , ,2,2,0,0,0,0,0,0,0,0,0,2,2,0,0,0,0,0,0,1,1,0,0,0,0,0,0,0,0,0,0,0,0,0,0,4,0,40.0254,-75.073, , 
 ,70863,2011038354,6,67,67301,2011,3,6,1500,15,1,1,0,4,1, , ,N,1,3,2,3,0,2,4,2,N,N,39 59:11.983,75 12:29.919,1517, ,1510, ,0, ,N, ,3, , , , , ,779481, , , ,2,2,0,0,0,0,0,0,0,0,1,1,2,0,0,0,0,0,0,0,1,0,0,0,0,0,0,0,0,0,0,0,0,0,0,3,0,39.9867,-75.2083, , 
 ,70864,2011038634,6,67,67301,2011,3,1,310,3,3,1,0,2,1, , ,N,0,3,0,3,0,2,2,5,N,N,40 01:54.024,75 13:15.471,315, ,310,9,2,1,N, ,3,Y, , , , ,779484, , , ,5,1,0,0,0,0,4,0,0,0,1,0,2,1,0,0,0,0,0,0,0,0,0,1,0,0,0,0,0,0,0,0,0,0,0,3,0,40.0317,-75.221, , 
 ,70865,2011015206,6,67,67301,2011,1,6,2355,23,3,1,0,7,2, , ,N,0,0,0,3,0,0,3,1,N,N,39 56:25.813,75 08:35.272,10, ,2359,1,1,1,N, ,0,N, , , , ,779513, , , ,1,1,0,0,0,0,0,0,0,0,0,0,0,0,0,0,0,0,1,0,0,0,0,0,0,0,0,0,0,0,0,0,0,0,0,0,0,39.9404,-75.1431, , 
 ,70866,2011015927,6,67,67301,2011,1,6,1608,16,1,1,1,4,1, , ,N,1,3,0,3,0,2,4,2,N,N,40 00:37.732,75 09:38.718,1620, ,1608, ,0, ,N, ,3, , , , , ,779515, , , ,2,1,0,0,0,0,1,0,0,2,0,0,2,0,1,0,0,0,0,0,0,0,0,0,0,0,0,1,0,0,0,0,0,0,0,2,0,40.0105,-75.1608, , 
 ,70867,2011040426,6,67,67301,2011,3,7,553,5,5,1,0,7,4, , ,N,1,2,0,3,0,0,1,1,N,N,40 01:54.428,75 05:07.226,558, ,553,3,2,2,N, ,3,Y, , , , ,779531, , , ,1,0,0,0,0,0,1,0,0,0,0,0,0,0,1,0,0,0,0,0,0,0,0,0,0,0,0,0,0,0,0,0,0,0,0,9,0,40.0318,-75.0853, , 
 ,70868,2011053854,6,67,67301,2011,5,2,1650,16,1,1,0,1,1, , ,N,0,0,0,3,0,0,3,3,N,N,39 59:42.099,75 05:01.608,1704, ,1652, ,0, ,N, ,0, , , , , ,779543, , , ,3,0,0,0,0,0,2,1,0,0,0,0,0,0,0,0,0,0,0,0,1,0,0,0,0,0,0,0,0,0,0,0,0,0,0,0,0,39.9951,-75.0837, , 
 ,70869,2011056410,6,67,67301,2011,4,3,1715,17,1,1,0,3,1, , ,N,1,3,0,3,0,1,2,2,N,N,39 58:27.163,75 08:44.933,1718, ,1716, ,0, ,N, ,3, , , , , ,779545, , , ,1,1,0,0,0,0,0,0,1,0,0,1,1,0,1,0,0,0,0,0,0,0,0,0,0,0,0,0,0,0,0,0,0,0,0,4,0,39.9742,-75.1458, , 
 ,70870,2011028982,6,67,67301,2011,2,3,36,0,3,1,6,4,6, , ,N,0,0,0,3,0,1,2,2,N,N,40 02:12.469,75 07:49.609,46, ,45,4,2,5,N, ,0,N, , , , ,783668, , , ,2,1,0,0,0,0,1,0,0,1,0,0,1,0,0,0,0,0,0,0,0,0,0,0,0,0,0,0,0,0,0,0,0,0,0,2,0,40.0368,-75.1304, , 
 ,70871,2011033510,6,67,67301,2011,3,3,1900,19,3,1,0,7,5, , ,N,0,0,0,3,0,1,1,1,N,N,40 06:22.180,75 01:37.819,1903, ,1901,2,2,5, , ,0,Y, , , , ,783674, , , ,1,1,0,0,0,0,0,0,0,0,0,1,1,0,0,0,0,0,0,0,0,0,0,0,0,0,0,0,0,0,0,0,0,0,0,4,0,40.1062,-75.0272, , 
 ,70872,2011033753,6,67,67301,2011,3,2,1504,15,1,1,0,8,1, , ,N,1,3,0,3,0,1,2,2,N,Y,39 59:36.150,75 10:28.592,1550, ,1540, ,0, ,Y, ,3, , , , , ,783721, , , ,1,1,0,0,0,0,0,0,0,0,0,1,1,0,0,0,0,0,0,0,0,1,0,0,0,0,0,0,0,0,0,0,1,0,0,4,0,39.9934,-75.1746, , 
 ,70873,2011054284,6,67,67301,2011,4,2,1535,15,1,1,0,2,1, , ,N,1,2,0,3,0,1,4,2,N,N,40 05:04.029,75 02:18.148,1540, ,1540, ,0, ,N, ,3, , , , , ,783740, , , ,2,0,0,0,0,0,1,1,0,0,0,1,1,0,0,0,0,0,0,0,2,0,0,0,0,0,0,0,0,0,0,0,0,0,0,4,0,40.0845,-75.0384, , 
 ,70874,2011030361,6,67,67301,2011,2,2,100,1,3,4,5,1,1, , ,N,0,0,0,3,0,0,7,7, , ,40 02:31.545,75 06:45.855,120, ,114, ,0, , , ,0, , , , , ,783761, , , ,7,5,0,0,0,0,2,0,0,0,0,0,0,0,0,0,0,0,0,1,2,0,0,0,0,0,0,0,0,0,0,0,0,0,0,0,0,40.0421,-75.1127, , 
 ,70875,2011064086,6,67,67301,2011,5,4,1210,12,1,1,0,5,6, , ,N,0,0,0,3,0,1,2,2,N,N,40 03:51.840,74 59:11.137,1216, ,1214, ,0, ,N, ,0, , , , , ,783790, , , ,1,0,0,0,1,0,0,0,1,0,0,0,1,1,0,0,0,0,0,0,1,0,0,0,0,0,0,0,0,0,0,0,0,0,0,8,0,40.0644,-74.9864, , 
 ,70876,2011028697,6,67,67301,2011,3,3,922,9,1,1,0,1,1, , ,N,0,0,0,3,0,0,3,3,N,N,39 57:27.043,75 09:32.921,934, ,926, ,0, ,N, ,0, , , , , ,783810, , , ,3,0,0,0,2,0,0,1,0,0,0,0,0,0,0,0,0,1,0,1,0,0,0,0,0,0,0,0,0,0,0,0,0,0,0,0,0,39.9575,-75.1591, , 
 ,70877,2011037935,6,67,67301,2011,3,5,902,9,1,1,0,1,1, , ,N,1,2,0,3,0,1,3,2,N,N,40 03:40.549,75 11:30.758,911, ,904, ,0, ,N, ,3, , , , , ,783817, , , ,2,2,0,0,0,0,0,0,0,0,0,1,1,0,0,0,0,0,0,0,0,0,0,0,0,0,0,0,0,0,0,0,0,0,0,4,0,40.0613,-75.1919, , 
 ,70878,2011053581,6,67,67301,2011,4,1,2003,20,3,1,0,1,1, , ,N,6,4,6,3,0,1,2,2,N,N,40 01:06.762,75 10:01.463,2015, ,2003, ,0, ,N, ,3, , , , , ,783836, , , ,2,1,0,0,0,0,1,0,0,0,0,1,1,0,0,0,0,0,0,0,0,0,0,0,0,0,0,0,0,0,0,0,0,0,0,4,0,40.0185,-75.1671, , 
 ,70879,2011009801,6,67,67301,2011,1,7,220,2,3,1,1,2,1, , ,N,0,0,0,3,0,4,6,2, , ,40 01:08.312,75 03:24.154,226, ,225,3,1,2, , ,0,N, , , , ,783844, , , ,2,2,0,0,0,0,0,0,0,0,0,2,4,2,1,0,0,0,0,0,0,0,0,2,0,0,0,0,0,0,0,0,0,0,0,4,0,40.019,-75.0567, , 
 ,70880,2011016005,6,67,67301,2011,1,6,1930,19,3,1,0,1,1, , ,N,0,0,0,3,0,2,3,2,N,N,39 57:16.714,75 13:35.770,1937, ,1935, ,0, ,N, ,0, , , , , ,783850, , , ,2,2,0,0,0,0,0,0,0,0,0,2,2,0,0,0,0,0,0,0,0,0,0,0,0,0,0,0,0,0,0,0,0,0,0,4,0,39.9546,-75.2266, , 
 ,70881,2011027433,6,67,67301,2011,3,4,1038,10,1,1,0,1,1, , ,N,0,0,0,3,0,1,3,3,N,N,39 57:57.306,75 11:11.225,1051, ,1043, ,0, ,N, ,0, , , , , ,783861, , , ,3,3,0,0,0,0,0,0,0,0,0,0,1,1,0,0,0,0,0,0,2,0,0,0,0,0,0,0,0,0,0,0,0,0,0,8,0,39.9659,-75.1865, , 
 ,70882,2011029049,6,67,67301,2011,2,7,1810,18,3,1,0,4,1, , ,N,0,0,0,3,0,0,2,2,N,N,40 07:29.846,75 00:53.152,1825, ,1819, ,0, ,N, ,0, , , , , ,783865, , , ,2,2,0,0,0,0,0,0,0,0,0,0,0,0,0,0,0,0,0,0,2,0,0,0,0,0,0,0,0,0,0,0,0,0,0,0,0,40.125,-75.0148, , 
 ,70883,2011031154,6,67,67301,2011,2,6,700,7,1,1,0,4,1, , ,N,2,0,0,3,0,3,5,2,N,N,40 00:56.099,75 08:59.116,9999, ,9999, ,0, , , ,0, , , , , ,783866, , , ,2,2,0,0,0,0,0,0,0,0,0,3,3,0,0,0,0,0,0,0,0,0,0,0,0,0,0,0,0,0,0,0,0,0,0,4,0,40.0156,-75.1498, , 
 ,70884,2011033470,6,67,67301,2011,3,1,9999,99,1,2,1,4,1, , ,N,1,2,0,3,0,1,2,2, , ,39 57:00.681,75 09:30.817,651, ,651, ,0, , , ,3, , , , , ,783867, , , ,2,2,0,0,0,0,0,0,0,0,0,0,1,1,0,0,0,0,0,0,1,0,0,0,0,0,0,0,0,0,0,0,0,0,0,8,0,39.9502,-75.1586, , 
 ,70885,2011047291,6,67,67301,2011,4,7,2246,22,4,1,0,2,1, , ,N,1,2,0,3,0,2,3,4,N,N,40 02:22.057,75 02:00.117,2300, ,2246, ,0, , , ,9, , , , , ,783886, , , ,4,0,2,0,0,0,2,0,0,0,0,1,2,1,0,0,0,0,0,0,0,0,0,0,0,0,0,0,0,0,0,0,0,0,0,4,0,40.0395,-75.0334, , 
 ,70886,2011015913,6,67,67301,2011,1,3,1845,18,3,4,1,4,1, , ,N,0,0,0,3,0,4,4,2,N,N,40 02:39.490,75 07:06.623,1912, ,1907, ,0, ,N, ,0, , , , , ,783899, , , ,2,2,0,0,0,0,0,0,0,0,0,0,4,4,0,0,0,0,1,0,0,0,0,0,0,0,0,0,0,0,0,0,0,0,0,8,0,40.0443,-75.1185, , 
 ,70887,2011023227,6,67,67301,2011,1,7,1033,10,1,1,0,1,2, , ,N,1,2,99,3,0,1,2,2,N,N,40 03:02.656,75 08:55.144,1034, ,1033, ,0, ,N, ,3, , , , , ,783906, , , ,2,2,0,0,0,0,0,0,0,0,0,1,1,0,0,0,0,0,1,0,0,0,0,0,0,0,0,0,0,0,0,0,0,0,0,4,0,40.0507,-75.1487, , 