wz_ln_closure,objectid_1,crn,district,county,municipality,crash_year,crash_month,day_of_week,time_of_day,hour_of_day,illumination,weather,road_condition,collision_type,relation_to_road,work_zone_type,work_zone_loc,work_zone_ind,intersect_type,tcd_type,location_type,urban_rural,fatal_count,injury_count,person_count,total_units,sch_bus_ind,sch_zone_ind,latitude,longitude,arrival_tm,cons_zone_spd_lim,dispatch_tm,est_hrs_closed,lane_closed,ln_close_dir,ntfy_hiwy_maint,spec_juris_cd,tcd_func_cd,tfc_detour_ind,workers_pres,wz_close_detour,wz_flagger,wz_law_offcr_ind,objectid,wz_moving,wz_other,wz_shlder_mdn,vehicle_count,automobile_count,motorcycle_count,bus_count,small_truck_count,heavy_truck_count,suv_count,van_count,bicycle_count,maj_inj_count,mod_inj_count,min_inj_count,tot_inj_count,unk_inj_deg_count,unk_inj_per_count,driver_count_16yr,driver_count_17yr,driver_count_18yr,driver_count_19yr,driver_count_20yr,driver_count_50_64yr,driver_count_65_74yr,driver_count_75plus,unbelted_occ_count,unb_death_count,unb_maj_inj_count,belted_death_count,belted_maj_inj_count,mcycle_death_count,mcycle_maj_inj_count,bicycle_death_count,bicycle_maj_inj_count,ped_count,ped_death_count,ped_maj_inj_count,max_severity_level,comm_veh_count,dec_lat,dec_long,rdwy_surf_type_cd,county_name
 ,70888,2011020515,6,67,67301,2011,2,3,648,6,1,1,0,1,1, , ,N,0,0,0,3,0,0,3,3,N,N,40 00:27.253,75 12:04.627,656, ,652,1,1,3,N, ,0,N, , , , ,771180, , , ,3,3,0,0,0,0,0,0,0,0,0,0,0,0,0,0,0,0,0,0,1,0,1,0,0,0,0,0,0,0,0,0,0,0,0,0,0,40.0076,-75.2013, , 
 ,70889,2011040387,6,67,67301,2011,3,3,1330,13,1,1,0,4,1, , ,N,1,2,0,3,0,1,2,2,N,Y,39 58:49.602,75 14:21.875,1350, ,1350, ,0, ,N, ,2, , , , , ,771237, , , ,2,2,0,0,0,0,0,0,0,0,0,1,1,0,0,0,0,0,0,0,1,0,0,0,0,0,0,0,0,0,0,0,0,0,0,4,0,39.9804,-75.2394, , 
 ,70890,2011047014,6,67,67301,2011,4,3,1908,19,3,1,0,4,1, , ,N,1,2,0,3,1,4,6,7,N,N,39 56:08.815,75 13:42.823,1908, ,1908,4,2,7,N,0,3,Y, , , , ,771247, , , ,4,4,0,0,0,0,0,0,0,2,1,0,4,1,0,0,0,0,0,1,0,0,0,0,0,0,0,0,0,0,0,0,3,0,2,1,0,39.9358,-75.2286,2, 
 ,70891,2011023238,6,67,67301,2011,1,4,1102,11,1,4,3,7,4, , ,N,0,0,0,3,0,1,1,1,N,N,39 59:37.420,75 11:33.729,1102, ,1102, ,0, ,N, ,0, , , , , ,771268, , , ,1,1,0,0,0,0,0,0,0,0,0,0,1,1,0,0,0,0,0,0,0,0,0,1,0,0,0,0,0,0,0,0,0,0,0,8,0,39.9937,-75.1927, , 
 ,70892,2011038346,6,67,67301,2011,3,7,223,2,3,1,0,1,6, , ,N,0,0,0,3,0,0,1,4,N,N,39 57:36.090,75 14:15.624,236, ,231, ,0, ,N, ,0, , , , , ,771280, , , ,4,4,0,0,0,0,0,0,0,0,0,0,0,0,0,0,0,0,0,0,0,0,0,0,0,0,0,0,0,0,0,0,0,0,0,0,0,39.96,-75.2377, , 
 ,70893,2011046969,6,67,67301,2011,3,3,1220,12,1,1,0,4,1, , ,N,2,3,0,3,0,0,2,3,N,N,39 58:24.236,75 09:50.363,1242, ,1240, ,0, ,N, ,3, , , , , ,771289, , , ,3,2,0,0,0,0,1,0,0,0,0,0,0,0,0,0,0,0,0,0,0,0,0,0,0,0,0,0,0,0,0,0,0,0,0,0,0,39.9734,-75.164, , 
 ,70894,2011044463,6,67,67301,2011,3,4,1557,15,1,1,0,4,1, , ,N,1,2,0,3,0,1,3,2,N,N,40 06:51.788,74 59:16.991,1603, ,1600,2,1,2,N, ,3,N, , , , ,771339, , , ,2,0,0,0,1,0,1,0,0,0,1,0,1,0,0,0,0,0,0,0,0,0,0,1,0,0,0,0,0,0,0,0,0,0,0,3,0,40.1144,-74.9881, , 
 ,70895,2011054065,6,67,67301,2011,4,7,9999,99,1,2,1,4,1, , ,N,0,0,7,3,0,3,4,3,N,N,40 02:39.942,75 07:07.659,1015, ,1000, ,0, ,N, ,0, , , , , ,771343, , , ,3,2,0,0,0,0,1,0,0,0,0,3,3,0,0,0,0,0,0,0,1,1,0,1,0,0,0,0,0,0,0,0,0,0,0,4,0,40.0444,-75.1188, , 
 ,70896,2011012796,6,67,67301,2011,1,7,1354,13,1,1,0,4,1, , ,N,0,0,0,3,0,1,2,2,N,N,39 56:48.031,75 08:32.518,1440, ,1436, ,0, ,N, ,0, , , , , ,771412, , , ,2,2,0,0,0,0,0,0,0,0,0,1,1,0,0,0,0,0,0,0,1,0,0,0,0,0,0,0,0,0,0,0,0,0,0,4,0,39.9467,-75.1424, , 
 ,70897,2011033421,6,67,67301,2011,2,1,638,6,5,1,0,4,1, , ,N,0,0,7,3,0,1,2,4,N,N,39 57:56.524,75 14:46.216,643, ,641,9,1,2,N, ,0,N, , , , ,771431, , , ,4,2,0,0,0,0,1,1,0,0,0,0,1,1,0,0,0,0,0,0,1,1,0,1,0,0,0,0,0,0,0,0,0,0,0,8,0,39.9657,-75.2462, , 
 ,70898,2011046630,6,67,67301,2011,5,4,721,7,1,2,1,1,1, , ,N,0,0,0,3,0,0,2,2,N,N,39 56:08.866,75 11:58.818,747, ,735,1,1,4,N, ,0,N, , , , ,771439, , , ,2,1,0,0,0,0,0,0,0,0,0,0,0,0,1,0,0,0,0,0,1,0,0,0,0,0,0,0,0,0,0,0,0,0,0,9,0,39.9358,-75.1997, , 
 ,70899,2011056869,6,67,67301,2011,5,3,9999,99,1,1,0,2,1, , ,N,0,0,0,3,0,1,3,3, , ,40 01:11.001,75 09:47.355,1715, ,1710,3,1,3, , ,0,Y, , , , ,771446, , , ,3,2,0,0,0,0,1,0,0,0,0,0,1,1,0,0,0,0,0,0,1,0,0,0,0,0,0,0,0,0,0,0,0,0,0,8,0,40.0197,-75.1632, , 
 ,70900,2011056914,6,67,67301,2011,5,7,1243,12,1,1,0,4,1, , ,N,2,3,0,3,0,1,3,2,N,N,40 02:13.960,75 08:11.320,1248, ,1243,1,2,6,N, ,3,Y, , , , ,771447, , , ,2,0,0,0,0,0,0,2,0,0,0,1,1,0,0,0,0,0,0,0,1,0,0,0,0,0,0,0,0,0,0,0,0,0,0,4,0,40.0372,-75.1365, , 
 ,70901,2011023224,6,67,67301,2011,1,4,1115,11,1,1,0,8,1, , ,N,1,2,0,3,0,1,2,2,N,N,40 02:20.709,75 08:41.028,1125, ,1120, ,0, ,N, ,3, , , , , ,771471, , , ,1,1,0,0,0,0,0,0,0,0,0,1,1,0,0,0,0,0,0,0,0,0,0,0,0,0,0,0,0,0,0,0,1,0,0,4,0,40.039,-75.1446, , 
 ,70902,2011029075,6,67,67301,2011,2,6,1116,11,1,1,0,1,1, , ,N,1,2,0,3,0,3,5,4,N,N,40 01:32.275,75 07:31.347,1125, ,1116,2,2,2,N, ,3,Y, , , , ,771477, , , ,4,3,0,0,0,0,0,1,0,0,0,3,3,0,0,0,0,1,0,0,0,1,0,0,0,0,0,0,0,0,0,0,0,0,0,4,0,40.0257,-75.1251, , 
 ,70903,2011044523,6,67,67301,2011,4,7,1839,18,1,1,0,4,1, , ,N,1,3,0,3,0,0,2,2,N,N,40 03:07.780,75 05:11.686,1845, ,1842, ,0, ,N, ,3, , , , , ,771491, , , ,2,2,0,0,0,0,0,0,0,0,0,0,0,0,0,0,0,0,0,0,0,0,1,1,0,0,0,0,0,0,0,0,0,0,0,0,0,40.0522,-75.0866, , 
 ,70904,2011029068,6,67,67301,2011,2,1,1810,18,2,1,0,4,1, , ,N,1,3,0,3,0,1,3,2,N,N,39 57:46.788,75 09:58.411,1810, ,1810, ,0, ,N, ,3, , , , , ,771518, , , ,2,2,0,0,0,0,0,0,0,0,0,0,1,1,0,0,0,0,0,0,0,0,0,0,0,0,0,0,0,0,0,0,0,0,0,8,0,39.963,-75.1662, , 
 ,70905,2011061681,6,67,67301,2011,6,3,1008,10,1,1,0,1,1, , ,N,0,0,0,3,0,1,2,2,N,N,39 58:55.713,75 06:03.611,1024, ,1012, ,0, ,N, ,0, , , , , ,771542, , , ,2,0,0,0,0,1,0,0,0,0,0,1,1,0,0,0,0,0,0,0,0,0,0,0,0,0,0,0,0,0,0,0,0,0,0,4,1,39.9822,-75.101, , 
 ,70906,2011047073,6,67,67301,2011,4,2,606,6,1,1,0,4,1, , ,N,1,2,0,3,0,0,2,2,N,N,40 01:49.177,75 07:54.609,611, ,609,1,2,5,N, ,3,N, , , , ,775388, , , ,2,1,0,0,1,0,0,0,0,0,0,0,0,0,0,0,0,0,0,0,0,1,0,0,0,0,0,0,0,0,0,0,0,0,0,0,0,40.0303,-75.1318, , 
 ,70907,2011054026,6,67,67301,2011,4,6,2015,20,3,1,0,4,1, , ,N,1,2,2,3,0,1,2,2,N,N,39 59:12.208,75 12:27.247,2025, ,2020, ,0, ,N, ,3, , , , , ,775396, , , ,1,1,0,0,0,0,0,0,1,0,0,0,1,1,0,0,0,0,0,0,0,1,0,0,0,0,0,0,0,0,0,0,0,0,0,8,0,39.9867,-75.2076, , 
 ,70908,2011056892,6,67,67301,2011,5,1,2355,23,3,2,1,2,1, , ,N,0,0,0,3,0,1,2,2,N,N,40 03:44.683,75 09:26.265,1240, ,1232, ,0, ,N, ,0, , , , , ,775397, , , ,2,2,0,0,0,0,0,0,0,0,0,1,1,0,1,0,0,0,0,0,0,0,0,0,0,0,0,0,0,0,0,0,0,0,0,4,0,40.0624,-75.1573, , 
 ,70909,2011047088,6,67,67301,2011,4,2,2148,21,3,1,0,6,1, , ,N,1,2,0,3,0,1,6,2,N,N,40 00:53.049,75 12:21.765,2153, ,2148, ,0, ,N, ,3, , , , , ,775492, , , ,2,1,0,0,0,0,0,1,0,0,0,1,1,0,5,0,0,0,0,0,0,0,0,0,0,0,0,0,0,0,0,0,0,0,0,4,0,40.0147,-75.206, , 
 ,70910,2011023264,6,67,67301,2011,2,3,638,6,1,3,5,2,1, , ,N,2,0,0,3,0,1,2,2,N,N,40 01:26.907,75 03:14.598,756, ,729, ,0, ,N, ,0, , , , , ,775513, , , ,2,2,0,0,0,0,0,0,0,0,0,0,1,1,0,0,0,0,0,0,0,0,0,0,0,0,0,0,0,0,0,0,0,0,0,8,0,40.0241,-75.0541, , 
 ,70911,2011029409,6,67,67301,2011,1,2,1524,15,1,1,0,8,1, , ,N,0,1,0,3,0,1,2,2,N, ,40 03:37.310,75 01:29.236,1524, ,1524, ,0, , , ,3, , , , , ,775518, , , ,1,1,0,0,0,0,0,0,0,0,0,1,1,0,0,0,0,0,0,0,1,0,0,0,0,0,0,0,0,0,0,0,1,0,0,4,0,40.0604,-75.0248, , 
 ,70912,2011031297,6,67,67301,2011,2,2,245,2,3,2,1,2,1, , ,N,0,0,0,3,0,3,3,2,N,N,39 59:44.006,75 04:36.866,329, ,323, ,0, ,N, ,0, , , , , ,775521, , , ,2,1,0,0,0,0,1,0,0,0,2,1,3,0,0,0,0,0,0,0,0,0,0,0,0,0,0,0,0,0,0,0,0,0,0,3,0,39.9956,-75.0769, , 
 ,70913,2011024649,6,67,67301,2011,1,3,1010,10,1,1,0,4,1, , ,N,1,2,0,3,0,1,2,2,N,N,40 03:02.097,75 08:31.585,1020, ,1016, ,0, ,N, ,3, , , , , ,775566, , , ,2,2,0,0,0,0,0,0,0,0,0,0,1,1,0,0,0,0,0,0,2,0,0,0,0,0,0,0,0,0,0,0,0,0,0,8,0,40.0506,-75.1421, , 
 ,70914,2011031401,6,67,67301,2011,2,2,2040,20,3,1,0,8,1, , ,N,1,2,0,3,0,1,2,2, , ,39 59:49.987,75 07:09.686,2050, ,2045, ,0, , , ,3, , , , , ,775571, , , ,1,0,0,0,1,0,0,0,0,0,0,1,1,0,0,0,0,0,0,0,0,0,0,0,0,0,0,0,0,0,0,0,1,0,0,4,0,39.9972,-75.1194, , 
 ,70915,2011053451,6,67,67301,2011,4,3,2220,22,2,1,0,4,1, , ,N,1,2,0,3,0,1,4,2,N,N,39 54:19.501,75 10:24.816,2220, ,2220,1,1,4,N, ,3,N, , , , ,775584, , , ,2,1,0,0,0,0,0,1,0,0,0,1,1,0,0,0,0,0,0,0,0,0,1,3,0,0,0,0,0,0,0,0,0,0,0,4,0,39.9054,-75.1736, , 
 ,70916,2011032111,6,67,67301,2011,3,3,1159,11,1,1,0,7,4, , ,N,0,0,0,3,0,1,1,1,N,N,39 55:30.581,75 11:35.978,1214, ,1202,1,2,4,N, ,0,N, , , , ,775612, , , ,1,1,0,0,0,0,0,0,0,0,1,0,1,0,0,0,0,0,0,0,0,0,0,0,0,0,0,0,0,0,0,0,0,0,0,3,0,39.9252,-75.1933, , 
 ,70917,2011022987,6,67,67301,2011,1,2,935,9,1,1,0,3,1, , ,N,0,0,0,3,0,0,3,3,N,N,39 57:11.383,75 11:41.642,945, ,939, ,0, ,N, ,0, , , , , ,775656, , , ,3,1,0,0,0,0,2,0,0,0,0,0,0,0,0,0,0,0,1,0,0,0,0,0,0,0,0,0,0,0,0,0,0,0,0,0,0,39.9532,-75.1949, , 
 ,70918,2011031143,6,67,67301,2011,2,7,1012,10,1,1,0,4,1, , ,N,1,2,0,3,0,1,3,2,N,N,40 00:03.902,75 12:55.382,1012, ,1012, ,0, , , ,3, , , , , ,775660, , , ,2,2,0,0,0,0,0,0,0,0,0,1,1,0,0,0,0,0,0,0,0,0,0,0,0,0,0,0,0,0,0,0,0,0,0,4,0,40.0011,-75.2154, , 
 ,70919,2011031423,6,67,67301,2011,2,6,2110,21,3,1,0,7,5, , ,N,0,0,0,3,0,1,1,1, , ,40 00:42.872,75 10:06.365,2125, ,2127,9,2,5, , ,0,Y, , , , ,775661, , , ,1,1,0,0,0,0,0,0,0,0,0,0,1,1,0,0,0,0,0,0,1,0,0,0,0,0,0,0,0,0,0,0,0,0,0,8,0,40.0119,-75.1684, , 
 ,70920,2011057277,6,67,67301,2011,5,3,1105,11,1,9,8,1,1, , ,N,1,2,0,3,0,1,2,2,N,N,40 01:31.774,75 07:31.582,1121, ,1109,1,1,2,N, ,3,N, , , , ,775683, , , ,2,1,0,0,0,0,0,1,0,0,0,1,1,0,0,0,0,0,0,0,1,0,0,0,0,0,0,0,0,0,0,0,0,0,0,4,0,40.0255,-75.1254, , 
 ,70921,2011056956,6,67,67301,2011,4,1,24,0,3,2,1,4,1, , ,N,2,2,0,3,0,2,3,2,N,N,39 57:26.750,75 13:45.402,24, ,24, ,0, ,N, ,3, , , , , ,775725, , , ,2,2,0,0,0,0,0,0,0,0,2,0,2,0,0,0,0,0,0,1,0,0,0,0,0,0,0,0,0,0,0,0,0,0,0,3,0,39.9574,-75.2293, , 
 ,70922,2011023237,6,67,67301,2011,1,1,2305,23,3,1,0,4,1, , ,N,1,2,0,3,0,0,2,2,N,N,40 02:07.082,75 04:14.554,2311, ,2307,1,1,2,N, ,3,N, , , , ,775755, , , ,2,1,0,0,1,0,0,0,0,0,0,0,0,0,0,0,0,0,0,0,0,0,0,0,0,0,0,0,0,0,0,0,0,0,0,0,0,40.0353,-75.0706, , 
 ,70923,2011023327,6,67,67301,2011,1,3,649,6,5,2,5,7,5, , ,N,0,0,0,3,0,0,1,1,N, ,39 57:26.408,75 09:08.055,652, ,649, ,0, , , ,0, , , , , ,775756, , , ,1,0,0,0,0,0,1,0,0,0,0,0,0,0,0,0,0,0,0,0,0,0,0,0,0,0,0,0,0,0,0,0,0,0,0,0,0,39.9573,-75.1523, , 
 ,70924,2011080275,6,67,67301,2011,7,4,2237,22,3,1,0,7,2, , ,N,0,0,2,3,0,0,1,1,N,N,40 00:12.737,75 04:40.033,2322, ,2302,2,1,2,N, ,0,N, , , , ,779570, , , ,1,0,0,0,1,0,0,0,0,0,0,0,0,0,0,0,0,0,0,0,0,0,0,0,0,0,0,0,0,0,0,0,0,0,0,0,0,40.0035,-75.0778, , 
 ,70925,2011088065,6,67,67301,2011,7,2,1732,17,1,2,1,4,1, , ,N,2,3,0,3,0,2,2,3,N,N,40 03:58.770,75 09:28.259,1807, ,1757, ,0, , , ,3, , , , , ,779579, , , ,3,3,0,0,0,0,0,0,0,0,0,0,2,2,0,0,0,0,0,0,0,0,0,0,0,0,0,0,0,0,0,0,0,0,0,8,0,40.0663,-75.1578, , 
 ,70926,2011095486,6,67,67301,2011,8,7,30,0,3,1,0,1,1, , ,N,1,2,0,3,0,0,5,4,N,N,39 57:17.491,75 09:04.108,400, ,357,2,1,3,N, ,3,N, , , , ,779590, , , ,4,1,0,0,0,0,3,0,0,0,0,0,0,0,0,0,0,1,0,0,0,0,0,0,0,0,0,0,0,0,0,0,0,0,0,0,0,39.9549,-75.1511, , 
 ,70927,2011028964,6,67,67301,2011,1,2,839,8,1,1,0,5,1, , ,N,0,0,0,3,0,1,3,3,N,N,39 59:55.669,75 07:38.078,845, ,839, ,0, ,N, ,0, , , , , ,779616, , , ,2,2,0,0,0,0,0,0,0,0,1,0,1,0,1,0,0,0,0,0,0,0,0,1,0,0,0,0,0,0,0,0,1,0,0,3,0,39.9988,-75.1272, , 
 ,70928,2011033584,6,67,67301,2011,3,4,917,9,1,1,0,8,1, , ,N,1,3,0,3,0,1,2,2,N,N,39 59:19.136,75 07:00.379,920, ,918,1,1,3,N, ,3,N, , , , ,779619, , , ,1,0,0,0,0,0,1,0,0,0,1,0,1,0,0,0,0,0,0,0,0,0,0,0,0,0,0,0,0,0,0,0,1,0,0,3,0,39.9886,-75.1168, , 
 ,70929,2011056975,6,67,67301,2011,5,7,232,2,6,1,0,8,1, , ,N,2,2,99,3,0,1,2,2, ,N,39 57:02.780,75 10:32.599,235, ,232,9,2,2,N, ,3,Y, , , , ,779638, , , ,1,1,0,0,0,0,0,0,0,1,0,0,1,0,0,0,0,0,0,0,0,0,0,0,0,0,0,0,0,0,0,0,1,0,1,2,0,39.9508,-75.1757, , 
 ,70930,2011031208,6,67,67301,2011,2,5,1035,10,1,1,0,4,1, , ,N,0,0,7,3,0,2,4,2,N,N,40 03:10.334,75 00:26.128,1045, ,1040, ,0, ,N, ,0, , , , , ,779665, , , ,2,2,0,0,0,0,0,0,0,0,0,0,2,2,2,0,0,0,0,0,0,0,0,0,0,0,0,0,0,0,0,0,0,0,0,8,0,40.0529,-75.0073, , 
 ,70931,2011031298,6,67,67301,2011,2,3,944,9,1,3,4,8,1, , ,N,1,2,0,3,0,1,2,2,N,N,40 00:55.959,75 03:48.040,946, ,944, ,0, ,N, ,3, , , , , ,779666, , , ,1,0,0,0,0,0,1,0,0,0,0,1,1,0,0,0,0,0,0,0,0,1,0,0,0,0,0,0,0,0,0,0,1,0,0,4,0,40.0155,-75.0633, , 
 ,70932,2011036703,6,67,67301,2011,3,2,1733,17,1,1,0,1,1, , ,N,0,0,0,3,0,2,3,2,N,N,39 59:28.344,75 12:12.785,1733, ,1733,1,2,4,N, ,0,N, , , , ,779672, , , ,2,1,0,0,0,1,0,0,0,0,0,0,2,2,0,0,0,0,0,0,1,0,0,0,0,0,0,0,0,0,0,0,0,0,0,8,1,39.9912,-75.2036, , 
 ,70933,2011038349,6,67,67301,2011,3,2,1010,10,1,1,0,4,1, , ,N,1,3,0,3,0,1,2,2,N,N,39 56:52.447,75 12:49.931,1017, ,1014, ,0, ,N, ,3, , , , , ,779673, , , ,1,1,0,0,0,0,0,0,1,0,0,1,1,0,0,0,0,0,0,0,1,0,0,0,0,0,0,0,0,0,0,0,0,0,0,4,0,39.9479,-75.2139, , 
 ,70934,2011040409,6,67,67301,2011,3,6,844,8,1,1,0,4,1, , ,N,2,3,0,3,0,0,12,2,Y,N,39 57:52.259,75 12:16.304,844, ,844, ,0, ,N, ,3, , , , , ,779675, , , ,2,1,0,1,0,0,0,0,0,0,0,0,0,0,0,0,0,0,0,0,2,0,0,0,0,0,0,0,0,0,0,0,0,0,0,0,1,39.9645,-75.2045, , 
 ,70935,2011044630,6,67,67301,2011,3,3,952,9,1,1,0,2,1, , ,N,0,0,0,3,0,2,2,2,N,N,40 02:49.023,75 00:18.197,959, ,956,9,1,5,N, ,0,N, , , , ,779677, , , ,2,1,0,0,0,0,1,0,0,0,0,1,2,1,0,0,0,0,0,0,0,1,0,0,0,0,0,0,0,0,0,0,0,0,0,4,0,40.0469,-75.0051, , 
 ,70936,2011028422,6,9,9212,2011,2,5,1643,16,1,1,0,2,1, , ,N,1,2,0,3,0,3,3,2,N,N,40 08:04.061,75 00:32.635,1644, ,1643,2,1,5,N, ,3,N, , , , ,779717, , , ,2,1,0,0,1,0,0,0,0,0,0,0,3,3,0,0,0,0,1,0,0,1,0,0,0,0,0,0,0,0,0,0,0,0,0,8,0,40.1343,-75.0091, , 
 ,70937,2011028910,6,67,67301,2011,1,7,54,0,3,4,4,5,1, , ,N,2,0,0,3,0,0,2,2,N,N,40 00:59.548,75 12:38.819,103, ,55,1,1,2, , ,0,N, , , , ,779718, , , ,2,1,0,0,0,0,0,1,0,0,0,0,0,0,0,0,0,0,0,0,0,0,0,0,0,0,0,0,0,0,0,0,0,0,0,0,0,40.0164,-75.2106, , 
 ,70938,2011037898,6,67,67301,2011,3,1,1543,15,1,1,0,4,1, , ,N,1,2,0,3,0,1,3,2,N,N,39 59:39.085,75 06:28.154,1545, ,1543, ,0, ,N, ,3, , , , , ,779723, , , ,2,2,0,0,0,0,0,0,0,0,0,1,1,0,0,0,0,0,0,0,0,0,0,0,0,0,0,0,0,0,0,0,0,0,0,4,0,39.9942,-75.1078, , 
 ,70939,2011028995,6,67,67301,2011,2,7,326,3,3,6,1,1,9, , ,N,1,2,0,3,0,2,3,3,N,N,39 55:14.608,75 08:29.014,340, ,326,2,1,1,N, ,3,Y, , , , ,779757, , , ,3,3,0,0,0,0,0,0,0,0,0,2,2,0,0,0,0,0,0,0,0,0,0,0,0,0,0,0,0,0,0,0,0,0,0,4,0,39.9207,-75.1411, , 
 ,70940,2011056815,6,67,67301,2011,5,3,100,1,3,1,0,1,1, , ,N,7,0,2,3,0,2,2,2, , ,40 00:23.964,75 11:36.713,9999, ,141,2,1,2, , ,0,N, , , , ,779770, , , ,2,0,0,0,0,0,1,1,0,0,0,2,2,0,0,0,0,0,0,0,1,0,0,0,0,0,0,0,0,0,0,0,0,0,0,4,0,40.0067,-75.1935, , 
 ,70941,2011057452,6,67,67301,2011,5,1,2127,21,3,1,0,4,1, , ,N,1,3,0,3,0,2,4,5,N,N,39 56:34.728,75 13:54.623,2133, ,2127,1,2,5,N, ,3,N, , , , ,779771, , , ,5,3,0,0,0,0,1,1,0,0,1,1,2,0,0,0,0,0,0,0,0,1,0,0,0,0,0,0,0,0,0,0,0,0,0,3,0,39.943,-75.2318, , 
 ,70942,2011082633,6,67,67301,2011,7,1,9999,99,1,1,0,4,1, , ,N,0,0,0,3,0,1,6,3,N,N,39 59:21.016,75 07:29.468,1612, ,1608,2,2,6,N, ,0,Y, , , , ,822488, , , ,3,2,0,0,1,0,0,0,0,0,1,0,1,0,0,0,0,0,0,0,1,0,0,0,0,0,0,0,0,0,0,0,0,0,0,3,0,39.9892,-75.1249, , 
 ,70943,2011093052,6,67,67301,2011,8,1,2110,21,3,1,0,7,4, , ,N,1,2,0,3,0,0,1,1,N,N,39 57:44.928,75 12:58.376,2125, ,2120, ,0, ,N, ,3, , , , , ,822499, , , ,1,1,0,0,0,0,0,0,0,0,0,0,0,0,0,0,0,0,1,0,0,0,0,1,0,0,0,0,0,0,0,0,0,0,0,0,0,39.9625,-75.2162, , 
Y,70944,2011099281,6,67,67301,2011,9,7,219,2,3,1,0,5,1,1,4,Y,6,0,0,3,0,0,3,2,N,N,39 57:34.701,75 10:51.774,221,30,221,1,2,3,N, ,0,N,Y,N,N,Y,822502,N,N,N,2,1,0,0,0,0,0,0,0,0,0,0,0,0,2,0,0,0,0,0,0,0,0,0,0,0,0,0,0,0,0,0,0,0,0,9,0,39.9596,-75.181, , 
 ,70945,2011068417,6,67,67301,2011,5,3,2107,21,4,1,0,6,1, , ,N,0,2,0,3,0,2,4,2,N,N,40 01:24.779,75 07:26.755,2108, ,2107, ,0, ,N, ,3, , , , , ,822525, , , ,2,1,1,0,0,0,0,0,0,0,1,0,2,1,0,0,0,0,1,0,0,0,0,0,0,0,0,0,0,0,0,0,0,0,0,3,0,40.0235,-75.1241, , 
 ,70946,2011076295,6,67,67301,2011,6,2,1015,10,1,1,0,2,6, , ,N,0,0,0,3,0,1,1,2,N,N,40 03:36.873,75 11:19.858,1020, ,1017, ,0, ,N, ,0, , , , , ,822532, , , ,2,0,0,0,0,0,2,0,0,0,0,0,1,1,0,0,0,0,0,0,1,0,0,0,0,0,0,0,0,0,0,0,0,0,0,8,0,40.0602,-75.1888, , 
 ,70947,2011076307,6,67,67301,2011,6,4,910,9,1,1,0,4,1, , ,N,1,2,0,3,0,2,4,2,N,N,39 58:14.008,75 08:59.730,920, ,915, ,0, , , ,3, , , , , ,822533, , , ,2,1,0,0,0,0,1,0,0,0,0,2,2,0,0,0,0,0,0,0,0,0,1,0,0,0,0,0,0,0,0,0,0,0,0,4,0,39.9704,-75.15, , 
 ,70948,2011030839,6,67,67301,2011,3,4,650,6,1,1,0,2,1, , ,N,1,2,0,3,0,1,2,2,N,N,39 58:43.230,75 09:28.092,745, ,655,3,2,2,N, ,3,Y, , , , ,822546, , , ,2,1,0,0,0,1,0,0,0,0,0,1,1,0,0,0,0,0,0,0,1,0,0,0,0,0,0,0,0,0,0,0,0,0,0,4,1,39.9787,-75.1578, , 
 ,70949,2011047043,6,67,67301,2011,4,6,1439,14,1,2,1,7,5, , ,N,0,0,0,3,0,1,1,1,N,N,39 58:22.180,75 12:58.247,1625, ,1620, ,0, ,N, ,0, , , , , ,822559, , , ,1,1,0,0,0,0,0,0,0,0,0,1,1,0,0,0,0,0,0,0,1,0,0,0,0,0,0,0,0,0,0,0,0,0,0,4,0,39.9728,-75.2162, , 
 ,70950,2011061865,6,67,67301,2011,5,1,1400,14,1,1,0,6,1, , ,N,2,1,0,3,0,3,5,2, , ,39 55:45.184,75 13:45.242,1405, ,1401, ,0, , , ,3, , , , , ,822575, , , ,2,1,0,1,0,0,0,0,0,0,0,0,3,3,0,0,0,0,0,0,0,0,0,0,0,0,0,0,0,0,0,0,0,0,0,8,1,39.9292,-75.2292, , 
 ,70951,2011122241,6,67,67301,2011,9,6,608,6,3,1,0,7,5, , ,N,0,0,0,3,0,1,1,1,N,N,39 54:34.239,75 08:57.368,620, ,611,1,1,2,N, ,0,N, , , , ,822605, , , ,1,1,0,0,0,0,0,0,0,0,1,0,1,0,0,0,0,0,0,0,0,0,0,0,0,0,0,0,0,0,0,0,0,0,0,3,0,39.9096,-75.1493, , 
 ,70952,2011083425,6,67,67301,2011,7,4,2357,23,3,1,0,8,1, , ,N,0,0,0,3,1,0,2,2,N,N,40 01:24.027,75 04:36.158,5, ,2359,4,2,2,N,0,0,Y, , , , ,822642, , , ,1,0,0,1,0,0,0,0,0,0,0,0,0,0,0,0,0,0,0,0,1,0,0,0,0,0,0,0,0,0,0,0,1,1,0,1,1,40.0233,-75.0767,2, 
 ,70953,2011093031,6,67,67301,2011,8,5,2127,21,3,2,1,8,1, , ,N,1,2,0,3,0,1,2,2,N, ,39 56:41.420,75 10:30.111,2143, ,2139, ,0, , , ,3, , , , , ,822653, , , ,1,0,0,1,0,0,0,0,0,0,0,0,1,1,0,0,0,0,0,0,0,1,0,0,0,0,0,0,0,0,0,0,1,0,0,8,1,39.9448,-75.175, , 