wz_ln_closure,objectid_1,crn,district,county,municipality,crash_year,crash_month,day_of_week,time_of_day,hour_of_day,illumination,weather,road_condition,collision_type,relation_to_road,work_zone_type,work_zone_loc,work_zone_ind,intersect_type,tcd_type,location_type,urban_rural,fatal_count,injury_count,person_count,total_units,sch_bus_ind,sch_zone_ind,latitude,longitude,arrival_tm,cons_zone_spd_lim,dispatch_tm,est_hrs_closed,lane_closed,ln_close_dir,ntfy_hiwy_maint,spec_juris_cd,tcd_func_cd,tfc_detour_ind,workers_pres,wz_close_detour,wz_flagger,wz_law_offcr_ind,objectid,wz_moving,wz_other,wz_shlder_mdn,vehicle_count,automobile_count,motorcycle_count,bus_count,small_truck_count,heavy_truck_count,suv_count,van_count,bicycle_count,maj_inj_count,mod_inj_count,min_inj_count,tot_inj_count,unk_inj_deg_count,unk_inj_per_count,driver_count_16yr,driver_count_17yr,driver_count_18yr,driver_count_19yr,driver_count_20yr,driver_count_50_64yr,driver_count_65_74yr,driver_count_75plus,unbelted_occ_count,unb_death_count,unb_maj_inj_count,belted_death_count,belted_maj_inj_count,mcycle_death_count,mcycle_maj_inj_count,bicycle_death_count,bicycle_maj_inj_count,ped_count,ped_death_count,ped_maj_inj_count,max_severity_level,comm_veh_count,dec_lat,dec_long,rdwy_surf_type_cd,county_name
 ,70954,2011100877,6,67,67301,2011,9,1,1910,19,4,1,0,4,1, , ,N,1,3,0,3,0,1,3,2,N,N,39 59:41.776,75 10:15.553,1910, ,1910,2,2,2,N, ,3,Y, , , , ,822658, , , ,2,1,0,0,0,0,0,1,0,0,0,0,1,1,0,0,0,0,1,0,0,0,0,1,0,0,0,0,0,0,0,0,0,0,0,8,0,39.9949,-75.171, , 
 ,70955,2011100907,6,67,67301,2011,9,2,9999,99,1,1,0,8,1, , ,N,1,2,0,3,0,1,2,2,N, ,40 01:16.976,75 04:45.706,9999, ,9999, ,0, , , ,3, , , , , ,822659, , , ,1,0,0,0,0,0,1,0,0,0,0,0,1,1,0,0,0,0,0,0,0,0,0,0,0,0,0,0,0,0,0,0,1,0,0,8,0,40.0214,-75.0794, , 
 ,70956,2011112425,6,67,67301,2011,10,5,1816,18,3,2,1,1,1, , ,N,0,0,0,3,0,0,2,2,N,N,39 57:32.590,75 10:16.405,1901, ,1830, ,0, ,N, ,0, , , , , ,822671, , , ,2,2,0,0,0,0,0,0,0,0,0,0,0,0,0,0,0,0,0,0,0,0,1,0,0,0,0,0,0,0,0,0,0,0,0,0,0,39.9591,-75.1712, , 
 ,70957,2011068388,6,67,67301,2011,6,6,9999,99,1,1,0,1,1, , ,N,0,0,0,3,0,1,2,2,N,N,40 01:57.716,75 07:27.087,9999, ,9999, ,0, ,N, ,0, , , , , ,822681, , , ,2,2,0,0,0,0,0,0,0,0,0,1,1,0,0,0,0,0,0,0,0,0,0,0,0,0,0,0,0,0,0,0,0,0,0,4,0,40.0327,-75.1242, , 
 ,70958,2011073213,6,67,67301,2011,4,1,1512,15,1,1,0,4,1, , ,N,1,2,0,3,1,3,4,2,N,N,40 01:46.046,75 11:10.157,1516, ,1513,3,2,6, ,0,3,Y, , , , ,822688, , , ,2,1,0,0,0,0,1,0,0,0,1,2,3,0,0,0,0,0,0,0,1,0,0,1,0,0,0,0,0,0,0,0,0,0,0,1,0,40.0295,-75.1862,2, 
 ,70959,2011093025,6,67,67301,2011,8,3,2130,21,3,1,0,1,1, , ,N,0,0,0,3,0,1,2,2,N, ,39 55:57.580,75 10:21.960,2138, ,2134, ,0, , , ,0, , , , , ,822709, , , ,1,0,1,0,0,0,0,0,1,0,0,0,1,1,0,0,0,0,0,0,0,0,0,0,0,0,0,0,0,0,0,0,0,0,0,8,0,39.9327,-75.1728, , 
 ,70960,2011095417,6,67,67301,2011,8,2,935,9,1,1,0,8,1, , ,N,1,2,0,3,0,1,2,2,N, ,40 04:26.865,75 09:30.131,945, ,943, ,0, , , ,3, , , , , ,822711, , , ,1,0,0,0,1,0,0,0,0,0,1,0,1,0,0,0,0,0,0,0,0,0,0,0,0,0,0,0,0,0,0,0,1,0,0,3,0,40.0741,-75.1584, , 
 ,70961,2011098881,6,67,67301,2011,9,6,728,7,1,1,0,0,1, , ,N,0,2,0,3,0,1,1,1,N,N,40 04:33.720,75 11:39.512,731, ,728, ,0, ,N, ,3, , , , , ,822715, , , ,1,0,1,0,0,0,0,0,0,0,0,1,1,0,0,0,0,0,0,0,0,0,0,0,0,0,0,0,0,0,0,0,0,0,0,4,0,40.076,-75.1943, , 
 ,70962,2011058530,6,67,67301,2011,4,3,1138,11,1,1,0,1,1, , ,N,0,0,0,3,0,1,1,2,N,N,39 57:36.312,75 10:46.410,1158, ,1144,1,1,4,N, ,0,N, , , , ,822722, , , ,2,1,0,0,0,0,0,0,0,0,1,0,1,0,0,0,0,0,0,0,0,0,0,1,0,0,0,0,0,0,0,0,0,0,0,3,0,39.9601,-75.1796, , 
 ,70963,2011066175,6,67,67301,2011,6,4,1755,17,1,1,0,1,1, , ,N,1,2,0,3,0,2,4,2,N,N,40 03:59.367,75 11:46.819,1859, ,1849, ,0, ,N, ,3, , , , , ,822732, , , ,2,0,0,0,0,0,1,1,0,0,0,0,2,2,0,0,0,0,0,0,0,0,1,0,0,0,0,0,0,0,0,0,0,0,0,8,0,40.0665,-75.1963, , 
 ,70964,2011085501,6,67,67301,2011,7,5,1523,15,1,1,0,4,1, , ,N,1,3,0,3,0,1,3,2,N,N,39 55:51.079,75 13:02.437,1635, ,1629, ,0, , , ,3, , , , , ,822749, , , ,2,2,0,0,0,0,0,0,0,0,0,0,1,1,0,0,0,0,0,0,0,0,1,0,0,0,0,0,0,0,0,0,0,0,0,8,0,39.9309,-75.2173, , 
 ,70965,2011087938,6,67,67301,2011,8,4,2000,20,3,9,8,8,1, , ,N,1,2,0,3,0,1,2,2,N, ,40 02:54.852,75 09:42.008,2115, ,2112, ,0, , , ,3, , , , , ,822753, , , ,1,1,0,0,0,0,0,0,0,0,0,1,1,0,1,0,0,0,0,0,0,0,0,0,0,0,0,0,0,0,0,0,1,0,0,4,0,40.0486,-75.1617, , 
 ,70966,2011100846,6,67,67301,2011,9,2,305,3,3,1,1,7,5, , ,N,1,2,2,3,0,0,1,1,N,N,39 57:25.871,75 08:31.299,314, ,309, ,0, ,N, ,3, , , , , ,822764, , , ,1,1,0,0,0,0,0,0,0,0,0,0,0,0,0,0,0,0,0,0,0,0,0,0,0,0,0,0,0,0,0,0,0,0,0,0,0,39.9573,-75.1452, , 
 ,70967,2011100866,6,67,67301,2011,8,2,2308,23,3,1,0,1,1, , ,N,1,2,0,3,0,1,2,2,N,N,40 01:48.125,75 06:11.118,2316, ,2311, ,0, ,N, ,3, , , , , ,822765, , , ,2,2,0,0,0,0,0,0,0,0,0,1,1,0,1,0,0,0,0,0,0,0,0,0,0,0,0,0,0,0,0,0,0,0,0,4,0,40.03,-75.1031, , 
 ,70968,2011060471,6,67,67301,2011,6,2,1713,17,1,1,0,1,1, , ,N,0,0,0,3,0,0,2,2,N,N,39 54:02.651,75 09:17.147,1726, ,1726, ,0, ,N, ,0, , , , , ,822769, , , ,2,1,0,0,0,0,1,0,0,0,0,0,0,0,0,0,0,0,0,0,1,0,0,0,0,0,0,0,0,0,0,0,0,0,0,0,0,39.9007,-75.1547, , 
 ,70969,2011061833,6,67,67301,2011,5,1,1640,16,1,2,1,1,6, , ,N,0,0,0,3,0,0,1,4,N,N,40 01:43.688,75 10:25.788,1753, ,1653, ,0, ,N, ,0, , , , , ,822772, , , ,4,4,0,0,0,0,0,0,0,0,0,0,0,0,0,0,0,0,0,0,0,0,1,0,0,0,0,0,0,0,0,0,0,0,0,0,0,40.0288,-75.1738, , 
 ,70970,2011115514,6,67,67301,2011,10,1,218,2,3,1,0,2,1, , ,N,0,2,0,3,0,0,2,2,N,N,39 55:34.603,75 14:00.284,218, ,218, ,0, ,N, ,3, , , , , ,822787, , , ,2,2,0,0,0,0,0,0,0,0,0,0,0,0,1,0,0,0,0,0,0,0,0,1,0,0,0,0,0,0,0,0,0,0,0,9,0,39.9263,-75.2334, , 
 ,70971,2011118175,6,67,67301,2011,10,6,1824,18,2,1,0,1,1, , ,N,1,2,0,3,0,1,2,2,N,N,39 55:29.209,75 10:21.964,1830, ,1827, ,0, ,N, ,3, , , , , ,822793, , , ,1,0,0,0,0,0,0,0,1,0,0,1,1,0,0,0,0,0,0,0,0,0,0,0,0,0,0,0,0,0,0,0,0,0,0,4,0,39.9248,-75.1728, , 
 ,70972,2011056775,6,67,67301,2011,5,2,9999,99,1,1,0,1,1, , ,N,0,0,0,3,0,1,3,2,N,N,39 59:57.720,75 12:31.070,1007, ,1000,9,1,3,N, ,0,N, , , , ,822811, , , ,2,1,0,0,0,0,1,0,0,0,0,0,1,1,0,0,0,0,0,0,0,0,0,0,0,0,0,0,0,0,0,0,0,0,0,8,0,39.9994,-75.2086, , 
 ,70973,2011108753,6,67,67301,2011,9,1,250,2,3,1,0,8,1, , ,N,1,2,0,3,0,3,4,4,N,N,39 56:11.083,75 13:08.439,257, ,256, ,0, ,N, ,9, , , , , ,822860, , , ,1,1,0,0,0,0,0,0,0,0,0,3,3,0,0,0,0,0,0,0,0,0,0,0,0,0,0,0,0,0,0,0,3,0,0,4,0,39.9364,-75.219, , 
 ,70974,2011053552,6,67,67301,2011,4,7,1215,12,1,2,1,4,1, , ,N,1,2,0,3,0,3,6,2,N,N,39 58:59.055,75 08:38.421,1220, ,1216, ,0, ,N, ,3, , , , , ,822875, , , ,2,2,0,0,0,0,0,0,0,0,0,3,3,0,0,0,0,0,0,0,0,0,0,0,0,0,0,0,0,0,0,0,0,0,0,4,0,39.9831,-75.144, , 
 ,70975,2011056905,6,67,67301,2011,5,1,1150,11,1,1,0,8,1, , ,N,0,0,0,3,0,1,2,2,N,N,39 59:43.583,75 10:44.120,9999, ,9999, ,0, ,N, ,0, , , , , ,822878, , , ,1,1,0,0,0,0,0,0,0,0,0,1,1,0,1,0,0,0,0,0,0,0,0,0,0,0,0,0,0,0,0,0,1,0,0,4,0,39.9954,-75.1789, , 
 ,70976,2011082605,6,67,67301,2011,7,3,1241,12,1,1,0,4,4, , ,N,1,2,0,3,0,1,2,2,N,N,40 03:20.764,75 09:31.951,1250, ,1246, ,0, ,N, ,3, , , , , ,822897, , , ,2,2,0,0,0,0,0,0,0,0,0,1,1,0,0,0,0,0,0,0,0,0,1,0,0,0,0,0,0,0,0,0,0,0,0,4,0,40.0558,-75.1589, , 
 ,70977,2011085489,6,67,67301,2011,7,1,1905,19,1,1,1,4,1, , ,N,1,2,0,3,0,2,3,4,N, ,39 58:48.215,75 06:57.921,1915, ,1910,1,1,4, , ,3,Y, , , , ,822901, , , ,4,1,0,0,1,0,2,0,0,0,0,2,2,0,1,0,1,0,0,0,0,0,0,1,0,0,0,0,0,0,0,0,0,0,0,4,0,39.9801,-75.1161, , 
 ,70978,2011132660,6,67,67301,2011,11,1,208,2,3,1,0,7,2, , ,N,1,2,0,3,0,0,1,1,N,N,39 56:49.916,75 09:59.252,214, ,209, ,0, , , ,3, , , , , ,815896, , , ,1,0,0,0,0,0,1,0,0,0,0,0,0,0,0,0,0,0,0,0,0,0,0,0,0,0,0,0,0,0,0,0,0,0,0,0,0,39.9472,-75.1665, , 
 ,70979,2011132849,6,67,67301,2011,11,5,1400,14,1,1,0,8,1, , ,N,0,0,0,3,0,1,2,2,N,N,40 02:01.309,75 03:55.472,1409, ,1406, ,0, ,N, ,0, , , , , ,815897, , , ,1,0,0,0,0,0,1,0,0,0,0,0,1,1,1,0,0,0,0,0,0,0,0,1,0,0,0,0,0,0,0,0,1,0,0,8,0,40.0337,-75.0654, , 
 ,70980,2012032533,6,67,67301,2011,12,5,2109,21,3,1,0,4,1, , ,N,1,2,0,3,0,1,2,2,N,N,39 54:45.697,75 08:17.589,2118, ,2118,9,1,2,N, ,3,N, , , , ,815905, , , ,2,1,1,0,0,0,0,0,0,0,1,0,1,0,0,1,0,0,0,0,0,0,0,1,0,0,0,0,0,0,0,0,0,0,0,3,0,39.9125,-75.1381, , 
 ,70981,2011061741,6,67,67301,2011,5,5,140,1,3,1,0,7,5, , ,N,6,0,0,3,0,0,1,1,N,N,39 58:56.846,75 06:03.805,155, ,150,1,2,2,N, ,0,Y, , , , ,815914, , , ,1,1,0,0,0,0,0,0,0,0,0,0,0,0,0,0,0,0,0,1,0,0,0,0,0,0,0,0,0,0,0,0,0,0,0,0,0,39.9825,-75.1011, , 
 ,70982,2011066197,6,67,67301,2011,5,5,1345,13,1,1,0,1,1, , ,N,1,2,0,3,0,2,3,3,N,N,39 59:49.557,75 14:07.172,1400, ,1350, ,0, ,N, ,3, , , , , ,815918, , , ,3,1,0,0,0,0,1,1,0,0,0,0,2,2,1,0,0,0,0,0,0,0,0,0,0,0,0,0,0,0,0,0,0,0,0,8,0,39.997,-75.2353, , 
 ,70983,2011082546,6,67,67301,2011,7,3,1700,17,1,1,0,8,1, , ,N,1,2,0,3,0,2,2,2,N,N,39 56:38.450,75 09:36.017,1708, ,1705, ,0, ,N, ,3, , , , , ,815931, , , ,1,0,1,0,0,0,0,0,0,0,0,0,2,2,0,0,0,0,0,0,1,0,0,0,0,0,0,0,0,0,0,0,1,0,0,8,0,39.944,-75.16, , 
 ,70984,2011082737,6,67,67301,2011,7,7,250,2,3,1,0,4,1, , ,N,1,3,0,3,0,1,3,2,N, ,39 57:48.060,75 09:46.616,308, ,305, ,0, , , ,3, , , , , ,815932, , , ,2,1,0,0,1,0,0,0,0,0,0,1,1,0,0,0,0,0,0,0,0,0,0,1,0,0,0,0,0,0,0,0,0,0,0,4,0,39.9634,-75.1629, , 
 ,70985,2011085464,6,67,67301,2011,7,6,1615,16,1,1,0,4,2, , ,N,0,0,0,3,0,0,1,3,N,N,40 05:39.633,74 58:05.815,1620, ,1615, ,0, ,N, ,0, , , , , ,815933, , , ,3,3,0,0,0,0,0,0,0,0,0,0,0,0,0,0,0,0,0,0,0,0,0,0,0,0,0,0,0,0,0,0,0,0,0,0,0,40.0943,-74.9683, , 
 ,70986,2011085485,6,67,67301,2011,7,7,2210,22,3,1,0,1,1, , ,N,1,2,0,3,0,1,2,2,N, ,40 01:34.321,75 10:08.941,2214, ,2211, ,0, , , ,3, , , , , ,815934, , , ,2,0,2,0,0,0,0,0,0,0,0,0,1,1,0,0,0,0,0,0,1,0,0,0,0,0,0,0,0,0,0,0,0,0,0,8,0,40.0262,-75.1692, , 
 ,70987,2011064026,6,67,67301,2011,5,1,2357,23,2,2,1,7,5, , ,N,0,0,0,3,0,1,1,1, , ,39 59:34.736,75 09:49.891,53, ,48, ,0, , , ,0, , , , , ,815983, , , ,1,1,0,0,0,0,0,0,0,0,0,0,1,1,0,0,0,0,0,0,0,0,0,0,0,0,0,0,0,0,0,0,0,0,0,8,0,39.993,-75.1639, , 
 ,70988,2011065669,6,67,67301,2011,6,5,1654,16,1,1,0,1,1, , ,N,0,0,0,3,0,0,2,2,N,N,40 02:22.150,75 00:26.986,1655, ,1655, ,0, ,N, ,0, , , , , ,815990, , , ,2,0,0,0,0,0,1,1,0,0,0,0,0,0,0,0,0,0,0,0,1,0,0,0,0,0,0,0,0,0,0,0,0,0,0,0,0,40.0395,-75.0074, , 
 ,70989,2011075828,6,67,67301,2011,6,4,2105,21,2,1,0,1,6, , ,N,0,0,0,3,0,1,1,2,N,N,40 02:10.089,75 13:34.993,2115, ,2108, ,0, ,N, ,0, , , , , ,815996, , , ,2,0,1,0,0,0,1,0,0,0,0,0,1,1,0,0,0,0,0,0,0,0,0,0,0,0,0,0,0,0,0,0,0,0,0,8,0,40.0361,-75.2264, , 
 ,70990,2011083428,6,67,67301,2011,7,1,2230,22,3,1,0,8,1, , ,N,0,2,0,3,0,1,2,2,N,N,39 57:02.215,75 08:56.049,9999, ,2233, ,0, ,N, ,3, , , , , ,816001, , , ,1,1,0,0,0,0,0,0,0,1,0,0,1,0,0,0,0,0,0,0,0,0,0,0,0,0,0,0,0,0,0,0,1,0,1,2,0,39.9506,-75.1489, , 
 ,70991,2011088073,6,67,67301,2011,7,7,1300,13,1,1,0,8,1, , ,N,1,2,0,3,0,1,2,2,N, ,40 00:11.769,75 09:57.120,9999, ,1700, ,0, ,N, ,9, , , , , ,816004, , , ,1,1,0,0,0,0,0,0,0,0,0,1,1,0,0,0,0,0,0,0,0,0,0,0,0,0,0,0,0,0,0,0,1,0,0,4,0,40.0033,-75.1659, , 
 ,70992,2011104726,6,67,67301,2011,8,1,216,2,3,1,0,7,5, , ,N,0,0,0,3,0,2,4,2,N,N,39 58:13.539,75 11:34.179,219, ,219,1,1,4,N, ,0,N, , , , ,816016, , , ,1,0,0,0,0,0,1,0,0,0,2,0,2,0,0,0,0,0,0,0,0,0,0,0,0,0,0,0,0,0,0,0,0,0,0,3,0,39.9704,-75.1928, , 
 ,70993,2011064053,6,67,67301,2011,5,1,2207,22,3,1,0,4,1, , ,N,1,3,0,3,0,1,2,2,N,N,40 01:08.120,75 02:58.216,2215, ,2210,1,1,5,N, ,3,Y, , , , ,816040, , , ,2,2,0,0,0,0,0,0,0,0,0,1,1,0,0,0,0,0,0,0,0,0,0,0,0,0,0,0,0,0,0,0,0,0,0,4,0,40.0189,-75.0495, , 
 ,70994,2011068501,6,67,67301,2011,6,6,1916,19,1,1,0,8,1, , ,N,0,0,0,3,0,1,2,2,N,N,39 56:07.662,75 09:07.835,1925, ,1920, ,0, ,N, ,0, , , , , ,816043, , , ,1,1,0,0,0,0,0,0,0,0,0,1,1,0,0,0,0,0,0,0,0,0,0,0,0,0,0,0,0,0,0,0,1,0,0,4,0,39.9355,-75.1522, , 
 ,70995,2011076308,6,67,67301,2011,6,7,1245,12,1,1,0,1,1, , ,N,1,0,0,3,0,0,2,2, , ,39 59:27.484,75 07:54.928,1250, ,1245, ,0, , , ,0, , , , , ,816047, , , ,2,2,0,0,0,0,0,0,0,0,0,0,0,0,0,0,0,0,0,0,0,0,1,0,0,0,0,0,0,0,0,0,0,0,0,0,0,39.991,-75.1319, , 
 ,70996,2011095379,6,67,67301,2011,8,3,1445,14,1,1,0,8,1, , ,N,2,3,0,3,0,1,2,2,N,N,39 57:40.683,75 09:48.275,1652, ,1646, ,0, , , ,3, , , , , ,819244, , , ,1,0,0,0,0,0,0,1,0,0,0,0,1,1,1,0,0,0,0,0,0,0,0,0,0,0,0,0,0,0,0,0,1,0,0,8,0,39.9613,-75.1634, , 
 ,70997,2011029391,6,67,67301,2011,2,7,2040,20,3,1,0,6,1, , ,N,0,0,0,3,0,2,5,2,N,N,40 02:18.970,75 09:30.481,2045, ,2040,1,2,5,N, ,0,Y, , , , ,819271, , , ,2,1,0,0,0,0,0,1,0,0,2,0,2,0,1,0,0,0,1,0,0,0,0,2,0,0,0,0,0,0,0,0,0,0,0,3,0,40.0386,-75.1585, , 
 ,70998,2011031336,6,67,67301,2011,2,4,830,8,1,1,0,8,1, , ,N,1,2,0,3,0,1,2,2,N,N,40 01:43.550,75 07:55.833,1050, ,1042, ,0, ,N, ,9, , , , , ,819275, , , ,1,0,0,0,0,0,1,0,0,0,0,0,1,1,1,0,0,0,0,0,0,0,0,0,0,0,0,0,0,0,0,0,1,0,0,8,0,40.0288,-75.1322, , 
 ,70999,2011031449,6,67,67301,2011,2,1,1848,18,3,1,0,4,1, , ,N,1,2,0,3,0,1,2,2,N,N,40 03:31.910,75 05:05.947,1854, ,1851, ,0, ,N, ,3, , , , , ,819276, , , ,2,1,0,0,0,0,1,0,0,0,0,1,1,0,1,0,0,0,0,0,0,0,0,0,0,0,0,0,0,0,0,0,0,0,0,4,0,40.0589,-75.085, , 
 ,71000,2011034125,6,67,67301,2011,3,4,1845,18,3,1,1,1,1, , ,N,0,0,0,3,0,1,3,3,N,N,39 58:53.241,75 06:07.348,1847, ,1847,1,1,2,N, ,0,N, , , , ,819278, , , ,3,1,0,0,1,0,1,0,0,0,0,0,1,1,0,0,0,0,0,0,1,0,0,0,0,0,0,0,0,0,0,0,0,0,0,8,0,39.9814,-75.1022, , 
 ,71001,2011040430,6,67,67301,2011,3,5,500,5,3,2,1,8,1, , ,N,0,0,0,3,0,1,2,2,N,N,40 00:47.699,75 04:07.046,508, ,505, ,0, ,N, ,0, , , , , ,819285, , , ,1,1,0,0,0,0,0,0,0,0,0,0,1,1,0,0,0,0,0,0,1,0,0,0,0,0,0,0,0,0,0,0,1,0,0,8,0,40.0132,-75.0686, , 
 ,71002,2011056932,6,67,67301,2011,5,7,1231,12,1,1,0,4,1, , ,N,2,0,0,3,0,1,5,2,N,N,40 01:35.418,75 12:14.350,1233, ,1231, ,0, ,N, ,0, , , , , ,819295, , , ,2,1,0,0,1,0,0,0,0,0,1,0,1,0,0,0,0,0,0,0,1,0,0,0,0,0,0,0,0,0,0,0,0,0,0,3,0,40.0265,-75.204, , 
 ,71003,2011088464,6,67,67301,2011,8,5,52,0,3,2,1,7,5, , ,N,0,0,0,3,0,1,1,1,N,N,39 57:22.353,75 11:12.298,100, ,52, ,0, ,N, ,0, , , , , ,819312, , , ,1,1,0,0,0,0,0,0,0,1,0,0,1,0,0,0,0,0,0,1,0,0,0,0,0,0,0,0,0,0,0,0,0,0,0,2,0,39.9562,-75.1867, , 
 ,71004,2011092956,6,67,67301,2011,8,1,829,8,3,1,0,4,6, , ,N,0,0,0,3,0,0,1,3,N, ,39 55:51.484,75 09:28.875,835, ,830,1,2,2, , ,0,Y, , , , ,819319, , , ,3,3,0,0,0,0,0,0,0,0,0,0,0,0,1,0,0,0,0,0,0,0,0,1,0,0,0,0,0,0,0,0,0,0,0,9,0,39.931,-75.158, , 
 ,71005,2011100845,6,67,67301,2011,9,1,214,2,3,1,0,1,1, , ,N,0,0,0,3,0,1,2,2,N,N,39 57:04.139,75 10:20.973,227, ,225, ,0, ,N, ,0, , , , , ,819325, , , ,1,1,0,0,0,0,0,0,1,0,0,0,1,1,0,0,0,0,0,0,0,0,0,0,0,0,0,0,0,0,0,0,0,0,0,8,0,39.9511,-75.1725, , 
 ,71006,2012002028,6,67,67301,2011,12,7,1955,19,3,1,0,5,1, , ,N,1,2,0,3,0,1,2,2,N,N,39 57:51.632,75 10:34.573,1959, ,1956, ,0, ,N, ,3, , , , , ,819349, , , ,1,1,0,0,0,0,0,0,1,0,0,0,1,1,0,0,0,0,0,0,0,0,0,0,0,0,0,0,0,0,0,0,0,0,0,8,0,39.9644,-75.1764, , 
 ,71007,2011056819,6,67,67301,2011,5,3,2034,20,3,1,0,7,5, , ,N,0,0,0,3,0,1,2,1,N,N,40 04:08.883,75 02:24.141,2040, ,2034, ,0, ,N, ,0, , , , , ,819356, , , ,1,1,0,0,0,0,0,0,0,0,0,1,1,0,0,0,0,0,0,0,0,0,0,0,0,0,0,0,0,0,0,0,0,0,0,4,0,40.0691,-75.04, , 
 ,71008,2011090176,6,67,67301,2011,8,7,1704,17,1,2,1,7,2, , ,N,0,0,0,3,0,0,1,1,N,N,39 53:56.537,75 10:06.560,1716, ,1707, ,0, ,N, ,0, , , , , ,819383, , , ,1,1,0,0,0,0,0,0,0,0,0,0,0,0,0,0,0,0,0,0,0,0,0,0,0,0,0,0,0,0,0,0,0,0,0,0,0,39.899,-75.1685, , 
 ,71009,2011095452,6,67,67301,2011,8,2,655,6,1,1,0,7,4, , ,N,0,0,0,3,0,1,2,1,N, ,40 01:02.064,75 12:41.126,715, ,704, ,0, , , ,0, , , , , ,819391, , , ,1,0,0,1,0,0,0,0,0,0,0,0,1,1,0,0,0,0,0,0,0,0,0,0,0,0,0,0,0,0,0,0,0,0,0,8,1,40.0171,-75.2114, , 
 ,71010,2011083328,6,67,67301,2011,7,7,9999,99,1,1,0,1,9, , ,N,1,2,0,3,0,1,3,3,N,N,40 02:41.988,75 07:24.833,1708, ,1708, ,0, ,N, ,3, , , , , ,819414, , , ,3,1,0,0,0,0,0,2,0,0,0,0,1,1,0,0,0,0,0,0,0,0,1,0,0,0,0,0,0,0,0,0,0,0,0,8,0,40.045,-75.1236, , 
 ,71011,2011083336,6,67,67301,2011,7,2,9999,99,3,1,0,4,1, , ,N,1,2,0,3,0,5,5,2,N, ,40 00:57.144,75 09:13.828,300, ,259, ,0, , , ,3, , , , , ,819415, , , ,2,2,0,0,0,0,0,0,0,0,0,0,5,5,0,0,0,0,0,0,0,0,0,0,0,0,0,0,0,0,0,0,0,0,0,8,0,40.0159,-75.1538, , 
 ,71012,2011090575,6,67,67301,2011,8,5,821,8,1,1,0,6,1, , ,N,2,0,2,3,0,0,3,2,N, ,39 57:15.516,75 08:23.025,840, ,836,2,2,2, , ,0,N, , , , ,819422, , , ,2,2,0,0,0,0,0,0,0,0,0,0,0,0,0,0,0,0,0,0,1,0,0,0,0,0,0,0,0,0,0,0,0,0,0,0,0,39.9541,-75.1395, , 
 ,71013,2011107342,6,67,67301,2011,10,1,1437,14,1,1,0,1,1, , ,N,6,0,2,3,0,1,4,3,N,N,39 56:54.806,75 11:08.208,1445, ,1438,1,1,4,N, ,0,N, , , , ,819433, , , ,3,1,0,0,1,0,1,0,0,0,0,0,1,1,0,0,0,0,0,0,0,0,0,0,0,0,0,0,0,0,0,0,0,0,0,8,0,39.9486,-75.1856, , 
 ,71014,2011087988,6,67,67301,2011,8,5,0,0,3,2,1,4,1, , ,N,2,0,0,3,0,0,2,2,N,N,40 02:20.683,75 03:34.752,10, ,5,2,1,1,N, ,0,N, , , , ,822905, , , ,2,1,0,0,1,0,0,0,0,0,0,0,0,0,0,0,0,0,0,0,0,0,0,0,0,0,0,0,0,0,0,0,0,0,0,0,0,40.0391,-75.0597, , 
 ,71015,2011092934,6,67,67301,2011,8,7,1740,17,1,1,0,6,9, , ,N,0,0,0,3,0,2,4,2,N, ,40 00:15.775,75 08:57.638,1755, ,1750, ,0, , , ,0, , , , , ,822911, , , ,2,1,0,1,0,0,0,0,0,0,0,0,2,2,1,0,0,0,0,0,0,0,0,1,0,0,0,0,0,0,0,0,0,0,0,8,1,40.0044,-75.1493, , 
 ,71016,2011068369,6,67,67301,2011,6,7,1317,13,1,1,0,8,1, , ,N,1,2,0,3,0,1,2,2,N,N,40 03:02.401,75 10:23.780,1400, ,1350, ,0, ,N, ,3, , , , , ,822925, , , ,1,1,0,0,0,0,0,0,0,0,0,0,1,1,0,0,0,0,0,0,0,0,0,1,0,0,0,0,0,0,0,0,1,0,0,8,0,40.0507,-75.1733, , 
 ,71017,2011073174,6,67,67301,2011,6,7,9999,99,5,1,0,4,1, , ,N,0,0,0,3,0,0,2,3,N,N,39 57:57.103,75 14:38.558,350, ,342, ,0, ,N, ,0, , , , , ,822930, , , ,3,2,0,0,0,0,0,0,0,0,0,0,0,0,2,0,0,0,0,0,0,0,0,0,0,0,0,0,0,0,0,0,0,0,0,9,0,39.9659,-75.244, , 
 ,71018,2011082638,6,67,67301,2011,7,3,2248,22,3,1,0,1,1, , ,N,0,0,0,3,0,0,2,2,N,N,40 00:27.739,75 11:29.679,2258, ,2250,2,1,1,N, ,0,N, , , , ,822940, , , ,2,1,0,0,0,0,1,0,0,0,0,0,0,0,0,0,0,0,0,0,0,0,0,0,0,0,0,0,0,0,0,0,0,0,0,0,0,40.0077,-75.1916, , 
 ,71019,2011090434,6,67,67301,2011,7,3,9999,99,1,1,0,7,3, , ,N,1,2,99,3,0,0,2,2,N,N,39 57:23.708,75 09:08.591,9999, ,9999, ,0, ,N, ,3, , , , , ,822998, , , ,2,2,0,0,0,0,0,0,0,0,0,0,0,0,0,0,0,0,0,0,2,0,0,0,0,0,0,0,0,0,0,0,0,0,0,0,0,39.9566,-75.1524, , 
 ,71020,2011076286,6,67,67301,2011,7,7,45,0,3,1,0,5,1, , ,N,1,3,0,3,0,0,1,2, , ,39 55:26.648,75 11:13.005,47, ,45, ,0, , , ,3, , , , , ,823017, , , ,2,2,0,0,0,0,0,0,0,0,0,0,0,0,0,0,0,0,0,0,0,0,1,1,0,0,0,0,0,0,0,0,0,0,0,0,0,39.9241,-75.1869, , 