wz_ln_closure,objectid_1,crn,district,county,municipality,crash_year,crash_month,day_of_week,time_of_day,hour_of_day,illumination,weather,road_condition,collision_type,relation_to_road,work_zone_type,work_zone_loc,work_zone_ind,intersect_type,tcd_type,location_type,urban_rural,fatal_count,injury_count,person_count,total_units,sch_bus_ind,sch_zone_ind,latitude,longitude,arrival_tm,cons_zone_spd_lim,dispatch_tm,est_hrs_closed,lane_closed,ln_close_dir,ntfy_hiwy_maint,spec_juris_cd,tcd_func_cd,tfc_detour_ind,workers_pres,wz_close_detour,wz_flagger,wz_law_offcr_ind,objectid,wz_moving,wz_other,wz_shlder_mdn,vehicle_count,automobile_count,motorcycle_count,bus_count,small_truck_count,heavy_truck_count,suv_count,van_count,bicycle_count,maj_inj_count,mod_inj_count,min_inj_count,tot_inj_count,unk_inj_deg_count,unk_inj_per_count,driver_count_16yr,driver_count_17yr,driver_count_18yr,driver_count_19yr,driver_count_20yr,driver_count_50_64yr,driver_count_65_74yr,driver_count_75plus,unbelted_occ_count,unb_death_count,unb_maj_inj_count,belted_death_count,belted_maj_inj_count,mcycle_death_count,mcycle_maj_inj_count,bicycle_death_count,bicycle_maj_inj_count,ped_count,ped_death_count,ped_maj_inj_count,max_severity_level,comm_veh_count,dec_lat,dec_long,rdwy_surf_type_cd,county_name
 ,71021,2011076314,6,67,67301,2011,6,6,35,0,3,1,0,4,1, , ,N,2,2,0,3,0,1,2,2,N,N,40 06:28.603,75 01:35.426,43, ,37,2,2,2,N, ,3,N, , , , ,823030, , , ,2,2,0,0,0,0,0,0,0,0,0,0,1,1,0,0,0,0,0,0,0,1,0,0,0,0,0,0,0,0,0,0,0,0,0,8,0,40.1079,-75.0264, , 
 ,71022,2011066172,6,67,67301,2011,5,3,630,6,1,1,1,1,1, , ,N,2,2,0,3,0,0,3,3,N, ,40 00:34.739,75 03:50.936,815, ,809, ,0, ,N, ,3, , , , , ,823054, , , ,3,2,0,0,0,1,0,0,0,0,0,0,0,0,0,0,0,0,0,0,1,1,0,2,0,0,0,0,0,0,0,0,0,0,0,0,1,40.0096,-75.064, , 
 ,71023,2011066246,6,67,67301,2011,6,5,1515,15,1,1,0,4,1, , ,N,5,2,0,3,0,2,4,2,N,N,40 01:52.626,75 05:06.090,1525, ,1520, ,0, ,N, ,3, , , , , ,823055, , , ,2,2,0,0,0,0,0,0,0,0,0,2,2,0,0,0,0,0,0,0,0,1,0,0,0,0,0,0,0,0,0,0,0,0,0,4,0,40.0313,-75.085, , 
 ,71024,2011076496,6,67,67301,2011,6,3,1520,15,1,2,1,1,1, , ,N,0,0,0,3,0,1,3,3, , ,40 05:35.371,74 59:17.779,1915, ,1904, ,0, , , ,0, , , , , ,823065, , , ,3,2,0,0,0,0,0,0,0,0,0,1,1,0,0,0,0,0,0,0,0,0,0,0,0,0,0,0,0,0,0,0,0,0,0,4,0,40.0932,-74.9883, , 
 ,71025,2011047296,6,67,67301,2011,4,4,250,2,3,1,0,2,1, , ,N,2,3,0,3,0,0,1,2,N,N,40 01:42.582,75 08:55.510,255, ,250, ,0, ,N, ,9, , , , , ,823099, , , ,2,2,0,0,0,0,0,0,0,0,0,0,0,0,0,0,0,0,0,0,0,0,0,0,0,0,0,0,0,0,0,0,0,0,0,0,0,40.0285,-75.1488, , 
 ,71026,2011071693,6,67,67301,2011,7,6,1208,12,1,1,0,1,1, , ,N,0,0,0,3,0,1,4,2,N,N,39 58:45.996,75 12:14.398,1220, ,1211, ,0, ,N, ,0, , , , , ,823118, , , ,2,0,0,0,0,0,2,0,0,0,0,1,1,0,0,0,0,0,0,0,1,0,0,0,0,0,0,0,0,0,0,0,0,0,0,4,0,39.9794,-75.204, , 
 ,71027,2011073244,6,67,67301,2011,6,2,1720,17,1,1,0,1,1, , ,N,2,2,0,3,0,1,7,4,N,N,40 06:17.944,75 00:06.135,1730, ,1725,1,1,2,N, ,3,N, , , , ,823120, , , ,4,2,0,0,0,0,1,1,0,0,0,1,1,0,0,0,0,0,0,0,2,0,0,0,0,0,0,0,0,0,0,0,0,0,0,4,0,40.105,-75.0017, , 
 ,71028,2011082495,6,67,67301,2011,7,7,250,2,2,1,0,1,1, , ,N,0,0,0,3,0,1,4,2,N,N,39 57:25.114,75 13:32.187,255, ,253, ,0, ,N, ,0, , , , , ,823131, , , ,2,2,0,0,0,0,0,0,0,0,0,0,1,1,0,0,0,0,0,0,0,0,0,2,0,0,0,0,0,0,0,0,0,0,0,8,0,39.957,-75.2256, , 
 ,71029,2011082920,6,67,67301,2011,8,3,551,5,1,1,0,7,3, , ,N,0,0,0,3,0,1,1,1,N,N,39 54:03.609,75 09:10.899,610, ,557,1,1,1,N, ,0,N, , , , ,823133, , , ,1,1,0,0,0,0,0,0,0,0,1,0,1,0,0,0,0,0,0,0,0,0,0,1,0,0,0,0,0,0,0,0,0,0,0,3,0,39.901,-75.153, , 
 ,71030,2011090444,6,67,67301,2011,8,6,2010,20,3,1,0,4,1, , ,N,1,0,0,3,0,1,2,2,N,N,40 02:30.069,75 07:19.534,2010, ,2010, ,0, ,N, ,0, , , , , ,823137, , , ,1,1,0,0,0,0,0,0,1,0,0,1,1,0,0,0,0,0,0,0,0,0,1,0,0,0,0,0,0,0,0,0,0,0,0,4,0,40.0417,-75.1221, , 
 ,71031,2011053028,6,67,67301,2011,5,1,1552,15,1,1,0,4,1, , ,N,0,0,0,3,0,0,3,2,N,N,39 58:45.876,75 12:14.982,1559, ,1553, ,0, ,N, ,0, , , , , ,823165, , , ,2,2,0,0,0,0,0,0,0,0,0,0,0,0,0,0,0,0,0,0,1,1,0,0,0,0,0,0,0,0,0,0,0,0,0,0,0,39.9794,-75.2042, , 
 ,71032,2011068489,6,67,67301,2011,6,1,236,2,3,1,0,7,2, , ,N,2,0,0,3,0,0,2,1,N,N,39 57:01.214,75 10:20.035,240, ,236, ,0, ,N, ,0, , , , , ,823177, , , ,1,1,0,0,0,0,0,0,0,0,0,0,0,0,0,0,0,0,0,0,0,0,0,0,0,0,0,0,0,0,0,0,0,0,0,0,0,39.9503,-75.1722, , 
 ,71033,2011106218,6,67,67301,2011,9,1,1255,12,1,1,0,4,1, , ,N,2,3,0,3,0,6,8,2,N, ,40 02:31.347,75 07:29.495,1308, ,1305, ,0, , , ,3, , , , , ,828532, , , ,2,2,0,0,0,0,0,0,0,0,0,6,6,0,0,0,0,0,0,1,0,0,0,0,0,0,0,0,0,0,0,0,0,0,0,4,0,40.042,-75.1249, , 
 ,71034,2011127070,6,67,67301,2011,11,4,1815,18,1,1,0,8,1, , ,N,0,0,0,3,0,1,2,2,N,N,39 59:10.384,75 06:34.002,1830, ,1815, ,0, ,N, ,0, , , , , ,828546, , , ,1,1,0,0,0,0,0,0,0,0,0,0,1,1,0,0,0,0,0,0,0,0,0,0,0,0,0,0,0,0,0,0,1,0,0,8,0,39.9862,-75.1094, , 
 ,71035,2011134693,6,67,67301,2011,12,7,9999,99,3,1,0,4,1, , ,N,0,4,0,3,0,3,6,2,N,N,39 54:28.112,75 09:13.928,1710, ,1705, ,0, ,N, ,3, , , , , ,828578, , , ,2,2,0,0,0,0,0,0,0,0,0,0,3,3,0,0,0,0,0,1,0,0,0,0,0,0,0,0,0,0,0,0,0,0,0,8,0,39.9078,-75.1539, , 
 ,71036,2012004963,6,67,67301,2011,12,1,1840,18,3,1,0,8,1, , ,N,0,0,0,3,1,0,2,2,N,N,40 02:55.795,75 09:02.786,1848, ,1841,2,1,2, ,0,0,N, , , , ,828579, , , ,1,1,0,0,0,0,0,0,0,0,0,0,0,0,0,0,0,0,0,0,0,0,0,0,0,0,0,0,0,0,0,0,1,1,0,1,0,40.0488,-75.1508,2, 
 ,71037,2011066070,6,67,67301,2011,2,6,834,8,1,1,0,8,4, , ,N,2,0,7,3,0,1,2,2,N,Y,40 00:24.934,75 04:06.372,855, ,851, ,0, ,N, ,0, , , , , ,828592, , , ,1,0,0,0,1,0,0,0,0,1,0,0,1,0,0,0,0,0,0,0,0,0,0,0,0,0,0,0,0,0,0,0,1,0,1,2,0,40.0066,-75.0682, , 
 ,71038,2011068486,6,67,67301,2011,6,1,1557,15,1,1,0,4,1, , ,N,1,2,0,3,0,3,6,2,N,N,40 05:40.718,75 00:54.707,1600, ,1558,1,1,2,N, ,3,N, , , , ,828594, , , ,2,2,0,0,0,0,0,0,0,0,0,3,3,0,1,0,0,0,0,0,0,0,0,0,0,0,0,0,0,0,0,0,0,0,0,4,0,40.0946,-75.0152, , 
 ,71039,2011096770,6,67,67301,2011,9,7,2042,20,3,1,0,7,4, , ,N,0,0,0,3,0,0,1,1,N,N,40 01:33.460,75 07:12.384,2047, ,2043,1,1,1,N, ,0,N, , , , ,828610, , , ,1,1,0,0,0,0,0,0,0,0,0,0,0,0,1,0,0,0,0,0,0,0,0,0,0,0,0,0,0,0,0,0,0,0,0,9,0,40.026,-75.1201, , 
 ,71040,2011100690,6,67,67301,2011,9,5,2053,20,3,1,0,2,1, , ,N,2,0,2,3,0,2,2,2,N, ,39 59:14.615,75 05:17.302,9999, ,2101, ,0, , , ,0, , , , , ,828612, , , ,2,1,0,0,1,0,0,0,0,0,0,1,2,1,0,0,0,0,0,0,1,0,0,0,0,0,0,0,0,0,0,0,0,0,0,4,0,39.987,-75.0878, , 
 ,71041,2011112278,6,67,67301,2011,10,4,1550,15,1,1,0,8,1, , ,N,1,2,0,3,0,1,2,2,N, ,40 00:36.235,75 09:27.174,1602, ,1554,3,2,2,N, ,3,Y, , , , ,828623, , , ,1,1,0,0,0,0,0,0,0,0,0,1,1,0,1,0,0,0,0,0,0,0,0,0,0,0,0,0,0,0,0,0,1,0,0,4,0,40.0101,-75.1576, , 
 ,71042,2011090446,6,67,67301,2011,8,7,1,0,3,1,0,4,1, , ,N,1,2,0,3,0,3,4,2,N,N,39 53:23.545,75 14:01.242,20, ,10,9,2,1,N, ,3,N, , , , ,828639, , , ,2,2,0,0,0,0,0,0,0,0,0,3,3,0,0,0,0,0,0,0,0,1,0,0,0,0,0,0,0,0,0,0,0,0,0,4,0,39.8898,-75.2338, , 
 ,71043,2011092888,6,67,67301,2011,8,1,118,1,3,1,0,1,1, , ,N,1,0,0,3,0,1,5,2,N,N,40 01:14.826,75 07:05.595,121, ,120, ,0, ,N, ,0, , , , , ,828642, , , ,2,2,0,0,0,0,0,0,0,0,0,0,1,1,0,0,0,0,0,0,0,0,0,1,0,0,0,0,0,0,0,0,0,0,0,8,0,40.0208,-75.1182, , 
 ,71044,2011112184,6,67,67301,2011,10,7,730,7,1,1,1,7,4, , ,N,0,0,0,3,0,1,2,1,N, ,40 04:30.599,75 00:05.322,806, ,806, ,0, , , ,0, , , , , ,828682, , , ,1,1,0,0,0,0,0,0,0,0,0,0,1,1,0,0,0,0,0,0,0,0,0,0,0,0,0,0,0,0,0,0,0,0,0,8,0,40.0752,-75.0015, , 
 ,71045,2011054232,6,67,67301,2011,4,5,2300,23,3,1,0,7,2, , ,N,1,2,0,3,0,1,1,1,N,N,40 03:24.532,75 02:49.228,2309, ,2301, ,0, ,N, ,3, , , , , ,828686, , , ,1,1,0,0,0,0,0,0,0,0,1,0,1,0,0,0,0,0,0,1,0,0,0,1,0,0,0,0,0,0,0,0,0,0,0,3,0,40.0567,-75.0469, , 
 ,71046,2011127049,6,67,67301,2011,11,6,1405,14,1,1,0,4,1, , ,N,1,3,0,3,0,1,3,2,N, ,39 56:35.516,75 09:30.711,1412, ,1410, ,0, , , ,9, , , , , ,828710, , , ,2,2,0,0,0,0,0,0,0,0,0,0,1,1,0,0,0,0,0,0,0,0,1,0,0,0,0,0,0,0,0,0,0,0,0,8,0,39.9432,-75.1585, , 
 ,71047,2011107346,6,67,67301,2011,10,5,1648,16,1,8,8,7,2, , ,N,0,0,0,3,0,0,1,1,N,N,39 56:08.515,75 08:40.454,1702, ,1652, ,0, ,N, ,0, , , , , ,828728, , , ,1,1,0,0,0,0,0,0,0,0,0,0,0,0,0,0,0,0,0,0,0,0,0,0,0,0,0,0,0,0,0,0,0,0,0,0,0,39.9356,-75.1446, , 
 ,71048,2012001981,6,67,67301,2011,12,1,9999,99,3,1,0,7,5, , ,N,0,0,0,3,0,1,1,1,N,N,40 01:28.665,75 01:52.809,9999, ,9999, ,0, ,Y, ,0, , , , , ,828746, , , ,1,1,0,0,0,0,0,0,0,0,0,1,1,0,0,0,0,0,0,0,0,0,0,0,0,0,0,0,0,0,0,0,0,0,0,4,0,40.0246,-75.0313, , 
 ,71049,2011082571,6,67,67301,2011,5,4,1246,12,1,1,0,1,1, , ,N,0,0,0,3,0,1,2,2,N, ,40 01:32.948,75 10:54.714,9999, ,9999, ,0, , , ,0, , , , , ,828759, , , ,2,2,0,0,0,0,0,0,0,0,0,0,1,1,0,0,0,0,0,0,1,0,0,0,0,0,0,0,0,0,0,0,0,0,0,8,0,40.0258,-75.1819, , 
 ,71050,2011082674,6,67,67301,2011,7,3,740,7,1,1,0,4,1, , ,N,2,0,0,3,0,2,4,2,Y,N,40 00:40.414,75 03:37.480,748, ,743, ,0, ,N, ,0, , , , , ,828760, , , ,2,0,0,1,0,0,1,0,0,0,1,1,2,0,0,0,0,0,0,0,2,0,0,0,0,0,0,0,0,0,0,0,0,0,0,3,1,40.0112,-75.0604, , 
 ,71051,2011080817,6,67,67301,2011,6,3,9999,99,1,1,0,1,1, , ,N,2,2,0,3,0,3,10,6,N,N,40 05:43.783,74 57:35.102,1745, ,1748,9,1,2,N, ,3,N, , , , ,816054, , , ,6,4,0,1,0,0,1,0,0,0,0,3,3,0,2,0,0,0,0,0,0,0,0,0,0,0,0,0,0,0,0,0,0,0,0,4,1,40.0954,-74.9597, , 
 ,71052,2011082392,6,67,67301,2011,7,6,2146,21,3,2,1,7,5, , ,N,2,2,0,3,0,1,1,1,N,N,39 58:27.676,75 12:06.216,2147, ,2146,2,2,6,N, ,3,Y, , , , ,816056, , , ,1,1,0,0,0,0,0,0,0,0,0,1,1,0,0,0,0,0,0,0,0,0,0,0,0,0,0,0,0,0,0,0,0,0,0,4,0,39.9744,-75.2017, , 
 ,71053,2011083309,6,67,67301,2011,7,5,1236,12,1,1,0,1,1, , ,N,1,2,0,3,0,5,7,2,N,N,39 57:37.219,75 10:25.442,1240, ,1237, ,0, ,N, ,3, , , , , ,816057, , , ,2,0,0,1,1,0,0,0,0,0,0,0,5,5,0,0,0,0,0,0,1,0,0,0,0,0,0,0,0,0,0,0,0,0,0,8,1,39.9603,-75.1737, , 
 ,71054,2011088057,6,67,67301,2011,7,5,1226,12,1,1,0,4,1, , ,N,5,3,0,3,0,1,3,3,N, ,40 00:33.454,75 08:14.884,1309, ,1239, ,0, , , ,3, , , , , ,816059, , , ,3,3,0,0,0,0,0,0,0,0,0,1,1,0,1,0,0,0,0,0,0,0,0,1,0,0,0,0,0,0,0,0,0,0,0,4,0,40.0093,-75.1375, , 
 ,71055,2011095340,6,67,67301,2011,8,4,1813,18,1,1,0,4,1, , ,N,1,2,0,3,0,2,4,2,N,N,39 58:10.457,75 12:41.542,1813, ,1813, ,0, ,N, ,3, , , , , ,816067, , , ,2,2,0,0,0,0,0,0,0,0,0,0,2,2,0,0,0,0,0,0,0,0,0,0,0,0,0,0,0,0,0,0,0,0,0,8,0,39.9697,-75.2115, , 
 ,71056,2011096356,6,67,67301,2011,8,1,9999,99,3,1,0,7,2, , ,N,0,0,99,3,0,2,2,1,N,N,39 54:51.379,75 08:16.230,200, ,146, ,0, ,N, ,0, , , , , ,816068, , , ,1,0,1,0,0,0,0,0,0,1,0,0,2,1,0,0,0,0,0,0,0,0,0,0,0,0,0,0,0,1,0,0,0,0,0,2,0,39.9143,-75.1378, , 
 ,71057,2011066877,6,67,67301,2011,6,1,1600,16,1,1,0,7,2, , ,N,0,0,0,3,0,1,3,2,N,N,39 59:00.687,75 05:52.550,1610, ,1604,1,1,2,N, ,0,N, , , , ,816075, , , ,2,2,0,0,0,0,0,0,0,0,0,1,1,0,0,0,0,0,1,0,0,0,0,0,0,0,0,0,0,0,0,0,0,0,0,4,0,39.9836,-75.0978, , 
 ,71058,2011067005,6,67,67301,2011,6,5,1536,15,1,1,0,5,1, , ,N,0,0,0,3,0,0,2,2,N,N,39 58:51.459,75 06:12.976,1600, ,1539,1,1,2,N, ,0,N, , , , ,816076, , , ,2,2,0,0,0,0,0,0,0,0,0,0,0,0,0,0,0,0,0,0,1,0,0,0,0,0,0,0,0,0,0,0,0,0,0,0,0,39.981,-75.1036, , 
 ,71059,2011064197,6,67,67301,2011,5,1,25,0,3,1,0,7,4, , ,N,0,0,0,3,0,0,1,1,N,N,40 02:18.565,75 11:48.510,37, ,34, ,0, ,N, ,0, , , , , ,816086, , , ,1,1,0,0,0,0,0,0,0,0,0,0,0,0,0,0,0,0,0,0,0,0,0,0,0,0,0,0,0,0,0,0,0,0,0,0,0,40.0385,-75.1968, , 
 ,71060,2011073291,6,67,67301,2011,6,4,1932,19,1,1,0,8,1, , ,N,0,0,0,3,0,1,2,2,N,N,39 59:59.956,75 06:57.772,1945, ,1942, ,0, ,N, ,0, , , , , ,816095, , , ,1,0,0,0,1,0,0,0,0,0,0,1,1,0,1,0,0,0,0,0,1,0,0,0,0,0,0,0,0,0,0,0,1,0,0,4,0,40,-75.116, , 
 ,71061,2011083288,6,67,67301,2011,7,2,906,9,1,1,0,1,1, , ,N,0,0,0,3,0,2,4,3,N,N,39 57:13.165,75 11:10.834,943, ,928, ,0, ,N, ,0, , , , , ,816106, , , ,3,2,0,0,0,0,0,1,0,0,0,1,2,1,0,0,0,0,0,0,2,0,0,0,0,0,0,0,0,0,0,0,0,0,0,4,0,39.9537,-75.1864, , 
 ,71062,2011075832,6,67,67301,2011,6,4,9999,99,3,1,0,5,6, , ,N,0,0,0,3,0,3,3,3,N,N,39 57:19.368,75 10:15.486,51, ,51,4,2,4, , ,0,Y, , , , ,816141, , , ,3,1,0,0,0,0,2,0,0,1,1,1,3,0,0,0,0,0,0,1,0,0,0,0,0,0,0,0,0,0,0,0,0,0,0,2,0,39.9554,-75.171, , 
 ,71063,2011082497,6,67,67301,2011,7,6,1420,14,1,1,0,7,5, , ,N,0,0,0,3,0,1,1,2,N, ,39 58:16.260,75 11:06.380,1555, ,1545, ,0, , , ,0, , , , , ,816150, , , ,2,1,0,0,0,0,1,0,0,0,0,0,1,1,0,0,0,0,0,0,0,1,0,0,0,0,0,0,0,0,0,0,0,0,0,8,0,39.9712,-75.1851, , 
 ,71064,2011090358,6,67,67301,2011,7,7,657,6,1,1,0,4,1, , ,N,1,2,0,3,0,3,5,2,N,N,39 57:32.701,75 10:13.160,710, ,657, ,0, ,N, ,3, , , , , ,816160, , , ,2,2,0,0,0,0,0,0,0,0,0,3,3,0,0,0,0,0,0,0,0,0,0,0,0,0,0,0,0,0,0,0,0,0,0,4,0,39.9591,-75.1703, , 
 ,71065,2011056933,6,67,67301,2011,4,7,1320,13,1,1,0,7,5, , ,N,2,2,0,3,0,1,1,1,N,N,40 02:56.727,75 13:11.195,1340, ,1330, ,0, ,N, ,3, , , , , ,816174, , , ,1,1,0,0,0,0,0,0,0,0,1,0,1,0,0,0,0,0,0,0,0,0,0,0,0,0,0,0,0,0,0,0,0,0,0,3,0,40.0491,-75.2198, , 
 ,71066,2011061736,6,67,67301,2011,5,2,240,2,3,2,1,7,5, , ,N,0,0,0,3,0,0,1,1, , ,40 03:30.020,75 10:39.560,249, ,245,1,1,1, , ,0,N, , , , ,816176, , , ,1,1,0,0,0,0,0,0,0,0,0,0,0,0,1,0,0,0,0,0,0,0,0,0,0,0,0,0,0,0,0,0,0,0,0,9,0,40.0583,-75.1777, , 
 ,71067,2011073191,6,67,67301,2011,6,5,1035,10,1,1,0,4,1, , ,N,1,3,0,3,0,1,3,2,N,N,40 03:19.004,75 11:06.183,1042, ,1036,3,2,4,N, ,3,Y, , , , ,816184, , , ,2,0,0,0,0,0,1,1,0,0,0,0,1,1,0,0,0,0,0,0,1,0,0,1,0,0,0,0,0,0,0,0,0,0,0,8,0,40.0553,-75.1851, , 
 ,71068,2011073636,6,67,67301,2011,7,1,1210,12,1,1,0,1,1, , ,N,6,4,2,3,0,1,3,2,N,N,39 56:57.647,75 11:03.883,1220, ,1213,2,1,4,N, ,3,N, , , , ,816185, , , ,2,2,0,0,0,0,0,0,0,0,1,0,1,0,0,0,0,0,0,0,0,0,0,0,0,0,0,0,0,0,0,0,0,0,0,3,0,39.9493,-75.1844, , 
 ,71069,2011066251,6,67,67301,2011,6,6,1120,11,1,1,0,4,1, , ,N,1,2,0,3,0,2,3,2, , ,39 59:00.370,75 07:08.921,1130, ,1120, ,0, , , ,2, , , , , ,819444, , , ,2,2,0,0,0,0,0,0,0,0,0,2,2,0,0,0,0,0,0,0,1,0,0,0,0,0,0,0,0,0,0,0,0,0,0,4,0,39.9834,-75.1191, , 
 ,71070,2011075567,6,67,67301,2011,6,2,1245,12,1,1,0,8,1, , ,N,0,0,0,3,0,1,2,2,N,Y,39 58:32.620,75 13:37.102,1320, ,1310, ,0, ,N, ,0, , , , , ,819449, , , ,1,1,0,0,0,0,0,0,0,0,0,1,1,0,0,0,0,0,0,0,0,0,0,0,0,0,0,0,0,0,0,0,1,0,0,4,0,39.9757,-75.227, , 
 ,71071,2011100703,6,67,67301,2011,9,7,1810,18,1,1,0,8,1, , ,N,1,2,0,3,0,1,2,2,N,N,40 00:27.502,75 07:38.377,1825, ,1820, ,0, , , ,2, , , , , ,819478, , , ,1,0,0,0,0,0,1,0,1,0,0,1,1,0,1,0,0,0,0,0,1,0,0,1,0,0,0,0,0,0,0,0,0,0,0,4,0,40.0076,-75.1276, , 
 ,71072,2011113680,6,46,46102,2011,11,7,1621,16,1,1,0,4,1, , ,N,1,2,0,3,0,2,3,2,N,N,40 03:04.263,75 07:06.962,1628, ,1626,1,2,4,N, ,3,Y, , , , ,819488, , , ,2,2,0,0,0,0,0,0,0,0,0,1,2,1,0,0,0,0,0,0,0,0,1,0,0,0,0,0,0,0,0,0,0,0,0,4,0,40.0511,-75.1186, , 
 ,71073,2011117290,6,67,67301,2011,10,5,9999,99,1,2,1,7,5, , ,N,1,2,0,3,0,1,1,1,N, ,39 56:25.327,75 14:11.791,1915, ,1740, ,0, , , ,3, , , , , ,819493, , , ,1,1,0,0,0,0,0,0,0,0,0,1,1,0,0,0,0,0,0,0,0,0,0,1,0,0,0,0,0,0,0,0,0,0,0,4,0,39.9404,-75.2366, , 
 ,71074,2011076065,6,67,67301,2011,6,2,1725,17,1,1,0,4,6, , ,N,0,0,0,3,0,1,2,2, , ,39 55:53.590,75 10:35.522,1745, ,1730, ,0, , , ,0, , , , , ,819506, , , ,1,0,0,0,0,0,1,0,1,0,0,1,1,0,1,0,0,0,0,0,0,0,0,0,0,0,0,0,0,0,0,0,0,0,0,4,0,39.9316,-75.1765, , 
 ,71075,2011088087,6,67,67301,2011,8,7,9999,99,1,1,0,1,1, , ,N,0,3,0,3,0,1,4,3,N,N,40 03:02.163,75 09:22.578,750, ,744, ,0, ,N, ,3, , , , , ,819515, , , ,3,3,0,0,0,0,0,0,0,0,1,0,1,0,2,0,0,0,0,0,0,0,0,1,0,0,0,0,0,0,0,0,0,0,0,3,0,40.0506,-75.1563, , 
 ,71076,2011092986,6,67,67301,2011,8,6,120,1,3,2,1,4,1, , ,N,1,2,0,3,0,2,2,2,N, ,40 03:10.198,75 09:10.288,132, ,125, ,0, , , ,3, , , , , ,819522, , , ,2,1,0,0,0,0,0,1,0,0,2,0,2,0,0,0,0,0,0,0,1,0,0,0,0,0,0,0,0,0,0,0,0,0,0,3,0,40.0528,-75.1529, , 
 ,71077,2011075654,6,67,67301,2011,6,7,559,5,5,1,0,7,1, , ,N,0,0,0,3,0,1,1,1, , ,39 56:57.568,75 09:50.777,604, ,600, ,0, , , ,0, , , , , ,819556, , , ,1,0,0,0,0,0,1,0,0,0,0,0,1,1,0,0,0,0,0,0,0,0,0,0,0,0,0,0,0,0,0,0,0,0,0,8,0,39.9493,-75.1641, , 
 ,71078,2011076304,6,67,67301,2011,6,5,1635,16,1,1,0,6,1, , ,N,0,0,0,3,0,1,2,2, , ,39 58:57.530,75 06:07.426,1643, ,1641, ,0, , , ,0, , , , , ,819558, , , ,1,1,0,0,0,0,0,0,1,0,0,1,1,0,1,0,0,0,0,0,0,0,0,1,0,0,0,0,0,0,0,0,0,0,0,4,0,39.9826,-75.1021, , 
 ,71079,2011112200,6,67,67301,2011,10,7,1340,13,1,1,0,4,1, , ,N,2,2,0,3,0,1,2,2,N,N,39 54:45.853,75 10:47.096,1355, ,1350, ,0, ,N, ,3, , , , , ,819584, , , ,1,1,0,0,0,0,0,0,1,0,0,1,1,0,1,0,0,0,0,0,0,0,0,0,0,0,0,0,0,0,0,0,0,0,0,4,0,39.9127,-75.1797, , 
 ,71080,2011115465,6,67,67301,2011,10,5,1130,11,1,1,0,8,1, , ,N,1,2,0,3,0,1,2,2,N, ,40 02:45.148,75 10:55.939,1150, ,1141, ,0, ,N, ,3, , , , , ,819588, , , ,1,1,0,0,0,0,0,0,0,0,0,1,1,0,0,0,0,0,0,0,0,1,0,0,0,0,0,0,0,0,0,0,1,0,0,4,0,40.0459,-75.1822, , 
 ,71081,2011090462,6,67,67301,2011,5,3,2201,22,3,1,0,5,5, , ,N,0,0,0,3,0,1,1,3,N,N,40 00:30.147,75 08:39.546,2202, ,2155, ,0, ,N, ,0, , , , , ,819604, , , ,3,2,0,0,0,0,0,0,0,0,0,0,1,1,0,0,0,0,0,0,0,0,0,0,0,0,0,0,0,0,0,0,0,0,0,8,0,40.0084,-75.1443, , 
 ,71082,2011112326,6,67,67301,2011,10,7,1610,16,1,1,0,4,5, , ,N,1,3,0,3,0,1,2,2,N, ,39 56:02.619,75 09:26.283,1637, ,1633, ,0, , , ,3, , , , , ,819629, , , ,1,0,0,0,0,0,1,0,1,0,0,1,1,0,0,0,0,0,0,0,0,0,0,1,0,0,0,0,0,0,0,0,0,0,0,4,0,39.9341,-75.1573, , 
 ,71083,2011115324,6,67,67301,2011,10,2,2225,22,3,1,0,4,1, , ,N,1,3,0,3,0,0,2,3,N,N,39 57:29.772,75 14:44.246,0, ,2232, ,0, ,N, ,3, , , , , ,819633, , , ,3,3,0,0,0,0,0,0,0,0,0,0,0,0,0,0,1,0,0,0,0,0,0,2,0,0,0,0,0,0,0,0,0,0,0,0,0,39.9583,-75.2456, , 
 ,71084,2011023220,6,67,67301,2011,1,1,1138,11,1,1,0,8,1, , ,N,0,0,0,3,0,1,3,2,N,N,40 02:11.040,75 07:39.349,1145, ,1140, ,0, ,N, ,0, , , , , ,819653, , , ,1,1,0,0,0,0,0,0,0,0,0,1,1,0,0,0,0,0,0,0,0,0,0,0,0,0,0,0,0,0,0,0,1,0,0,4,0,40.0364,-75.1276, , 
 ,71085,2011041599,6,67,67301,2011,4,2,2119,21,3,1,0,7,2, , ,N,7,0,2,3,0,1,1,1,N,N,39 54:20.575,75 08:59.337,2122, ,2121, ,0, ,N, ,0, , , , , ,819670, , , ,1,0,1,0,0,0,0,0,0,0,0,1,1,0,0,0,0,0,0,0,0,0,0,0,0,0,0,0,0,0,0,0,0,0,0,4,0,39.9056,-75.1498, , 
 ,71086,2011056955,6,67,67301,2011,5,6,2101,21,3,1,0,8,1, , ,N,2,3,0,3,0,1,2,2,N,N,40 00:31.565,75 05:24.273,2227, ,2217, ,0, ,N, ,3, , , , , ,819680, , , ,1,1,0,0,0,0,0,0,0,0,0,1,1,0,0,0,0,0,0,0,0,0,0,0,0,0,0,0,0,0,0,0,1,0,0,4,0,40.0088,-75.0901, , 