wz_ln_closure,objectid_1,crn,district,county,municipality,crash_year,crash_month,day_of_week,time_of_day,hour_of_day,illumination,weather,road_condition,collision_type,relation_to_road,work_zone_type,work_zone_loc,work_zone_ind,intersect_type,tcd_type,location_type,urban_rural,fatal_count,injury_count,person_count,total_units,sch_bus_ind,sch_zone_ind,latitude,longitude,arrival_tm,cons_zone_spd_lim,dispatch_tm,est_hrs_closed,lane_closed,ln_close_dir,ntfy_hiwy_maint,spec_juris_cd,tcd_func_cd,tfc_detour_ind,workers_pres,wz_close_detour,wz_flagger,wz_law_offcr_ind,objectid,wz_moving,wz_other,wz_shlder_mdn,vehicle_count,automobile_count,motorcycle_count,bus_count,small_truck_count,heavy_truck_count,suv_count,van_count,bicycle_count,maj_inj_count,mod_inj_count,min_inj_count,tot_inj_count,unk_inj_deg_count,unk_inj_per_count,driver_count_16yr,driver_count_17yr,driver_count_18yr,driver_count_19yr,driver_count_20yr,driver_count_50_64yr,driver_count_65_74yr,driver_count_75plus,unbelted_occ_count,unb_death_count,unb_maj_inj_count,belted_death_count,belted_maj_inj_count,mcycle_death_count,mcycle_maj_inj_count,bicycle_death_count,bicycle_maj_inj_count,ped_count,ped_death_count,ped_maj_inj_count,max_severity_level,comm_veh_count,dec_lat,dec_long,rdwy_surf_type_cd,county_name
 ,71087,2011115411,6,67,67301,2011,10,2,1339,13,1,1,0,4,1, , ,N,0,0,7,3,0,2,3,2,N,N,40 02:28.583,75 02:55.343,1349, ,1346, ,0, ,N, ,0, , , , , ,825992, , , ,2,2,0,0,0,0,0,0,0,0,1,1,2,0,0,0,0,0,0,0,0,0,1,0,0,0,0,0,0,0,0,0,0,0,0,3,0,40.0413,-75.0487, , 
 ,71088,2011054210,6,67,67301,2011,4,5,1735,17,1,1,0,4,1, , ,N,1,2,0,3,0,1,2,2,N,N,39 59:53.463,75 06:04.518,1820, ,1806, ,0, ,N, ,3, , , , , ,826056, , , ,2,2,0,0,0,0,0,0,0,0,0,1,1,0,0,0,0,0,0,1,0,0,0,0,0,0,0,0,0,0,0,0,0,0,0,4,0,39.9982,-75.1013, , 
 ,71089,2011076269,6,67,67301,2011,6,5,908,9,1,1,0,4,1, , ,N,1,2,0,3,0,3,5,2,N,N,40 03:27.560,75 02:54.814,925, ,919,9,1,2, , ,3,N, , , , ,826060, , , ,2,2,0,0,0,0,0,0,0,0,0,1,3,2,0,0,0,0,0,0,1,0,0,0,0,0,0,0,0,0,0,0,0,0,0,4,0,40.0577,-75.0486, , 
 ,71090,2011083356,6,67,67301,2011,7,1,230,2,3,1,0,8,9, , ,N,0,0,7,3,0,1,2,2,N,N,40 02:10.831,75 02:29.711,232, ,230, ,0, ,N, ,0, , , , , ,826065, , , ,1,1,0,0,0,0,0,0,0,0,0,0,1,1,0,0,0,0,0,0,0,0,0,0,0,0,0,0,0,0,0,0,1,0,0,8,0,40.0363,-75.0416, , 
 ,71091,2011087972,6,67,67301,2011,7,4,954,9,1,1,0,4,1, , ,N,1,2,0,3,0,1,2,2,N,N,40 01:13.809,75 11:32.576,1004, ,1003,1,1,6, , ,3,N, , , , ,826069, , , ,2,1,0,0,0,0,1,0,0,0,0,0,1,1,0,0,0,0,0,0,1,1,0,0,0,0,0,0,0,0,0,0,0,0,0,8,0,40.0205,-75.1924, , 
 ,71092,2011090524,6,67,67301,2011,8,2,1157,11,1,1,0,4,1, , ,N,1,2,0,3,0,1,2,2,N,N,39 57:50.569,75 11:29.777,1157, ,1157,1,2,2,N, ,3,Y, , , , ,826071, , , ,1,1,0,0,0,0,0,0,1,0,0,0,1,1,0,0,0,0,0,0,0,1,0,0,0,0,0,0,0,0,0,0,0,0,0,8,0,39.964,-75.1916, , 
 ,71093,2011100837,6,67,67301,2011,9,4,9999,99,3,1,8,8,1, , ,N,1,2,0,3,0,1,2,2,N, ,40 02:48.424,75 04:13.037,2018, ,2005,9,1,2, , ,3,N, , , , ,826078, , , ,1,0,0,0,1,0,0,0,0,1,0,0,1,0,0,0,0,0,0,0,0,0,0,0,0,0,0,0,0,0,0,0,1,0,1,2,0,40.0468,-75.0703, , 
 ,71094,2011115249,6,67,67301,2011,8,5,1545,15,1,1,0,4,1, , ,N,1,2,0,3,0,0,3,2,N, ,39 59:46.100,75 08:49.451,1551, ,1550,1,1,1, , ,3,N, , , , ,826085, , , ,2,2,0,0,0,0,0,0,0,0,0,0,0,0,0,0,0,0,0,0,1,0,0,0,0,0,0,0,0,0,0,0,0,0,0,0,0,39.9961,-75.1471, , 
 ,71095,2011076903,6,67,67301,2011,7,6,906,9,1,1,0,5,1, , ,N,0,0,0,3,0,1,2,2,N,N,39 57:32.447,75 10:19.025,916, ,908,1,2,3,N, ,0,N, , , , ,826105, , , ,2,1,0,0,0,1,0,0,0,0,0,1,1,0,0,0,0,0,0,0,0,1,0,0,0,0,0,0,0,0,0,0,0,0,0,4,1,39.959,-75.172, , 
 ,71096,2011082460,6,67,67301,2011,7,3,1050,10,1,1,0,4,1, , ,N,0,0,7,3,0,0,2,2,N,N,39 57:26.762,75 12:14.416,1054, ,1054, ,0, ,N, ,0, , , , , ,826113, , , ,2,1,0,0,0,0,1,0,0,0,0,0,0,0,0,0,0,0,0,0,0,1,0,0,0,0,0,0,0,0,0,0,0,0,0,0,0,39.9574,-75.204, , 
 ,71097,2011085139,6,67,67301,2011,8,3,1518,15,1,1,0,1,1, , ,N,0,0,0,3,0,1,3,2,N,N,40 01:11.040,75 02:40.236,1538, ,1520, ,0, ,N, ,0, , , , , ,826117, , , ,2,2,0,0,0,0,0,0,0,0,0,1,1,0,0,0,0,0,0,0,0,0,0,0,0,0,0,0,0,0,0,0,0,0,0,4,0,40.0197,-75.0447, , 
 ,71098,2011088048,6,67,67301,2011,7,1,33,0,3,1,0,1,2, , ,N,0,0,0,3,0,0,1,2,N,N,39 55:45.840,75 13:15.620,33, ,33, ,0, ,N, ,0, , , , , ,826119, , , ,2,1,0,0,1,0,0,0,0,0,0,0,0,0,0,0,0,0,0,0,0,0,0,1,0,0,0,0,0,0,0,0,0,0,0,0,0,39.9294,-75.221, , 
 ,71099,2011090457,6,67,67301,2011,8,3,1250,12,1,1,0,8,1, , ,N,1,2,0,3,0,1,2,2,N,N,39 59:38.209,75 09:16.513,1255, ,1251, ,0, , , ,3, , , , , ,826121, , , ,1,1,0,0,0,0,0,0,0,0,0,0,1,1,0,0,0,0,0,1,0,0,0,0,0,0,0,0,0,0,0,0,1,0,0,8,0,39.9939,-75.1545, , 
 ,71100,2011092846,6,67,67301,2011,8,7,730,7,1,1,0,4,1, , ,N,1,2,0,3,0,1,2,2,N, ,40 03:12.351,75 00:30.527,740, ,733, ,0, , , ,9, , , , , ,826124, , , ,2,1,1,0,0,0,0,0,0,0,0,1,1,0,0,0,0,0,0,0,0,0,0,1,0,0,0,0,0,0,0,0,0,0,0,4,0,40.0536,-75.0085, , 
 ,71101,2011092985,6,67,67301,2011,8,4,2254,22,3,1,0,4,1, , ,N,1,2,0,3,0,1,3,2,N,N,40 02:06.731,75 08:43.670,2254, ,2254,1,2,7,N, ,3,Y, , , , ,826125, , , ,2,1,1,0,0,0,0,0,0,0,0,0,1,1,0,0,0,0,0,0,1,0,0,0,0,0,0,0,0,0,0,0,0,0,0,8,0,40.0352,-75.1455, , 
 ,71102,2011055750,6,67,67301,2011,4,7,1658,16,1,1,0,8,1, , ,N,0,0,0,3,0,1,4,2,N,N,40 02:08.930,75 07:50.383,1710, ,1704, ,0, ,N, ,0, , , , , ,826143, , , ,1,0,0,0,1,0,0,0,0,0,1,0,1,0,0,0,0,0,0,0,0,0,0,0,0,0,0,0,0,0,0,0,1,0,0,3,0,40.0358,-75.1307, , 
 ,71103,2011056929,6,67,67301,2011,4,4,1520,15,1,1,0,4,1, , ,N,0,0,7,3,0,1,3,2, , ,39 59:54.192,75 13:56.585,1648, ,1639, ,0, , , ,0, , , , , ,826147, , , ,2,2,0,0,0,0,0,0,0,0,0,1,1,0,0,0,0,0,0,0,0,1,0,0,0,0,0,0,0,0,0,0,0,0,0,4,0,39.9984,-75.2324, , 
 ,71104,2012010025,6,67,67301,2011,12,6,940,9,1,1,0,4,1, , ,N,1,2,0,3,0,1,2,2,N,N,39 58:49.322,75 10:15.323,9999, ,940, ,0, ,N, ,3, , , , , ,826190, , , ,2,2,0,0,0,0,0,0,0,0,0,0,1,1,0,0,0,1,0,0,0,0,1,0,0,0,0,0,0,0,0,0,0,0,0,8,0,39.9804,-75.1709, , 
 ,71105,2011090507,6,67,67301,2011,8,1,532,5,5,1,0,1,1, , ,N,0,0,0,3,0,2,3,2,N,N,40 01:09.739,75 08:44.396,545, ,536, ,0, ,N, ,0, , , , , ,823196, , , ,2,2,0,0,0,0,0,0,0,0,1,1,2,0,1,0,0,0,0,0,0,0,0,0,0,0,0,0,0,0,0,0,0,0,0,3,0,40.0194,-75.1457, , 
 ,71106,2011068437,6,67,67301,2011,6,2,2120,21,3,1,0,1,4, , ,N,0,0,0,3,0,1,1,4,N,N,40 03:24.677,75 08:23.175,2303, ,2130, ,0, ,N, ,0, , , , , ,823222, , , ,4,4,0,0,0,0,0,0,0,0,0,0,1,1,0,0,0,0,0,0,0,0,0,0,0,0,0,0,0,0,0,0,0,0,0,8,0,40.0569,-75.1398, , 
 ,71107,2011075729,6,67,67301,2011,7,6,9999,99,1,1,0,2,1, , ,N,1,2,0,3,0,2,3,2,N,N,39 59:58.827,75 05:56.359,9999, ,9999, ,0, ,N, ,3, , , , , ,823228, , , ,2,2,0,0,0,0,0,0,0,0,0,2,2,0,1,0,0,0,0,0,0,0,0,0,0,0,0,0,0,0,0,0,0,0,0,4,0,39.9997,-75.099, , 
 ,71108,2011083464,6,67,67301,2011,7,2,922,9,1,1,0,4,1, , ,N,0,0,0,3,0,1,2,2,N, ,39 57:16.416,75 14:03.714,932, ,927, ,0, , , ,0, , , , , ,823234, , , ,1,1,0,0,0,0,0,0,1,0,0,0,1,1,0,0,0,0,0,0,0,0,0,1,0,0,0,0,0,0,0,0,0,0,0,8,0,39.9546,-75.2344, , 
 ,71109,2011083799,6,67,67301,2011,7,2,1439,14,1,1,0,4,1, , ,N,1,3,0,3,0,1,2,2,N,N,39 57:04.183,75 12:25.660,1500, ,1500, ,0, ,N, ,3, , , , , ,823235, , , ,1,1,0,0,0,0,0,0,1,0,1,0,1,0,0,0,0,0,0,0,0,0,0,1,0,0,0,0,0,0,0,0,0,0,0,3,0,39.9512,-75.2071, , 
 ,71110,2011091026,6,67,67301,2011,8,4,9999,99,1,1,0,1,1, , ,N,2,3,0,3,0,5,6,3,N,N,40 07:23.743,75 00:01.274,1601, ,1556, ,0, ,N, ,3, , , , , ,823246, , , ,3,0,0,0,1,0,2,0,0,0,0,4,5,1,0,0,0,0,0,0,1,0,0,0,0,0,0,0,0,0,0,0,0,0,0,4,0,40.1233,-75.0004, , 
 ,71111,2011092848,6,67,67301,2011,8,3,505,5,5,1,0,7,5, , ,N,0,0,0,3,0,0,1,1,N,N,39 59:11.741,75 08:45.654,508, ,506, ,0, ,N, ,0, , , , , ,823247, , , ,1,1,0,0,0,0,0,0,0,0,0,0,0,0,1,0,0,0,0,0,0,0,0,0,0,0,0,0,0,0,0,0,0,0,0,9,0,39.9866,-75.146, , 
 ,71112,2011056842,6,67,67301,2011,4,6,1909,19,1,1,0,4,1, , ,N,1,3,0,3,0,0,4,2, , ,39 58:09.631,75 08:35.678,1911, ,1930, ,0, , , ,3, , , , , ,823253, , , ,2,1,0,0,0,0,1,0,0,0,0,0,0,0,0,0,0,0,0,0,0,0,0,0,0,0,0,0,0,0,0,0,0,0,0,0,0,39.9693,-75.1432, , 
 ,71113,2011056935,6,67,67301,2011,4,7,1958,19,6,1,0,1,1, , ,N,2,2,0,3,0,1,3,2,N,N,40 01:32.812,75 12:11.306,2010, ,2003, ,0, ,N, ,9, , , , , ,823254, , , ,2,1,0,0,1,0,0,0,0,1,0,0,1,0,0,0,0,0,0,0,0,0,0,0,0,0,0,0,0,0,0,0,0,0,0,2,0,40.0259,-75.2032, , 
 ,71114,2011075764,6,67,67301,2011,6,5,1745,17,1,1,0,4,1, , ,N,1,2,0,3,0,1,2,2,N,N,39 58:13.347,75 08:53.335,1755, ,1750, ,0, ,N, ,3, , , , , ,823261, , , ,2,2,0,0,0,0,0,0,0,0,0,1,1,0,0,0,0,0,0,0,0,0,0,0,0,0,0,0,0,0,0,0,0,0,0,4,0,39.9704,-75.1482, , 
 ,71115,2011098136,6,67,67301,2011,8,7,600,6,5,1,0,8,1, , ,N,1,2,0,3,1,0,2,2,N, ,39 55:15.805,75 13:44.269,635, ,600,3,2,6, ,0,3,Y, , , , ,823281, , , ,1,1,0,0,0,0,0,0,1,0,0,0,0,0,0,0,0,0,0,0,0,0,0,0,0,0,0,0,0,0,1,0,0,0,0,1,0,39.9211,-75.229,2, 
 ,71116,2011083285,6,67,67301,2011,7,6,1115,11,1,1,0,4,1, , ,N,1,2,0,3,0,1,3,2,N, ,40 00:02.512,75 04:20.683,1130, ,1121, ,0, , , ,3, , , , , ,823308, , , ,2,1,0,0,1,0,0,0,0,0,0,1,1,0,0,0,0,0,0,0,0,0,0,0,0,0,0,0,0,0,0,0,0,0,0,4,0,40.0007,-75.0724, , 
 ,71117,2011088045,6,67,67301,2011,8,2,954,9,1,1,1,5,1, , ,N,2,0,0,3,0,1,2,2,N,N,40 01:13.039,75 09:46.119,957, ,954, ,0, ,N, ,0, , , , , ,823313, , , ,2,1,1,0,0,0,0,0,0,0,1,0,1,0,1,0,0,0,0,0,0,0,0,0,0,0,0,0,0,0,0,0,0,0,0,3,0,40.0203,-75.1628, , 
 ,71118,2011108841,6,67,67301,2011,9,5,844,8,1,1,0,8,1, , ,N,1,2,0,3,0,1,2,2,N,N,40 01:30.643,75 02:40.998,851, ,850,1,1,1,N, ,3,N, , , , ,823335, , , ,1,0,0,0,0,0,1,0,0,0,1,0,1,0,0,0,0,0,0,0,0,0,0,0,0,0,0,0,0,0,0,0,1,0,0,3,0,40.0252,-75.0447, , 
 ,71119,2011044604,6,67,67301,2011,4,7,1125,11,1,1,0,7,2, , ,N,0,0,0,3,0,1,1,1,N,N,40 06:25.106,75 02:15.090,1133, ,1130,1,2,3, , ,0,Y, , , , ,823344, , , ,1,1,0,0,0,0,0,0,0,0,0,0,1,1,0,0,0,0,0,0,1,0,0,0,0,0,0,0,0,0,0,0,0,0,0,8,0,40.107,-75.0375, , 
 ,71120,2011054015,6,67,67301,2011,4,2,1632,16,1,1,0,8,1, , ,N,1,2,0,3,0,1,3,2,N,N,39 57:45.000,75 12:24.119,1634, ,1634, ,0, ,N, ,3, , , , , ,823348, , , ,1,1,0,0,0,0,0,0,0,0,0,1,1,0,0,0,0,0,0,0,0,1,0,1,0,0,0,0,0,0,0,0,1,0,0,4,0,39.9625,-75.2067, , 
 ,71121,2011020369,6,67,67301,2011,2,5,1545,15,1,1,0,1,1, , ,N,0,0,0,3,0,0,2,2,N,N,40 00:24.645,75 11:57.373,1550, ,1547, ,0, ,N, ,0, , , , , ,823362, , , ,2,1,0,0,1,0,0,0,0,0,0,0,0,0,0,0,0,0,0,0,0,0,0,0,0,0,0,0,0,0,0,0,0,0,0,0,0,40.0068,-75.1993, , 
 ,71122,2011056951,6,67,67301,2011,4,4,1435,14,1,1,0,4,1, , ,N,0,0,0,3,0,1,2,3, ,N,39 57:52.738,75 09:39.524,1455, ,1447, ,0, , , ,0, , , , , ,823398, , , ,3,2,0,0,0,0,1,0,0,0,0,1,1,0,0,0,0,0,0,0,0,0,0,0,0,0,0,0,0,0,0,0,0,0,0,4,0,39.9646,-75.161, , 
 ,71123,2011075796,6,67,67301,2011,6,3,9999,99,8,1,1,1,1, , ,N,0,0,0,3,0,1,2,2,N,N,39 56:11.461,75 11:09.261,955, ,950, ,0, ,N, ,0, , , , , ,816188, , , ,2,1,0,0,0,0,0,1,0,0,0,1,1,0,0,0,0,0,0,0,0,0,0,0,0,0,0,0,0,0,0,0,0,0,0,4,0,39.9365,-75.1859, , 
 ,71124,2011104510,6,67,67301,2011,10,5,654,6,3,2,1,1,1, , ,N,0,0,0,3,0,0,2,2,N,N,39 59:56.244,75 11:44.113,721, ,656, ,0, ,N, ,0, , , , , ,816215, , , ,2,2,0,0,0,0,0,0,0,0,0,0,0,0,0,0,0,0,0,0,1,0,0,1,0,0,0,0,0,0,0,0,0,0,0,0,0,39.999,-75.1956, , 
 ,71125,2011029117,6,67,67301,2011,2,5,1642,16,1,1,4,1,1, , ,N,2,2,0,3,0,0,4,3,N,N,39 57:48.087,75 11:15.011,1647, ,1642, ,0, ,N, ,3, , , , , ,816228, , , ,3,3,0,0,0,0,0,0,0,0,0,0,0,0,0,0,0,0,0,0,0,0,0,0,0,0,0,0,0,0,0,0,0,0,0,0,0,39.9634,-75.1875, , 
 ,71126,2011031291,6,67,67301,2011,2,6,500,5,1,1,0,7,2, , ,N,0,0,0,3,0,1,1,1,N,N,40 07:49.805,75 00:42.477,1530, ,1514, ,0, ,N, ,0, , , , , ,816230, , , ,1,1,0,0,0,0,0,0,0,0,0,0,1,1,0,0,0,0,0,0,0,0,0,0,0,0,0,0,0,0,0,0,0,0,0,8,0,40.1305,-75.0118, , 
 ,71127,2011031301,6,67,67301,2011,2,3,355,3,3,4,3,7,4, , ,N,0,0,0,3,0,0,1,1,N,N,40 05:20.068,75 01:13.721,407, ,403,1,1,2,N, ,0,N, , , , ,816231, , , ,1,0,0,0,0,0,1,0,0,0,0,0,0,0,0,0,0,0,0,0,0,0,0,0,0,0,0,0,0,0,0,0,0,0,0,0,0,40.0889,-75.0205, , 
 ,71128,2011064193,6,67,67301,2011,5,6,617,6,1,1,0,4,1, , ,N,1,2,0,3,0,0,2,2,N,N,39 57:44.409,75 09:40.847,622, ,619, ,0, ,N, ,3, , , , , ,816264, , , ,2,2,0,0,0,0,0,0,0,0,0,0,0,0,0,0,0,0,0,0,0,0,0,0,0,0,0,0,0,0,0,0,0,0,0,0,0,39.9623,-75.1613, , 
 ,71129,2011051408,6,67,67301,2011,4,7,1839,18,1,1,0,4,1, , ,N,2,0,0,3,1,0,2,2,N,N,40 00:51.508,75 06:17.186,1839, ,1839,9,1,2,N,0,0,N, , , , ,816271, , , ,2,0,1,0,1,0,0,0,0,0,0,0,0,0,0,0,0,0,1,0,0,0,0,0,0,0,0,0,1,0,0,0,0,0,0,1,0,40.0143,-75.1048,2, 
 ,71130,2011023211,6,67,67301,2011,1,5,730,7,1,1,0,4,1, , ,N,2,3,0,3,0,0,7,2,Y,N,40 04:06.960,75 09:00.838,805, ,757,2,2,6,N, ,3,Y, , , , ,816282, , , ,2,1,0,1,0,0,0,0,0,0,0,0,0,0,6,0,0,0,0,0,0,0,0,0,0,0,0,0,0,0,0,0,0,0,0,9,1,40.0686,-75.1502, , 
 ,71131,2011023246,6,67,67301,2011,1,4,1620,16,1,1,0,4,1, , ,N,1,3,0,3,0,1,2,2,N,N,39 58:41.545,75 07:29.175,1630, ,1625, ,0, ,N, ,3, , , , , ,816283, , , ,2,1,0,1,0,0,0,0,0,0,0,1,1,0,0,0,0,0,0,0,0,0,0,0,0,0,0,0,0,0,0,0,0,0,0,4,1,39.9782,-75.1248, , 
 ,71132,2011044842,6,67,67301,2011,3,2,1258,12,1,1,0,4,1, , ,N,0,0,0,3,0,1,3,2,N,N,39 58:29.535,75 07:58.503,1357, ,1357, ,0, ,N, ,0, , , , , ,816312, , , ,2,0,0,0,1,0,0,1,0,0,0,0,1,1,0,0,0,0,0,0,1,1,0,0,0,0,0,0,0,0,0,0,0,0,0,8,0,39.9749,-75.1329, , 
 ,71133,2011075742,6,67,67301,2011,6,5,35,0,3,1,0,6,1, , ,N,0,0,0,3,0,1,2,2,N,N,39 58:57.295,75 08:47.886,44, ,35, ,0, ,N, ,0, , , , , ,816327, , , ,1,1,0,0,0,0,0,0,1,0,0,1,1,0,1,0,0,0,0,0,0,0,0,0,0,0,0,0,0,0,0,0,0,0,0,4,0,39.9826,-75.1466, , 
 ,71134,2011061838,6,67,67301,2011,5,2,1446,14,1,1,0,5,1, , ,N,0,0,0,3,0,0,2,2,N,N,40 02:37.455,75 13:41.943,1446, ,1446,1,2,5,N, ,0,Y, , , , ,816362, , , ,2,0,0,0,0,0,1,1,0,0,0,0,0,0,0,0,0,0,0,0,0,0,0,0,0,0,0,0,0,0,0,0,0,0,0,0,0,40.0437,-75.2283, , 
 ,71135,2011066085,6,67,67301,2011,5,4,2309,23,3,1,0,8,1, , ,N,1,2,0,3,0,2,3,2,N,N,39 56:12.483,75 13:47.092,2320, ,2313, ,0, ,Y, ,3, , , , , ,816368, , , ,1,1,0,0,0,0,0,0,0,1,0,1,2,0,0,0,0,0,0,0,1,0,0,0,0,0,0,0,0,0,0,0,1,0,1,2,0,39.9368,-75.2297, , 
Y,71136,2011079428,6,67,67301,2011,8,6,851,8,1,1,0,1,1,1,4,Y,0,0,0,3,0,1,4,4,N,N,39 53:58.120,75 09:53.714,853,55,852,2,1,2,N, ,0,N,Y,N,N,N,816373,N,N,Y,4,0,0,0,0,0,3,1,0,0,0,1,1,0,0,0,0,0,0,0,0,0,0,0,0,0,0,0,0,0,0,0,0,0,0,4,0,39.8995,-75.1649, , 
 ,71137,2011082486,6,67,67301,2011,7,6,1834,18,1,2,1,7,5, , ,N,2,3,0,3,0,2,2,2,N,N,39 57:39.369,75 13:10.030,1840, ,1836, ,0, ,N, ,3, , , , , ,816377, , , ,1,1,0,0,0,0,0,0,0,0,2,0,2,0,0,0,0,0,0,0,0,0,0,0,0,0,0,0,0,0,0,0,0,0,0,3,0,39.9609,-75.2195, , 
 ,71138,2011090511,6,67,67301,2011,8,4,1708,17,1,2,1,5,1, , ,N,0,0,0,3,0,0,2,2,N, ,39 54:05.452,75 14:21.618,1708, ,1708, ,0, ,N, ,0, , , , , ,816381, , , ,2,1,0,0,0,0,0,1,0,0,0,0,0,0,0,0,0,1,0,0,0,0,0,0,0,0,0,0,0,0,0,0,0,0,0,0,0,39.9015,-75.2393, , 
 ,71139,2011092961,6,67,67301,2011,8,4,1600,16,1,9,0,5,1, , ,N,0,0,0,3,0,1,2,2,N,N,39 57:13.095,75 11:10.278,2105, ,2102, ,0, ,N, ,0, , , , , ,816383, , , ,1,1,0,0,0,0,0,0,1,0,1,0,1,0,0,0,0,0,0,0,0,0,0,0,0,0,0,0,0,0,0,0,0,0,0,3,0,39.9536,-75.1862, , 
 ,71140,2011115424,6,67,67301,2011,9,4,1615,16,1,1,0,7,4, , ,N,2,2,0,3,1,0,1,1,N,N,40 00:26.314,75 11:31.785,1616, ,1615,3,2,7,N,0,3,Y, , , , ,816401, , , ,1,1,0,0,0,0,0,0,0,0,0,0,0,0,0,0,0,0,0,0,0,0,0,0,0,0,0,0,0,0,0,0,0,0,0,1,0,40.0073,-75.1922,2, 
 ,71141,2011056398,6,67,67301,2011,4,6,1833,18,1,1,0,7,2, , ,N,0,0,0,3,0,1,4,1,N,N,40 04:19.805,75 02:12.829,1841, ,1833, ,0, ,N, ,0, , , , , ,816418, , , ,1,1,0,0,0,0,0,0,0,0,0,1,1,0,0,0,0,1,0,0,0,0,0,0,0,0,0,0,0,0,0,0,0,0,0,4,0,40.0722,-75.0369, , 
 ,71142,2011056983,6,67,67301,2011,5,4,2312,23,3,1,0,2,1, , ,N,1,2,0,3,0,3,5,3,N,N,40 00:37.061,75 05:53.071,2315, ,2312, ,0, ,N, ,3, , , , , ,819681, , , ,3,2,0,0,1,0,0,0,0,0,0,0,3,3,0,0,0,0,0,0,1,0,0,0,0,0,0,0,0,0,0,0,0,0,0,8,0,40.0102,-75.0981, , 
 ,71143,2011081707,6,67,67301,2011,8,1,636,6,5,2,1,7,2, , ,N,0,0,0,3,0,0,1,1,N,N,40 02:13.304,75 00:47.959,702, ,637, ,0, ,N, ,0, , , , , ,819701, , , ,1,0,0,0,0,0,1,0,0,0,0,0,0,0,0,0,0,0,0,0,0,0,0,0,0,0,0,0,0,0,0,0,0,0,0,0,0,40.037,-75.0134, , 
 ,71144,2011087956,6,67,67301,2011,8,2,840,8,3,1,8,8,2, , ,N,0,0,0,3,0,1,2,3,N,N,39 58:42.001,75 08:42.206,843, ,841, ,0, , , ,0, , , , , ,819705, , , ,2,2,0,0,0,0,0,0,0,0,1,0,1,0,0,0,0,0,0,0,0,0,0,0,0,0,0,0,0,0,0,0,1,0,0,3,0,39.9783,-75.1451, , 
 ,71145,2011095499,6,67,67301,2011,8,7,1530,15,1,9,0,4,1, , ,N,1,9,0,3,0,2,4,2,N,N,39 59:18.578,75 08:12.530,9999, ,2030, ,0, ,N, ,9, , , , , ,819715, , , ,2,2,0,0,0,0,0,0,0,0,0,0,2,2,0,0,0,0,0,0,0,1,0,2,0,0,0,0,0,0,0,0,0,0,0,8,0,39.9885,-75.1368, , 
 ,71146,2011015930,6,67,67301,2011,1,5,657,6,1,1,0,4,1, , ,N,1,2,0,3,0,1,2,2,N,N,40 03:57.346,75 09:33.410,701, ,57, ,0, ,N, ,2, , , , , ,819742, , , ,2,2,0,0,0,0,0,0,0,0,0,0,1,1,0,0,0,0,0,0,0,1,0,0,0,0,0,0,0,0,0,0,0,0,0,8,0,40.0659,-75.1593, , 
 ,71147,2011082645,6,67,67301,2011,7,1,1513,15,1,1,0,8,1, , ,N,0,0,0,3,0,1,2,2,N,N,39 59:24.561,75 14:56.636,1552, ,1550, ,0, ,N, ,0, , , , , ,819758, , , ,1,1,0,0,0,0,0,0,0,0,0,1,1,0,0,0,0,0,0,0,0,0,0,0,0,0,0,0,0,0,0,0,1,0,0,4,0,39.9902,-75.2491, , 
 ,71148,2011029070,6,67,67301,2011,2,2,920,9,1,1,0,8,1, , ,N,1,2,0,3,0,1,2,2,N,N,39 59:20.627,75 05:22.626,940, ,930, ,0, ,N, ,3, , , , , ,819806, , , ,1,0,0,0,1,0,0,0,0,0,0,1,1,0,1,0,0,0,0,0,1,0,0,0,0,0,0,0,0,0,0,0,1,0,0,4,0,39.9891,-75.0896, , 
 ,71149,2011053565,6,67,67301,2011,4,4,2230,22,3,1,0,8,2, , ,N,0,0,0,3,0,1,2,2,N,N,40 01:54.488,75 10:43.896,2350, ,2341, ,0, , , ,0, , , , , ,819830, , , ,1,1,0,0,0,0,0,0,0,0,0,1,1,0,1,0,0,0,0,0,0,0,0,0,0,0,0,0,0,0,0,0,1,0,0,4,0,40.0318,-75.1789, , 
 ,71150,2011082423,6,67,67301,2011,6,4,1215,12,1,9,0,4,1, , ,N,2,0,0,3,0,1,2,2,N,N,40 01:45.973,75 13:46.948,2010, ,2005, ,0, ,N, ,0, , , , , ,819849, , , ,1,0,0,0,1,0,0,0,1,0,1,0,1,0,0,0,0,0,0,0,0,0,0,0,0,0,0,0,0,0,0,0,0,0,0,3,0,40.0294,-75.2297, , 
 ,71151,2011082531,6,67,67301,2011,6,4,2100,21,3,1,0,1,1, , ,N,1,2,0,3,0,2,4,2,N, ,40 01:00.708,75 08:58.113,2115, ,2107, ,0, , , ,3, , , , , ,819850, , , ,2,1,0,0,0,0,1,0,0,0,0,0,2,2,0,0,0,0,0,0,0,0,0,0,0,0,0,0,0,0,0,0,0,0,0,8,0,40.0169,-75.1495, , 
 ,71152,2011082663,6,67,67301,2011,7,3,430,4,3,1,0,5,6, , ,N,0,2,0,3,0,0,1,3,N, ,39 55:32.990,75 13:41.971,448, ,432,3,2,4, , ,3,Y, , , , ,819851, , , ,3,1,0,0,0,0,2,0,0,0,0,0,0,0,1,0,0,0,0,0,0,0,0,0,0,0,0,0,0,0,0,0,0,0,0,9,0,39.9258,-75.2283, , 
 ,71153,2011085474,6,67,67301,2011,7,2,2303,23,3,1,0,1,1, , ,N,0,0,0,3,0,2,3,3,N,N,40 03:36.008,75 01:06.548,2308, ,2303,1,1,6,N, ,0,N, , , , ,819886, , , ,3,3,0,0,0,0,0,0,0,0,0,1,2,1,1,0,0,0,0,0,0,0,0,0,0,0,0,0,0,0,0,0,0,0,0,4,0,40.06,-75.0185, , 