wz_ln_closure,objectid_1,crn,district,county,municipality,crash_year,crash_month,day_of_week,time_of_day,hour_of_day,illumination,weather,road_condition,collision_type,relation_to_road,work_zone_type,work_zone_loc,work_zone_ind,intersect_type,tcd_type,location_type,urban_rural,fatal_count,injury_count,person_count,total_units,sch_bus_ind,sch_zone_ind,latitude,longitude,arrival_tm,cons_zone_spd_lim,dispatch_tm,est_hrs_closed,lane_closed,ln_close_dir,ntfy_hiwy_maint,spec_juris_cd,tcd_func_cd,tfc_detour_ind,workers_pres,wz_close_detour,wz_flagger,wz_law_offcr_ind,objectid,wz_moving,wz_other,wz_shlder_mdn,vehicle_count,automobile_count,motorcycle_count,bus_count,small_truck_count,heavy_truck_count,suv_count,van_count,bicycle_count,maj_inj_count,mod_inj_count,min_inj_count,tot_inj_count,unk_inj_deg_count,unk_inj_per_count,driver_count_16yr,driver_count_17yr,driver_count_18yr,driver_count_19yr,driver_count_20yr,driver_count_50_64yr,driver_count_65_74yr,driver_count_75plus,unbelted_occ_count,unb_death_count,unb_maj_inj_count,belted_death_count,belted_maj_inj_count,mcycle_death_count,mcycle_maj_inj_count,bicycle_death_count,bicycle_maj_inj_count,ped_count,ped_death_count,ped_maj_inj_count,max_severity_level,comm_veh_count,dec_lat,dec_long,rdwy_surf_type_cd,county_name
 ,71220,2011082732,6,67,67301,2011,7,4,1100,11,1,1,0,4,1, , ,N,0,0,7,3,0,1,2,2,N,N,39 54:47.433,75 08:33.769,1103, ,1103, ,0, , , ,0, , , , , ,819999, , , ,2,2,0,0,0,0,0,0,0,0,0,1,1,0,1,0,0,0,0,0,0,0,0,0,0,0,0,0,0,0,0,0,0,0,0,4,0,39.9132,-75.1427, , 
 ,71221,2011068348,6,67,67301,2011,6,5,1910,19,1,1,0,5,1, , ,N,0,0,0,3,0,1,2,2,N,N,39 57:45.448,75 12:40.883,1928, ,1926, ,0, ,N, ,0, , , , , ,820039, , , ,1,1,0,0,0,0,0,0,1,0,0,1,1,0,0,0,0,0,0,0,1,0,0,0,0,0,0,0,0,0,0,0,0,0,0,4,0,39.9626,-75.2114, , 
 ,71222,2011082445,6,67,67301,2011,7,5,945,9,1,1,0,1,1, , ,N,0,0,0,3,0,1,3,2,N,N,40 03:15.556,75 09:21.842,950, ,945, ,0, ,N, ,0, , , , , ,820052, , , ,2,2,0,0,0,0,0,0,0,0,0,0,1,1,0,0,0,0,0,0,0,0,0,0,0,0,0,0,0,0,0,0,0,0,0,8,0,40.0543,-75.1561, , 
 ,71223,2011082587,6,67,67301,2011,7,2,12,0,3,1,0,4,1, , ,N,0,0,0,3,0,2,3,2,N, ,40 02:15.185,75 02:32.369,14, ,12,2,1,3, , ,0,N, , , , ,820103, , , ,2,2,0,0,0,0,0,0,0,0,2,0,2,0,0,0,0,0,0,0,0,0,0,0,0,0,0,0,0,0,0,0,0,0,0,3,0,40.0376,-75.0423, , 
 ,71224,2011100669,6,67,67301,2011,9,5,9999,99,1,2,1,4,1, , ,N,1,2,0,3,0,1,2,2,N,Y,40 01:50.664,75 07:20.636,1656, ,1646, ,0, ,N, ,3, , , , , ,820125, , , ,2,1,0,0,0,0,1,0,0,0,0,1,1,0,0,0,0,0,0,0,0,1,0,0,0,0,0,0,0,0,0,0,0,0,0,4,0,40.0307,-75.1224, , 
 ,71225,2011095355,6,67,67301,2011,8,7,141,1,3,1,0,8,2, , ,N,1,2,0,3,0,1,2,2,N,N,39 58:23.478,75 09:32.375,145, ,142, ,0, ,N, ,3, , , , , ,820136, , , ,1,1,0,0,0,0,0,0,1,0,0,0,1,1,1,0,0,0,0,0,0,0,0,1,0,0,0,0,0,0,0,0,0,0,0,8,0,39.9732,-75.159, , 
 ,71226,2011115283,6,67,67301,2011,10,6,9999,99,1,1,0,4,1, , ,N,1,2,0,3,0,0,2,2,N, ,40 05:12.438,74 58:18.635,1346, ,1346, ,0, , , ,3, , , , , ,820159, , , ,2,0,0,0,0,0,2,0,0,0,0,0,0,0,0,0,0,0,0,0,0,0,0,0,0,0,0,0,0,0,0,0,0,0,0,0,0,40.0868,-74.9718, , 
 ,71227,2011082680,6,67,67301,2011,7,5,1857,18,1,2,1,4,1, , ,N,2,2,0,3,0,1,5,2,N,N,40 02:06.022,75 04:09.823,1928, ,1917, ,0, ,N, ,3, , , , , ,820184, , , ,2,2,0,0,0,0,0,0,0,0,0,1,1,0,0,0,0,0,0,0,0,0,0,0,0,0,0,0,0,0,0,0,0,0,0,4,0,40.035,-75.0694, , 
 ,71228,2011094313,6,67,67301,2011,9,4,402,4,3,2,1,7,2, , ,N,0,0,0,3,0,1,1,1,N,N,39 59:15.957,75 12:27.171,412, ,404,1,1,3,N, ,0,N, , , , ,820194, , , ,1,0,0,0,1,0,0,0,0,0,0,1,1,0,0,0,0,0,0,0,1,0,0,0,0,0,0,0,0,0,0,0,0,0,0,4,0,39.9878,-75.2075, , 
 ,71229,2011115258,6,67,67301,2011,10,7,1430,14,1,1,0,1,4, , ,N,2,3,0,3,0,1,1,3,N,N,40 01:25.586,75 09:16.617,1555, ,1545, ,0, ,N, ,3, , , , , ,820213, , , ,3,2,0,0,0,0,1,0,0,0,0,0,1,1,0,0,0,0,0,0,0,0,0,0,0,0,0,0,0,0,0,0,0,0,0,8,0,40.0238,-75.1546, , 
 ,71230,2011098048,6,67,67301,2011,8,4,424,4,3,1,0,5,6, , ,N,0,0,0,3,0,0,1,2,N,N,39 58:47.686,75 10:42.783,425, ,424, ,0, ,N, ,0, , , , , ,820249, , , ,2,2,0,0,0,0,0,0,0,0,0,0,0,0,0,0,0,0,0,0,0,0,0,0,0,0,0,0,0,0,0,0,0,0,0,0,0,39.9799,-75.1786, , 
 ,71231,2011066279,6,67,67301,2011,5,1,1125,11,1,1,0,1,1, , ,N,1,2,0,3,0,2,4,3,N,N,39 58:44.424,75 16:05.870,1303, ,1257, ,0, ,N, ,3, , , , , ,820275, , , ,3,2,0,0,0,0,1,0,0,0,0,2,2,0,0,0,0,0,0,0,1,0,0,0,0,0,0,0,0,0,0,0,0,0,0,4,0,39.979,-75.2683, , 
 ,71232,2011090472,6,67,67301,2011,7,3,842,8,1,1,0,5,1, , ,N,0,0,0,3,0,0,1,2,N, ,39 59:33.885,75 11:10.157,925, ,918, ,0, , , ,0, , , , , ,820297, , , ,2,2,0,0,0,0,0,0,0,0,0,0,0,0,0,0,0,0,0,0,0,1,0,0,0,0,0,0,0,0,0,0,0,0,0,0,0,39.9927,-75.1862, , 
 ,71233,2011063640,6,67,67301,2011,6,3,1606,16,1,1,0,9,1, , ,N,0,0,0,3,0,0,2,1,N,N,39 58:47.159,75 06:22.951,1618, ,1618,1,1,1,N, ,0,N, , , , ,826392, , , ,1,0,0,0,0,0,1,0,0,0,0,0,0,0,0,0,0,0,0,1,0,0,0,0,0,0,0,0,0,0,0,0,0,0,0,0,0,39.9797,-75.1065, , 
 ,71234,2011082419,6,67,67301,2011,7,3,140,1,3,1,0,1,1, , ,N,5,2,0,3,0,2,3,2,N,N,40 03:05.569,75 09:00.387,145, ,139, ,0, ,N, ,3, , , , , ,826398, , , ,2,2,0,0,0,0,0,0,0,0,0,2,2,0,0,0,0,0,0,0,1,0,0,0,0,0,0,0,0,0,0,0,0,0,0,4,0,40.0517,-75.1503, , 
 ,71235,2011095420,6,67,67301,2011,8,5,1200,12,1,2,1,4,1, , ,N,0,0,7,3,0,0,6,2,N,N,40 04:56.651,74 57:52.417,1207, ,1205, ,0, ,N, ,0, , , , , ,826411, , , ,2,1,0,0,1,0,0,0,0,0,0,0,0,0,0,0,0,0,0,0,1,0,0,0,0,0,0,0,0,0,0,0,0,0,0,0,0,40.0824,-74.9646, , 
 ,71236,2011100832,6,67,67301,2011,9,4,9999,99,1,1,0,4,1, , ,N,5,2,0,3,0,0,4,4,N,N,40 02:07.817,75 04:11.352,930, ,839, ,0, ,N, ,3, , , , , ,826415, , , ,4,4,0,0,0,0,0,0,0,0,0,0,0,0,0,0,0,0,1,0,0,0,0,0,0,0,0,0,0,0,0,0,0,0,0,0,0,40.0354,-75.0696, , 
 ,71237,2011080278,6,67,67301,2011,8,2,2111,21,3,1,0,7,3, , ,N,0,0,0,3,0,2,4,1,N,N,39 58:51.751,75 06:12.332,2119, ,2114,1,2,1,Y, ,0,N, , , , ,826441, , , ,1,0,0,0,0,0,0,1,0,0,0,1,2,1,0,0,0,0,0,0,0,0,0,0,0,0,0,0,0,0,0,0,0,0,0,4,0,39.9811,-75.1034, , 
 ,71238,2011065516,6,67,67301,2011,4,4,930,9,1,1,0,8,5, , ,N,0,0,0,3,0,1,2,2,N,N,39 56:29.900,75 10:21.806,1522, ,1517, ,0, , , ,0, , , , , ,826446, , , ,1,1,0,0,0,0,0,0,0,0,0,0,1,1,1,0,0,0,0,0,0,0,0,0,0,0,0,0,0,0,0,0,1,0,0,8,0,39.9416,-75.1727, , 
 ,71239,2011092871,6,67,67301,2011,8,4,750,7,1,1,0,1,1, , ,N,2,2,0,3,0,0,3,2,N,N,40 02:41.444,75 01:02.862,800, ,755, ,0, ,N, ,3, , , , , ,826465, , , ,2,0,0,0,0,0,1,1,0,0,0,0,0,0,0,0,0,0,0,0,1,0,0,0,0,0,0,0,0,0,0,0,0,0,0,0,0,40.0448,-75.0175, , 
 ,71240,2011066149,6,67,67301,2011,6,6,2150,21,3,1,0,4,1, , ,N,1,2,0,3,0,0,3,2,N,N,40 05:45.431,74 58:36.412,2150, ,2150, ,0, ,N, ,3, , , , , ,826498, , , ,2,2,0,0,0,0,0,0,0,0,0,0,0,0,0,0,0,0,0,0,0,0,0,0,0,0,0,0,0,0,0,0,0,0,0,0,0,40.096,-74.9768, , 
 ,71241,2011075680,6,67,67301,2011,6,4,9999,99,1,1,0,1,1, , ,N,0,0,0,3,0,1,2,2,N,N,39 59:33.446,75 09:25.243,1510, ,1504, ,0, ,N, ,0, , , , , ,826508, , , ,1,1,0,0,0,0,0,0,1,0,0,1,1,0,0,0,0,0,0,0,0,0,0,0,0,0,0,0,0,0,0,0,0,0,0,4,0,39.9926,-75.157, , 
 ,71242,2011083411,6,67,67301,2011,7,7,1608,16,1,1,0,4,1, , ,N,1,2,0,3,0,2,4,2,N,N,39 57:46.530,75 11:29.044,1610, ,1609, ,0, ,N, ,3, , , , , ,826519, , , ,2,1,0,0,0,0,1,0,0,0,0,1,2,1,2,0,0,0,0,1,0,0,0,0,0,0,0,0,0,0,0,0,0,0,0,4,0,39.9629,-75.1914, , 
 ,71243,2011085480,6,67,67301,2011,7,7,1607,16,1,1,0,1,1, , ,N,0,0,0,3,0,1,4,2,N,N,39 53:46.355,75 12:54.094,1615, ,1608,2,1,3,N, ,0,Y, , , , ,826520, , , ,2,1,0,0,0,0,1,0,0,0,0,1,1,0,1,0,0,0,0,0,1,0,0,1,0,0,0,0,0,0,0,0,0,0,0,4,0,39.8962,-75.215, , 
 ,71244,2011077324,6,67,67301,2011,7,5,747,7,1,1,0,1,1, , ,N,0,0,0,3,0,1,3,3,N,N,39 58:42.524,75 06:37.097,830, ,756,2,2,1,N, ,0,N, , , , ,826539, , , ,3,2,0,0,0,0,1,0,0,0,0,1,1,0,0,0,0,0,0,0,0,0,0,0,0,0,0,0,0,0,0,0,0,0,0,4,0,39.9784,-75.1104, , 
 ,71245,2011083342,6,67,67301,2011,7,2,1430,14,1,1,0,4,1, , ,N,1,2,0,3,0,0,2,3,N,N,40 00:54.748,75 08:49.919,1450, ,1449,1,1,3,N, ,3,Y, , , , ,826548, , , ,3,0,0,0,0,0,2,1,0,0,0,0,0,0,1,0,0,0,0,0,0,0,0,0,0,0,0,0,0,0,0,0,0,0,0,9,0,40.0152,-75.1472, , 
 ,71246,2011100689,6,67,67301,2011,8,6,1555,15,1,1,0,1,1, , ,N,1,2,0,3,0,5,5,2,N,N,39 57:20.197,75 11:22.128,1556, ,1555,1,1,3,N, ,3,N, , , , ,826566, , , ,2,2,0,0,0,0,0,0,0,0,1,2,5,2,0,0,0,0,0,0,2,0,0,0,0,0,0,0,0,0,0,0,0,0,0,3,0,39.9504,-75.1917, , 
 ,71247,2011100731,6,67,67301,2011,9,5,840,8,1,2,1,4,1, , ,N,2,3,0,3,0,1,2,2,N,N,40 01:50.286,75 06:49.377,950, ,946, ,0, ,N, ,3, , , , , ,826567, , , ,2,2,0,0,0,0,0,0,0,0,0,1,1,0,0,0,0,0,0,0,1,0,0,0,0,0,0,0,0,0,0,0,0,0,0,4,0,40.0306,-75.1137, , 
 ,71248,2011108884,6,67,67301,2011,9,6,2055,20,3,1,0,4,1, , ,N,2,2,0,3,0,2,3,2,N,N,40 06:16.527,75 00:04.844,2105, ,2100,1,1,1,N, ,3,N, , , , ,826573, , , ,2,1,0,0,0,0,0,1,0,0,2,0,2,0,0,0,0,0,0,0,0,0,0,0,0,0,0,0,0,0,0,0,0,0,0,3,0,40.1046,-75.0014, , 
 ,71249,2011108907,6,67,67301,2011,9,5,700,7,1,1,0,4,1, , ,N,2,3,0,3,0,0,2,2,N,N,40 05:03.087,75 04:30.032,710, ,704,1,1,2,N, ,3,N, , , , ,826574, , , ,2,1,0,0,0,0,1,0,0,0,0,0,0,0,0,0,0,0,0,0,0,0,0,1,0,0,0,0,0,0,0,0,0,0,0,0,0,40.0842,-75.075, , 
N,71250,2011063987,6,67,67301,2011,6,7,1330,13,1,1,0,0,1,8,2,Y,0,0,0,3,0,2,2,1,N,N,39 56:29.266,75 11:40.667,1355,50,1341, ,0, ,N, ,0, ,N,N,N,N,826587,N,Y,N,1,0,1,0,0,0,0,0,0,0,2,0,2,0,0,0,0,0,0,0,0,0,0,0,0,0,0,0,0,0,0,0,0,0,0,3,0,39.9401,-75.1961, , 
 ,71251,2011087968,6,67,67301,2011,8,3,2115,21,3,1,0,4,1, , ,N,1,2,0,3,0,0,3,2,N,N,40 00:41.506,75 04:11.278,2130, ,2118, ,0, , , ,3, , , , , ,823585, , , ,2,1,0,0,0,0,1,0,0,0,0,0,0,0,0,0,0,0,0,0,0,0,0,0,0,0,0,0,0,0,0,0,0,0,0,0,0,40.0115,-75.0698, , 
 ,71252,2011090506,6,67,67301,2011,7,1,130,1,3,1,0,8,1, , ,N,0,0,0,3,0,1,2,2,N,N,40 01:11.804,75 09:42.194,157, ,150, ,0, ,N, ,0, , , , , ,823589, , , ,1,0,1,0,0,0,0,0,0,0,1,0,1,0,1,0,0,0,0,0,0,0,0,0,0,0,0,0,0,0,0,0,1,0,0,3,0,40.0199,-75.1617, , 
 ,71253,2011093104,6,67,67301,2011,8,2,1015,10,1,2,1,1,1, , ,N,1,2,0,3,0,0,4,4,N,N,39 58:51.475,75 14:10.154,1023, ,1023, ,0, ,N, ,3, , , , , ,823591, , , ,4,3,0,0,0,0,1,0,0,0,0,0,0,0,0,0,0,0,1,0,2,0,0,0,0,0,0,0,0,0,0,0,0,0,0,0,0,39.981,-75.2362, , 
 ,71254,2011132791,6,67,67301,2011,11,4,2101,21,3,1,0,8,1, , ,N,0,2,0,3,0,1,3,2,N,N,40 02:14.463,75 08:13.555,2105, ,2105, ,0, ,N, ,3, , , , , ,823613, , , ,1,1,0,0,0,0,0,0,0,0,0,1,1,0,0,0,0,0,0,0,1,0,0,0,0,0,0,0,0,0,0,0,1,0,0,4,0,40.0374,-75.1371, , 
 ,71255,2011129171,6,67,67301,2011,12,3,900,9,1,1,0,1,1, , ,N,6,0,2,3,0,0,2,2,N,N,39 56:57.647,75 11:03.883,913, ,904,1,1,4,N, ,0,N, , , , ,823631, , , ,2,2,0,0,0,0,0,0,0,0,0,0,0,0,0,0,0,0,0,0,0,0,0,0,0,0,0,0,0,0,0,0,0,0,0,0,0,39.9493,-75.1844, , 
 ,71256,2012010046,6,67,67301,2011,12,4,345,3,3,1,1,7,2, , ,N,1,2,0,3,0,1,1,2,N,N,40 01:31.746,75 07:20.688,355, ,347, ,0, ,N, ,3, , , , , ,823642, , , ,1,1,0,0,0,0,0,0,0,0,1,0,1,0,0,0,0,0,0,0,0,0,0,0,0,0,0,0,0,0,0,0,0,0,0,3,0,40.0254,-75.1227, , 
 ,71257,2012017887,6,67,67301,2011,10,4,1450,14,1,2,1,7,4, , ,N,2,0,0,3,0,4,4,1,N,N,40 01:03.979,75 12:07.747,1500, ,1453,3,2,5,N, ,0,Y, , , , ,823643, , , ,1,1,0,0,0,0,0,0,0,0,0,4,4,0,0,0,0,0,0,0,0,0,0,4,0,0,0,0,0,0,0,0,0,0,0,4,0,40.0178,-75.2022, , 
 ,71258,2011056985,6,67,67301,2011,5,2,1041,10,1,1,0,4,1, , ,N,1,2,0,3,0,1,2,2, , ,39 55:32.198,75 14:03.722,1041, ,1041, ,0, , , ,3, , , , , ,823644, , , ,2,2,0,0,0,0,0,0,0,0,0,1,1,0,0,0,0,0,0,0,0,1,0,0,0,0,0,0,0,0,0,0,0,0,0,4,0,39.9256,-75.2344, , 
 ,71259,2011083465,6,67,67301,2011,7,4,1623,16,1,1,0,4,1, , ,N,2,2,0,3,0,3,5,2,N,N,39 56:50.704,75 14:23.171,1630, ,1625, ,0, ,N, ,3, , , , , ,823669, , , ,2,1,0,0,0,0,1,0,0,0,0,0,3,3,0,0,0,0,0,0,1,0,0,0,0,0,0,0,0,0,0,0,0,0,0,8,0,39.9474,-75.2398, , 
 ,71260,2011083472,6,67,67301,2011,6,3,906,9,1,1,0,1,1, , ,N,1,2,0,3,0,1,2,2,N, ,40 00:36.453,75 08:10.526,908, ,908, ,0, , , ,3, , , , , ,823670, , , ,2,0,0,1,0,0,1,0,0,0,0,0,1,1,0,0,0,0,0,0,0,0,0,1,0,0,0,0,0,0,0,0,0,0,0,8,1,40.0101,-75.1363, , 
 ,71261,2011118037,6,67,67301,2011,10,1,1543,15,1,1,0,4,1, , ,N,1,3,1,3,0,2,3,2,N,N,39 56:18.628,75 11:06.863,1600, ,1548, ,0, ,N, ,3, , , , , ,823686, , , ,2,2,0,0,0,0,0,0,0,0,0,2,2,0,0,0,0,0,0,0,0,0,0,0,0,0,0,0,0,0,0,0,0,0,0,4,0,39.9385,-75.1852, , 
 ,71262,2011068464,6,67,67301,2011,6,1,215,2,3,2,1,5,1, , ,N,1,2,0,3,0,2,5,2,N,N,39 57:42.847,75 08:28.208,220, ,216, ,0, ,N, ,3, , , , , ,823700, , , ,2,2,0,0,0,0,0,0,0,0,0,2,2,0,0,0,0,0,0,0,1,0,0,0,0,0,0,0,0,0,0,0,0,0,0,4,0,39.9619,-75.1412, , 
 ,71263,2011073183,6,67,67301,2011,6,7,1926,19,1,1,0,4,4, , ,N,1,3,0,3,0,5,5,3,N,N,39 59:05.294,75 10:08.806,1930, ,1927,2,2,7,N, ,3,Y, , , , ,823706, , , ,3,2,0,0,0,0,0,0,0,0,0,5,5,0,0,0,1,0,0,0,0,0,0,0,0,0,0,0,0,0,0,0,0,0,0,4,0,39.9848,-75.1691, , 
 ,71264,2011073638,6,67,67301,2011,7,1,1453,14,1,1,0,7,4, , ,N,0,0,0,3,0,0,1,1,N,N,40 00:54.334,75 03:13.867,1500, ,1453,1,1,1,N, ,0,N, , , , ,823707, , , ,1,1,0,0,0,0,0,0,0,0,0,0,0,0,0,0,0,0,0,0,0,0,0,0,0,0,0,0,0,0,0,0,0,0,0,0,0,40.015,-75.054, , 
 ,71265,2011102416,6,46,46108,2011,10,6,125,1,3,1,0,7,5, , ,N,2,0,0,3,0,1,1,1,N,N,40 05:13.538,75 12:48.575,126, ,125, ,0, ,N, ,0, , , , , ,823730, , , ,1,0,0,0,0,0,1,0,0,0,0,0,1,1,0,0,0,0,0,0,0,0,0,0,0,0,0,0,0,0,0,0,0,0,0,8,0,40.0871,-75.2135, , 
 ,71266,2011057041,6,67,67301,2011,5,4,830,8,1,2,1,4,1, , ,N,0,3,0,3,0,1,2,2,N,N,40 02:01.096,75 02:03.336,847, ,847, ,0, ,N, ,3, , , , , ,823732, , , ,2,0,0,0,0,0,2,0,0,0,0,1,1,0,0,0,0,0,0,0,0,0,0,0,0,0,0,0,0,0,0,0,0,0,0,4,0,40.0336,-75.0343, , 
 ,71267,2011028875,6,67,67301,2011,1,2,155,1,3,1,0,8,1, , ,N,1,2,0,3,0,1,2,2,N,N,39 57:06.318,75 12:11.069,200, ,159, ,0, ,N, ,3, , , , , ,823752, , , ,1,1,0,0,0,0,0,0,0,0,0,0,1,1,0,0,0,0,0,0,0,0,0,0,0,0,0,0,0,0,0,0,1,0,0,8,0,39.9518,-75.2031, , 
 ,71268,2011054022,6,67,67301,2011,4,4,1500,15,1,1,0,4,1, , ,N,1,0,0,3,0,3,4,2,N,N,39 59:27.484,75 07:54.928,1500, ,1500, ,0, ,N, ,0, , , , , ,823778, , , ,2,1,0,0,0,0,1,0,0,0,0,3,3,0,1,0,0,1,0,0,0,0,0,0,0,0,0,0,0,0,0,0,0,0,0,4,0,39.991,-75.1319, , 
 ,71269,2011100642,6,67,67301,2011,9,4,35,0,3,2,1,6,1, , ,N,2,3,0,3,0,1,2,2,N,N,40 01:50.880,75 09:29.185,53, ,50, ,0, ,N, ,3, , , , , ,816692, , , ,2,1,0,0,0,0,1,0,0,0,0,1,1,0,1,0,0,0,0,0,0,0,0,1,0,0,0,0,0,0,0,0,0,0,0,4,0,40.0308,-75.1581, , 
 ,71270,2011031335,6,67,67301,2011,2,1,1505,15,1,1,0,4,1, , ,N,1,3,0,3,0,1,2,2,N,N,40 03:08.209,75 03:21.778,1532, ,1530, ,0, ,N, ,3, , , , , ,816715, , , ,2,2,0,0,0,0,0,0,0,0,0,0,1,1,0,0,0,0,0,0,0,0,0,1,0,0,0,0,0,0,0,0,0,0,0,8,0,40.0522,-75.056, , 
 ,71271,2011031394,6,67,67301,2011,2,4,915,9,1,1,0,4,1, , ,N,1,3,0,3,0,1,3,2,N,N,40 02:06.705,75 13:19.289,1501, ,1501, ,0, ,N, ,3, , , , , ,816716, , , ,2,2,0,0,0,0,0,0,0,0,0,0,1,1,0,0,0,0,0,0,0,0,0,2,0,0,0,0,0,0,0,0,0,0,0,8,0,40.0352,-75.222, , 
 ,71272,2011040325,6,67,67301,2011,3,6,130,1,3,1,0,7,2, , ,N,0,0,0,3,0,0,2,1,N, ,39 57:48.950,75 09:14.680,133, ,131,1,2,2, , ,0,Y, , , , ,816724, , , ,1,1,0,0,0,0,0,0,0,0,0,0,0,0,0,0,0,0,0,0,0,0,0,0,0,0,0,0,0,0,0,0,0,0,0,0,0,39.9636,-75.1541, , 
 ,71273,2011050899,6,67,67301,2011,5,5,1303,13,1,1,0,7,5, , ,N,0,0,0,3,0,1,1,1,N,N,39 58:32.256,75 11:41.832,1307, ,1305,1,1,3,N, ,0,N, , , , ,816734, , , ,1,0,0,0,0,0,1,0,0,0,0,1,1,0,0,0,0,0,0,0,0,1,0,1,0,0,0,0,0,0,0,0,0,0,0,4,0,39.9756,-75.195, , 
 ,71274,2011054283,6,67,67301,2011,4,1,225,2,3,2,1,5,6, , ,N,0,0,0,3,0,1,1,3,N,N,40 06:46.660,75 01:03.740,235, ,229,2,2,2,N, ,0,N, , , , ,816735, , , ,3,2,0,0,1,0,0,0,0,0,1,0,1,0,0,0,1,0,0,0,0,0,0,0,0,0,0,0,0,0,0,0,0,0,0,3,0,40.113,-75.0177, , 
 ,71275,2011055706,6,67,67301,2011,5,1,242,2,3,2,7,7,2, , ,N,0,0,0,3,0,2,2,1,N,N,39 59:41.377,75 05:02.145,309, ,305,2,2,2,N, ,0,Y, , , , ,816737, , , ,1,1,0,0,0,0,0,0,0,0,0,0,2,2,0,0,0,0,0,0,0,0,0,0,0,0,0,0,0,0,0,0,0,0,0,8,0,39.9949,-75.0839, , 
 ,71276,2011064016,6,67,67301,2011,5,7,1342,13,1,1,0,8,1, , ,N,0,3,0,3,0,1,2,2,N,N,39 57:53.327,75 11:25.227,1342, ,1342, ,0, ,N, ,3, , , , , ,816739, , , ,1,0,0,0,0,0,0,1,0,0,0,1,1,0,0,0,0,0,0,0,0,0,0,0,0,0,0,0,0,0,0,0,1,0,0,4,0,39.9648,-75.1903, , 
 ,71277,2011066192,6,67,67301,2011,6,3,745,7,1,1,0,4,1, , ,N,1,0,0,3,0,1,3,2, , ,40 01:01.180,75 11:17.957,9999, ,9999, ,0, , , ,0, , , , , ,816740, , , ,2,2,0,0,0,0,0,0,0,0,0,0,1,1,0,0,0,0,0,0,0,0,0,0,0,0,0,0,0,0,0,0,0,0,0,8,0,40.017,-75.1883, , 
 ,71278,2011056771,6,67,67301,2011,5,5,2215,22,3,1,0,8,1, , ,N,2,2,0,3,0,1,2,2,N,N,39 57:29.532,75 14:07.900,2224, ,2220, ,0, ,N, ,3, , , , , ,816756, , , ,1,1,0,0,0,0,0,0,0,0,0,1,1,0,0,0,0,0,0,0,1,0,0,0,0,0,0,0,0,0,0,0,1,0,0,4,0,39.9582,-75.2355, , 
 ,71279,2011075632,6,67,67301,2011,6,5,1245,12,1,1,0,7,5, , ,N,1,2,0,3,0,0,1,1,N,N,39 56:20.518,75 09:59.207,1247, ,1246, ,0, , , ,3, , , , , ,816772, , , ,1,1,0,0,0,0,0,0,0,0,0,0,0,0,0,0,1,0,0,0,0,0,0,0,0,0,0,0,0,0,0,0,0,0,0,0,0,39.9391,-75.1664, , 
 ,71280,2011076293,6,67,67301,2011,6,7,320,3,3,1,0,5,6, , ,N,0,0,0,3,0,1,1,3,N,N,40 04:10.810,75 03:01.729,327, ,323, ,0, ,N, ,0, , , , , ,816774, , , ,3,3,0,0,0,0,0,0,0,0,0,0,1,1,0,0,0,0,0,1,0,0,0,0,0,0,0,0,0,0,0,0,0,0,0,8,0,40.0697,-75.0505, , 
 ,71281,2011085475,6,67,67301,2011,7,2,1315,13,1,1,0,1,1, , ,N,2,2,0,3,0,1,3,2,N,N,39 59:54.554,75 09:12.498,1320, ,1318, ,0, ,N, ,3, , , , , ,816783, , , ,2,2,0,0,0,0,0,0,0,0,0,0,1,1,0,0,0,0,0,0,0,1,0,0,0,0,0,0,0,0,0,0,0,0,0,8,0,39.9985,-75.1535, , 
 ,71282,2011108910,6,67,67301,2011,10,7,1331,13,1,1,0,8,1, , ,N,0,2,7,3,0,1,2,2,N,N,40 07:11.184,75 01:02.759,1333, ,1331, ,0, ,N, ,3, , , , , ,816836, , , ,1,1,0,0,0,0,0,0,0,0,0,0,1,1,0,0,0,0,0,0,0,0,0,0,0,0,0,0,0,0,0,0,1,0,0,8,0,40.1198,-75.0174, , 
 ,71283,2011009968,6,67,67301,2011,1,2,655,6,3,1,0,5,1, , ,N,0,0,0,3,0,1,1,3,N,N,39 55:10.580,75 10:43.180,700, ,655,3,2,2,N, ,0,Y, , , , ,816850, , , ,3,3,0,0,0,0,0,0,0,0,0,0,1,1,0,0,0,0,0,0,1,0,0,0,0,0,0,0,0,0,0,0,0,0,0,8,0,39.9196,-75.1787, , 
 ,71284,2011088091,6,67,67301,2011,8,2,805,8,1,1,0,8,1, , ,N,1,2,0,3,0,1,2,2,N, ,40 01:10.243,75 08:56.039,833, ,832, ,0, , , ,3, , , , , ,816858, , , ,1,1,0,0,0,0,0,0,0,0,0,0,1,1,0,0,0,0,0,0,0,0,0,0,0,0,0,0,0,0,0,0,1,0,0,8,0,40.0195,-75.1489, , 
 ,71285,2011090556,6,67,67301,2011,8,6,1556,15,1,1,0,6,1, , ,N,0,0,0,3,0,1,2,2,N,N,39 58:43.669,75 11:21.242,1558, ,1556,1,1,5,N, ,0,N, , , , ,816864, , , ,2,1,0,0,0,0,1,0,0,0,0,0,1,1,1,0,0,0,0,0,0,1,0,0,0,0,0,0,0,0,0,0,0,0,0,8,0,39.9788,-75.1892, , 
 ,71286,2011056377,6,67,67301,2011,5,7,2315,23,3,2,1,4,1, , ,N,1,2,0,3,0,0,3,2,N,N,39 58:30.781,75 11:41.713,2337, ,2330, ,0, ,N, ,3, , , , , ,816882, , , ,2,2,0,0,0,0,0,0,0,0,0,0,0,0,0,0,0,0,0,0,0,0,0,2,0,0,0,0,0,0,0,0,0,0,0,0,0,39.9751,-75.195, , 