wz_ln_closure,objectid_1,crn,district,county,municipality,crash_year,crash_month,day_of_week,time_of_day,hour_of_day,illumination,weather,road_condition,collision_type,relation_to_road,work_zone_type,work_zone_loc,work_zone_ind,intersect_type,tcd_type,location_type,urban_rural,fatal_count,injury_count,person_count,total_units,sch_bus_ind,sch_zone_ind,latitude,longitude,arrival_tm,cons_zone_spd_lim,dispatch_tm,est_hrs_closed,lane_closed,ln_close_dir,ntfy_hiwy_maint,spec_juris_cd,tcd_func_cd,tfc_detour_ind,workers_pres,wz_close_detour,wz_flagger,wz_law_offcr_ind,objectid,wz_moving,wz_other,wz_shlder_mdn,vehicle_count,automobile_count,motorcycle_count,bus_count,small_truck_count,heavy_truck_count,suv_count,van_count,bicycle_count,maj_inj_count,mod_inj_count,min_inj_count,tot_inj_count,unk_inj_deg_count,unk_inj_per_count,driver_count_16yr,driver_count_17yr,driver_count_18yr,driver_count_19yr,driver_count_20yr,driver_count_50_64yr,driver_count_65_74yr,driver_count_75plus,unbelted_occ_count,unb_death_count,unb_maj_inj_count,belted_death_count,belted_maj_inj_count,mcycle_death_count,mcycle_maj_inj_count,bicycle_death_count,bicycle_maj_inj_count,ped_count,ped_death_count,ped_maj_inj_count,max_severity_level,comm_veh_count,dec_lat,dec_long,rdwy_surf_type_cd,county_name
 ,71287,2011095461,6,67,67301,2011,8,6,20,0,3,2,1,4,1, , ,N,1,2,0,3,0,2,3,2,N,N,40 02:10.346,75 03:51.114,36, ,22,1,1,1,N, ,3,N, , , , ,820305, , , ,2,2,0,0,0,0,0,0,0,0,0,2,2,0,0,0,0,0,0,0,0,0,0,0,0,0,0,0,0,0,0,0,0,0,0,4,0,40.0362,-75.0642, , 
 ,71288,2011100867,6,67,67301,2011,9,5,1114,11,1,2,1,4,1, , ,N,1,2,0,3,0,1,2,2,N,N,40 03:48.698,75 10:11.388,1115, ,1115, ,0, ,N, ,3, , , , , ,820310, , , ,2,2,0,0,0,0,0,0,0,0,1,0,1,0,1,0,0,0,0,0,0,0,0,0,0,0,0,0,0,0,0,0,0,0,0,3,0,40.0635,-75.1698, , 
 ,71289,2011056883,6,67,67301,2011,5,5,2058,20,3,1,0,4,1, , ,N,1,2,0,3,0,3,3,2,N,N,40 00:25.549,75 05:38.543,2120, ,2114,2,1,1,N, ,3,N, , , , ,820326, , , ,2,2,0,0,0,0,0,0,0,0,0,0,3,3,0,0,0,0,0,0,0,0,0,0,0,0,0,0,0,0,0,0,0,0,0,8,0,40.0071,-75.094, , 
 ,71290,2011061797,6,67,67301,2011,5,7,1800,18,1,1,0,8,1, , ,N,0,0,0,3,0,1,2,2,N,N,39 59:55.310,75 07:13.870,1804, ,1802, ,0, ,N, ,0, , , , , ,820331, , , ,1,1,0,0,0,0,0,0,0,0,0,1,1,0,0,0,0,0,0,0,0,0,0,0,0,0,0,0,0,0,0,0,1,0,0,4,0,39.9987,-75.1205, , 
 ,71291,2011066271,6,67,67301,2011,6,4,9999,99,1,1,0,8,1, , ,N,0,0,0,3,0,1,2,2,N,N,40 02:56.127,75 03:43.789,1530, ,1525, ,0, ,N, ,0, , , , , ,820334, , , ,1,1,0,0,0,0,0,0,0,0,0,0,1,1,0,0,0,1,0,0,0,0,0,0,0,0,0,0,0,0,0,0,1,0,0,8,0,40.0489,-75.0622, , 
 ,71292,2011068456,6,67,67301,2011,6,7,1730,17,1,1,0,4,1, , ,N,1,2,0,3,0,1,2,2,N,N,40 01:47.237,75 03:36.393,1749, ,1747, ,0, ,N, ,3, , , , , ,820338, , , ,2,1,0,0,0,0,1,0,0,0,0,1,1,0,1,0,0,0,0,0,1,0,0,0,0,0,0,0,0,0,0,0,0,0,0,4,0,40.0298,-75.0601, , 
 ,71293,2011073215,6,67,67301,2011,6,4,1450,14,1,1,0,4,1, , ,N,1,3,0,3,0,3,6,2,N,N,40 00:28.717,75 04:25.479,1455, ,1451,9,1,2,N, ,3,Y, , , , ,820347, , , ,2,2,0,0,0,0,0,0,0,0,0,1,3,2,0,0,0,0,0,0,0,0,0,1,0,0,0,0,0,0,0,0,0,0,0,4,0,40.008,-75.0737, , 
 ,71294,2011028866,6,67,67301,2011,1,7,1601,16,1,1,0,6,1, , ,N,2,2,0,3,0,1,3,2,N,N,39 57:48.087,75 11:15.011,1608, ,1603, ,0, ,N, ,3, , , , , ,820382, , , ,2,2,0,0,0,0,0,0,0,0,0,0,1,1,0,0,0,0,0,0,0,0,0,0,0,0,0,0,0,0,0,0,0,0,0,8,0,39.9634,-75.1875, , 
 ,71295,2011040431,6,67,67301,2011,3,5,1740,17,1,1,0,4,1, , ,N,1,2,0,3,0,1,2,2,N,N,40 02:17.896,75 04:31.313,1802, ,1756,2,1,2,N, ,3,N, , , , ,820392, , , ,2,1,0,0,0,0,0,1,0,0,0,1,1,0,0,0,0,0,0,0,0,0,0,0,0,0,0,0,0,0,0,0,0,0,0,4,0,40.0383,-75.0754, , 
 ,71296,2011066171,6,67,67301,2011,6,2,445,4,5,1,0,7,4, , ,N,1,2,0,3,0,0,1,1,N,N,40 03:48.034,75 08:21.451,9999, ,455, ,0, ,N, ,3, , , , , ,820419, , , ,1,1,0,0,0,0,0,0,0,0,0,0,0,0,0,0,0,0,0,0,0,0,0,0,0,0,0,0,0,0,0,0,0,0,0,0,0,40.0633,-75.1393, , 
 ,71297,2011068482,6,67,67301,2011,6,5,742,7,1,1,0,6,1, , ,N,0,2,7,3,0,3,4,2, , ,40 02:51.920,75 03:35.772,748, ,745,2,2,6, , ,3,Y, , , , ,820422, , , ,2,1,0,0,0,1,0,0,0,0,0,0,3,3,0,0,0,0,0,0,0,1,0,0,0,0,0,0,0,0,0,0,0,0,0,8,1,40.0478,-75.0599, , 
 ,71298,2011082453,6,67,67301,2011,7,4,1519,15,1,1,0,1,1, , ,N,0,0,7,3,0,3,4,2,N,N,39 59:55.142,75 07:38.150,1712, ,1702, ,0, ,N, ,0, , , , , ,820433, , , ,2,2,0,0,0,0,0,0,0,0,0,3,3,0,1,0,0,0,1,0,0,0,0,0,0,0,0,0,0,0,0,0,0,0,0,4,0,39.9987,-75.1273, , 
 ,71299,2011083419,6,67,67301,2011,7,7,1340,13,1,1,0,4,1, , ,N,1,2,0,3,0,1,2,2,N,N,39 57:08.958,75 10:37.001,1355, ,1349, ,0, , , ,3, , , , , ,820434, , , ,1,1,0,0,0,0,0,0,1,0,0,1,1,0,0,0,0,0,0,0,0,0,0,0,0,0,0,0,0,0,0,0,0,0,0,4,0,39.9525,-75.177, , 
 ,71300,2011092907,6,67,67301,2011,8,1,1615,16,1,2,1,1,1, , ,N,0,2,0,3,0,2,4,2,N,N,39 56:12.231,75 09:12.697,9999, ,9999, ,0, ,N, ,3, , , , , ,820441, , , ,2,2,0,0,0,0,0,0,0,0,0,1,2,1,0,0,0,0,0,0,1,0,0,0,0,0,0,0,0,0,0,0,0,0,0,4,0,39.9367,-75.1535, , 
 ,71301,2011095494,6,67,67301,2011,8,5,115,1,3,1,0,7,2, , ,N,0,0,1,3,0,0,1,1,N,N,40 00:48.306,75 10:23.926,145, ,144, ,0, ,N, ,0, , , , , ,820443, , , ,1,0,0,0,0,0,1,0,0,0,0,0,0,0,0,0,0,1,0,0,0,0,0,1,0,0,0,0,0,0,0,0,0,0,0,0,0,40.0134,-75.1733, , 
 ,71302,2011104095,6,67,67301,2011,10,7,208,2,3,1,1,7,3, , ,N,0,0,0,3,0,1,2,1,N,N,39 59:43.274,75 11:51.404,222, ,221,1,2,4,Y, ,0,N, , , , ,820452, , , ,1,0,0,0,1,0,0,0,0,0,0,0,1,1,0,0,0,0,0,0,0,0,0,0,0,0,0,0,0,0,0,0,0,0,0,8,0,39.9954,-75.1976, , 
 ,71303,2011108814,6,67,67301,2011,9,6,1100,11,1,1,0,1,1, , ,N,2,2,0,3,0,5,7,2,N,N,40 06:44.590,74 59:27.519,1117, ,1105,1,1,2,N, ,3,N, , , , ,820453, , , ,2,1,0,0,0,1,0,0,0,0,0,0,5,5,0,0,0,0,0,0,1,0,0,1,0,0,0,0,0,0,0,0,0,0,0,8,1,40.1124,-74.991, , 
 ,71304,2011056788,6,67,67301,2011,5,7,2130,21,3,1,0,8,1, , ,N,1,3,0,3,0,1,2,2, , ,39 56:35.646,75 10:38.553,2139, ,2132, ,0, , , ,3, , , , , ,820473, , , ,1,1,0,0,0,0,0,0,0,0,0,1,1,0,0,0,0,0,0,0,0,0,0,0,0,0,0,0,0,0,0,0,1,0,0,4,0,39.9432,-75.1774, , 
 ,71305,2011087119,6,67,67301,2011,8,1,237,2,3,2,1,7,4, , ,N,0,0,0,3,0,0,1,1,N,N,39 58:45.592,75 06:30.991,243, ,242,1,2,2,N, ,0,N, , , , ,826605, , , ,1,0,0,0,0,0,1,0,0,0,0,0,0,0,0,0,0,0,0,0,0,0,0,0,0,0,0,0,0,0,0,0,0,0,0,0,0,39.9793,-75.1086, , 
 ,71306,2011072970,6,67,67301,2011,6,4,2351,23,3,1,0,1,1, , ,N,0,0,0,3,0,0,9,7,N,N,39 59:54.562,75 11:44.840,2357, ,2353,2,1,3,N, ,0,N, , , , ,826644, , , ,7,6,0,0,0,0,0,0,0,0,0,0,0,0,1,0,0,0,0,0,2,0,0,0,0,0,0,0,0,0,0,0,0,0,0,9,0,39.9985,-75.1958, , 
 ,71307,2011073298,6,67,67301,2011,6,6,419,4,3,1,0,8,1, , ,N,1,2,0,3,0,1,2,2,N,N,40 01:34.076,75 07:18.694,430, ,422, ,0, ,N, ,3, , , , , ,826645, , , ,1,1,0,0,0,0,0,0,0,0,0,1,1,0,0,0,0,0,1,0,0,0,0,0,0,0,0,0,0,0,0,0,1,0,0,4,0,40.026,-75.122, , 
 ,71308,2011082656,6,67,67301,2011,7,4,1753,17,1,1,0,2,1, , ,N,2,0,0,3,0,1,2,2,N,N,39 55:51.548,75 14:34.636,1825, ,1818, ,0, ,N, ,0, , , , , ,826657, , , ,2,2,0,0,0,0,0,0,0,0,0,0,1,1,1,0,0,0,1,0,0,0,0,0,0,0,0,0,0,0,0,0,0,0,0,8,0,39.931,-75.243, , 
 ,71309,2011087680,6,67,67301,2011,8,2,744,7,1,2,1,1,1, , ,N,0,0,0,3,0,0,2,2,N,N,39 59:37.723,75 11:57.127,752, ,749, ,0, ,N, ,0, , , , , ,826661, , , ,2,2,0,0,0,0,0,0,0,0,0,0,0,0,0,0,0,0,0,0,0,0,0,0,0,0,0,0,0,0,0,0,0,0,0,0,0,39.9938,-75.1992, , 
 ,71310,2011095403,6,67,67301,2011,8,3,155,1,3,1,0,7,1, , ,N,0,0,0,3,0,0,1,1,N,N,40 01:54.581,75 05:02.780,205, ,156,9,1,1,N, ,0,N, , , , ,826663, , , ,1,1,0,0,0,0,0,0,0,0,0,0,0,0,1,0,0,0,0,0,0,0,0,0,0,0,0,0,0,0,0,0,0,0,0,9,0,40.0318,-75.0841, , 
 ,71311,2011100656,6,67,67301,2011,9,6,2359,23,3,1,0,4,1, , ,N,1,2,0,3,0,1,2,2,N,N,39 59:04.850,75 09:23.377,41, ,40, ,0, ,N, ,3, , , , , ,826668, , , ,2,1,1,0,0,0,0,0,0,0,0,1,1,0,0,0,0,0,0,0,1,0,0,0,0,0,0,0,0,0,0,0,0,0,0,4,0,39.9847,-75.1565, , 
 ,71312,2011100765,6,67,67301,2011,9,5,1740,17,1,1,0,1,6, , ,N,0,0,0,3,0,1,2,2,N,N,40 00:40.226,75 05:00.646,1748, ,1747, ,0, ,N, ,0, , , , , ,826669, , , ,2,2,0,0,0,0,0,0,0,0,0,0,1,1,0,0,0,0,0,0,0,0,0,0,0,0,0,0,0,0,0,0,0,0,0,8,0,40.0112,-75.0835, , 
 ,71313,2011068476,6,67,67301,2011,6,1,2153,21,3,1,0,4,1, , ,N,5,2,0,3,0,1,2,2, , ,39 56:45.089,75 14:25.018,2322, ,2322, ,0, , , ,3, , , , , ,826692, , , ,1,1,0,0,0,0,0,0,1,0,0,0,1,1,0,0,0,0,0,0,0,0,0,0,0,0,0,0,0,0,0,0,0,0,0,8,0,39.9459,-75.2403, , 
 ,71314,2011077043,6,67,67301,2011,7,3,1448,14,1,1,0,1,1, , ,N,0,0,0,3,0,0,2,2,N,N,39 57:32.590,75 10:16.405,1505, ,1456, ,0, ,N, ,0, , , , , ,826700, , , ,2,1,0,0,1,0,0,0,0,0,0,0,0,0,1,0,0,0,0,0,1,0,0,0,0,0,0,0,0,0,0,0,0,0,0,9,0,39.9591,-75.1712, , 
 ,71315,2011068412,6,67,67301,2011,6,6,939,9,1,1,0,2,6, , ,N,0,0,0,3,0,0,1,3,N,N,39 57:45.648,75 13:56.931,942, ,939, ,0, ,N, ,0, , , , , ,826743, , , ,3,3,0,0,0,0,0,0,0,0,0,0,0,0,0,0,0,0,0,0,1,0,0,0,0,0,0,0,0,0,0,0,0,0,0,0,0,39.9627,-75.2325, , 
 ,71316,2011085763,6,67,67301,2011,8,7,1855,18,1,1,0,5,1, , ,N,0,0,0,3,0,1,5,3,N,N,39 56:45.333,75 08:33.086,1900, ,1857,1,1,2,N, ,0,N, , , , ,826750, , , ,3,1,0,0,0,0,1,1,0,0,0,1,1,0,0,0,0,0,0,0,0,0,0,0,0,0,0,0,0,0,0,0,0,0,0,4,0,39.9459,-75.1425, , 
 ,71317,2011087909,6,67,67301,2011,8,2,1510,15,1,1,0,7,5, , ,N,1,2,0,3,0,1,2,2,N,N,39 56:55.805,75 08:51.359,1512, ,1510, ,0, ,N, ,3, , , , , ,826754, , , ,1,0,0,0,0,0,0,0,0,0,1,0,1,0,0,0,0,0,0,0,0,0,0,0,0,0,0,0,0,0,0,0,1,0,0,3,0,39.9488,-75.1476, , 
 ,71318,2011087994,6,67,67301,2011,5,3,2010,20,1,1,0,8,1, , ,N,0,0,0,3,0,1,2,2,N, ,40 00:36.072,75 08:38.188,2030, ,2020, ,0, , , ,0, , , , , ,826755, , , ,1,0,0,0,0,0,0,0,0,0,0,0,1,1,1,0,0,0,0,0,0,0,0,0,0,0,0,0,0,0,0,0,1,0,0,8,0,40.01,-75.1439, , 
 ,71319,2011089867,6,67,67301,2011,9,5,1504,15,1,1,0,1,1, , ,N,0,0,0,3,0,1,3,2,N,N,39 53:26.564,75 13:17.470,1526, ,1515, ,0, ,N, ,0, , , , , ,826758, , , ,2,1,0,0,0,0,0,1,0,0,0,0,1,1,0,0,0,0,0,0,0,1,0,0,0,0,0,0,0,0,0,0,0,0,0,8,0,39.8907,-75.2215, , 
 ,71320,2011089870,6,67,67301,2011,9,6,1550,15,1,1,0,1,1, , ,N,0,0,0,3,0,2,6,2,N,N,39 59:37.723,75 11:57.127,1604, ,1602, ,0, ,N, ,0, , , , , ,826759, , , ,2,2,0,0,0,0,0,0,0,0,0,0,2,2,0,0,0,0,0,0,0,0,0,0,0,0,0,0,0,0,0,0,0,0,0,8,0,39.9938,-75.1992, , 
 ,71321,2011090343,6,67,67301,2011,8,7,9999,99,1,1,0,4,1, , ,N,1,2,0,3,0,3,3,2,N, ,40 02:01.052,75 02:48.431,9999, ,1555,2,1,7, , ,3,N, , , , ,826760, , , ,2,2,0,0,0,0,0,0,0,1,0,0,3,2,0,0,0,0,0,0,1,0,0,2,0,1,0,0,0,0,0,0,0,0,0,2,0,40.0336,-75.0468, , 
 ,71322,2011100636,6,67,67301,2011,9,6,2140,21,3,1,0,1,1, , ,N,0,0,0,3,0,2,3,2,N,N,40 03:45.239,75 10:14.921,2210, ,2156, ,0, ,N, ,0, , , , , ,826777, , , ,2,0,0,0,0,0,2,0,0,0,0,2,2,0,1,0,0,0,0,0,0,0,0,0,0,0,0,0,0,0,0,0,0,0,0,4,0,40.0626,-75.1708, , 
 ,71323,2011100726,6,67,67301,2011,9,5,9999,99,8,2,0,4,1, , ,N,1,2,0,3,0,1,3,2,N,N,39 57:27.542,75 09:44.544,1526, ,1524, ,0, ,N, ,9, , , , , ,826778, , , ,2,1,0,0,1,0,0,0,0,0,0,0,1,1,0,0,0,0,0,0,1,1,0,0,0,0,0,0,0,0,0,0,0,0,0,8,0,39.9577,-75.1624, , 
 ,71324,2011053617,6,67,67301,2011,4,7,1730,17,1,1,0,5,1, , ,N,0,0,0,3,0,1,3,2,N,N,39 56:06.000,75 10:08.878,1738, ,1736, ,0, , , ,0, , , , , ,823779, , , ,2,1,0,0,0,1,0,0,0,0,0,0,1,1,0,0,0,0,0,0,0,0,0,2,0,0,0,0,0,0,0,0,0,0,0,8,1,39.935,-75.1691, , 
 ,71325,2011053619,6,67,67301,2011,4,2,1615,16,1,1,0,8,1, , ,N,0,0,0,3,0,1,2,2,N,N,39 59:16.576,75 10:03.478,1620, ,1615, ,0, ,N, ,0, , , , , ,823780, , , ,1,1,0,0,0,0,0,0,0,0,0,1,1,0,1,0,0,0,0,0,0,1,0,0,0,0,0,0,0,0,0,0,1,0,0,4,0,39.9879,-75.1676, , 
 ,71326,2011075553,6,67,67301,2011,7,6,1210,12,1,1,0,1,7, , ,N,2,4,2,3,0,2,3,2,N,N,39 57:59.464,75 11:14.628,1215, ,1215,3,2,4,N, ,9,N, , , , ,823788, , , ,2,1,0,0,0,0,1,0,0,0,0,0,2,2,0,0,0,0,0,0,1,0,0,0,0,0,0,0,0,0,0,0,0,0,0,8,0,39.9665,-75.1874, , 
 ,71327,2011098132,6,67,67301,2011,9,2,1750,17,1,1,0,4,1, , ,N,1,3,0,3,0,0,2,3,N,N,39 57:43.221,75 11:33.907,1805, ,1800, ,0, ,N, ,3, , , , , ,823818, , , ,3,2,0,0,0,0,0,1,0,0,0,0,0,0,0,0,0,0,0,0,0,0,0,0,0,0,0,0,0,0,0,0,0,0,0,0,0,39.962,-75.1928, , 
 ,71328,2011108848,6,67,67301,2011,10,1,1335,13,1,2,1,4,1, , ,N,1,2,0,3,0,1,3,2,N,N,40 00:39.718,75 06:15.004,1413, ,1406,2,1,4,N, ,3,N, , , , ,823824, , , ,2,2,0,0,0,0,0,0,0,0,0,1,1,0,0,0,0,0,0,0,0,0,0,0,0,0,0,0,0,0,0,0,0,0,0,4,0,40.011,-75.1042, , 
 ,71329,2011108946,6,67,67301,2011,10,1,1610,16,1,1,1,4,1, , ,N,1,2,0,3,0,0,7,2,N,N,40 02:53.162,75 04:08.816,1620, ,1616, ,0, ,N, ,3, , , , , ,823825, , , ,2,0,0,0,0,0,2,0,0,0,0,0,0,0,3,0,0,0,0,0,1,0,0,0,0,0,0,0,0,0,0,0,0,0,0,9,0,40.0481,-75.0691, , 
 ,71330,2011073251,6,67,67301,2011,6,7,805,8,1,1,0,7,4, , ,N,2,0,0,3,0,1,1,1,N,N,40 04:55.365,75 01:57.305,810, ,806, ,0, ,N, ,0, , , , , ,823833, , , ,1,1,0,0,0,0,0,0,0,0,0,1,1,0,0,0,0,0,0,0,1,0,0,0,0,0,0,0,0,0,0,0,0,0,0,4,0,40.082,-75.0326, , 
 ,71331,2011082667,6,67,67301,2011,7,3,2345,23,3,1,0,8,1, , ,N,2,3,0,3,0,1,2,2,N,N,39 54:56.757,75 10:03.503,200, ,150, ,0, ,N, ,3, , , , , ,823851, , , ,1,1,0,0,0,0,0,0,0,0,0,0,1,1,0,0,0,0,0,0,0,1,0,0,0,0,0,0,0,0,0,0,1,0,0,8,0,39.9158,-75.1676, , 
 ,71332,2011085402,6,67,67301,2011,7,7,1800,18,1,1,0,4,1, , ,N,0,0,7,3,0,1,3,2,N,N,39 54:17.860,75 10:16.020,1805, ,1800,1,1,4,N, ,0,N, , , , ,823855, , , ,2,2,0,0,0,0,0,0,0,0,0,0,1,1,2,0,1,0,0,0,0,0,0,0,0,0,0,0,0,0,0,0,0,0,0,8,0,39.905,-75.1711, , 
 ,71333,2011089875,6,67,67301,2011,9,7,1520,15,1,1,0,5,1, , ,N,0,0,0,3,0,1,2,2,N,N,39 59:56.382,75 11:43.287,1547, ,1524, ,0, ,N, ,0, , , , , ,823859, , , ,2,1,0,0,0,0,1,0,0,0,0,0,1,1,1,0,0,0,0,0,0,0,0,0,0,0,0,0,0,0,0,0,0,0,0,8,0,39.999,-75.1954, , 
 ,71334,2011099581,6,67,67301,2011,8,3,1512,15,1,1,0,1,1, , ,N,0,0,0,3,0,1,3,3,N,N,39 57:55.195,75 11:09.384,1520, ,1515,1,2,3,N, ,0,N, , , , ,823864, , , ,3,2,0,0,1,0,0,0,0,0,0,1,1,0,0,0,0,0,0,0,0,0,1,0,0,0,0,0,0,0,0,0,0,0,0,4,0,39.9653,-75.1859, , 
 ,71335,2011113278,6,67,67301,2011,9,4,2000,20,3,2,1,6,9, , ,N,0,0,0,3,0,2,3,3,N,N,40 03:40.429,75 11:30.854,2300, ,2300, ,0, ,N, ,0, , , , , ,823873, , , ,3,1,0,0,0,1,1,0,0,0,2,0,2,0,0,0,0,0,0,0,1,1,0,0,0,0,0,0,0,0,0,0,0,0,0,3,1,40.0612,-75.1919, , 
 ,71336,2011113288,6,67,67301,2011,10,4,1825,18,4,1,0,7,2, , ,N,0,0,0,3,0,0,1,1,N,N,40 01:44.730,75 11:23.070,1835, ,1830,1,1,1,N, ,0,N, , , , ,823874, , , ,1,1,0,0,0,0,0,0,0,0,0,0,0,0,0,0,0,0,0,0,0,0,0,0,0,0,0,0,0,0,0,0,0,0,0,0,0,40.0291,-75.1897, , 
 ,71337,2011082398,6,67,67301,2011,7,6,530,5,1,1,0,8,2, , ,N,0,0,0,3,0,1,2,2,N,N,40 00:11.595,75 07:39.424,549, ,542, ,0, ,N, ,0, , , , , ,823891, , , ,1,1,0,0,0,0,0,0,0,0,0,0,1,1,0,0,0,0,0,0,0,0,0,0,0,0,0,0,0,0,0,0,1,0,0,8,0,40.0032,-75.1276, , 
 ,71338,2011122010,6,67,67301,2011,11,1,2234,22,3,2,1,7,2, , ,N,0,0,0,3,0,1,1,1,N,N,39 56:13.494,75 11:56.619,2255, ,2250,1,2,3,N, ,0,N, , , , ,823918, , , ,1,1,0,0,0,0,0,0,0,0,0,1,1,0,0,0,0,0,0,0,0,0,0,0,0,0,0,0,0,0,0,0,0,0,0,4,0,39.9355,-75.1998, , 
 ,71339,2011061787,6,67,67301,2011,5,4,9999,99,1,1,0,8,1, , ,N,1,3,0,3,0,1,2,2,N,N,39 59:10.777,75 07:54.659,1650, ,1648, ,0, ,N, ,3, , , , , ,823924, , , ,1,0,0,0,0,0,0,0,0,0,1,0,1,0,1,0,0,0,0,0,0,0,0,0,0,0,0,0,0,0,0,0,1,0,0,3,0,39.9863,-75.1318, , 
 ,71340,2011082704,6,67,67301,2011,7,4,1336,13,1,1,0,8,1, , ,N,2,3,0,3,0,1,2,2,N,N,40 01:50.167,75 09:58.064,1519, ,1509, ,0, , , ,3, , , , , ,823940, , , ,1,1,0,0,0,0,0,0,0,0,0,0,1,1,0,0,0,0,0,0,0,0,0,0,0,0,0,0,0,0,0,0,1,0,0,8,0,40.0306,-75.1661, , 
 ,71341,2011095341,6,67,67301,2011,8,1,945,9,1,2,1,4,1, , ,N,1,2,0,3,0,0,2,2,N,N,39 56:59.250,75 12:25.488,1025, ,1021,2,1,6,N, ,3,Y, , , , ,823951, , , ,2,2,0,0,0,0,0,0,0,0,0,0,0,0,0,0,0,0,0,0,1,0,0,0,0,0,0,0,0,0,0,0,0,0,0,0,0,39.9498,-75.2071, , 
 ,71342,2011088082,6,67,67301,2011,8,6,2041,20,3,1,0,4,1, , ,N,1,3,0,3,0,1,3,2,N, ,39 56:01.932,75 09:55.547,2105, ,2100, ,0, , , ,3, , , , , ,816906, , , ,1,1,0,0,0,0,0,0,1,0,0,1,1,0,0,0,0,0,0,0,0,0,0,0,0,0,0,0,0,0,0,0,0,0,0,4,0,39.9339,-75.1654, , 
 ,71343,2011083325,6,67,67301,2011,7,1,1827,18,1,1,0,2,1, , ,N,1,2,0,3,0,1,3,2,N,N,39 58:13.815,75 08:53.198,1832, ,1828, ,0, ,N, ,9, , , , , ,816966, , , ,2,1,0,0,0,0,0,1,0,0,0,0,1,1,0,0,0,0,0,0,1,0,0,0,0,0,0,0,0,0,0,0,0,0,0,8,0,39.9704,-75.1482, , 
 ,71344,2011090432,6,67,67301,2011,8,1,400,4,3,2,1,1,6, , ,N,0,0,0,3,0,2,2,2,N, ,40 02:04.761,75 06:19.504,415, ,410, ,0, , , ,0, , , , , ,816975, , , ,2,2,0,0,0,0,0,0,0,0,0,2,2,0,0,0,0,0,1,0,0,0,0,0,0,0,0,0,0,0,0,0,0,0,0,4,0,40.0347,-75.1054, , 
 ,71345,2011010013,6,67,67301,2011,1,7,2300,23,3,2,1,4,1, , ,N,1,2,0,3,0,2,3,2,N,N,40 00:35.053,75 08:32.809,30, ,20, ,0, ,N, ,3, , , , , ,816995, , , ,2,2,0,0,0,0,0,0,0,0,0,0,2,2,1,0,0,0,0,1,0,0,0,0,0,0,0,0,0,0,0,0,0,0,0,8,0,40.0097,-75.1424, , 
 ,71346,2011065501,6,67,67301,2011,5,5,1745,17,1,1,0,1,1, , ,N,0,0,0,3,0,1,2,2,N,N,39 58:25.723,75 08:23.791,1853, ,1851, ,0, ,N, ,0, , , , , ,817001, , , ,2,0,0,0,0,0,2,0,0,0,0,1,1,0,0,0,0,0,0,0,0,0,0,0,0,0,0,0,0,0,0,0,0,0,0,4,0,39.9738,-75.1399, , 
 ,71347,2011066165,6,67,67301,2011,6,6,1418,14,1,1,0,7,2, , ,N,0,0,0,3,0,0,1,1,N,N,40 01:03.831,75 10:20.442,1440, ,1425,1,1,2,N, ,0,N, , , , ,817004, , , ,1,1,0,0,0,0,0,0,0,0,0,0,0,0,0,0,0,0,0,0,0,0,0,0,0,0,0,0,0,0,0,0,0,0,0,0,0,40.0177,-75.1723, , 
 ,71348,2011085541,6,67,67301,2011,7,4,2239,22,2,1,0,4,1, , ,N,2,3,0,3,0,1,2,2,N,N,39 56:06.381,75 11:05.074,2243, ,2240, ,0, ,N, ,3, , , , , ,817018, , , ,1,1,0,0,0,0,0,0,1,0,0,1,1,0,0,0,0,0,0,0,0,0,0,0,0,0,0,0,0,0,0,0,0,0,0,4,0,39.9351,-75.1847, , 
 ,71349,2011090430,6,67,67301,2011,8,1,2025,20,3,2,1,4,1, , ,N,1,1,0,3,0,2,2,2,N,N,39 55:16.185,75 11:36.962,2035, ,2030, ,0, ,N, ,1, , , , , ,817025, , , ,2,2,0,0,0,0,0,0,0,0,2,0,2,0,0,0,0,0,0,0,0,0,0,0,0,0,0,0,0,0,0,0,0,0,0,3,0,39.9211,-75.1938, , 
 ,71350,2011090532,6,67,67301,2011,8,3,2142,21,3,1,0,1,1, , ,N,6,0,2,3,0,4,6,2,N,N,40 00:49.241,75 10:46.383,2146, ,2142,1,1,2,N, ,0,N, , , , ,817026, , , ,2,2,0,0,0,0,0,0,0,0,0,4,4,0,0,0,0,0,0,1,0,0,0,0,0,0,0,0,0,0,0,0,0,0,0,4,0,40.0137,-75.1796, , 
 ,71351,2011093068,6,67,67301,2011,8,6,929,9,1,1,0,4,1, , ,N,1,2,0,3,0,1,3,3,N, ,40 05:49.711,75 01:05.375,940, ,934,1,1,4, , ,3,Y, , , , ,817028, , , ,3,3,0,0,0,0,0,0,0,0,0,1,1,0,0,0,0,0,0,0,0,1,1,0,0,0,0,0,0,0,0,0,0,0,0,4,0,40.0971,-75.0182, , 
 ,71352,2011102376,6,67,67301,2011,10,3,1710,17,1,1,0,1,1, , ,N,0,0,0,3,0,0,2,2,N,N,39 57:45.257,75 08:22.635,1717, ,1714, ,0, ,N, ,0, , , , , ,817069, , , ,2,1,0,0,0,0,1,0,0,0,0,0,0,0,0,0,0,0,0,0,0,0,0,0,0,0,0,0,0,0,0,0,0,0,0,0,0,39.9627,-75.1395, , 