wz_ln_closure,objectid_1,crn,district,county,municipality,crash_year,crash_month,day_of_week,time_of_day,hour_of_day,illumination,weather,road_condition,collision_type,relation_to_road,work_zone_type,work_zone_loc,work_zone_ind,intersect_type,tcd_type,location_type,urban_rural,fatal_count,injury_count,person_count,total_units,sch_bus_ind,sch_zone_ind,latitude,longitude,arrival_tm,cons_zone_spd_lim,dispatch_tm,est_hrs_closed,lane_closed,ln_close_dir,ntfy_hiwy_maint,spec_juris_cd,tcd_func_cd,tfc_detour_ind,workers_pres,wz_close_detour,wz_flagger,wz_law_offcr_ind,objectid,wz_moving,wz_other,wz_shlder_mdn,vehicle_count,automobile_count,motorcycle_count,bus_count,small_truck_count,heavy_truck_count,suv_count,van_count,bicycle_count,maj_inj_count,mod_inj_count,min_inj_count,tot_inj_count,unk_inj_deg_count,unk_inj_per_count,driver_count_16yr,driver_count_17yr,driver_count_18yr,driver_count_19yr,driver_count_20yr,driver_count_50_64yr,driver_count_65_74yr,driver_count_75plus,unbelted_occ_count,unb_death_count,unb_maj_inj_count,belted_death_count,belted_maj_inj_count,mcycle_death_count,mcycle_maj_inj_count,bicycle_death_count,bicycle_maj_inj_count,ped_count,ped_death_count,ped_maj_inj_count,max_severity_level,comm_veh_count,dec_lat,dec_long,rdwy_surf_type_cd,county_name
 ,71353,2011056814,6,67,67301,2011,5,6,720,7,1,1,0,4,1, , ,N,2,0,99,3,0,3,3,2,N,N,39 55:37.231,75 14:36.560,745, ,740, ,0, ,N, ,0, , , , , ,817088, , , ,2,2,0,0,0,0,0,0,0,0,0,0,3,3,0,0,0,0,0,0,1,0,0,0,0,0,0,0,0,0,0,0,0,0,0,8,0,39.927,-75.2435, , 
 ,71354,2011082572,6,67,67301,2011,6,4,9999,99,1,1,0,4,1, , ,N,0,0,0,3,0,1,2,2,N,N,40 01:05.521,75 11:11.390,9999, ,9999,1,1,3,N, ,0,Y, , , , ,817102, , , ,2,1,1,0,0,0,0,0,0,0,1,0,1,0,0,0,0,0,0,0,0,0,1,0,0,0,0,0,0,0,0,0,0,0,0,3,0,40.0182,-75.1865, , 
 ,71355,2011082664,6,67,67301,2011,7,1,2017,20,4,1,0,4,3, , ,N,2,2,0,3,0,1,2,2,N,N,39 53:44.024,75 14:00.732,2030, ,2024, ,0, , , ,3, , , , , ,817103, , , ,2,2,0,0,0,0,0,0,0,0,0,0,1,1,0,0,0,0,0,0,0,0,0,0,0,0,0,0,0,0,0,0,0,0,0,8,0,39.8954,-75.2335, , 
 ,71356,2011095389,6,67,67301,2011,8,5,1250,12,1,2,1,4,1, , ,N,0,0,0,3,0,2,2,2,N,N,40 03:06.395,75 09:02.081,1300, ,1250, ,0, ,N, ,0, , , , , ,817115, , , ,2,2,0,0,0,0,0,0,0,0,0,0,2,2,0,0,0,0,0,0,0,0,0,0,0,0,0,0,0,0,0,0,0,0,0,8,0,40.0518,-75.1506, , 
 ,71357,2011115346,6,67,67301,2011,10,4,727,7,1,1,0,8,1, , ,N,0,2,0,3,0,1,3,2,N,N,40 02:22.577,75 01:59.484,735, ,729,9,2,5, , ,3,Y, , , , ,817128, , , ,1,0,0,0,0,0,1,0,0,0,1,0,1,0,0,0,0,0,0,0,1,0,0,0,0,0,0,0,0,0,0,0,1,0,0,3,0,40.0396,-75.0332, , 
 ,71358,2011050895,6,67,67301,2011,4,6,1714,17,1,1,0,1,1, , ,N,0,0,0,3,0,0,2,2,N,N,39 57:31.987,75 10:11.536,1756, ,1756, ,0, ,N, ,0, , , , , ,817137, , , ,2,1,0,0,0,0,1,0,0,0,0,0,0,0,0,0,0,0,0,0,1,0,0,0,0,0,0,0,0,0,0,0,0,0,0,0,0,39.9589,-75.1699, , 
 ,71359,2011056831,6,67,67301,2011,5,1,1906,19,1,1,0,1,1, , ,N,0,0,0,3,0,0,2,2,N,N,40 04:16.649,74 58:52.467,1921, ,1914,2,1,3, , ,0,N, , , , ,817141, , , ,2,2,0,0,0,0,0,0,0,0,0,0,0,0,0,0,0,0,0,0,0,0,0,0,0,0,0,0,0,0,0,0,0,0,0,0,0,40.0713,-74.9812, , 
 ,71360,2011085037,6,67,67301,2011,7,7,30,0,3,1,0,5,1, , ,N,0,0,0,3,0,1,5,2,N,N,39 58:17.417,75 09:34.203,55, ,46, ,0, ,N, ,0, , , , , ,817149, , , ,2,1,0,1,0,0,0,0,0,0,0,0,1,1,0,0,0,0,0,0,0,0,0,0,0,0,0,0,0,0,0,0,0,0,0,8,1,39.9715,-75.1595, , 
 ,71361,2011056888,6,67,67301,2011,5,7,1600,16,1,2,1,8,1, , ,N,0,0,0,3,0,1,4,2,N,N,40 02:38.312,75 10:52.817,1615, ,1607, ,0, ,N, ,0, , , , , ,820474, , , ,1,0,0,0,0,0,0,1,0,0,0,1,1,0,0,0,0,0,0,0,0,0,0,1,0,0,0,0,0,0,0,0,1,0,0,4,0,40.044,-75.1813, , 
 ,71362,2011056948,6,67,67301,2011,5,1,1235,12,1,7,1,7,4, , ,N,0,0,0,3,0,1,1,1,N,N,39 59:38.932,75 08:36.787,1245, ,1242, ,0, ,N, ,0, , , , , ,820475, , , ,1,0,0,0,0,0,0,1,0,0,0,0,1,1,0,0,0,0,0,0,1,0,0,0,0,0,0,0,0,0,0,0,0,0,0,8,0,39.9941,-75.1436, , 
 ,71363,2011066242,6,67,67301,2011,6,5,1004,10,1,1,0,4,1, , ,N,5,2,0,3,0,1,2,2,N,N,39 59:05.715,75 14:13.549,1019, ,1012, ,0, ,N, ,3, , , , , ,820486, , , ,2,1,0,0,1,0,0,0,0,0,0,1,1,0,0,0,0,0,0,0,1,1,0,0,0,0,0,0,0,0,0,0,0,0,0,4,0,39.9849,-75.2371, , 
 ,71364,2011085909,6,67,67301,2011,7,7,705,7,1,1,0,5,1, , ,N,10,2,0,3,0,1,3,2,N, ,39 57:26.442,75 10:14.506,710, ,708, ,0, , , ,3, , , , , ,820552, , , ,2,1,0,1,0,0,0,0,0,0,0,0,1,1,0,0,0,0,0,0,0,0,0,0,0,0,0,0,0,0,0,0,0,0,0,8,1,39.9573,-75.1707, , 
 ,71365,2011073280,6,67,67301,2011,6,4,2100,21,3,1,0,1,1, , ,N,2,0,0,3,0,1,2,2,N,N,40 01:22.422,75 06:57.743,2130, ,2115, ,0, ,N, ,0, , , , , ,820571, , , ,2,1,0,0,0,0,1,0,0,0,0,0,1,1,0,0,0,0,0,0,1,0,0,0,0,0,0,0,0,0,0,0,0,0,0,8,0,40.0229,-75.116, , 
 ,71366,2011075802,6,67,67301,2011,6,1,1445,14,1,1,0,5,1, , ,N,2,0,0,3,0,1,2,2,N,N,39 57:33.984,75 11:55.262,1514, ,1501, ,0, ,N, ,0, , , , , ,820573, , , ,1,1,0,0,0,0,0,0,1,0,1,0,1,0,0,0,0,0,0,0,1,0,0,0,0,0,0,0,0,0,0,0,0,0,0,3,0,39.9594,-75.1987, , 
 ,71367,2011086723,6,67,67301,2011,8,7,858,8,1,1,0,7,3, , ,N,0,0,0,3,0,0,1,1,N,N,39 58:43.971,75 06:35.488,905, ,902, ,0, ,N, ,0, , , , , ,820589, , , ,1,1,0,0,0,0,0,0,0,0,0,0,0,0,0,0,0,0,0,0,0,0,0,0,0,0,0,0,0,0,0,0,0,0,0,0,0,39.9789,-75.1098, , 
 ,71368,2011061777,6,67,67301,2011,5,5,1310,13,1,1,0,4,1, , ,N,0,0,7,3,0,2,3,2,N, ,40 05:37.756,75 01:52.243,1330, ,1315, ,0, , , ,0, , , , , ,820606, , , ,2,1,0,0,0,0,0,0,0,0,0,2,2,0,0,0,0,0,0,0,0,0,1,0,0,0,0,0,0,0,0,0,0,0,0,4,0,40.0938,-75.0312, , 
 ,71369,2011024668,6,67,67301,2011,2,5,1920,19,3,1,1,1,1, , ,N,1,2,0,3,0,3,4,2,N,N,40 00:41.506,75 04:11.278,1935, ,1933, ,0, ,N, ,3, , , , , ,820621, , , ,2,2,0,0,0,0,0,0,0,0,0,3,3,0,0,0,0,0,0,0,0,0,0,0,0,0,0,0,0,0,0,0,0,0,0,4,0,40.0115,-75.0698, , 
 ,71370,2011031373,6,67,67301,2011,2,3,1600,16,1,1,0,1,1, , ,N,0,0,0,3,0,3,5,3,N,N,40 05:36.457,75 00:59.810,1601, ,1600,1,1,2,N, ,0,N, , , , ,820624, , , ,3,1,0,0,0,0,2,0,0,0,0,3,3,0,0,0,0,0,0,0,2,1,0,0,0,0,0,0,0,0,0,0,0,0,0,4,0,40.0935,-75.0166, , 
 ,71371,2011033511,6,67,67301,2011,3,1,500,5,3,2,1,7,4, , ,N,0,0,0,3,0,1,2,4,N,N,40 04:21.540,75 03:23.461,510, ,507,2,2,1,N, ,0,Y, , , , ,820626, , , ,4,2,0,0,1,0,1,0,0,0,0,0,1,1,0,0,0,0,0,0,0,0,0,0,0,0,0,0,0,0,0,0,0,0,0,8,0,40.0727,-75.0565, , 
 ,71372,2011037709,6,67,67301,2011,3,4,220,2,3,1,0,7,2, , ,N,0,0,0,3,0,1,1,1,N,N,40 00:06.101,75 11:41.818,332, ,322,1,1,3,N, ,0,N, , , , ,820632, , , ,1,1,0,0,0,0,0,0,0,0,0,1,1,0,0,0,0,0,0,0,0,0,0,1,0,0,0,0,0,0,0,0,0,0,0,4,0,40.0017,-75.1949, , 
 ,71373,2011037953,6,67,67301,2011,3,2,857,8,1,1,0,8,1, , ,N,0,0,0,3,0,1,2,2,N,N,39 59:11.878,75 07:28.056,905, ,859, ,0, ,N, ,0, , , , , ,820633, , , ,1,1,0,0,0,0,0,0,0,0,0,1,1,0,0,0,0,0,0,0,0,0,0,0,0,0,0,0,0,0,0,0,1,0,0,4,0,39.9866,-75.1245, , 
 ,71374,2011056906,6,67,67301,2011,5,6,1915,19,1,1,0,4,1, , ,N,1,3,0,3,0,7,9,2,N,N,39 58:46.587,75 09:54.116,1922, ,1920,3,1,4,N, ,3,N, , , , ,820645, , , ,2,1,0,1,0,0,0,0,0,0,0,6,7,1,0,0,0,0,0,0,0,0,0,0,0,0,0,0,0,0,0,0,0,0,0,4,1,39.9796,-75.165, , 
 ,71375,2011057034,6,67,67301,2011,5,1,1020,10,1,1,0,4,1, , ,N,1,3,0,3,0,0,2,3,N,N,40 03:07.923,75 04:53.691,1040, ,1020, ,0, ,N, ,3, , , , , ,820646, , , ,3,3,0,0,0,0,0,0,0,0,0,0,0,0,0,0,0,0,0,0,0,0,2,0,0,0,0,0,0,0,0,0,0,0,0,0,0,40.0522,-75.0816, , 
 ,71376,2011066042,6,67,67301,2011,6,6,2105,21,3,1,0,6,1, , ,N,1,3,0,3,0,1,4,2,N,N,39 59:22.866,75 09:28.871,2126, ,2126, ,0, ,N, ,3, , , , , ,820653, , , ,2,2,0,0,0,0,0,0,0,0,0,1,1,0,0,0,0,0,0,0,1,0,0,1,0,0,0,0,0,0,0,0,0,0,0,4,0,39.9897,-75.158, , 
 ,71377,2011062022,6,67,67301,2011,5,4,1710,17,1,1,0,1,1, , ,N,1,2,0,3,0,1,3,2,N,N,39 59:57.466,75 06:38.355,1715, ,1710, ,0, , , ,3, , , , , ,820659, , , ,2,1,0,0,0,0,0,1,0,0,0,1,1,0,0,0,0,0,0,0,0,0,0,0,0,0,0,0,0,0,0,0,0,0,0,4,0,39.9993,-75.1107, , 
 ,71378,2011075818,6,67,67301,2011,6,6,1725,17,1,1,0,1,1, , ,N,0,0,0,3,0,1,4,2, , ,39 57:51.134,75 09:52.408,1732, ,1728, ,0, , , ,0, , , , , ,820673, , , ,2,2,0,0,0,0,0,0,0,0,0,1,1,0,1,0,0,0,0,0,0,0,0,1,0,0,0,0,0,0,0,0,0,0,0,4,0,39.9642,-75.1646, , 
 ,71379,2011075731,6,67,67301,2011,6,7,345,3,3,1,0,4,1, , ,N,2,3,0,3,0,2,2,4,N,N,40 01:39.248,75 07:02.852,440, ,430, ,0, ,N, ,3, , , , , ,826786, , , ,4,4,0,0,0,0,0,0,0,0,0,2,2,0,0,0,0,0,0,1,0,0,0,1,0,0,0,0,0,0,0,0,0,0,0,4,0,40.0276,-75.1175, , 
 ,71380,2011075782,6,67,67301,2011,6,4,2005,20,1,1,0,4,1, , ,N,1,2,0,3,0,1,2,2,N,N,40 03:57.346,75 09:33.410,2006, ,2005, ,0, ,N, ,3, , , , , ,826787, , , ,1,0,0,0,0,0,0,1,1,0,0,1,1,0,0,0,0,0,0,0,0,0,0,0,0,0,0,0,0,0,0,0,0,0,0,4,0,40.0659,-75.1593, , 
 ,71381,2011098144,6,67,67301,2011,9,3,1104,11,1,2,1,4,1, , ,N,1,3,0,3,0,1,3,2,N,N,40 04:23.306,75 11:21.255,1225, ,1212, ,0, , , ,3, , , , , ,826807, , , ,2,2,0,0,0,0,0,0,0,0,0,0,1,1,1,0,0,0,0,0,0,0,0,0,0,0,0,0,0,0,0,0,0,0,0,8,0,40.0731,-75.1892, , 
 ,71382,2011090453,6,67,67301,2011,8,1,1650,16,1,1,0,8,1, , ,N,0,0,0,3,0,1,3,2,N,N,40 00:10.137,75 09:44.535,1658, ,1655,2,2,6,N, ,0,N, , , , ,826843, , , ,1,1,0,0,0,0,0,0,0,1,0,0,1,0,0,0,0,0,0,0,0,0,0,0,0,0,0,0,0,0,0,0,1,0,1,2,0,40.0028,-75.1624, , 
 ,71383,2011115516,6,67,67301,2011,10,6,1545,15,1,1,0,4,1, , ,N,1,2,0,3,0,1,25,2,Y,N,40 02:07.013,75 01:30.652,1600, ,1551, ,0, ,N, ,3, , , , , ,826862, , , ,2,1,0,1,0,0,0,0,0,0,0,1,1,0,0,0,0,0,0,0,2,0,0,2,0,0,0,0,0,0,0,0,0,0,0,4,1,40.0353,-75.0252, , 
 ,71384,2011076277,6,67,67301,2011,6,2,2215,22,3,1,0,4,1, , ,N,1,2,0,3,0,1,3,2,N,N,39 57:46.530,75 11:29.044,2220, ,2218, ,0, ,N, ,3, , , , , ,826874, , , ,2,1,0,0,0,0,0,1,0,0,0,0,1,1,0,0,0,0,0,0,1,0,0,0,0,0,0,0,0,0,0,0,0,0,0,8,0,39.9629,-75.1914, , 
 ,71385,2011064062,6,67,67301,2011,5,4,1012,10,1,1,0,1,1, , ,N,1,3,0,3,0,2,2,2,N,N,40 03:58.672,75 03:26.755,1020, ,1015, ,0, ,N, ,3, , , , , ,826876, , , ,2,1,0,0,0,0,1,0,0,0,0,0,2,2,0,0,0,0,0,0,1,0,0,0,0,0,0,0,0,0,0,0,0,0,0,8,0,40.0663,-75.0574, , 
 ,71386,2011095477,6,67,67301,2011,8,3,1710,17,1,1,0,5,1, , ,N,1,2,0,3,0,2,5,2,N,N,40 02:34.252,75 03:47.603,1710, ,1710, ,0, ,N, ,3, , , , , ,826907, , , ,2,1,1,0,0,0,0,0,0,0,0,2,2,0,0,0,0,0,0,0,0,0,0,0,0,0,0,0,0,0,0,0,0,0,0,4,0,40.0428,-75.0631, , 
 ,71387,2011057292,6,67,67301,2011,5,5,1230,12,1,1,0,8,1, , ,N,2,3,0,3,0,1,2,2, , ,40 01:19.099,75 10:23.037,1235, ,1230, ,0, , , ,3, , , , , ,826918, , , ,1,0,0,1,0,0,0,0,0,0,0,1,1,0,0,0,0,0,0,0,0,0,0,0,0,0,0,0,0,0,0,0,1,0,0,4,1,40.022,-75.1731, , 
 ,71388,2011106232,6,67,67301,2011,9,1,1351,13,1,1,0,4,5, , ,N,1,0,0,3,0,1,2,2,N,N,39 54:54.276,75 09:28.959,1354, ,1351, ,0, , , ,0, , , , , ,826948, , , ,2,1,0,0,1,0,0,0,0,0,0,1,1,0,0,0,0,0,0,0,0,1,0,0,0,0,0,0,0,0,0,0,0,0,0,4,0,39.9151,-75.158, , 
 ,71389,2011124883,6,67,67301,2011,11,6,1545,15,1,1,0,0,1, , ,N,0,0,0,3,0,0,2,1,N,N,39 59:22.515,75 05:14.139,1557, ,1547,3,1,1,Y, ,0,N, , , , ,826963, , , ,1,1,0,0,0,0,0,0,0,0,0,0,0,0,1,0,0,0,0,0,0,0,0,0,0,0,0,0,0,0,0,0,0,0,0,9,0,39.9895,-75.0873, , 
 ,71390,2011126435,6,67,67301,2011,11,7,1120,11,1,1,0,4,1, , ,N,1,2,0,3,0,1,4,2,N, ,39 58:53.796,75 08:40.041,1135, ,1130, ,0, , , ,3, , , , , ,826964, , , ,2,2,0,0,0,0,0,0,0,0,0,0,1,1,0,0,0,0,0,0,0,0,0,0,0,0,0,0,0,0,0,0,0,0,0,8,0,39.9816,-75.1445, , 
 ,71391,2011083279,6,67,67301,2011,7,5,1917,19,1,1,0,1,1, , ,N,5,2,0,3,0,1,3,2,N,N,39 58:03.785,75 12:34.912,1921, ,1921, ,0, ,N, ,3, , , , , ,826985, , , ,2,2,0,0,0,0,0,0,0,0,0,1,1,0,0,0,0,0,0,0,1,0,0,0,0,0,0,0,0,0,0,0,0,0,0,4,0,39.9677,-75.2097, , 
 ,71392,2011103353,6,67,67301,2011,9,2,1905,19,3,2,1,1,6, , ,N,0,0,0,3,0,0,3,4,N, ,39 56:36.531,75 10:25.787,1915, ,1910, ,0, , , ,0, , , , , ,827001, , , ,4,2,0,0,0,0,2,0,0,0,0,0,0,0,0,0,0,0,0,0,1,0,0,0,0,0,0,0,0,0,0,0,0,0,0,0,0,39.9435,-75.1738, , 
 ,71393,2011104729,6,67,67301,2011,9,3,1041,10,1,2,7,1,1, , ,N,0,0,0,3,0,1,4,3,N,N,39 58:53.977,75 06:07.433,1049, ,1045,1,1,2,N, ,0,N, , , , ,827006, , , ,3,2,0,0,0,0,1,0,0,0,0,1,1,0,0,0,0,0,0,0,0,1,0,0,0,0,0,0,0,0,0,0,0,0,0,4,0,39.9817,-75.102, , 
 ,71394,2011068420,6,67,67301,2011,6,6,859,8,1,1,0,5,1, , ,N,1,0,99,3,0,1,2,2,N,N,40 00:47.779,75 06:31.294,906, ,902, ,0, ,N, ,0, , , , , ,827011, , , ,2,0,0,0,1,0,1,0,0,0,0,0,1,1,1,0,0,0,0,0,1,0,0,0,0,0,0,0,0,0,0,0,0,0,0,8,0,40.0133,-75.1087, , 
 ,71395,2011061827,6,67,67301,2011,5,4,1709,17,1,1,0,1,1, , ,N,2,2,0,3,0,2,3,3,N,N,40 02:24.861,75 03:30.268,1718, ,1710,1,1,3,N, ,3,N, , , , ,827021, , , ,3,3,0,0,0,0,0,0,0,0,1,1,2,0,0,0,0,0,0,0,1,0,0,0,0,0,0,0,0,0,0,0,0,0,0,3,0,40.0402,-75.0584, , 
 ,71396,2011076049,6,67,67301,2011,6,2,2251,22,3,1,0,4,1, , ,N,1,2,0,3,0,1,2,2,N,N,40 00:15.052,75 04:39.361,2330, ,2315,9,1,1,N, ,3,N, , , , ,827039, , , ,2,1,1,0,0,0,0,0,0,1,0,0,1,0,0,0,0,0,0,0,0,0,0,0,0,0,0,0,0,1,0,0,0,0,0,2,0,40.0042,-75.0775, , 
 ,71397,2011098126,6,67,67301,2011,8,3,2228,22,3,1,0,4,1, , ,N,5,2,0,3,0,0,2,2,N,N,39 57:49.307,75 13:10.512,2236, ,2236,1,1,2,N, ,3,Y, , , , ,823954, , , ,2,1,0,0,0,0,1,0,0,0,0,0,0,0,0,0,0,0,0,0,1,0,0,0,0,0,0,0,0,0,0,0,0,0,0,0,0,39.9636,-75.2194, , 
 ,71398,2011112230,6,67,67301,2011,10,7,2025,20,3,1,0,4,1, , ,N,1,2,0,3,0,1,3,2,N,N,40 07:00.043,75 01:11.647,2030, ,2027, ,0, ,N, ,3, , , , , ,823967, , , ,2,1,1,0,0,0,0,0,0,0,0,0,1,1,0,0,0,0,0,0,1,0,0,0,0,0,0,0,0,0,0,0,0,0,0,8,0,40.1167,-75.0198, , 
 ,71399,2012001961,6,67,67301,2011,11,4,1146,11,1,2,1,4,1, , ,N,1,3,0,3,0,1,4,2,N, ,39 59:38.230,75 08:56.680,1225, ,1218, ,0, , , ,3, , , , , ,823995, , , ,2,2,0,0,0,0,0,0,0,0,0,0,1,1,0,0,0,0,0,0,0,0,0,1,0,0,0,0,0,0,0,0,0,0,0,8,0,39.994,-75.1491, , 
 ,71400,2011080280,6,67,67301,2011,8,5,619,6,5,2,1,1,1, , ,N,0,0,0,3,0,1,2,2,N,N,39 59:38.035,75 11:57.687,627, ,619,1,2,3,N, ,0,N, , , , ,824013, , , ,2,2,0,0,0,0,0,0,0,0,0,0,1,1,0,0,0,0,0,0,0,0,0,0,0,0,0,0,0,0,0,0,0,0,0,8,0,39.9939,-75.1994, , 
 ,71401,2011110116,6,67,67301,2011,10,2,748,7,1,1,0,4,1, , ,N,3,2,0,3,0,2,4,2,N,N,39 54:10.941,75 10:28.749,753, ,750,2,1,2,N, ,3,N, , , , ,824048, , , ,2,2,0,0,0,0,0,0,0,0,0,2,2,0,0,0,0,0,0,0,0,0,0,0,0,0,0,0,0,0,0,0,0,0,0,4,0,39.903,-75.1747, , 
 ,71402,2011054041,6,67,67301,2011,4,7,2217,22,3,1,0,4,1, , ,N,0,0,0,3,0,1,3,2,N,N,39 57:24.300,75 11:54.090,2218, ,2217,1,2,7,N, ,0,N, , , , ,824060, , , ,2,1,1,0,0,0,0,0,0,0,0,0,1,1,0,0,0,0,0,0,0,0,0,0,0,0,0,0,0,0,0,0,0,0,0,8,0,39.9568,-75.1984, , 
 ,71403,2011036958,6,67,67301,2011,3,4,1820,18,1,1,0,1,1, , ,N,1,2,0,3,0,1,4,2,N,N,39 59:32.053,75 14:44.477,1825, ,1820, ,0, ,N, ,3, , , , , ,824099, , , ,2,0,0,0,1,0,1,0,0,0,0,0,1,1,0,0,0,0,0,0,0,0,0,0,0,0,0,0,0,0,0,0,0,0,0,8,0,39.9922,-75.2457, , 
 ,71404,2011080820,6,67,67301,2011,6,5,9999,99,3,1,0,4,1, , ,N,1,2,0,3,0,2,3,5,N,N,39 56:08.984,75 10:50.163,155, ,138,3,2,1,N, ,3,Y, , , , ,824118, , , ,5,4,0,0,0,0,1,0,0,0,0,0,2,2,1,0,0,0,0,0,0,0,0,1,0,0,0,0,0,0,0,0,0,0,0,8,0,39.9358,-75.1806, , 
Y,71405,2011080593,6,67,67301,2011,8,4,1615,16,1,1,0,1,1,1,4,Y,0,0,0,3,0,0,2,2,N,N,39 54:00.389,75 09:35.359,1629,45,1620, ,0, ,N, ,0, ,N,N,N,N,824129,N,N,Y,2,1,0,0,0,0,1,0,0,0,0,0,0,0,0,0,0,0,0,0,0,0,0,0,0,0,0,0,0,0,0,0,0,0,0,0,0,39.9001,-75.1598, , 
 ,71406,2011087852,6,67,67301,2011,7,1,1610,16,1,1,0,4,6, , ,N,0,0,0,3,0,1,1,3,N,N,39 55:55.426,75 08:58.869,1620, ,1615, ,0, ,N, ,0, , , , , ,824137, , , ,3,3,0,0,0,0,0,0,0,0,0,1,1,0,0,0,0,0,0,0,0,0,0,0,0,0,0,0,0,0,0,0,0,0,0,4,0,39.9321,-75.1497, , 
 ,71407,2011087893,6,67,67301,2011,8,7,2235,22,3,1,0,2,1, , ,N,1,3,0,3,0,3,6,3,N,N,40 03:04.104,75 04:28.081,2330, ,2327, ,0, ,N, ,3, , , , , ,824138, , , ,3,2,0,0,0,0,1,0,0,0,2,1,3,0,0,0,0,0,0,0,0,0,0,0,0,0,0,0,0,0,0,0,0,0,0,3,0,40.0511,-75.0745, , 
 ,71408,2011090388,6,67,67301,2011,8,4,1320,13,1,1,0,8,1, , ,N,0,0,0,3,0,1,2,2,N,N,39 56:22.597,75 11:53.377,1326, ,1324, ,0, ,N, ,0, , , , , ,824140, , , ,1,1,0,0,0,0,0,0,0,0,0,1,1,0,1,0,0,0,0,0,0,0,0,0,0,0,0,0,0,0,0,0,1,0,0,4,0,39.9396,-75.1982, , 
 ,71409,2011066170,6,67,67301,2011,6,5,920,9,1,1,1,1,1, , ,N,0,2,0,3,0,2,6,3,N,N,40 00:39.511,75 09:52.461,930, ,930, ,0, , , ,3, , , , , ,824161, , , ,3,1,0,0,0,0,1,1,0,0,0,2,2,0,0,0,0,0,0,0,1,0,0,0,0,0,0,0,0,0,0,0,0,0,0,4,0,40.011,-75.1646, , 
 ,71410,2011066179,6,67,67301,2011,6,1,1958,19,4,1,0,8,2, , ,N,0,2,0,3,0,1,2,2,N,N,40 02:39.397,75 09:46.369,2005, ,2003,1,2,2,N, ,3,N, , , , ,824162, , , ,1,1,0,0,0,0,0,0,0,0,0,1,1,0,0,0,0,0,0,0,1,0,0,0,0,0,0,0,0,0,0,0,1,0,0,4,0,40.0443,-75.1629, , 
 ,71411,2011068480,6,67,67301,2011,6,6,1310,13,1,1,0,4,1, , ,N,0,0,7,3,0,1,2,2,N,N,40 02:10.867,75 04:11.256,1324, ,1320, ,0, ,N, ,0, , , , , ,824168, , , ,2,1,0,0,0,0,0,1,0,0,0,1,1,0,0,0,0,0,0,0,0,0,0,0,0,0,0,0,0,0,0,0,0,0,0,4,0,40.0364,-75.0698, , 
 ,71412,2011028859,6,67,67301,2011,2,5,1931,19,3,1,0,1,1, , ,N,0,0,0,3,0,1,2,2,N,N,39 55:29.146,75 10:21.477,1937, ,1931, ,0, ,N, ,0, , , , , ,824187, , , ,1,0,0,0,0,0,0,0,1,0,0,1,1,0,0,0,0,0,0,0,0,0,0,0,0,0,0,0,0,0,0,0,0,0,0,4,0,39.9248,-75.1726, , 
 ,71413,2011033528,6,67,67301,2011,2,1,1425,14,1,1,0,8,1, , ,N,0,0,0,3,0,1,2,2,N,N,40 01:22.220,75 08:36.963,1433, ,1430, ,0, ,N, ,0, , , , , ,824190, , , ,1,0,0,0,0,0,1,0,0,0,0,1,1,0,0,0,0,0,0,0,1,0,0,0,0,0,0,0,0,0,0,0,1,0,0,4,0,40.0228,-75.1436, , 
 ,71414,2011040349,6,67,67301,2011,3,3,1645,16,1,1,0,6,1, , ,N,1,2,0,3,0,0,2,2,N,N,39 55:39.169,75 09:19.965,1655, ,1651, ,0, ,N, ,3, , , , , ,824199, , , ,2,0,0,0,2,0,0,0,0,0,0,0,0,0,0,0,0,1,0,0,0,0,0,0,0,0,0,0,0,0,0,0,0,0,0,0,0,39.9275,-75.1555, , 
 ,71415,2011088002,6,67,67301,2011,7,7,1648,16,1,1,0,8,1, , ,N,0,0,0,3,0,1,2,2,N, ,39 56:07.818,75 11:16.814,1652, ,1650, ,0, , , ,0, , , , , ,817154, , , ,1,1,0,0,0,0,0,0,0,0,0,1,1,0,0,0,0,0,0,0,0,0,0,0,0,0,0,0,0,0,0,0,1,0,0,4,0,39.9355,-75.188, , 
 ,71416,2011090489,6,67,67301,2011,8,7,9999,99,3,1,0,8,1, , ,N,1,2,0,3,0,1,2,2,N,N,40 00:36.075,75 05:46.053,116, ,112, ,0, ,N, ,2, , , , , ,817156, , , ,1,1,0,0,0,0,0,0,0,0,1,0,1,0,1,0,0,0,0,0,0,0,0,1,0,0,0,0,0,0,0,0,1,0,0,3,0,40.01,-75.0961, , 
 ,71417,2011091044,6,67,67301,2011,6,5,1103,11,1,1,0,5,1, , ,N,0,0,0,3,0,1,2,2,Y,Y,39 59:10.665,75 09:28.611,1113, ,1111, ,0, ,N, ,0, , , , , ,817157, , , ,1,0,0,1,0,0,0,0,1,0,0,1,1,0,0,0,0,0,0,0,1,0,0,0,0,0,0,0,0,0,0,0,0,0,0,4,1,39.9863,-75.1579, , 
 ,71418,2011092992,6,67,67301,2011,8,7,200,2,3,1,0,1,2, , ,N,0,0,0,3,0,0,1,2,Y,N,39 59:44.224,75 05:17.901,422, ,415, ,0, ,N, ,0, , , , , ,817158, , , ,2,0,0,1,0,0,1,0,0,0,0,0,0,0,1,0,0,0,0,0,0,0,0,0,0,0,0,0,0,0,0,0,0,0,0,9,1,39.9956,-75.0883, , 