wz_ln_closure,objectid_1,crn,district,county,municipality,crash_year,crash_month,day_of_week,time_of_day,hour_of_day,illumination,weather,road_condition,collision_type,relation_to_road,work_zone_type,work_zone_loc,work_zone_ind,intersect_type,tcd_type,location_type,urban_rural,fatal_count,injury_count,person_count,total_units,sch_bus_ind,sch_zone_ind,latitude,longitude,arrival_tm,cons_zone_spd_lim,dispatch_tm,est_hrs_closed,lane_closed,ln_close_dir,ntfy_hiwy_maint,spec_juris_cd,tcd_func_cd,tfc_detour_ind,workers_pres,wz_close_detour,wz_flagger,wz_law_offcr_ind,objectid,wz_moving,wz_other,wz_shlder_mdn,vehicle_count,automobile_count,motorcycle_count,bus_count,small_truck_count,heavy_truck_count,suv_count,van_count,bicycle_count,maj_inj_count,mod_inj_count,min_inj_count,tot_inj_count,unk_inj_deg_count,unk_inj_per_count,driver_count_16yr,driver_count_17yr,driver_count_18yr,driver_count_19yr,driver_count_20yr,driver_count_50_64yr,driver_count_65_74yr,driver_count_75plus,unbelted_occ_count,unb_death_count,unb_maj_inj_count,belted_death_count,belted_maj_inj_count,mcycle_death_count,mcycle_maj_inj_count,bicycle_death_count,bicycle_maj_inj_count,ped_count,ped_death_count,ped_maj_inj_count,max_severity_level,comm_veh_count,dec_lat,dec_long,rdwy_surf_type_cd,county_name
 ,71419,2011098922,6,67,67301,2011,9,5,1659,16,1,1,0,4,9, , ,N,1,0,0,3,0,2,3,2,N,N,40 02:40.966,75 07:32.631,1710, ,1659, ,0, ,N, ,0, , , , , ,817166, , , ,2,2,0,0,0,0,0,0,0,0,0,0,2,2,1,0,0,0,0,0,0,0,0,1,0,0,0,0,0,0,0,0,0,0,0,8,0,40.0447,-75.1257, , 
 ,71420,2011100881,6,67,67301,2011,9,5,1420,14,1,2,1,4,2, , ,N,2,0,0,3,0,2,3,2,N,N,39 54:57.475,75 14:43.375,1435, ,1429, ,0, ,N, ,0, , , , , ,817170, , , ,2,1,0,0,0,0,1,0,0,0,0,0,2,2,0,0,0,0,0,0,0,0,0,0,0,0,0,0,0,0,0,0,0,0,0,8,0,39.9159,-75.2453, , 
 ,71421,2011064039,6,67,67301,2011,5,5,900,9,1,1,0,1,1, , ,N,0,2,0,3,0,1,3,2,N,N,39 58:30.361,75 09:48.921,909, ,904, ,0, ,N, ,3, , , , , ,817179, , , ,2,2,0,0,0,0,0,0,0,0,0,1,1,0,1,0,0,0,0,0,0,1,0,0,0,0,0,0,0,0,0,0,0,0,0,4,0,39.9751,-75.1636, , 
 ,71422,2011066236,6,67,67301,2011,5,7,2339,23,3,1,0,4,1, , ,N,2,3,0,3,0,1,2,2,N,N,39 54:14.630,75 13:34.143,9999, ,9999,2,2,7,N, ,3,N, , , , ,817180, , , ,2,2,0,0,0,0,0,0,0,0,0,1,1,0,0,0,0,0,0,0,0,0,0,1,0,0,0,0,0,0,0,0,0,0,0,4,0,39.9041,-75.2262, , 
 ,71423,2011071882,6,67,67301,2011,7,7,902,9,1,1,0,1,1, , ,N,0,0,0,3,0,0,3,3,N,N,39 58:43.020,75 12:10.610,915, ,906, ,0, ,N, ,0, , , , , ,817186, , , ,3,2,0,0,0,0,1,0,0,0,0,0,0,0,0,0,0,0,2,0,0,0,0,0,0,0,0,0,0,0,0,0,0,0,0,0,0,39.9786,-75.2029, , 
 ,71424,2011066195,6,67,67301,2011,5,4,9999,99,1,2,1,8,1, , ,N,0,0,0,3,0,1,2,2,N,N,39 57:25.182,75 14:45.225,9999, ,1710, ,0, , , ,0, , , , , ,817192, , , ,1,1,0,0,0,0,0,0,0,0,0,0,1,1,0,0,0,0,0,0,0,0,0,0,0,0,0,0,0,0,0,0,1,0,0,8,0,39.957,-75.2459, , 
 ,71425,2011080277,6,67,67301,2011,7,7,854,8,1,1,0,1,1, , ,N,0,0,0,3,0,0,5,3,N,N,39 58:48.802,75 12:19.495,902, ,855, ,0, ,N, ,0, , , , , ,817207, , , ,3,3,0,0,0,0,0,0,0,0,0,0,0,0,0,0,0,1,0,0,0,1,0,0,0,0,0,0,0,0,0,0,0,0,0,0,0,39.9802,-75.2054, , 
 ,71426,2011081454,6,67,67301,2011,8,1,1612,16,1,1,0,5,1, , ,N,0,0,0,3,0,0,2,2,N,N,40 02:53.180,74 59:56.178,1625, ,1620, ,0, ,N, ,0, , , , , ,817209, , , ,2,2,0,0,0,0,0,0,0,0,0,0,0,0,0,0,0,0,0,0,1,0,0,0,0,0,0,0,0,0,0,0,0,0,0,0,0,40.048,-74.9991, , 
 ,71427,2011083301,6,67,67301,2011,7,5,1340,13,1,1,0,4,1, , ,N,0,0,0,3,0,1,1,3,N,N,39 59:14.486,75 13:57.937,1342, ,1340, ,0, ,N, ,0, , , , , ,817211, , , ,2,2,0,0,0,0,0,0,0,0,0,0,1,1,0,0,0,0,0,0,0,0,0,0,0,0,0,0,0,0,0,0,0,0,0,8,0,39.9874,-75.2328, , 
 ,71428,2011083304,6,67,67301,2011,7,6,1220,12,1,1,0,4,1, , ,N,1,2,0,3,0,1,3,2,N, ,40 01:42.057,75 05:16.992,1220, ,1220, ,0, , , ,3, , , , , ,817212, , , ,2,1,0,1,0,0,0,0,0,0,0,0,1,1,2,0,0,0,0,0,0,0,0,0,0,0,0,0,0,0,0,0,0,0,0,8,1,40.0284,-75.088, , 
 ,71429,2011061378,6,67,67301,2011,4,7,211,2,3,1,1,1,1, , ,N,0,0,0,3,0,1,3,4,N,N,40 02:00.089,75 06:25.611,216, ,215,2,1,3,N, ,0,N, , , , ,817235, , , ,4,3,0,0,0,0,1,0,0,0,0,1,1,0,1,0,0,0,0,0,0,0,0,0,0,0,0,0,0,0,0,0,0,0,0,4,0,40.0334,-75.1071, , 
 ,71430,2011083453,6,67,67301,2011,6,4,1320,13,1,1,0,1,1, , ,N,1,2,0,3,0,7,8,2,N,N,40 01:39.188,75 08:49.702,1325, ,1320, ,0, ,N, ,3, , , , , ,817248, , , ,2,0,0,1,0,0,1,0,0,0,0,0,7,7,1,0,0,0,0,0,1,0,0,0,0,0,0,0,0,0,0,0,0,0,0,8,1,40.0276,-75.1471, , 
 ,71431,2011075556,6,67,67301,2011,6,3,809,8,1,1,0,4,1, , ,N,10,3,0,3,0,2,6,2,N,N,39 57:08.114,75 14:12.361,909, ,905, ,0, ,N, ,3, , , , , ,817285, , , ,2,2,0,0,0,0,0,0,0,0,0,2,2,0,0,0,0,0,0,0,0,0,0,0,0,0,0,0,0,0,0,0,0,0,0,4,0,39.9523,-75.2368, , 
 ,71432,2011092898,6,67,67301,2011,8,2,635,6,5,1,0,8,1, , ,N,1,2,0,3,0,1,2,2,N,N,39 56:45.520,75 11:03.285,1045, ,1031, ,0, ,N, ,3, , , , , ,817298, , , ,1,1,0,0,0,0,0,0,0,0,0,1,1,0,0,0,0,0,0,0,0,1,0,0,0,0,0,0,0,0,0,0,1,0,0,4,0,39.946,-75.1842, , 
 ,71433,2011076280,6,67,67301,2011,6,4,2115,21,3,1,0,1,1, , ,N,1,2,0,3,0,1,2,2,N,N,39 55:54.717,75 09:39.707,2120, ,2118, ,0, ,N, ,3, , , , , ,820674, , , ,2,2,0,0,0,0,0,0,0,0,0,1,1,0,0,0,0,0,0,1,0,0,0,0,0,0,0,0,0,0,0,0,0,0,0,4,0,39.9319,-75.161, , 
 ,71434,2011061775,6,67,67301,2011,5,7,918,9,1,1,0,4,1, , ,N,1,2,0,3,0,2,3,2, , ,39 57:22.420,75 09:45.641,920, ,919, ,0, , , ,3, , , , , ,820708, , , ,2,2,0,0,0,0,0,0,0,0,0,2,2,0,0,0,0,0,0,1,0,0,0,0,0,0,0,0,0,0,0,0,0,0,0,4,0,39.9562,-75.1627, , 
 ,71435,2011075559,6,67,67301,2011,5,1,1829,18,1,1,0,8,1, , ,N,0,0,0,3,0,1,5,2,N,N,39 56:56.331,75 14:23.042,1840, ,1835, ,0, , , ,0, , , , , ,820719, , , ,1,1,0,0,0,0,0,0,0,1,0,0,1,0,0,0,0,0,0,0,0,0,0,0,0,0,0,0,0,0,0,0,1,0,1,2,0,39.949,-75.2397, , 
 ,71436,2011082650,6,67,67301,2011,7,3,1145,11,1,1,0,5,1, , ,N,0,0,0,3,0,1,2,2,N,N,40 04:24.722,75 01:41.073,1200, ,1150, ,0, ,N, ,0, , , , , ,820732, , , ,1,0,0,0,0,1,0,0,1,0,0,1,1,0,0,0,0,0,0,0,0,0,0,0,0,0,0,0,0,0,0,0,0,0,0,4,1,40.0735,-75.0281, , 
 ,71437,2011084675,6,67,67301,2011,8,7,21,0,3,1,0,1,1, , ,N,1,3,0,3,0,1,4,2,N,N,39 59:32.053,75 14:44.477,24, ,22, ,0, ,N, ,3, , , , , ,820733, , , ,2,1,0,0,0,0,1,0,0,0,0,1,1,0,0,0,0,0,0,0,0,0,0,0,0,0,0,0,0,0,0,0,0,0,0,4,0,39.9922,-75.2457, , 
 ,71438,2011087961,6,67,67301,2011,7,7,300,3,3,1,0,7,3, , ,N,0,0,0,3,0,1,2,1,N,N,40 03:12.974,75 02:58.297,305, ,300,1,1,1, , ,0,N, , , , ,820737, , , ,1,1,0,0,0,0,0,0,0,0,0,1,1,0,1,0,0,0,0,0,0,0,0,0,0,0,0,0,0,0,0,0,0,0,0,4,0,40.0536,-75.0495, , 
 ,71439,2011057006,6,67,67301,2011,5,4,2136,21,3,1,0,4,1, , ,N,2,2,0,3,0,3,5,2,N,N,39 57:22.741,75 14:23.794,2148, ,2139, ,0, ,N, ,3, , , , , ,820754, , , ,2,2,0,0,0,0,0,0,0,0,0,0,3,3,0,0,0,0,0,0,0,0,0,0,0,0,0,0,0,0,0,0,0,0,0,8,0,39.9563,-75.2399, , 
 ,71440,2011068733,6,67,67301,2011,6,3,1730,17,1,1,0,4,1, , ,N,1,3,0,3,0,1,3,3, , ,40 04:20.236,75 14:20.957,1739, ,1734,1,1,3, , ,3,Y, , , , ,820766, , , ,3,0,0,0,0,0,1,2,0,0,0,1,1,0,0,0,0,0,0,0,0,0,0,3,0,0,0,0,0,0,0,0,0,0,0,4,0,40.0723,-75.2392, , 
 ,71441,2011031327,6,67,67301,2011,2,1,9999,99,1,1,0,8,1, , ,N,0,0,0,3,0,1,2,2, , ,40 00:25.148,75 09:30.082,1342, ,1338,9,2,4, , ,0,N, , , , ,820818, , , ,1,0,0,0,0,0,1,0,0,0,1,0,1,0,0,0,0,0,0,0,0,0,0,1,0,0,0,0,0,0,0,0,1,0,0,3,0,40.007,-75.1584, , 
 ,71442,2011005079,6,67,67301,2011,1,1,1315,13,1,1,0,1,1, , ,N,0,0,0,3,0,1,3,2,N,N,39 59:02.156,75 05:49.292,1332, ,1328, ,0, ,N, ,0, , , , , ,820844, , , ,2,2,0,0,0,0,0,0,0,0,0,0,1,1,0,0,0,0,0,0,0,0,0,0,0,0,0,0,0,0,0,0,0,0,0,8,0,39.984,-75.0969, , 
 ,71443,2011070723,6,67,67301,2011,6,1,333,3,2,1,0,7,5, , ,N,0,0,0,3,0,0,1,1,N,N,40 03:18.810,75 01:38.050,333, ,333, ,0, ,N, ,0, , , , , ,820857, , , ,1,0,0,0,0,0,1,0,0,0,0,0,0,0,0,0,0,0,0,0,0,0,0,1,0,0,0,0,0,0,0,0,0,0,0,0,0,40.0552,-75.0272, , 
 ,71444,2011087892,6,67,67301,2011,8,2,1800,18,1,1,0,4,1, , ,N,2,2,0,3,0,1,2,2,N, ,40 00:46.940,75 07:10.109,1805, ,1805, ,0, , , ,3, , , , , ,820875, , , ,2,2,0,0,0,0,0,0,0,0,0,1,1,0,0,0,0,0,0,0,0,0,0,0,0,0,0,0,0,0,0,0,0,0,0,4,0,40.013,-75.1194, , 
 ,71445,2011092050,6,67,67301,2011,8,2,1804,18,1,1,0,5,4, , ,N,0,3,0,3,0,0,1,3,N,N,39 56:10.197,75 10:59.386,1811, ,1806, ,0, ,N, ,3, , , , , ,820879, , , ,3,3,0,0,0,0,0,0,0,0,0,0,0,0,0,0,0,0,0,0,0,0,0,1,0,0,0,0,0,0,0,0,0,0,0,0,0,39.9362,-75.1832, , 
 ,71446,2011093014,6,67,67301,2011,8,2,2207,22,3,2,1,4,1, , ,N,1,2,0,3,0,1,10,4,N, ,40 01:36.832,75 05:50.065,2212, ,2207,1,1,2,N, ,3,N, , , , ,820881, , , ,4,1,0,0,2,0,1,0,0,0,0,1,1,0,0,0,0,0,0,0,0,0,0,0,0,0,0,0,0,0,0,0,0,0,0,4,0,40.0269,-75.0972, , 
 ,71447,2011100699,6,67,67301,2011,8,4,327,3,3,1,0,1,1, , ,N,0,0,0,3,0,1,1,2,N, ,40 03:12.394,75 05:08.246,332, ,330,1,1,4, , ,0,Y, , , , ,820887, , , ,2,2,0,0,0,0,0,0,0,0,0,0,1,1,0,0,0,0,0,0,1,0,0,0,0,0,0,0,0,0,0,0,0,0,0,8,0,40.0534,-75.0856, , 
 ,71448,2011100818,6,67,67301,2011,8,4,2140,21,3,1,0,4,1, , ,N,2,3,0,3,0,1,2,2,N,N,39 55:54.760,75 11:20.201,2140, ,2140, ,0, ,N, ,3, , , , , ,820888, , , ,1,1,0,0,0,0,0,0,1,0,0,0,1,1,0,0,0,0,0,0,0,0,0,0,0,0,0,0,0,0,0,0,0,0,0,8,0,39.9319,-75.1889, , 
 ,71449,2011100858,6,67,67301,2011,9,4,755,7,8,2,1,1,1, , ,N,0,0,0,3,0,3,4,2,N,N,40 02:40.359,75 08:36.325,916, ,914, ,0, ,N, ,0, , , , , ,820889, , , ,2,1,0,0,0,0,1,0,0,0,0,3,3,0,0,0,0,0,0,0,1,0,0,0,0,0,0,0,0,0,0,0,0,0,0,4,0,40.0445,-75.1434, , 
 ,71450,2011082444,6,67,67301,2011,7,5,1031,10,1,1,0,4,1, , ,N,2,3,0,3,0,1,2,2,N,N,40 01:33.254,75 09:14.918,1052, ,1050, ,0, ,N, ,3, , , , , ,820907, , , ,2,1,0,0,1,0,0,0,0,0,0,1,1,0,0,0,0,0,1,0,0,0,0,2,0,0,0,0,0,0,0,0,0,0,0,4,0,40.0259,-75.1541, , 
 ,71451,2011082672,6,67,67301,2011,7,3,9999,99,1,1,0,4,1, , ,N,1,3,0,3,0,0,6,2,N,N,39 59:50.720,75 07:13.153,949, ,9999, ,0, ,N, ,3, , , , , ,827044, , , ,2,2,0,0,0,0,0,0,0,0,0,0,0,0,0,0,0,0,0,0,0,0,0,0,0,0,0,0,0,0,0,0,0,0,0,0,0,39.9973,-75.1203, , 
 ,71452,2011090389,6,67,67301,2011,5,5,2250,22,3,1,0,7,5, , ,N,0,0,0,3,0,1,1,1,N, ,39 58:32.178,75 11:28.088,54, ,54, ,0, , , ,0, , , , , ,827052, , , ,1,1,0,0,0,0,0,0,0,1,0,0,1,0,0,0,0,0,0,0,0,0,0,0,0,0,0,0,0,0,0,0,0,0,0,2,0,39.9756,-75.1911, , 
 ,71453,2011092920,6,67,67301,2011,8,1,1435,14,1,2,1,1,1, , ,N,0,0,0,3,0,1,2,2,N, ,40 07:32.131,75 00:52.746,1515, ,1504, ,0, , , ,0, , , , , ,827056, , , ,2,2,0,0,0,0,0,0,0,0,0,1,1,0,0,0,0,0,0,0,0,0,0,0,0,0,0,0,0,0,0,0,0,0,0,4,0,40.1256,-75.0147, , 
 ,71454,2011113160,6,67,67301,2011,10,1,545,5,3,1,5,1,1, , ,N,0,0,0,3,0,0,2,2,N,N,40 03:18.737,74 59:05.643,855, ,855, ,0, ,N, ,0, , , , , ,827061, , , ,2,1,0,0,1,0,0,0,0,0,0,0,0,0,0,0,0,0,0,0,1,0,0,0,0,0,0,0,0,0,0,0,0,0,0,0,0,40.0553,-74.9848, , 
 ,71455,2011113286,6,67,67301,2011,9,4,744,7,1,2,1,1,1, , ,N,0,0,0,3,0,1,3,2,N, ,40 00:34.462,75 09:04.212,810, ,805, ,0, , , ,0, , , , , ,827062, , , ,2,2,0,0,0,0,0,0,0,0,0,0,1,1,0,0,0,0,0,0,2,0,0,0,0,0,0,0,0,0,0,0,0,0,0,8,0,40.0096,-75.1512, , 
 ,71456,2011066250,6,67,67301,2011,5,7,2205,22,3,1,0,8,1, , ,N,0,0,0,3,0,1,2,2,N,N,39 58:17.814,75 09:08.388,2215, ,2209, ,0, ,N, ,0, , , , , ,827085, , , ,1,1,0,0,0,0,0,0,0,0,0,1,1,0,0,0,0,0,0,0,0,0,0,0,0,0,0,0,0,0,0,0,1,0,0,4,0,39.9716,-75.1523, , 
 ,71457,2011066791,6,67,67301,2011,6,4,1843,18,1,1,0,4,1, , ,N,1,2,0,3,1,3,4,2,N,N,40 01:12.183,75 08:55.615,1849, ,1847,3,2,2,N,0,3,Y, , , , ,827091, , , ,2,1,1,0,0,0,0,0,0,0,1,2,3,0,0,0,0,0,0,0,1,0,0,0,0,0,0,0,1,0,0,0,0,0,0,1,0,40.0201,-75.1488,2, 
 ,71458,2011075561,6,67,67301,2011,7,1,2300,23,3,1,0,4,1, , ,N,1,2,0,3,0,2,4,2,N,N,39 57:34.088,75 13:59.355,830, ,830, ,0, ,N, ,9, , , , , ,827098, , , ,2,2,0,0,0,0,0,0,0,0,0,0,2,2,1,0,0,0,0,0,0,0,0,0,0,0,0,0,0,0,0,0,0,0,0,8,0,39.9595,-75.2332, , 
 ,71459,2011089874,6,67,67301,2011,9,7,1208,12,1,1,0,1,1, , ,N,0,0,0,3,0,1,7,2,N,N,39 57:33.897,75 10:26.949,1228, ,1212,1,1,4,N, ,0,Y, , , , ,827111, , , ,2,1,0,0,0,0,0,1,0,0,0,0,1,1,0,0,0,0,0,0,1,0,0,0,0,0,0,0,0,0,0,0,0,0,0,8,0,39.9594,-75.1742, , 
 ,71460,2011088058,6,67,67301,2011,7,1,2204,22,3,1,0,1,1, , ,N,1,2,0,3,0,1,4,2,N,N,40 05:36.346,75 01:52.568,2206, ,2204, ,0, , , ,3, , , , , ,827121, , , ,2,2,0,0,0,0,0,0,0,0,0,1,1,0,0,0,0,0,0,0,0,0,0,0,0,0,0,0,0,0,0,0,0,0,0,4,0,40.0934,-75.0313, , 
 ,71461,2011106148,6,67,67301,2011,9,5,1031,10,1,1,0,1,1, , ,N,2,2,0,3,0,1,2,2,N,N,39 57:07.016,75 14:19.755,1045, ,1038, ,0, ,N, ,3, , , , , ,827133, , , ,2,2,0,0,0,0,0,0,0,0,0,0,1,1,0,0,0,0,0,0,1,0,0,0,0,0,0,0,0,0,0,0,0,0,0,8,0,39.9519,-75.2388, , 
 ,71462,2011107712,6,67,67301,2011,10,7,1451,14,1,1,0,1,1, , ,N,6,0,2,3,0,0,2,2,N,N,39 56:18.041,75 11:51.584,1502, ,1457,1,1,4,N, ,0,N, , , , ,827135, , , ,2,1,0,0,0,0,1,0,0,0,0,0,0,0,0,0,0,0,0,0,1,0,0,0,0,0,0,0,0,0,0,0,0,0,0,0,0,39.934,-75.1999, , 
 ,71463,2011076290,6,67,67301,2011,6,3,9999,99,1,1,0,4,1, , ,N,2,0,0,3,0,1,2,2,N,N,39 55:16.060,75 11:42.146,1555, ,1547, ,0, ,N, ,0, , , , , ,827157, , , ,2,1,0,0,0,0,1,0,0,0,0,1,1,0,0,0,0,0,0,0,1,0,0,0,0,0,0,0,0,0,0,0,0,0,0,4,0,39.9214,-75.1928, , 
 ,71464,2011066177,6,67,67301,2011,6,7,9999,99,1,1,0,1,1, , ,N,1,2,0,3,0,3,6,3,N,N,40 04:00.293,75 10:40.850,1300, ,1253, ,0, , , ,3, , , , , ,827170, , , ,3,1,0,0,1,0,0,1,0,0,1,2,3,0,0,0,0,0,0,0,1,1,0,0,0,0,0,0,0,0,0,0,0,0,0,3,0,40.0667,-75.178, , 
 ,71465,2011033537,6,67,67301,2011,3,7,325,3,3,1,0,5,6, , ,N,0,0,0,3,0,0,1,2,N,N,40 01:04.918,75 03:51.609,337, ,335, ,0, ,N, ,0, , , , , ,827227, , , ,2,1,0,0,0,0,1,0,0,0,0,0,0,0,1,0,0,0,0,0,0,0,0,0,0,0,0,0,0,0,0,0,0,0,0,9,0,40.0181,-75.0643, , 
 ,71466,2011061686,6,67,67301,2011,6,6,1922,19,1,1,0,7,3, , ,N,0,0,0,3,0,1,1,1,N,N,40 00:27.331,75 12:04.848,1928, ,1922, ,0, ,N, ,0, , , , , ,827246, , , ,1,0,0,0,1,0,0,0,0,0,0,1,1,0,0,0,0,0,0,0,1,0,0,0,0,0,0,0,0,0,0,0,0,0,0,4,0,40.0076,-75.2013, , 
 ,71467,2011065525,6,67,67301,2011,5,4,800,8,1,1,0,1,1, , ,N,2,0,0,3,0,4,6,6,N,N,40 01:43.183,75 12:19.909,804, ,801, ,0, ,N, ,0, , , , , ,827250, , , ,6,5,0,0,0,0,0,1,0,0,2,2,4,0,0,0,0,0,0,0,2,0,1,0,0,0,0,0,0,0,0,0,0,0,0,3,0,40.0287,-75.2055, , 
 ,71468,2011085411,6,67,67301,2011,7,2,1900,19,1,1,0,4,1, , ,N,1,2,0,3,0,2,5,3,N, ,39 55:00.583,75 10:16.768,1910, ,1907, ,0, , , ,3, , , , , ,827277, , , ,3,0,0,0,1,0,1,1,0,0,0,0,2,2,3,0,0,0,0,0,2,1,0,0,0,0,0,0,0,0,0,0,0,0,0,8,0,39.9168,-75.1713, , 
 ,71469,2011066146,6,67,67301,2011,6,1,157,1,3,1,0,1,1, , ,N,0,0,0,3,0,3,3,3,N,N,40 00:53.780,75 12:21.840,205, ,159,2,1,2,N, ,0,N, , , , ,824222, , , ,3,3,0,0,0,0,0,0,0,0,0,0,3,3,0,0,0,1,0,0,0,0,0,0,0,0,0,0,0,0,0,0,0,0,0,8,0,40.0149,-75.2061, , 
 ,71470,2011075655,6,67,67301,2011,6,2,1738,17,1,1,0,4,1, , ,N,1,3,0,3,0,1,3,2,N,N,39 58:09.869,75 07:56.919,1752, ,1740, ,0, ,N, ,3, , , , , ,824234, , , ,2,2,0,0,0,0,0,0,0,0,0,1,1,0,0,0,0,0,0,0,0,0,0,0,0,0,0,0,0,0,0,0,0,0,0,4,0,39.9694,-75.1326, , 
 ,71471,2011082583,6,67,67301,2011,6,1,100,1,3,1,0,8,1, , ,N,1,3,0,3,0,1,2,2,N,N,40 02:16.296,75 03:08.647,1245, ,1230, ,0, ,N, ,3, , , , , ,824243, , , ,1,0,0,0,0,0,0,0,0,0,1,0,1,0,1,0,0,0,0,0,0,0,0,0,0,0,0,0,0,0,0,0,1,0,0,3,0,40.0379,-75.0524, , 
 ,71472,2011082697,6,67,67301,2011,7,1,210,2,3,1,0,2,1, , ,N,0,0,0,3,0,2,5,2,N,N,39 56:04.680,75 14:06.370,210, ,210,9,1,2,N, ,0,Y, , , , ,824244, , , ,2,2,0,0,0,0,0,0,0,0,0,0,2,2,2,0,0,0,0,0,1,0,0,0,0,0,0,0,0,0,0,0,0,0,0,8,0,39.9346,-75.2351, , 
 ,71473,2011090349,6,67,67301,2011,7,1,14,0,3,1,0,4,1, , ,N,2,2,0,3,0,1,3,2,N,N,39 57:01.192,75 10:19.857,19, ,14, ,0, ,N, ,3, , , , , ,824255, , , ,2,1,0,1,0,0,0,0,0,0,0,0,1,1,0,0,0,0,0,0,0,0,0,0,0,0,0,0,0,0,0,0,0,0,0,8,1,39.9503,-75.1722, , 
 ,71474,2011057009,6,67,67301,2011,3,5,226,2,3,1,0,8,1, , ,N,0,0,0,3,0,1,2,2, , ,40 00:39.857,75 04:39.670,247, ,229,4,1,2, , ,0,N, , , , ,824266, , , ,1,1,0,0,0,0,0,0,0,1,0,0,1,0,1,0,0,0,0,0,0,0,0,0,0,0,0,0,0,0,0,0,1,0,1,2,0,40.0111,-75.0777, , 
 ,71475,2011064126,6,67,67301,2011,5,5,2300,23,3,1,0,6,1, , ,N,0,0,0,3,0,3,3,2,N,N,40 02:26.260,75 12:52.701,2315, ,2310, ,0, ,Y, ,0, , , , , ,824269, , , ,2,1,0,0,0,0,0,1,0,1,0,0,3,2,0,0,0,0,0,0,1,0,0,2,0,0,0,0,0,0,0,0,0,0,0,2,0,40.0406,-75.2146, , 
 ,71476,2011065514,6,67,67301,2011,5,6,1830,18,1,9,0,1,1, , ,N,0,0,0,3,0,2,4,3,N,N,39 57:51.314,75 14:47.307,1837, ,1832, ,0, ,N, ,0, , , , , ,824271, , , ,3,2,0,0,1,0,0,0,0,0,0,2,2,0,0,0,0,0,0,0,1,0,0,0,0,0,0,0,0,0,0,0,0,0,0,4,0,39.9643,-75.2465, , 
 ,71477,2011087902,6,67,67301,2011,8,3,1715,17,1,1,0,4,1, , ,N,1,3,0,3,0,3,3,2,N, ,39 55:42.564,75 10:42.988,1721, ,1716,2,2,1, , ,3,Y, , , , ,824296, , , ,2,2,0,0,0,0,0,0,0,1,0,0,3,2,0,0,0,0,0,1,0,0,0,0,0,0,0,1,0,0,0,0,0,0,0,2,0,39.9285,-75.1786, , 
 ,71478,2011088071,6,67,67301,2011,8,2,1629,16,1,1,0,8,1, , ,N,1,3,0,3,0,1,2,2,N,N,39 54:49.968,75 09:32.129,1635, ,1629, ,0, ,N, ,3, , , , , ,824297, , , ,1,1,0,0,0,0,0,0,0,0,0,1,1,0,0,0,0,0,0,0,1,0,0,0,0,0,0,0,0,0,0,0,1,0,0,4,0,39.9139,-75.1589, , 
 ,71479,2011090504,6,67,67301,2011,6,6,1900,19,1,1,0,8,1, , ,N,0,0,0,3,0,1,2,3,N,N,40 04:23.606,75 09:55.861,1915, ,1908,3,2,1, , ,0,Y, , , , ,824303, , , ,2,1,0,0,0,0,1,0,0,1,0,0,1,0,1,0,0,0,0,0,0,0,0,1,0,0,0,0,0,0,0,0,1,0,1,2,0,40.0732,-75.1655, , 
 ,71480,2011092919,6,67,67301,2011,8,1,2240,22,3,1,0,4,1, , ,N,1,2,0,3,0,5,6,2,N,N,40 01:07.456,75 06:54.889,2248, ,1245, ,0, ,N, ,3, , , , , ,824307, , , ,2,2,0,0,0,0,0,0,0,0,0,5,5,0,0,0,0,1,0,0,0,0,0,0,0,0,0,0,0,0,0,0,0,0,0,4,0,40.0187,-75.1152, , 
 ,71481,2011081876,6,67,67301,2011,8,1,725,7,1,2,1,7,2, , ,N,0,0,0,3,0,0,2,1,N,N,40 02:10.725,75 00:57.624,735, ,732, ,0, ,N, ,0, , , , , ,824323, , , ,1,1,0,0,0,0,0,0,0,0,0,0,0,0,0,0,0,0,0,0,0,0,0,0,0,0,0,0,0,0,0,0,0,0,0,0,0,40.0363,-75.0159, , 
 ,71482,2011098127,6,67,67301,2011,8,3,1118,11,1,1,0,8,1, , ,N,1,2,0,3,0,1,2,2,N,N,39 57:14.830,75 10:40.392,1121, ,1120,1,1,4,N, ,3,Y, , , , ,824342, , , ,1,1,0,0,0,0,0,0,0,0,0,0,1,1,0,0,0,0,0,0,0,0,0,0,0,0,0,0,0,0,0,0,1,0,0,8,0,39.9541,-75.1778, , 
 ,71483,2011061735,6,67,67301,2011,5,2,330,3,3,2,1,7,2, , ,N,0,0,0,3,0,1,1,1, , ,40 02:54.769,75 13:07.468,340, ,339,1,2,1, , ,0,Y, , , , ,824357, , , ,1,1,0,0,0,0,0,0,0,0,1,0,1,0,0,0,0,0,0,0,0,0,0,0,0,0,0,0,0,0,0,0,0,0,0,3,0,40.0485,-75.2187, , 
 ,71484,2011068396,6,67,67301,2011,6,7,300,3,3,1,0,1,1, , ,N,1,2,0,3,0,3,4,2, , ,39 56:22.379,75 11:53.331,9999, ,9999, ,0, , , ,9, , , , , ,824364, , , ,2,2,0,0,0,0,0,0,0,0,0,3,3,0,1,0,0,0,0,1,0,0,0,3,0,0,0,0,0,0,0,0,0,0,0,4,0,39.9395,-75.1981, , 
 ,71485,2011075662,6,67,67301,2011,6,5,900,9,1,1,0,1,1, , ,N,0,0,0,3,0,1,4,2,N,N,40 02:59.088,75 10:18.390,1150, ,1139, ,0, ,N, ,0, , , , , ,824379, , , ,2,1,0,0,0,0,1,0,0,0,0,1,1,0,0,0,0,0,0,0,0,0,0,0,0,0,0,0,0,0,0,0,0,0,0,4,0,40.0497,-75.1718, , 