wz_ln_closure,objectid_1,crn,district,county,municipality,crash_year,crash_month,day_of_week,time_of_day,hour_of_day,illumination,weather,road_condition,collision_type,relation_to_road,work_zone_type,work_zone_loc,work_zone_ind,intersect_type,tcd_type,location_type,urban_rural,fatal_count,injury_count,person_count,total_units,sch_bus_ind,sch_zone_ind,latitude,longitude,arrival_tm,cons_zone_spd_lim,dispatch_tm,est_hrs_closed,lane_closed,ln_close_dir,ntfy_hiwy_maint,spec_juris_cd,tcd_func_cd,tfc_detour_ind,workers_pres,wz_close_detour,wz_flagger,wz_law_offcr_ind,objectid,wz_moving,wz_other,wz_shlder_mdn,vehicle_count,automobile_count,motorcycle_count,bus_count,small_truck_count,heavy_truck_count,suv_count,van_count,bicycle_count,maj_inj_count,mod_inj_count,min_inj_count,tot_inj_count,unk_inj_deg_count,unk_inj_per_count,driver_count_16yr,driver_count_17yr,driver_count_18yr,driver_count_19yr,driver_count_20yr,driver_count_50_64yr,driver_count_65_74yr,driver_count_75plus,unbelted_occ_count,unb_death_count,unb_maj_inj_count,belted_death_count,belted_maj_inj_count,mcycle_death_count,mcycle_maj_inj_count,bicycle_death_count,bicycle_maj_inj_count,ped_count,ped_death_count,ped_maj_inj_count,max_severity_level,comm_veh_count,dec_lat,dec_long,rdwy_surf_type_cd,county_name
 ,71552,2011093193,6,67,67301,2011,8,2,1955,19,3,1,0,1,1, , ,N,6,0,2,3,0,3,6,2,N,N,39 55:56.854,75 12:00.596,2017, ,2003, ,0, ,N, ,0, , , , , ,824572, , , ,2,2,0,0,0,0,0,0,0,0,0,3,3,0,0,0,0,0,0,0,0,0,0,0,0,0,0,0,0,0,0,0,0,0,0,4,0,39.9325,-75.2002, , 
 ,71553,2011100808,6,67,67301,2011,9,6,720,7,1,1,1,1,1, , ,N,1,0,0,3,0,1,2,2,N, ,40 00:32.006,75 11:38.251,9999, ,9999, ,0, , , ,0, , , , , ,824580, , , ,2,2,0,0,0,0,0,0,0,0,0,1,1,0,1,0,0,0,0,0,1,0,0,2,0,0,0,0,0,0,0,0,0,0,0,4,0,40.0089,-75.194, , 
 ,71554,2011108894,6,67,67301,2011,9,5,9999,99,1,1,0,2,1, , ,N,5,2,0,3,0,1,3,2,N,N,40 00:32.102,75 04:19.233,9999, ,1157, ,0, , , ,3, , , , , ,824586, , , ,2,2,0,0,0,0,0,0,0,0,0,1,1,0,0,0,0,0,0,0,0,0,0,0,0,0,0,0,0,0,0,0,0,0,0,4,0,40.0089,-75.0719, , 
 ,71555,2011064074,6,67,67301,2011,5,2,1315,13,1,1,0,5,2, , ,N,0,0,0,3,0,1,1,2,N,N,39 55:39.580,75 10:32.840,1340, ,1320, ,0, ,N, ,0, , , , , ,824590, , , ,2,1,1,0,0,0,0,0,0,0,0,1,1,0,0,0,0,0,0,0,0,0,0,0,0,0,0,0,0,0,0,0,0,0,0,4,0,39.9277,-75.1758, , 
 ,71556,2011068426,6,67,67301,2011,6,3,945,9,1,1,0,4,1, , ,N,1,2,0,3,0,1,2,2,N,N,40 02:22.366,75 02:44.910,950, ,948, ,0, ,N, ,3, , , , , ,824597, , , ,2,2,0,0,0,0,0,0,0,0,0,0,1,1,0,0,0,0,1,0,0,1,0,1,0,0,0,0,0,0,0,0,0,0,0,8,0,40.0395,-75.0458, , 
 ,71557,2011054115,6,67,67301,2011,4,4,818,8,1,2,1,8,1, , ,N,1,3,0,3,0,1,2,2,N,N,40 01:10.632,75 04:44.741,842, ,837, ,0, ,N, ,3, , , , , ,824608, , , ,1,1,0,0,0,0,0,0,0,0,0,1,1,0,1,0,0,0,0,0,0,1,0,0,0,0,0,0,0,0,0,0,1,0,0,4,0,40.0196,-75.0791, , 
 ,71558,2011054336,6,67,67301,2011,4,4,925,9,1,1,0,8,5, , ,N,0,0,0,3,0,1,2,2,N,N,39 56:15.480,75 09:40.780,930, ,927, ,0, ,N, ,0, , , , , ,824609, , , ,1,1,0,0,0,0,0,0,0,0,0,0,1,1,0,0,0,0,0,0,0,0,0,0,0,0,0,0,0,0,0,0,1,0,0,8,0,39.9376,-75.1613, , 
 ,71559,2011073224,6,67,67301,2011,6,2,915,9,1,1,0,4,1, , ,N,1,2,0,3,0,0,3,2,N,N,39 58:50.256,75 14:47.666,923, ,915, ,0, ,N, ,9, , , , , ,824624, , , ,2,0,0,0,1,0,1,0,0,0,0,0,0,0,0,0,0,0,0,0,0,0,0,3,0,0,0,0,0,0,0,0,0,0,0,0,0,39.9806,-75.2465, , 
 ,71560,2011082660,6,67,67301,2011,7,7,1900,19,1,1,0,4,1, , ,N,2,2,0,3,0,0,3,3,N,N,39 55:49.339,75 13:39.363,1907, ,9999, ,0, , , ,3, , , , , ,817490, , , ,3,3,0,0,0,0,0,0,0,0,0,0,0,0,0,0,0,1,0,0,0,0,0,0,0,0,0,0,0,0,0,0,0,0,0,0,0,39.9304,-75.2276, , 
 ,71561,2011089853,6,67,67301,2011,8,1,550,5,5,1,0,7,4, , ,N,0,0,0,3,0,0,1,1,N,N,39 58:19.285,75 07:21.390,553, ,553,1,2,1,N, ,0,N, , , , ,817498, , , ,1,1,0,0,0,0,0,0,0,0,0,0,0,0,0,0,0,0,0,1,0,0,0,0,0,0,0,0,0,0,0,0,0,0,0,0,0,39.9719,-75.1227, , 
 ,71562,2011090468,6,67,67301,2011,7,6,9999,99,1,1,0,8,6, , ,N,0,0,0,3,0,1,2,2,N,N,39 58:29.755,75 10:02.139,9999, ,1038, ,0, ,N, ,0, , , , , ,817499, , , ,1,1,0,0,0,0,0,0,0,0,0,1,1,0,0,0,0,0,0,0,0,0,0,0,0,0,0,0,0,0,0,0,1,0,0,4,0,39.9749,-75.1673, , 
 ,71563,2011100909,6,67,67301,2011,6,1,1327,13,1,1,0,4,1, , ,N,2,3,0,3,0,2,2,2,N,N,40 01:51.333,75 09:40.507,1335, ,1327,3,2,5,N, ,3,Y, , , , ,817510, , , ,2,2,0,0,0,0,0,0,0,0,0,2,2,0,0,0,0,0,0,0,0,0,1,0,0,0,0,0,0,0,0,0,0,0,0,4,0,40.0309,-75.1613, , 
 ,71564,2011093067,6,67,67301,2011,8,5,1104,11,1,2,1,1,1, , ,N,0,2,0,3,0,2,6,4,N,N,40 07:12.594,75 00:34.326,1110, ,1104, ,0, ,N, ,3, , , , , ,817548, , , ,4,3,0,0,0,0,1,0,0,0,0,2,2,0,0,0,0,0,0,0,2,0,0,0,0,0,0,0,0,0,0,0,0,0,0,4,0,40.1202,-75.0095, , 
 ,71565,2011095510,6,67,67301,2011,8,7,705,7,1,1,0,8,1, , ,N,1,3,0,3,0,1,2,2,N,N,39 55:13.533,75 09:31.424,753, ,748, ,0, , , ,3, , , , , ,817550, , , ,1,0,0,0,0,0,1,0,0,0,0,1,1,0,0,0,0,0,0,0,0,0,0,0,0,0,0,0,0,0,0,0,1,0,0,4,0,39.9204,-75.1587, , 
 ,71566,2011066254,6,67,67301,2011,5,7,1335,13,1,1,0,8,1, , ,N,1,2,0,3,0,1,2,2,N,N,39 58:08.006,75 08:03.925,1445, ,1439, ,0, ,N, ,3, , , , , ,817570, , , ,1,0,0,0,1,0,0,0,0,0,1,0,1,0,0,0,0,0,0,0,0,0,0,0,0,0,0,0,0,0,0,0,1,0,0,3,0,39.9689,-75.1344, , 
 ,71567,2011073265,6,67,67301,2011,6,1,1035,10,1,1,0,4,1, , ,N,1,0,0,3,0,5,10,2, , ,39 56:34.767,75 09:36.842,1042, ,1040, ,0, , , ,0, , , , , ,817578, , , ,2,2,0,0,0,0,0,0,0,0,0,5,5,0,1,0,0,0,0,0,0,0,0,0,0,0,0,0,0,0,0,0,0,0,0,4,0,39.943,-75.1602, , 
 ,71568,2011075625,6,67,67301,2011,7,6,1818,18,1,1,0,4,1, , ,N,0,0,7,3,0,0,5,2,N,N,40 00:21.455,75 05:35.603,1829, ,1822, ,0, ,N, ,0, , , , , ,817579, , , ,2,2,0,0,0,0,0,0,0,0,0,0,0,0,5,0,0,0,0,0,1,0,0,1,0,0,0,0,0,0,0,0,0,0,0,9,0,40.006,-75.0933, , 
 ,71569,2011082588,6,67,67301,2011,7,5,625,6,1,1,0,7,5, , ,N,0,0,0,3,0,1,1,1,N, ,40 01:33.322,75 03:20.206,636, ,630, ,0, , , ,0, , , , , ,817584, , , ,1,1,0,0,0,0,0,0,0,0,0,1,1,0,0,0,0,0,0,0,0,0,0,0,0,0,0,0,0,0,0,0,0,0,0,4,0,40.0259,-75.0556, , 
 ,71570,2011093750,6,67,67301,2011,8,1,250,2,3,1,0,4,6, , ,N,0,0,0,3,0,0,3,2,N,N,39 55:59.221,75 13:40.566,250, ,250, ,0, , , ,0, , , , , ,817592, , , ,2,2,0,0,0,0,0,0,0,0,0,0,0,0,0,0,0,0,0,0,0,0,0,3,0,0,0,0,0,0,0,0,0,0,0,0,0,39.9331,-75.2279, , 
 ,71571,2011095498,6,67,67301,2011,8,6,1725,17,1,1,0,4,1, , ,N,0,0,7,3,0,0,2,2,N,N,40 05:07.656,75 02:48.624,1730, ,1725, ,0, ,N, ,0, , , , , ,817597, , , ,2,2,0,0,0,0,0,0,0,0,0,0,0,0,0,0,0,0,0,0,0,0,1,0,0,0,0,0,0,0,0,0,0,0,0,0,0,40.0855,-75.0468, , 
 ,71572,2011100813,6,67,67301,2011,9,1,1430,14,1,1,0,4,1, , ,N,1,2,0,3,0,0,2,2,N,N,40 01:31.355,75 04:23.942,1433, ,1433, ,0, ,N, ,3, , , , , ,817605, , , ,2,2,0,0,0,0,0,0,0,0,0,0,0,0,1,1,0,0,0,0,0,0,0,0,0,0,0,0,0,0,0,0,0,0,0,9,0,40.0254,-75.0733, , 
 ,71573,2011112236,6,67,67301,2011,10,4,1309,13,1,1,0,4,1, , ,N,1,0,0,3,0,1,4,2,N,N,40 02:04.164,75 02:53.357,1345, ,1330, ,0, ,N, ,0, , , , , ,817614, , , ,2,1,0,0,0,0,1,0,0,0,0,0,1,1,0,0,0,0,0,0,0,0,0,0,0,0,0,0,0,0,0,0,0,0,0,8,0,40.0345,-75.0482, , 
 ,71574,2011083979,6,67,67301,2011,7,6,225,2,3,1,1,7,4, , ,N,0,0,0,3,0,0,1,1,N,N,39 56:37.716,75 11:31.896,232, ,227,1,2,4,N, ,0,N, , , , ,817631, , , ,1,1,0,0,0,0,0,0,0,0,0,0,0,0,0,0,0,0,0,0,0,0,0,0,0,0,0,0,0,0,0,0,0,0,0,0,0,39.9428,-75.1932, , 
 ,71575,2011092854,6,67,67301,2011,8,1,9999,99,6,9,8,7,2, , ,N,0,0,0,3,0,1,4,2,N,N,39 58:25.737,75 12:44.654,40, ,40, ,0, ,N, ,0, , , , , ,817646, , , ,1,1,0,0,0,0,0,0,0,0,1,0,1,0,0,0,0,0,0,1,0,0,0,0,0,0,0,0,0,0,0,0,1,0,0,3,0,39.9738,-75.2124, , 
 ,71576,2011113282,6,67,67301,2011,10,5,2330,23,3,1,0,4,1, , ,N,2,3,0,3,0,0,1,2,N, ,39 59:38.608,75 08:59.596,30, ,15, ,0, , , ,3, , , , , ,817659, , , ,2,1,0,0,0,0,0,0,0,0,0,0,0,0,1,0,0,0,0,0,0,0,0,0,0,0,0,0,0,0,0,0,0,0,0,9,0,39.9941,-75.1499, , 
 ,71577,2011083437,6,67,67301,2011,7,1,1425,14,1,1,0,8,1, , ,N,0,2,0,3,0,1,2,2,N,N,39 57:06.490,75 09:54.894,1428, ,1425, ,0, ,N, ,3, , , , , ,817692, , , ,1,1,0,0,0,0,0,0,0,0,1,0,1,0,0,0,0,0,0,0,0,0,0,0,0,0,0,0,0,0,0,0,1,0,0,3,0,39.9518,-75.1652, , 
 ,71578,2011108823,6,67,67301,2011,9,2,2305,23,3,1,0,4,1, , ,N,1,0,2,3,0,2,3,2,N,N,39 53:06.408,75 15:00.477,2318, ,2316, ,0, ,N, ,0, , , , , ,817711, , , ,2,2,0,0,0,0,0,0,0,0,0,2,2,0,1,0,0,0,0,0,0,1,0,1,0,0,0,0,0,0,0,0,0,0,0,4,0,39.885,-75.2502, , 
 ,71579,2011085910,6,67,67301,2011,7,5,833,8,1,1,0,8,1, , ,N,1,2,0,3,0,1,2,2,N,N,40 00:13.994,75 10:14.420,840, ,833, ,0, ,N, ,3, , , , , ,821121, , , ,1,0,0,0,0,0,0,0,0,0,0,1,1,0,1,0,0,0,0,0,0,0,0,0,0,0,0,0,0,0,0,0,1,0,0,4,0,40.0039,-75.1707, , 
 ,71580,2011091031,6,67,67301,2011,8,7,1240,12,1,1,0,5,6, , ,N,0,2,0,3,0,0,1,4,N,N,40 03:06.868,75 09:10.725,1240, ,1240, ,0, ,N, ,3, , , , , ,821128, , , ,4,3,0,0,0,0,1,0,0,0,0,0,0,0,0,0,0,0,0,0,0,0,0,0,0,0,0,0,0,0,0,0,0,0,0,0,0,40.0519,-75.153, , 
 ,71581,2011068720,6,67,67301,2011,6,5,301,3,3,1,0,7,5, , ,N,0,0,0,3,0,0,1,1,N,N,39 57:47.640,75 08:58.220,304, ,303,3,2,1,N, ,0,Y, , , , ,821139, , , ,1,0,0,0,0,0,0,1,0,0,0,0,0,0,0,0,0,0,0,0,0,0,0,0,0,0,0,0,0,0,0,0,0,0,0,0,0,39.9632,-75.1495, , 
 ,71582,2011029031,6,67,67301,2011,1,4,800,8,1,4,3,8,1, , ,N,1,3,0,3,0,1,2,2,N,N,39 59:41.841,75 08:15.550,1620, ,610, ,0, ,N, ,3, , , , , ,821166, , , ,1,0,0,0,0,0,0,0,0,1,0,0,1,0,1,0,0,0,0,0,0,0,0,0,0,0,0,0,0,0,0,0,1,0,1,2,0,39.995,-75.1377, , 
 ,71583,2011037888,6,67,67301,2011,3,6,2315,23,3,1,0,1,1, , ,N,0,0,0,3,0,0,2,2,N,N,40 01:56.463,75 11:15.635,13, ,8,3,1,5,N, ,0,N, , , , ,821175, , , ,2,2,0,0,0,0,0,0,0,0,0,0,0,0,0,0,0,0,0,0,0,0,0,0,0,0,0,0,0,0,0,0,0,0,0,0,0,40.0324,-75.1877, , 
 ,71584,2011037923,6,67,67301,2011,3,4,1635,16,1,1,0,2,1, , ,N,1,2,0,3,0,3,4,2,N,N,40 00:09.273,75 05:59.019,1637, ,1636,1,2,7,N, ,3,N, , , , ,821176, , , ,2,2,0,0,0,0,0,0,0,0,1,1,3,1,0,0,0,0,0,0,0,0,0,0,0,0,0,0,0,0,0,0,0,0,0,3,0,40.0026,-75.0997, , 
 ,71585,2011064037,6,67,67301,2011,5,4,2301,23,3,2,1,4,1, , ,N,0,0,7,3,0,2,3,2, , ,40 04:12.923,75 14:27.394,2315, ,2311,3,1,1, , ,0,Y, , , , ,821185, , , ,2,2,0,0,0,0,0,0,0,0,0,1,2,1,0,0,0,0,0,0,0,0,0,0,0,0,0,0,0,0,0,0,0,0,0,4,0,40.0701,-75.2409, , 
 ,71586,2011062021,6,67,67301,2011,5,7,1600,16,1,1,0,5,1, , ,N,1,3,0,3,0,1,3,2,N,N,39 55:59.862,75 11:24.824,1605, ,1605,2,2,4,N, ,3,Y, , , , ,821232, , , ,1,1,0,0,0,0,0,0,1,0,0,1,1,0,0,0,0,0,0,0,0,0,0,0,0,0,0,0,0,0,0,0,0,0,0,4,0,39.9333,-75.1902, , 
 ,71587,2011024671,6,67,67301,2011,1,1,1610,16,1,1,0,4,1, , ,N,1,3,0,3,0,0,2,2,N,N,40 02:46.472,75 09:57.862,1620, ,1620, ,0, ,N, ,3, , , , , ,821240, , , ,2,2,0,0,0,0,0,0,0,0,0,0,0,0,0,0,0,0,0,0,1,0,0,0,0,0,0,0,0,0,0,0,0,0,0,0,0,40.0462,-75.1661, , 
 ,71588,2011028689,6,67,67301,2011,2,6,912,9,1,2,1,3,1, , ,N,0,0,0,3,0,1,1,2,N,N,39 59:46.916,75 04:58.022,919, ,914,3,2,2,Y, ,0,Y, , , , ,821243, , , ,2,1,0,0,0,0,0,1,0,0,1,0,1,0,0,0,0,0,0,0,1,0,0,0,0,0,0,0,0,0,0,0,0,0,0,3,0,39.9965,-75.0827, , 
 ,71589,2011075831,6,67,67301,2011,7,3,1300,13,1,1,0,4,1, , ,N,0,0,0,3,0,1,2,3,N,N,40 02:00.276,75 06:29.988,1334, ,1329, ,0, ,N, ,0, , , , , ,821274, , , ,3,1,0,0,0,0,2,0,0,0,0,0,1,1,0,0,0,0,0,0,2,0,0,0,0,0,0,0,0,0,0,0,0,0,0,8,0,40.0334,-75.1083, , 
 ,71590,2011076054,6,67,67301,2011,6,7,2200,22,3,1,0,4,1, , ,N,1,2,0,3,0,0,2,2,N,N,40 01:44.780,75 08:48.879,130, ,9999, ,0, ,N, ,3, , , , , ,821275, , , ,2,2,0,0,0,0,0,0,0,0,0,0,0,0,0,0,0,0,0,0,0,0,0,2,0,0,0,0,0,0,0,0,0,0,0,0,0,40.0291,-75.1468, , 
 ,71591,2011083404,6,67,67301,2011,7,2,2050,20,3,1,0,4,1, , ,N,2,2,0,3,0,1,2,2,N,N,39 57:21.499,75 09:38.239,2110, ,2100, ,0, ,N, ,3, , , , , ,821293, , , ,1,1,0,0,0,0,0,0,1,0,0,0,1,1,0,0,0,0,0,0,0,0,0,0,0,0,0,0,0,0,0,0,0,0,0,8,0,39.956,-75.1606, , 
 ,71592,2011087116,6,67,67301,2011,8,4,636,6,1,1,0,5,1, , ,N,0,0,0,3,0,3,3,3,N,N,40 03:13.122,74 59:09.411,657, ,637,3,1,1,Y, ,0,Y, , , , ,821297, , , ,3,1,0,0,0,1,1,0,0,1,1,1,3,0,0,0,0,0,0,0,1,0,0,0,0,0,0,1,0,0,0,0,0,0,0,2,1,40.0536,-74.986, , 
 ,71593,2011106654,6,67,67301,2011,9,5,1130,11,1,1,0,5,5, , ,N,2,0,0,3,0,1,1,3,N,N,39 59:45.042,75 07:16.075,1245, ,1240,1,2,3, , ,0,Y, , , , ,821321, , , ,3,1,0,0,1,0,0,1,0,0,0,0,1,1,0,0,0,0,0,0,0,0,0,0,0,0,0,0,0,0,0,0,0,0,0,8,0,39.9958,-75.1211, , 
 ,71594,2011064008,6,67,67301,2011,5,1,1915,19,1,1,0,8,1, , ,N,0,0,0,3,0,1,3,2,N,N,39 58:32.240,75 12:19.030,1957, ,1950, ,0, ,N, ,0, , , , , ,821329, , , ,1,1,0,0,0,0,0,0,0,0,0,1,1,0,0,0,0,0,0,0,0,0,0,0,0,0,0,0,0,0,0,0,1,0,0,4,0,39.9756,-75.2053, , 
 ,71595,2011064110,6,67,67301,2011,5,6,1140,11,1,2,1,4,1, , ,N,2,3,0,3,0,2,3,2,N,N,40 03:09.273,75 05:42.946,1150, ,1145, ,0, ,N, ,3, , , , , ,821330, , , ,2,2,0,0,0,0,0,0,0,0,0,2,2,0,0,0,0,0,0,0,1,0,0,0,0,0,0,0,0,0,0,0,0,0,0,4,0,40.0526,-75.0953, , 
 ,71596,2011064145,6,67,67301,2011,5,6,1720,17,1,1,0,1,1, , ,N,2,3,0,3,0,2,3,2,N, ,39 59:06.363,75 10:17.536,1722, ,1720, ,0, ,N, ,3, , , , , ,821331, , , ,2,2,0,0,0,0,0,0,0,0,0,0,2,2,0,0,0,0,0,0,0,0,0,0,0,0,0,0,0,0,0,0,0,0,0,8,0,39.9851,-75.1715, , 
 ,71597,2011068370,6,67,67301,2011,6,6,210,2,3,1,0,1,2, , ,N,2,0,0,3,0,0,1,2, , ,40 02:51.666,75 14:15.928,218, ,215, ,0, , , ,0, , , , , ,827458, , , ,2,2,0,0,0,0,0,0,0,0,0,0,0,0,0,0,0,0,0,0,0,0,0,0,0,0,0,0,0,0,0,0,0,0,0,0,0,40.0477,-75.2378, , 
 ,71598,2011075602,6,67,67301,2011,6,5,1540,15,1,1,0,8,1, , ,N,1,2,0,3,0,1,2,2, , ,39 58:17.205,75 09:33.736,1548, ,1547, ,0, , , ,3, , , , , ,827464, , , ,1,1,0,0,0,0,0,0,0,0,1,0,1,0,0,0,0,0,0,0,0,0,0,0,0,0,0,0,0,0,0,0,1,0,0,3,0,39.9714,-75.1594, , 
 ,71599,2011075778,6,67,67301,2011,6,3,1625,16,1,1,0,1,1, , ,N,0,0,0,3,0,1,4,2,N,N,40 01:17.593,75 08:23.111,1632, ,1630, ,0, ,N, ,0, , , , , ,827465, , , ,2,1,0,0,1,0,0,0,0,0,0,0,1,1,0,0,0,0,0,0,0,0,0,0,0,0,0,0,0,0,0,0,0,0,0,8,0,40.0216,-75.1398, , 
 ,71600,2011082616,6,67,67301,2011,6,2,2113,21,3,1,0,1,1, , ,N,2,2,0,3,0,0,2,2,N,N,40 01:16.375,75 09:27.566,2118, ,2113, ,0, ,N, ,3, , , , , ,827473, , , ,2,1,0,0,0,0,1,0,0,0,0,0,0,0,0,0,0,0,0,0,0,0,0,2,0,0,0,0,0,0,0,0,0,0,0,0,0,40.0212,-75.1577, , 
 ,71601,2011082726,6,67,67301,2011,7,2,1020,10,1,1,0,1,1, , ,N,1,2,0,3,0,1,2,2,N, ,40 02:34.113,75 03:47.339,1045, ,1041, ,0, , , ,3, , , , , ,827474, , , ,2,2,0,0,0,0,0,0,0,0,0,0,1,1,0,0,0,0,0,0,0,0,0,0,0,0,0,0,0,0,0,0,0,0,0,8,0,40.0428,-75.0631, , 
 ,71602,2011095406,6,67,67301,2011,8,3,753,7,1,1,0,4,3, , ,N,1,0,0,3,0,0,1,3,N,N,39 55:18.972,75 10:12.993,818, ,813, ,0, ,N, ,0, , , , , ,827483, , , ,3,3,0,0,0,0,0,0,0,0,0,0,0,0,0,0,0,0,0,0,0,0,0,0,0,0,0,0,0,0,0,0,0,0,0,0,0,39.9219,-75.1702, , 
 ,71603,2011064200,6,67,67301,2011,5,5,2100,21,3,1,1,8,1, , ,N,2,3,0,3,0,1,2,2,N,N,39 57:22.032,75 14:31.228,2205, ,2204, ,0, ,N, ,3, , , , , ,827496, , , ,1,0,0,0,0,0,0,0,0,0,0,1,1,0,1,0,0,0,0,0,0,0,0,0,0,0,0,0,0,0,0,0,1,0,0,4,0,39.9561,-75.242, , 
 ,71604,2011068459,6,67,67301,2011,5,6,1850,18,1,1,0,8,1, , ,N,0,0,99,3,0,1,2,2, , ,40 00:16.030,75 09:44.660,1930, ,1853, ,0, , , ,0, , , , , ,827500, , , ,1,1,0,0,0,0,0,0,0,0,1,0,1,0,0,0,0,0,0,0,0,0,0,0,0,0,0,0,0,0,0,0,1,0,0,3,0,40.0045,-75.1624, , 
 ,71605,2012009998,6,67,67301,2011,12,3,2031,20,3,2,1,1,1, , ,N,1,2,0,3,0,0,6,2,N,N,40 00:54.888,75 10:11.461,2040, ,2039, ,0, ,N, ,3, , , , , ,827518, , , ,2,1,0,0,0,0,1,0,0,0,0,0,0,0,0,0,0,0,0,0,0,0,0,0,0,0,0,0,0,0,0,0,0,0,0,0,0,40.0152,-75.1699, , 
 ,71606,2012015425,6,67,67301,2011,12,5,600,6,6,1,0,8,6, , ,N,0,0,0,3,0,1,2,2,N, ,40 00:09.723,75 12:28.011,1235, ,9999, ,0, , , ,0, , , , , ,827519, , , ,1,1,0,0,0,0,0,0,0,0,1,0,1,0,1,0,0,0,0,0,0,0,0,1,0,0,0,0,0,0,0,0,1,0,0,3,0,40.0027,-75.2078, , 
 ,71607,2011054321,6,67,67301,2011,4,3,1515,15,1,1,0,7,5, , ,N,0,0,0,3,0,1,1,1,N, ,39 56:42.790,75 14:31.390,1545, ,1530, ,0, , , ,0, , , , , ,827526, , , ,1,1,0,0,0,0,0,0,0,0,0,1,1,0,0,0,0,0,0,0,0,0,0,0,0,0,0,0,0,0,0,0,0,0,0,4,0,39.9452,-75.2421, , 
 ,71608,2011082391,6,67,67301,2011,7,1,46,0,3,1,0,0,1, , ,N,1,0,0,3,0,1,1,1,N,N,39 57:55.173,75 12:55.137,46, ,46, ,0, ,N, ,0, , , , , ,827546, , , ,1,1,0,0,0,0,0,0,0,0,0,0,1,1,0,0,0,0,0,0,1,0,0,0,0,0,0,0,0,0,0,0,0,0,0,8,0,39.9653,-75.2153, , 
 ,71609,2011056772,6,67,67301,2011,5,5,1345,13,1,1,0,8,1, , ,N,1,2,0,3,0,1,2,2,N,N,39 58:02.298,75 11:37.305,1355, ,1350, ,0, ,N, ,2, , , , , ,827551, , , ,1,1,0,0,0,0,0,0,1,0,0,0,1,1,0,0,0,0,0,0,0,0,0,0,0,0,0,0,0,0,0,0,0,0,0,8,0,39.9673,-75.1937, , 
 ,71610,2011076267,6,67,67301,2011,6,3,1541,15,1,1,0,5,1, , ,N,0,0,0,3,0,2,3,4,N,N,40 01:07.073,75 04:54.857,1606, ,1559,3,1,1,N, ,0,Y, , , , ,827567, , , ,3,2,0,0,0,0,0,1,0,0,0,2,2,0,1,0,0,0,0,0,0,0,0,1,0,0,0,0,0,0,0,0,1,0,0,4,0,40.0186,-75.0819, , 
 ,71611,2011093094,6,67,67301,2011,8,7,9999,99,1,1,0,1,1, , ,N,1,3,0,3,0,1,1,2,N, ,39 56:43.207,75 13:46.335,1915, ,1915, ,0, ,N, ,3, , , , , ,827583, , , ,2,0,1,0,1,0,0,0,0,0,0,1,1,0,0,0,0,0,0,0,0,1,0,0,0,0,0,0,0,0,0,0,0,0,0,4,0,39.9453,-75.2295, , 
 ,71612,2011073293,6,67,67301,2011,5,5,1905,19,1,1,0,8,1, , ,N,0,0,0,3,0,1,3,2,N,N,39 55:08.162,75 09:13.050,1919, ,1915, ,0, ,N, ,0, , , , , ,827600, , , ,1,1,0,0,0,0,0,0,0,0,0,0,1,1,0,0,0,0,0,0,0,0,0,0,0,0,0,0,0,0,0,0,1,0,0,8,0,39.9189,-75.1536, , 
 ,71613,2011075779,6,67,67301,2011,6,7,1806,18,1,1,0,7,2, , ,N,0,0,0,3,0,2,2,1,N,N,39 53:29.560,75 13:32.849,1806, ,1806,2,2,4,N, ,0,Y, , , , ,827601, , , ,1,0,0,0,1,0,0,0,0,0,0,0,2,2,0,0,0,0,0,0,0,0,0,0,0,0,0,0,0,0,0,0,0,0,0,8,0,39.8916,-75.2257, , 
 ,71614,2011082626,6,67,67301,2011,7,6,2300,23,3,1,0,4,1, , ,N,1,3,0,3,0,0,2,2,N,N,40 01:15.283,75 09:22.593,9999, ,9999, ,0, ,N, ,3, , , , , ,827608, , , ,2,2,0,0,0,0,0,0,0,0,0,0,0,0,1,0,0,0,0,0,0,0,0,0,0,0,0,0,0,0,0,0,0,0,0,9,0,40.0209,-75.1563, , 
 ,71615,2011083458,6,67,67301,2011,6,1,9999,99,3,1,0,4,1, , ,N,1,3,0,3,0,2,5,2,N, ,39 56:30.976,75 12:49.989,28, ,1, ,0, ,N, ,3, , , , , ,827610, , , ,2,2,0,0,0,0,0,0,0,0,1,1,2,0,0,0,0,0,0,0,0,0,0,0,0,0,0,0,0,0,0,0,0,0,0,3,0,39.9419,-75.2139, , 
 ,71616,2011074779,6,67,67301,2011,7,3,956,9,1,1,0,7,3, , ,N,0,0,0,3,0,3,3,1,N,N,39 59:46.531,75 11:49.584,1010, ,1003, ,0, ,N, ,0, , , , , ,824625, , , ,1,1,0,0,0,0,0,0,0,0,0,3,3,0,0,0,0,0,0,0,0,0,0,0,0,0,0,0,0,0,0,0,0,0,0,4,0,39.9963,-75.1971, , 
 ,71617,2011082686,6,67,67301,2011,7,2,9999,99,1,1,0,5,1, , ,N,0,0,0,3,0,1,3,2,N,N,39 57:12.163,75 10:17.838,1205, ,1201, ,0, , , ,0, , , , , ,824628, , , ,2,1,0,1,0,0,0,0,0,0,0,1,1,0,0,0,0,0,0,0,0,0,0,1,0,0,0,0,0,0,0,0,0,0,0,4,1,39.9534,-75.1716, , 
 ,71618,2011082725,6,67,67301,2011,7,2,9999,99,1,1,0,1,1, , ,N,1,2,0,3,0,1,2,2,N,N,40 03:20.701,75 05:22.429,1130, ,1129, ,0, , , ,3, , , , , ,824629, , , ,2,2,0,0,0,0,0,0,0,0,0,1,1,0,0,0,0,0,0,0,1,1,0,0,0,0,0,0,0,0,0,0,0,0,0,4,0,40.0558,-75.0896, , 