wz_ln_closure,objectid_1,crn,district,county,municipality,crash_year,crash_month,day_of_week,time_of_day,hour_of_day,illumination,weather,road_condition,collision_type,relation_to_road,work_zone_type,work_zone_loc,work_zone_ind,intersect_type,tcd_type,location_type,urban_rural,fatal_count,injury_count,person_count,total_units,sch_bus_ind,sch_zone_ind,latitude,longitude,arrival_tm,cons_zone_spd_lim,dispatch_tm,est_hrs_closed,lane_closed,ln_close_dir,ntfy_hiwy_maint,spec_juris_cd,tcd_func_cd,tfc_detour_ind,workers_pres,wz_close_detour,wz_flagger,wz_law_offcr_ind,objectid,wz_moving,wz_other,wz_shlder_mdn,vehicle_count,automobile_count,motorcycle_count,bus_count,small_truck_count,heavy_truck_count,suv_count,van_count,bicycle_count,maj_inj_count,mod_inj_count,min_inj_count,tot_inj_count,unk_inj_deg_count,unk_inj_per_count,driver_count_16yr,driver_count_17yr,driver_count_18yr,driver_count_19yr,driver_count_20yr,driver_count_50_64yr,driver_count_65_74yr,driver_count_75plus,unbelted_occ_count,unb_death_count,unb_maj_inj_count,belted_death_count,belted_maj_inj_count,mcycle_death_count,mcycle_maj_inj_count,bicycle_death_count,bicycle_maj_inj_count,ped_count,ped_death_count,ped_maj_inj_count,max_severity_level,comm_veh_count,dec_lat,dec_long,rdwy_surf_type_cd,county_name
 ,71685,2011063643,6,67,67301,2011,6,2,1417,14,1,1,0,7,2, , ,N,0,0,0,3,0,0,1,1,N,N,39 59:28.624,75 05:11.110,1427, ,1419, ,0, ,N, ,0, , , , , ,827755, , , ,1,1,0,0,0,0,0,0,0,0,0,0,0,0,0,0,0,0,0,0,0,0,0,0,0,0,0,0,0,0,0,0,0,0,0,0,0,39.9914,-75.0864, , 
 ,71686,2011066248,6,67,67301,2011,5,1,736,7,1,1,0,2,1, , ,N,5,2,0,3,0,1,7,2,N,N,40 01:34.507,75 07:01.776,746, ,740,1,1,1,N, ,3,N, , , , ,827758, , , ,2,1,0,0,0,0,1,0,0,0,0,1,1,0,0,0,1,0,0,0,0,0,0,0,0,0,0,0,0,0,0,0,0,0,0,4,0,40.0264,-75.1172, , 
 ,71687,2011083290,6,67,67301,2011,7,7,100,1,3,1,0,4,1, , ,N,2,2,0,3,0,1,2,2,N,N,40 00:05.039,75 04:53.662,109, ,104, ,0, ,N, ,3, , , , , ,827773, , , ,2,2,0,0,0,0,0,0,0,0,0,1,1,0,0,0,0,0,0,0,0,0,0,0,0,0,0,0,0,0,0,0,0,0,0,4,0,40.0014,-75.0816, , 
 ,71688,2011075760,6,67,67301,2011,6,4,1745,17,1,1,0,4,1, , ,N,2,2,0,3,0,0,2,2,N,N,39 56:59.976,75 12:05.139,1750, ,1745, ,0, ,N, ,3, , , , , ,824866, , , ,2,2,0,0,0,0,0,0,0,0,0,0,0,0,0,0,0,0,0,0,1,1,0,0,0,0,0,0,0,0,0,0,0,0,0,0,0,39.9498,-75.2015, , 
 ,71689,2011085764,6,67,67301,2011,8,7,2055,20,3,1,0,0,1, , ,N,0,0,0,3,0,1,1,1,N,N,40 00:43.656,75 03:34.560,2103, ,2057, ,0, ,N, ,0, , , , , ,824874, , , ,1,0,1,0,0,0,0,0,0,0,1,0,1,0,0,0,0,0,0,0,0,0,0,0,0,0,0,0,0,0,0,0,0,0,0,3,0,40.0121,-75.0597, , 
 ,71690,2011087888,6,67,67301,2011,7,3,1305,13,1,1,0,4,1, , ,N,1,3,0,3,0,1,2,2,N,N,39 58:29.708,75 14:57.555,1313, ,1309, ,0, ,N, ,3, , , , , ,824879, , , ,2,2,0,0,0,0,0,0,0,0,0,1,1,0,0,0,0,0,0,0,0,0,1,0,0,0,0,0,0,0,0,0,0,0,0,4,0,39.9749,-75.2493, , 
 ,71691,2011088036,6,67,67301,2011,7,7,1517,15,1,1,0,6,1, , ,N,1,3,0,3,0,1,3,3,N,N,39 58:22.090,75 14:22.786,1519, ,1517,2,2,5, , ,3,Y, , , , ,824880, , , ,3,2,0,0,1,0,0,0,0,0,0,1,1,0,0,0,0,0,1,0,0,0,0,0,0,0,0,0,0,0,0,0,0,0,0,4,0,39.9728,-75.2397, , 
 ,71692,2011068399,6,67,67301,2011,6,2,1244,12,1,1,0,8,1, , ,N,1,0,0,3,0,1,2,2,N,N,39 55:04.454,75 08:57.015,1300, ,1254, ,0, , , ,0, , , , , ,824890, , , ,1,0,0,0,1,0,0,0,0,0,0,1,1,0,0,0,0,0,0,0,1,0,0,0,0,0,0,0,0,0,0,0,1,0,0,4,0,39.9179,-75.1492, , 
 ,71693,2011082711,6,67,67301,2011,7,1,405,4,3,1,0,7,5, , ,N,0,0,0,3,0,2,2,1,N,N,39 59:19.020,75 10:08.740,428, ,425,2,1,2,N, ,0,N, , , , ,824913, , , ,1,1,0,0,0,0,0,0,0,0,1,0,2,1,0,0,0,0,0,0,0,0,0,0,0,0,0,0,0,0,0,0,0,0,0,3,0,39.9886,-75.1691, , 
 ,71694,2011092700,6,67,67301,2011,9,5,808,8,1,1,0,1,1, , ,N,0,0,0,3,0,0,3,3,N,N,40 00:27.924,75 12:06.528,808, ,808, ,0, ,N, ,0, , , , , ,824922, , , ,3,1,0,0,0,0,2,0,0,0,0,0,0,0,0,0,0,0,0,0,0,0,0,0,0,0,0,0,0,0,0,0,0,0,0,0,0,40.0078,-75.2018, , 
 ,71695,2011092901,6,67,67301,2011,8,3,1650,16,1,1,0,8,1, , ,N,2,3,0,3,0,1,2,2,N,N,40 01:24.855,75 09:11.008,1700, ,1650, ,0, ,N, ,3, , , , , ,824923, , , ,1,1,0,0,0,0,0,0,0,0,0,1,1,0,0,0,0,0,0,0,0,1,0,0,0,0,0,0,0,0,0,0,1,0,0,4,0,40.0236,-75.1531, , 
 ,71696,2011055745,6,67,67301,2011,4,6,850,8,1,2,1,1,1, , ,N,0,0,0,3,0,2,3,3,N,N,39 57:09.544,75 10:41.685,906, ,900,2,1,3,N, ,0,N, , , , ,824936, , , ,3,2,0,0,0,0,1,0,0,0,0,2,2,0,0,0,0,0,0,0,1,0,0,1,0,0,0,0,0,0,0,0,0,0,0,4,0,39.9527,-75.1783, , 
 ,71697,2011126458,6,67,67301,2011,11,1,215,2,3,1,0,4,1, , ,N,1,2,0,3,0,0,8,2,N,N,40 02:08.101,75 04:13.712,221, ,217,1,2,2,N, ,3,Y, , , , ,824948, , , ,2,0,0,1,0,0,1,0,0,0,0,0,0,0,0,0,0,0,0,0,0,0,0,0,0,0,0,0,0,0,0,0,0,0,0,0,1,40.0356,-75.0705, , 
 ,71698,2011132829,6,67,67301,2011,11,7,1500,15,1,1,0,4,1, , ,N,0,2,0,3,0,1,2,2,N,N,39 57:05.466,75 11:56.745,1506, ,1504, ,0, ,N, ,3, , , , , ,824955, , , ,1,1,0,0,0,0,0,0,1,0,0,0,1,1,0,0,0,0,0,0,1,0,0,0,0,0,0,0,0,0,0,0,0,0,0,8,0,39.9515,-75.1991, , 
 ,71699,2011114545,6,67,67301,2011,11,4,1642,16,1,1,0,5,1, , ,N,0,0,0,3,0,0,4,2,N,N,39 58:50.409,75 06:15.350,1657, ,1645, ,0, ,N, ,0, , , , , ,824964, , , ,2,1,0,0,0,1,0,0,0,0,0,0,0,0,0,0,0,0,0,1,0,0,0,0,0,0,0,0,0,0,0,0,0,0,0,0,1,39.9807,-75.1042, , 
 ,71700,2011115341,6,67,67301,2011,10,3,25,0,3,1,0,4,6, , ,N,0,0,0,3,0,1,1,2,N, ,39 58:53.882,75 10:51.074,30, ,30, ,0, , , ,0, , , , , ,824965, , , ,2,1,0,0,1,0,0,0,0,0,0,0,1,1,0,0,0,0,0,0,1,0,0,1,0,0,0,0,0,0,0,0,0,0,0,8,0,39.9816,-75.1809, , 
 ,71701,2011132804,6,67,67301,2011,11,4,1720,17,3,2,1,8,1, , ,N,1,2,0,3,0,1,2,2,N,N,40 04:32.890,75 12:21.820,1730, ,1727, ,0, ,N, ,3, , , , , ,824980, , , ,1,0,0,0,0,0,0,1,0,0,0,0,1,1,0,0,0,0,0,0,1,0,0,0,0,0,0,0,0,0,0,0,1,0,0,8,0,40.0758,-75.2061, , 
 ,71702,2011056327,6,67,67301,2011,5,1,1454,14,1,1,0,7,2, , ,N,0,0,0,3,0,0,1,1,N,N,39 54:57.848,75 08:51.935,1512, ,1501, ,0, ,N, ,0, , , , , ,824991, , , ,1,0,0,0,0,0,1,0,0,0,0,0,0,0,0,0,0,0,0,1,0,0,0,0,0,0,0,0,0,0,0,0,0,0,0,0,0,39.9165,-75.1477, , 
 ,71703,2011089725,6,67,67301,2011,8,2,2315,23,3,1,0,7,2, , ,N,0,0,2,3,0,1,1,1,N,N,39 54:37.866,75 08:57.742,2327, ,2317, ,0, ,N, ,0, , , , , ,824997, , , ,1,0,1,0,0,0,0,0,0,1,0,0,1,0,0,0,0,0,0,0,0,0,0,0,0,0,0,0,0,1,0,0,0,0,0,2,0,39.9105,-75.1494, , 
 ,71704,2011112093,6,67,67301,2011,10,7,819,8,1,1,0,1,1, , ,N,1,2,0,3,0,1,2,2,N,N,40 01:27.922,75 08:48.832,822, ,819, ,0, ,N, ,3, , , , , ,825014, , , ,2,0,0,0,0,0,2,0,0,0,1,0,1,0,1,0,0,0,0,1,0,0,0,0,0,0,0,0,0,0,0,0,0,0,0,3,0,40.0244,-75.1469, , 
 ,71705,2011023125,6,67,67301,2011,1,3,1330,13,1,2,1,4,1, , ,N,1,2,0,3,0,1,2,2, , ,39 57:29.061,75 09:44.627,1400, ,1350, ,0, , , ,3, , , , , ,825047, , , ,2,2,0,0,0,0,0,0,0,0,0,0,1,1,0,0,1,0,0,0,0,0,0,0,0,0,0,0,0,0,0,0,0,0,0,8,0,39.9579,-75.1623, , 
 ,71706,2011075636,6,67,67301,2011,6,1,1809,18,1,1,0,1,1, , ,N,1,2,0,3,0,4,4,2,N,N,40 03:01.771,75 05:49.941,1813, ,1809,1,2,4,N, ,3,N, , , , ,817925, , , ,2,1,0,0,0,0,1,0,0,0,0,4,4,0,0,0,0,0,0,0,1,0,0,0,0,0,0,0,0,0,0,0,0,0,0,4,0,40.0505,-75.0972, , 
 ,71707,2011076492,6,67,67301,2011,7,7,1830,18,1,1,0,4,1, , ,N,1,2,0,3,0,0,5,2, , ,39 57:25.881,75 09:31.332,1843, ,1842, ,0, , , ,3, , , , , ,817926, , , ,2,1,0,0,0,0,1,0,0,0,0,0,0,0,0,0,0,0,0,0,1,0,0,0,0,0,0,0,0,0,0,0,0,0,0,0,0,39.9572,-75.1587, , 
 ,71708,2011090445,6,67,67301,2011,8,1,2142,21,3,1,0,1,1, , ,N,2,2,0,3,0,1,4,2,N,N,39 57:19.502,75 11:17.600,2145, ,2143,2,1,3,N, ,3,N, , , , ,817945, , , ,2,2,0,0,0,0,0,0,0,0,0,1,1,0,0,0,0,0,0,0,0,0,0,1,0,0,0,0,0,0,0,0,0,0,0,4,0,39.9554,-75.1882, , 
 ,71709,2011061853,6,67,67301,2011,5,1,106,1,3,1,0,2,2, , ,N,0,0,0,3,0,3,3,2,N,N,40 01:45.419,75 09:49.709,107, ,106, ,0, ,N, ,0, , , , , ,817956, , , ,2,2,0,0,0,0,0,0,0,0,2,0,3,1,0,0,0,0,0,0,0,0,0,0,0,0,0,0,0,0,0,0,0,0,0,3,0,40.0293,-75.1638, , 
 ,71710,2011066276,6,67,67301,2011,5,7,1430,14,1,1,0,5,1, , ,N,0,0,0,3,0,0,5,2, , ,40 02:52.887,75 08:33.594,1430, ,1423, ,0, , , ,0, , , , , ,817959, , , ,2,2,0,0,0,0,0,0,0,0,0,0,0,0,0,0,0,0,0,0,0,0,0,0,0,0,0,0,0,0,0,0,0,0,0,0,0,40.048,-75.1427, , 
 ,71711,2011068504,6,67,67301,2011,6,6,1217,12,1,1,0,1,1, , ,N,0,0,0,3,0,0,4,3,N,N,39 58:30.004,75 11:44.750,1219, ,1218, ,0, ,N, ,0, , , , , ,818012, , , ,3,3,0,0,0,0,0,0,0,0,0,0,0,0,0,0,0,0,0,0,0,0,0,0,0,0,0,0,0,0,0,0,0,0,0,0,0,39.975,-75.1958, , 
 ,71712,2011071485,6,67,67301,2011,7,6,449,4,3,1,0,7,5, , ,N,0,0,0,3,0,0,1,1,N,N,40 04:23.171,75 02:08.825,457, ,453,2,1,1,N, ,0,N, , , , ,818015, , , ,1,1,0,0,0,0,0,0,0,0,0,0,0,0,0,0,0,0,0,0,0,0,0,0,0,0,0,0,0,0,0,0,0,0,0,0,0,40.0731,-75.0358, , 
 ,71713,2011095520,6,67,67301,2011,8,1,2321,23,3,1,0,7,1, , ,N,0,3,0,3,0,1,1,1,N, ,40 04:33.220,75 02:31.974,2347, ,2343,6,2,6, , ,3,Y, , , , ,818036, , , ,1,1,0,0,0,0,0,0,0,0,0,1,1,0,0,0,0,0,0,0,1,0,0,1,0,0,0,0,0,0,0,0,0,0,0,4,0,40.0759,-75.0422, , 
 ,71714,2011098157,6,67,67301,2011,9,6,1257,12,1,1,0,5,1, , ,N,1,2,0,3,0,2,5,2,N, ,40 03:31.910,75 05:05.947,1316, ,1225, ,0, , , ,3, , , , , ,818041, , , ,2,1,0,0,1,0,0,0,0,0,0,2,2,0,0,0,0,0,0,0,0,0,0,1,0,0,0,0,0,0,0,0,0,0,0,4,1,40.0589,-75.085, , 
 ,71715,2011064055,6,67,67301,2011,5,2,440,4,3,1,0,7,2, , ,N,0,0,0,3,0,2,2,1,N,N,40 01:53.124,75 05:06.719,448, ,442,1,1,1,Y, ,0,Y, , , , ,818053, , , ,1,1,0,0,0,0,0,0,0,0,0,2,2,0,0,0,0,0,0,0,0,0,0,0,0,0,0,0,0,0,0,0,0,0,0,4,0,40.0314,-75.0852, , 
 ,71716,2011090391,6,67,67301,2011,8,3,1229,12,1,2,0,5,1, , ,N,0,0,0,3,0,0,5,2,N,N,40 00:27.176,75 08:52.303,1241, ,1229, ,0, ,N, ,0, , , , , ,818086, , , ,2,2,0,0,0,0,0,0,0,0,0,0,0,0,0,0,0,0,0,0,0,1,0,0,0,0,0,0,0,0,0,0,0,0,0,0,0,40.0075,-75.1479, , 
 ,71717,2011095439,6,67,67301,2011,8,4,2201,22,3,2,1,6,1, , ,N,10,0,0,3,0,1,2,2,N, ,39 55:17.346,75 11:30.626,2215, ,2210, ,0, , , ,0, , , , , ,818091, , , ,2,1,0,0,1,0,0,0,0,0,1,0,1,0,1,0,0,0,0,0,0,0,0,1,0,0,0,0,0,0,0,0,0,0,0,3,0,39.9216,-75.1904, , 
 ,71718,2011064100,6,67,67301,2011,5,7,9999,99,3,1,0,4,1, , ,N,1,2,0,3,0,0,10,2,N,N,40 01:24.796,75 07:59.561,304, ,300,9,1,1,N, ,3,N, , , , ,818108, , , ,2,1,0,0,0,0,1,0,0,0,0,0,0,0,4,0,0,0,0,0,0,0,0,0,0,0,0,0,0,0,0,0,0,0,0,9,0,40.0235,-75.1334, , 
 ,71719,2011075722,6,67,67301,2011,6,5,2215,22,2,2,1,4,1, , ,N,2,2,0,3,0,1,2,2,N,N,39 58:02.175,75 10:16.852,2222, ,2220, ,0, ,N, ,3, , , , , ,818118, , , ,1,1,0,0,0,0,0,0,1,0,0,0,1,1,0,0,0,0,0,0,0,0,0,0,0,0,0,0,0,0,0,0,0,0,0,8,0,39.9673,-75.1713, , 
 ,71720,2011087963,6,67,67301,2011,8,7,1710,17,1,1,0,4,1, , ,N,2,3,0,3,0,1,6,2,N,N,40 02:37.676,75 09:29.851,1750, ,1742, ,0, ,N, ,3, , , , , ,818130, , , ,2,1,0,1,0,0,0,0,0,0,0,1,1,0,0,0,0,0,0,0,1,0,0,0,0,0,0,0,0,0,0,0,0,0,0,4,1,40.0438,-75.1583, , 
 ,71721,2011090519,6,67,67301,2011,8,2,1725,17,1,1,0,5,1, , ,N,0,0,6,3,0,0,9,2,N,N,40 02:09.153,75 03:56.255,1745, ,1735, ,0, ,N, ,0, , , , , ,818135, , , ,2,1,0,1,0,0,0,0,0,0,0,0,0,0,0,0,0,0,0,0,0,0,0,0,0,0,0,0,0,0,0,0,0,0,0,0,1,40.0359,-75.0656, , 
 ,71722,2011095455,6,67,67301,2011,8,6,137,1,3,1,0,7,5, , ,N,10,0,0,3,0,1,1,1,N,N,40 00:36.075,75 05:46.053,140, ,138, ,0, ,N, ,0, , , , , ,818173, , , ,1,1,0,0,0,0,0,0,0,0,0,1,1,0,0,0,0,0,0,0,0,0,0,0,0,0,0,0,0,0,0,0,0,0,0,4,0,40.01,-75.0961, , 
 ,71723,2011108818,6,67,67301,2011,9,1,2015,20,3,1,0,8,1, , ,N,1,2,0,3,0,1,4,2,N,N,40 00:36.435,75 07:17.178,2015, ,2015, ,0, , , ,3, , , , , ,818185, , , ,1,1,0,0,0,0,0,0,0,0,0,0,1,1,0,0,0,0,0,1,0,0,0,3,0,0,0,0,0,0,0,0,1,0,0,8,0,40.0101,-75.1214, , 
 ,71724,2011064154,6,67,67301,2011,5,1,130,1,3,1,0,4,1, , ,N,1,2,0,3,0,2,3,2,N,N,39 55:51.995,75 13:56.252,300, ,130, ,0, ,N, ,3, , , , , ,821616, , , ,2,2,0,0,0,0,0,0,0,0,0,1,2,1,0,0,0,0,0,0,1,0,0,1,0,0,0,0,0,0,0,0,0,0,0,4,0,39.9311,-75.2323, , 
 ,71725,2011066206,6,67,67301,2011,6,4,1640,16,1,1,0,4,1, , ,N,1,2,0,3,0,2,4,2, , ,39 55:05.900,75 12:31.948,1703, ,1700, ,0, , , ,3, , , , , ,821618, , , ,2,0,0,0,1,0,1,0,0,0,1,1,2,0,0,0,0,0,0,0,1,0,0,0,0,0,0,0,0,0,0,0,0,0,0,3,0,39.9182,-75.2088, , 
 ,71726,2011031339,6,67,67301,2011,2,6,1816,18,3,1,0,4,1, , ,N,1,2,0,3,0,2,2,2,N,N,40 04:50.725,75 01:42.964,1821, ,1818,9,1,2,N, ,3,N, , , , ,821635, , , ,2,2,0,0,0,0,0,0,0,0,0,0,2,2,0,0,0,0,0,0,0,0,0,1,0,0,0,0,0,0,0,0,0,0,0,8,0,40.0808,-75.0286, , 
 ,71727,2011051174,6,67,67301,2011,4,3,2256,22,3,1,0,1,1, , ,N,0,0,0,3,0,1,5,2,N,N,39 57:37.547,75 10:52.332,2302, ,2258,1,1,4,N, ,0,N, , , , ,821659, , , ,2,2,0,0,0,0,0,0,0,0,0,1,1,0,0,0,0,0,0,0,0,0,0,0,0,0,0,0,0,0,0,0,0,0,0,4,0,39.9604,-75.1812, , 
 ,71728,2011054308,6,67,67301,2011,4,2,1718,17,1,1,0,4,1, , ,N,1,2,0,3,0,2,3,2,N,N,40 05:24.064,74 59:03.324,1725, ,1721,1,1,1,N, ,3,N, , , , ,821665, , , ,2,0,0,0,0,0,1,1,0,0,0,0,2,2,0,0,0,0,0,0,1,0,0,0,0,0,0,0,0,0,0,0,0,0,0,8,0,40.0899,-74.9842, , 
 ,71729,2011057019,6,67,67301,2011,5,5,1700,17,1,1,0,4,1, , ,N,0,0,0,3,0,1,2,3,N,N,39 59:23.143,75 07:03.707,1715, ,1700, ,0, ,N, ,0, , , , , ,821666, , , ,3,2,0,0,1,0,0,0,0,0,0,1,1,0,1,0,0,0,0,0,0,0,0,0,0,0,0,0,0,0,0,0,0,0,0,4,0,39.9898,-75.1177, , 
 ,71730,2011023773,6,67,67301,2011,1,4,9999,99,1,4,3,6,1, , ,N,0,0,0,3,0,0,3,2, , ,40 01:13.247,75 02:27.496,710, ,702, ,0, , , ,0, , , , , ,821670, , , ,2,1,0,0,0,0,1,0,0,0,0,0,0,0,0,0,0,0,0,1,0,0,0,0,0,0,0,0,0,0,0,0,0,0,0,0,0,40.0203,-75.041, , 
 ,71731,2011031329,6,67,67301,2011,2,1,1750,17,3,1,0,4,1, , ,N,1,3,0,3,0,1,2,2,N,N,39 58:57.882,75 09:54.629,1805, ,1800, ,0, ,N, ,3, , , , , ,821674, , , ,2,1,0,0,0,0,1,0,0,0,0,0,1,1,0,0,0,0,0,0,0,1,0,0,0,0,0,0,0,0,0,0,0,0,0,8,0,39.9827,-75.1652, , 
 ,71732,2011033503,6,67,67301,2011,3,1,238,2,3,1,0,1,1, , ,N,2,3,0,3,0,2,3,2,N,N,40 01:38.817,75 05:31.075,243, ,238,2,1,1,N, ,3,N, , , , ,821676, , , ,2,2,0,0,0,0,0,0,0,0,0,0,2,2,0,0,0,0,0,0,0,0,0,0,0,0,0,0,0,0,0,0,0,0,0,8,0,40.0274,-75.092, , 
 ,71733,2011040625,6,67,67301,2011,3,4,1949,19,3,2,1,4,1, , ,N,1,2,0,3,0,1,2,2,N,N,39 59:47.209,75 06:35.265,1951, ,1951,3,2,2,N, ,3,Y, , , , ,821683, , , ,2,1,1,0,0,0,0,0,0,0,1,0,1,0,0,0,0,0,1,0,0,0,0,0,0,0,0,0,0,0,0,0,0,0,0,3,0,39.9964,-75.1098, , 
 ,71734,2011052061,6,67,67301,2011,5,6,1440,14,1,1,0,1,1, , ,N,0,0,0,3,0,0,3,2,N,N,39 56:41.064,75 11:28.908,1511, ,1441, ,0, ,N, ,0, , , , , ,821689, , , ,2,1,0,0,1,0,0,0,0,0,0,0,0,0,0,0,0,0,0,0,0,0,0,0,0,0,0,0,0,0,0,0,0,0,0,0,0,39.9447,-75.1914, , 
 ,71735,2011053486,6,67,67301,2011,4,2,2152,21,3,1,0,8,1, , ,N,0,0,0,3,0,1,2,2,N,N,39 59:37.916,75 09:16.577,2152, ,2152, ,0, ,N, ,0, , , , , ,821690, , , ,1,0,1,0,0,0,0,0,0,0,0,0,1,1,1,0,0,0,0,0,0,0,0,0,0,0,0,0,0,0,0,0,1,0,0,8,0,39.9939,-75.1546, , 
 ,71736,2011054350,6,67,67301,2011,4,2,2210,22,3,1,0,5,1, , ,N,2,2,0,3,0,0,6,2,N,N,40 01:32.498,75 03:19.485,2335, ,2330, ,0, ,N, ,3, , , , , ,821691, , , ,2,2,0,0,0,0,0,0,0,0,0,0,0,0,0,0,0,0,0,0,0,0,0,0,0,0,0,0,0,0,0,0,0,0,0,0,0,40.0257,-75.0554, , 
 ,71737,2011055755,6,67,67301,2011,4,2,1500,15,1,1,0,1,1, , ,N,0,0,0,3,0,1,4,2,N,N,39 58:54.760,75 15:55.188,9999, ,9999, ,0, ,N, ,0, , , , , ,821693, , , ,2,2,0,0,0,0,0,0,0,0,0,0,1,1,0,0,0,0,0,0,0,0,0,0,0,0,0,0,0,0,0,0,0,0,0,8,0,39.9819,-75.2653, , 
 ,71738,2011056750,6,67,67301,2011,5,5,1758,17,1,1,0,8,1, , ,N,0,0,7,3,0,1,2,2, , ,39 55:35.070,75 08:40.976,1800, ,9999, ,0, , , ,0, , , , , ,821711, , , ,1,1,0,0,0,0,0,0,0,0,1,0,1,0,0,0,0,0,0,0,0,1,0,0,0,0,0,0,0,0,0,0,1,0,0,3,0,39.9264,-75.1447, , 
 ,71739,2011056821,6,67,67301,2011,5,6,1320,13,1,1,0,4,1, , ,N,1,0,0,3,0,1,3,2,N,N,39 56:05.323,75 09:43.228,1448, ,1448, ,0, , , ,0, , , , , ,821718, , , ,2,2,0,0,0,0,0,0,0,0,0,1,1,0,1,0,0,0,0,0,0,0,0,0,0,0,0,0,0,0,0,0,0,0,0,4,0,39.9348,-75.162, , 
 ,71740,2011057045,6,67,67301,2011,5,6,1540,15,1,1,0,1,1, , ,N,0,0,0,3,0,1,4,2,N,N,40 02:31.297,75 03:42.678,1616, ,1614, ,0, ,N, ,0, , , , , ,821719, , , ,2,2,0,0,0,0,0,0,0,0,0,0,1,1,1,0,0,0,0,0,0,0,0,0,0,0,0,0,0,0,0,0,0,0,0,8,0,40.042,-75.0619, , 
 ,71741,2011073993,6,67,67301,2011,6,6,2155,21,3,1,0,1,1, , ,N,0,0,0,3,0,0,1,3,N,N,39 59:59.211,75 07:59.160,2200, ,2200, ,0, ,N, ,0, , , , , ,821735, , , ,3,2,0,0,0,0,1,0,0,0,0,0,0,0,0,0,0,0,0,0,0,0,0,1,0,0,0,0,0,0,0,0,0,0,0,0,0,39.9998,-75.1331, , 
 ,71742,2011090366,6,67,67301,2011,8,6,834,8,1,1,0,4,1, , ,N,1,3,0,3,0,1,4,2,N,N,39 57:11.818,75 12:19.202,835, ,834, ,0, ,N, ,3, , , , , ,827780, , , ,2,2,0,0,0,0,0,0,0,0,0,0,1,1,0,0,0,0,0,0,0,0,0,0,0,0,0,0,0,0,0,0,0,0,0,8,0,39.9533,-75.2053, , 
 ,71743,2011057920,6,67,67301,2011,6,7,1506,15,1,1,0,5,1, , ,N,0,0,0,3,0,0,2,2,N,N,39 53:35.279,75 13:38.609,1515, ,1508,1,2,2,N, ,0,N, , , , ,827784, , , ,2,2,0,0,0,0,0,0,0,0,0,0,0,0,0,0,0,0,0,0,0,0,0,0,0,0,0,0,0,0,0,0,0,0,0,0,0,39.8931,-75.2274, , 
 ,71744,2011059763,6,67,67301,2011,5,3,1033,10,1,2,1,8,1, , ,N,1,2,0,3,1,0,2,2, , ,39 55:14.472,75 10:13.981,1035, ,1034,9,2,5, ,0,3,Y, , , , ,827789, , , ,1,0,0,0,0,0,0,1,0,0,0,0,0,0,0,0,0,0,0,0,1,0,0,0,0,0,0,0,0,0,0,0,1,1,0,1,0,39.9206,-75.1704,2, 
 ,71745,2011102731,6,67,67301,2011,9,4,1615,16,1,1,0,1,1, , ,N,0,0,0,3,0,1,6,4,N,N,39 58:49.047,75 06:18.783,1632, ,1615, ,0, ,N, ,0, , , , , ,827826, , , ,4,2,0,0,1,0,0,1,0,0,0,1,1,0,0,0,0,0,0,0,1,0,0,0,0,0,0,0,0,0,0,0,0,0,0,4,0,39.9803,-75.1052, , 
 ,71746,2011108821,6,67,67301,2011,9,1,1236,12,1,1,0,4,1, , ,N,3,3,0,3,0,1,5,5,N, ,39 59:51.514,75 08:48.199,1238, ,1236,9,1,5, , ,3,Y, , , , ,827833, , , ,5,5,0,0,0,0,0,0,0,0,0,1,1,0,0,0,0,0,0,0,0,0,0,0,0,0,0,0,0,0,0,0,0,0,0,4,0,39.9976,-75.1467, , 
 ,71747,2011087815,6,67,67301,2011,8,2,9999,99,1,1,0,8,1, , ,N,1,3,0,3,0,1,2,2,N,N,39 54:52.639,75 10:29.333,1930, ,1924,1,2,1, , ,3,Y, , , , ,827854, , , ,1,1,0,0,0,0,0,0,0,0,0,0,1,1,0,0,0,0,1,0,0,0,0,0,0,0,0,0,0,0,0,0,1,0,0,8,0,39.9146,-75.1748, , 
 ,71748,2011088062,6,67,67301,2011,8,2,1915,19,3,1,0,1,6, , ,N,0,0,0,3,0,3,3,5,N,N,40 03:39.283,75 08:53.282,2015, ,1955, ,0, , , ,0, , , , , ,827855, , , ,5,3,0,0,0,0,1,1,0,0,0,0,3,3,0,0,0,0,0,0,0,0,0,3,0,0,0,0,0,0,0,0,0,0,0,8,0,40.0609,-75.1481, , 
 ,71749,2011090550,6,67,67301,2011,8,7,9999,99,4,2,1,8,1, , ,N,0,0,0,3,0,1,2,2,N,N,40 01:49.850,75 09:51.810,1740, ,1735, ,0, ,N, ,0, , , , , ,827858, , , ,1,1,0,0,0,0,0,0,0,0,0,1,1,0,0,0,0,0,0,0,0,0,0,0,0,0,0,0,0,0,0,0,1,0,0,4,0,40.0305,-75.1644, , 
 ,71750,2011115405,6,67,67301,2011,10,5,17,0,3,1,1,1,6, , ,N,0,0,0,3,0,0,1,2,N,N,40 03:39.290,75 01:43.830,35, ,19, ,0, , , ,0, , , , , ,827875, , , ,2,2,0,0,0,0,0,0,0,0,0,0,0,0,0,0,0,0,0,0,0,0,0,1,0,0,0,0,0,0,0,0,0,0,0,0,0,40.0609,-75.0288, , 
 ,71751,2011115425,6,67,67301,2011,10,5,840,8,1,2,1,7,5, , ,N,0,0,0,3,0,0,1,1,N,N,39 58:12.774,75 11:22.887,850, ,845,1,1,4,N, ,0,N, , , , ,827876, , , ,1,1,0,0,0,0,0,0,0,0,0,0,0,0,0,0,0,0,0,0,0,0,0,0,0,0,0,0,0,0,0,0,0,0,0,0,0,39.9702,-75.1897, , 