wz_ln_closure,objectid_1,crn,district,county,municipality,crash_year,crash_month,day_of_week,time_of_day,hour_of_day,illumination,weather,road_condition,collision_type,relation_to_road,work_zone_type,work_zone_loc,work_zone_ind,intersect_type,tcd_type,location_type,urban_rural,fatal_count,injury_count,person_count,total_units,sch_bus_ind,sch_zone_ind,latitude,longitude,arrival_tm,cons_zone_spd_lim,dispatch_tm,est_hrs_closed,lane_closed,ln_close_dir,ntfy_hiwy_maint,spec_juris_cd,tcd_func_cd,tfc_detour_ind,workers_pres,wz_close_detour,wz_flagger,wz_law_offcr_ind,objectid,wz_moving,wz_other,wz_shlder_mdn,vehicle_count,automobile_count,motorcycle_count,bus_count,small_truck_count,heavy_truck_count,suv_count,van_count,bicycle_count,maj_inj_count,mod_inj_count,min_inj_count,tot_inj_count,unk_inj_deg_count,unk_inj_per_count,driver_count_16yr,driver_count_17yr,driver_count_18yr,driver_count_19yr,driver_count_20yr,driver_count_50_64yr,driver_count_65_74yr,driver_count_75plus,unbelted_occ_count,unb_death_count,unb_maj_inj_count,belted_death_count,belted_maj_inj_count,mcycle_death_count,mcycle_maj_inj_count,bicycle_death_count,bicycle_maj_inj_count,ped_count,ped_death_count,ped_maj_inj_count,max_severity_level,comm_veh_count,dec_lat,dec_long,rdwy_surf_type_cd,county_name
 ,72084,2011092841,6,67,67301,2011,8,5,835,8,1,2,1,8,1, , ,N,1,0,0,3,0,1,2,2,N,N,39 56:51.762,75 09:03.936,837, ,837, ,0, ,N, ,0, , , , , ,809405, , , ,1,1,0,0,0,0,0,0,0,0,0,1,1,0,0,0,0,0,0,0,1,0,0,0,0,0,0,0,0,0,0,0,1,0,0,4,0,39.9477,-75.1511, , 
 ,72085,2011115268,6,67,67301,2011,10,4,1259,12,1,1,0,2,1, , ,N,1,2,0,3,0,1,2,2,N,Y,39 59:31.862,75 14:01.481,1320, ,1317, ,0, , , ,3, , , , , ,809421, , , ,1,1,0,0,0,0,0,0,1,0,0,1,1,0,0,0,0,0,0,1,0,0,0,0,0,0,0,0,0,0,0,0,0,0,0,4,0,39.9922,-75.2337, , 
 ,72086,2011118130,6,67,67301,2011,10,7,9999,99,3,1,0,5,6, , ,N,0,0,0,3,0,1,1,2,N,N,40 00:43.594,75 05:51.686,317, ,310,1,1,2,N, ,0,N, , , , ,809423, , , ,2,2,0,0,0,0,0,0,0,0,0,1,1,0,0,0,0,0,0,0,0,0,0,0,0,0,0,0,0,0,0,0,0,0,0,4,0,40.012,-75.0977, , 
 ,72087,2011013301,6,67,67301,2011,1,4,2231,22,3,1,0,5,2, , ,N,0,0,0,3,0,1,1,2,N,N,40 00:50.228,75 03:23.729,2255, ,2235, ,0, ,N, ,0, , , , , ,809429, , , ,2,0,0,0,1,0,1,0,0,0,0,1,1,0,0,0,0,0,0,0,0,0,0,1,0,0,0,0,0,0,0,0,0,0,0,4,0,40.014,-75.0565, , 
 ,72088,2011061877,6,67,67301,2011,5,2,1651,16,1,1,0,1,1, , ,N,0,0,0,3,0,1,2,2,N,N,40 01:42.769,75 06:32.060,1701, ,1657,1,1,2,N, ,0,N, , , , ,812607, , , ,2,1,0,0,0,0,1,0,0,0,0,1,1,0,0,0,0,0,0,0,1,0,0,0,0,0,0,0,0,0,0,0,0,0,0,4,0,40.0286,-75.1088, , 
 ,72089,2011092950,6,67,67301,2011,8,3,231,2,3,1,0,1,1, , ,N,1,2,0,3,0,2,6,2,N,N,40 02:01.215,75 08:44.879,240, ,231, ,0, ,N, ,3, , , , , ,812626, , , ,2,1,0,0,0,0,0,1,0,0,0,2,2,0,0,0,0,0,0,0,0,0,0,4,0,0,0,0,0,0,0,0,0,0,0,4,0,40.0337,-75.1458, , 
 ,72090,2011093047,6,67,67301,2011,8,7,40,0,3,1,0,8,1, , ,N,0,2,0,3,0,1,3,2,N,N,39 57:06.434,75 13:35.685,45, ,45,3,1,1,N, ,3,N, , , , ,812627, , , ,1,1,0,0,0,0,0,0,0,0,1,0,1,0,0,0,0,0,0,0,0,0,0,0,0,0,0,0,0,0,0,0,1,0,0,3,0,39.9518,-75.2266, , 
 ,72091,2011106647,6,67,67301,2011,9,1,2001,20,3,1,0,2,1, , ,N,1,2,0,3,0,2,3,2,N,N,39 58:05.382,75 13:30.517,2005, ,2003,2,1,1,N, ,3,N, , , , ,812635, , , ,2,2,0,0,0,0,0,0,0,0,0,1,2,1,0,0,0,0,0,0,0,1,0,0,0,0,0,0,0,0,0,0,0,0,0,4,0,39.9682,-75.2251, , 
 ,72092,2011132907,6,67,67301,2011,11,5,1345,13,1,1,0,4,1, , ,N,0,0,0,3,0,0,3,2,N,N,40 06:00.687,75 00:46.533,1405, ,1400,1,1,4,N, ,0,N, , , , ,812649, , , ,2,1,0,0,0,0,1,0,0,0,0,0,0,0,0,0,0,0,0,0,1,0,0,0,0,0,0,0,0,0,0,0,0,0,0,0,0,40.1002,-75.0129, , 
 ,72093,2011064058,6,67,67301,2011,5,2,2000,20,1,1,0,8,1, , ,N,0,0,0,3,0,1,2,2,N,N,40 00:22.778,75 11:02.378,2300, ,9999, ,0, ,N, ,0, , , , , ,812656, , , ,1,1,0,0,0,0,0,0,0,0,0,1,1,0,0,0,0,0,0,0,0,0,0,0,0,0,0,0,0,0,0,0,1,0,0,4,0,40.0063,-75.184, , 
 ,72094,2011064194,6,67,67301,2011,5,7,719,7,1,1,0,7,2, , ,N,0,2,0,3,0,0,1,1,N,N,40 04:37.996,74 59:43.208,723, ,719, ,0, ,N, ,3, , , , , ,812657, , , ,1,1,0,0,0,0,0,0,0,0,0,0,0,0,1,0,0,0,0,0,0,0,0,0,0,0,0,0,0,0,0,0,0,0,0,9,0,40.0772,-74.9953, , 
 ,72095,2011100685,6,67,67301,2011,9,2,2030,20,3,2,1,1,1, , ,N,1,2,0,3,0,1,4,2,N,N,39 59:58.554,75 07:30.237,2033, ,2031, ,0, , , ,3, , , , , ,812688, , , ,2,1,0,0,0,0,1,0,0,0,0,1,1,0,1,0,0,0,0,0,0,0,0,0,0,0,0,0,0,0,0,0,0,0,0,4,0,39.9996,-75.1251, , 
 ,72096,2011118135,6,67,67301,2011,10,5,1500,15,1,1,0,4,1, , ,N,2,2,0,3,0,0,2,2,N, ,39 52:51.747,75 13:42.934,9999, ,1900, ,0, , , ,3, , , , , ,812734, , , ,2,2,0,0,0,0,0,0,0,0,0,0,0,0,1,0,0,0,0,0,1,0,0,0,0,0,0,0,0,0,0,0,0,0,0,9,0,39.881,-75.2286, , 
 ,72097,2011064146,6,67,67301,2011,5,7,1505,15,1,1,0,4,1, , ,N,1,2,0,3,0,1,5,2,N,N,39 58:29.877,75 09:05.813,9999, ,1520, ,0, ,N, ,3, , , , , ,812752, , , ,2,2,0,0,0,0,0,0,0,0,0,0,1,1,0,0,0,0,1,0,1,0,0,0,0,0,0,0,0,0,0,0,0,0,0,8,0,39.975,-75.1516, , 
 ,72098,2011121463,6,67,67301,2011,10,1,643,6,3,4,5,7,2, , ,N,0,0,0,3,0,0,2,1,N,N,40 02:57.056,74 59:45.980,643, ,643, ,0, ,N, ,0, , , , , ,812782, , , ,1,1,0,0,0,0,0,0,0,0,0,0,0,0,0,0,0,0,0,0,1,0,0,0,0,0,0,0,0,0,0,0,0,0,0,0,0,40.0491,-74.9962, , 
 ,72099,2011100667,6,67,67301,2011,9,3,1622,16,1,2,1,1,1, , ,N,2,2,99,3,0,1,2,2,N,N,39 54:32.511,75 14:30.820,1625, ,1624, ,0, ,N, ,3, , , , , ,812798, , , ,2,0,0,0,1,0,0,1,0,0,0,0,1,1,0,0,0,0,0,0,1,0,0,0,0,0,0,0,0,0,0,0,0,0,0,8,0,39.909,-75.2419, , 
 ,72100,2011100876,6,67,67301,2011,9,6,1146,11,1,1,0,4,1, , ,N,1,0,0,3,0,0,2,2,N, ,39 59:04.959,75 09:41.497,1211, ,1208,2,2,2, , ,0,Y, , , , ,812799, , , ,2,1,0,0,0,0,1,0,0,0,0,0,0,0,0,0,0,0,0,0,0,0,0,0,0,0,0,0,0,0,0,0,0,0,0,0,0,39.9847,-75.1615, , 
 ,72101,2011066229,6,67,67301,2011,6,1,1540,15,1,1,0,8,1, , ,N,0,0,0,3,0,1,2,2,N,N,40 00:27.738,75 06:02.307,1550, ,1545, ,0, ,N, ,0, , , , , ,812814, , , ,1,1,0,0,0,0,0,0,0,0,0,1,1,0,1,0,0,0,0,0,0,0,0,0,0,0,0,0,0,0,0,0,1,0,0,4,0,40.0077,-75.1006, , 
 ,72102,2011068408,6,67,67301,2011,6,7,1900,19,1,1,0,1,1, , ,N,0,0,0,3,0,0,3,3,N,N,40 07:11.233,75 00:32.176,1925, ,1912,3,1,4,N, ,0,N, , , , ,812816, , , ,3,3,0,0,0,0,0,0,0,0,0,0,0,0,0,0,0,0,0,0,0,0,0,0,0,0,0,0,0,0,0,0,0,0,0,0,0,40.1198,-75.0089, , 
 ,72103,2011093085,6,67,67301,2011,8,5,1730,17,1,1,0,5,1, , ,N,0,0,0,3,0,1,3,2,N,N,39 58:18.722,75 09:33.407,1800, ,1800, ,0, ,N, ,0, , , , , ,812839, , , ,2,0,0,1,1,0,0,0,0,0,0,0,1,1,1,0,0,0,0,0,0,0,0,0,0,0,0,0,0,0,0,0,0,0,0,8,1,39.9719,-75.1593, , 
 ,72104,2011056957,6,67,67301,2011,5,2,600,6,1,1,0,4,1, , ,N,1,3,0,3,0,3,4,2,N,N,39 56:54.708,75 12:20.462,745, ,730, ,0, ,N, ,3, , , , , ,812848, , , ,2,2,0,0,0,0,0,0,0,0,0,3,3,0,0,0,0,0,0,0,0,0,1,0,0,0,0,0,0,0,0,0,0,0,0,4,0,39.9485,-75.2057, , 
 ,72105,2011062010,6,67,67301,2011,5,3,2245,22,3,2,1,4,1, , ,N,2,0,0,3,0,2,3,2,N,N,39 58:28.305,75 07:59.213,2321, ,2319,9,1,2,N, ,0,N, , , , ,812852, , , ,2,1,0,0,1,0,0,0,0,0,0,1,2,1,0,0,0,0,0,0,0,0,0,0,0,0,0,0,0,0,0,0,0,0,0,4,0,39.9745,-75.1331, , 
 ,72106,2011068438,6,67,67301,2011,6,1,808,8,1,1,0,8,1, , ,N,2,3,0,3,1,0,2,2,N,N,40 01:26.907,75 03:14.598,816, ,810,9,2,7,N,0,3,Y, , , , ,802257, , , ,1,1,0,0,0,0,0,0,0,0,0,0,0,0,0,0,0,0,0,0,1,0,0,0,0,0,0,0,0,0,0,0,1,1,0,1,0,40.0241,-75.0541,2, 
 ,72107,2011098125,6,67,67301,2011,9,1,1845,18,1,1,0,8,1, , ,N,0,0,0,3,0,1,2,2,N, ,40 02:42.140,75 04:44.292,2321, ,2320, ,0, , , ,0, , , , , ,802276, , , ,1,1,0,0,0,0,0,0,0,0,1,0,1,0,0,0,0,0,0,0,0,0,0,0,0,0,0,0,0,0,0,0,1,0,0,3,0,40.045,-75.079, , 
 ,72108,2011100298,6,67,67301,2011,9,6,1421,14,1,1,0,7,5, , ,N,0,0,0,3,0,1,1,1,N,N,40 01:38.252,75 11:33.891,1443, ,1426,1,1,1,N, ,0,N, , , , ,802279, , , ,1,1,0,0,0,0,0,0,0,0,0,0,1,1,0,0,0,0,0,0,0,0,0,0,0,0,0,0,0,0,0,0,0,0,0,8,0,40.0273,-75.1927, , 
 ,72109,2011103347,6,67,67301,2011,9,1,323,3,3,1,0,4,1, , ,N,5,2,0,3,0,3,7,2,N,N,40 00:35.379,75 09:03.622,340, ,323,9,1,1,N, ,3,N, , , , ,802282, , , ,2,2,0,0,0,0,0,0,0,0,1,2,3,0,0,0,0,1,0,0,0,0,0,0,0,0,0,0,0,0,0,0,0,0,0,3,0,40.0098,-75.151, , 
 ,72110,2011106165,6,67,67301,2011,9,7,1655,16,1,1,0,8,1, , ,N,0,0,0,3,0,1,2,2,N, ,40 01:36.913,75 07:16.325,1810, ,1753, ,0, , , ,0, , , , , ,802285, , , ,1,0,0,0,0,0,1,0,0,0,0,1,1,0,0,0,0,0,0,0,0,0,0,0,0,0,0,0,0,0,0,0,1,0,0,4,0,40.0269,-75.1212, , 
 ,72111,2011095424,6,67,67301,2011,8,6,1235,12,1,1,0,8,1, , ,N,0,0,0,3,0,1,2,2,N,N,40 01:29.096,75 02:58.866,1259, ,1257, ,0, ,N, ,0, , , , , ,802323, , , ,1,1,0,0,0,0,0,0,0,0,0,0,1,1,0,0,0,0,0,0,0,0,0,0,0,0,0,0,0,0,0,0,1,0,0,8,0,40.0247,-75.0497, , 
 ,72112,2011095443,6,67,67301,2011,8,1,2340,23,3,2,1,7,1, , ,N,0,2,0,3,0,1,1,1,N,N,39 55:10.887,75 12:10.194,9999, ,9999, ,0, ,N, ,9, , , , , ,802324, , , ,1,1,0,0,0,0,0,0,0,0,0,1,1,0,0,0,0,0,0,0,0,0,0,0,0,0,0,0,0,0,0,0,0,0,0,4,0,39.9197,-75.2027, , 
 ,72113,2011106231,6,67,67301,2011,9,3,1255,12,1,1,1,8,1, , ,N,0,0,0,3,0,1,2,2,N,N,39 56:56.000,75 09:43.960,1256, ,1256, ,0, ,N, ,0, , , , , ,802333, , , ,1,0,0,0,0,0,0,1,0,0,0,0,1,1,0,0,0,0,0,0,1,0,0,0,0,0,0,0,0,0,0,0,1,0,0,8,0,39.9489,-75.1622, , 
 ,72114,2011082401,6,67,67301,2011,7,5,950,9,1,1,0,4,1, , ,N,1,3,0,3,0,1,3,2,N,N,40 03:15.202,75 08:46.780,952, ,950, ,0, ,N, ,3, , , , , ,802354, , , ,2,2,0,0,0,0,0,0,0,0,1,0,1,0,1,0,0,0,0,0,0,1,0,1,0,0,0,0,0,0,0,0,0,0,0,3,0,40.0542,-75.1463, , 
 ,72115,2011083308,6,67,67301,2011,7,6,115,1,3,1,0,4,1, , ,N,1,2,0,3,0,0,3,2,N, ,39 57:03.252,75 09:07.174,119, ,119, ,0, , , ,3, , , , , ,802355, , , ,2,1,0,0,0,0,0,1,0,0,0,0,0,0,0,0,0,0,0,1,0,0,0,0,0,0,0,0,0,0,0,0,0,0,0,0,0,39.9509,-75.152, , 
 ,72116,2011085550,6,67,67301,2011,7,7,9999,99,1,1,0,4,1, , ,N,1,3,0,3,0,0,2,2,N,N,40 03:08.005,75 03:21.585,1314, ,1303, ,0, ,N, ,3, , , , , ,802358, , , ,2,2,0,0,0,0,0,0,0,0,0,0,0,0,0,0,0,0,0,0,1,0,0,0,0,0,0,0,0,0,0,0,0,0,0,0,0,40.0522,-75.056, , 
 ,72117,2011098084,6,67,67301,2011,9,2,1018,10,1,1,0,4,1, , ,N,1,2,0,3,0,3,3,2,N,N,40 02:28.908,75 01:41.719,1023, ,1021, ,0, ,N, ,3, , , , , ,802365, , , ,2,0,0,1,1,0,0,0,0,0,0,3,3,0,0,0,0,0,0,0,1,0,0,0,0,0,0,0,0,0,0,0,0,0,0,4,1,40.0414,-75.0283, , 
 ,72118,2011106131,6,67,67301,2011,9,5,1150,11,1,2,1,5,1, , ,N,5,1,0,3,0,0,2,2,N,N,40 03:23.774,75 01:43.818,1215, ,1155, ,0, ,N, ,3, , , , , ,802374, , , ,2,0,0,0,0,0,1,1,0,0,0,0,0,0,0,0,0,0,0,0,1,0,0,0,0,0,0,0,0,0,0,0,0,0,0,0,0,40.0566,-75.0288, , 
 ,72119,2011108836,6,67,67301,2011,9,7,1920,19,3,1,0,1,5, , ,N,0,0,7,3,0,1,1,2,N, ,39 58:51.970,75 14:22.300,1935, ,1923, ,0, , , ,0, , , , , ,802378, , , ,2,1,1,0,0,0,0,0,0,0,0,0,1,1,0,0,0,0,0,0,0,0,0,0,0,0,0,0,0,0,0,0,0,0,0,8,0,39.9811,-75.2395, , 
 ,72120,2011108879,6,67,67301,2011,9,7,254,2,3,1,1,4,1, , ,N,1,2,0,3,0,4,5,2,N,N,40 00:40.402,75 08:31.606,256, ,255, ,0, ,N, ,3, , , , , ,802379, , , ,2,1,0,0,0,0,1,0,0,0,0,0,4,4,0,0,0,0,0,0,0,0,0,0,0,0,0,0,0,0,0,0,0,0,0,8,0,40.0112,-75.1421, , 
 ,72121,2011108909,6,67,67301,2011,9,6,1703,17,1,1,0,1,1, , ,N,2,3,0,3,0,1,2,2,N,N,40 04:53.015,75 01:47.007,1708, ,1704, ,0, ,N, ,3, , , , , ,802380, , , ,2,1,0,0,0,0,1,0,0,0,0,0,1,1,0,0,0,0,0,0,1,0,0,0,0,0,0,0,0,0,0,0,0,0,0,8,0,40.0814,-75.0297, , 
 ,72122,2011118647,6,46,46104,2011,10,5,1908,19,3,2,1,6,1, , ,N,1,2,0,3,0,0,4,2,N,N,39 59:17.883,75 15:14.303,1913, ,1909,1,1,4,N, ,3,N, , , , ,802388, , , ,2,2,0,0,0,0,0,0,0,0,0,0,0,0,1,0,0,1,0,0,1,0,0,0,0,0,0,0,0,0,0,0,0,0,0,9,0,39.9883,-75.254, , 
 ,72123,2011119422,6,67,67301,2011,9,2,2128,21,3,1,0,6,1, , ,N,1,3,0,3,0,2,3,3,N, ,40 03:49.744,75 08:50.931,2135, ,2129, ,0, , , ,1, , , , , ,802389, , , ,3,2,0,0,0,0,1,0,0,0,0,2,2,0,0,0,0,0,0,0,1,0,0,0,0,0,0,0,0,0,0,0,0,0,0,4,0,40.0638,-75.1475, , 
 ,72124,2011056852,6,67,67301,2011,5,5,1600,16,1,1,0,4,1, , ,N,1,0,0,3,0,0,3,2,N,N,40 02:39.763,75 01:49.950,1600, ,1600,3,1,3,N, ,0,N, , , , ,805527, , , ,2,2,0,0,0,0,0,0,0,0,0,0,0,0,0,0,0,0,0,2,0,0,0,0,0,0,0,0,0,0,0,0,0,0,0,0,0,40.0444,-75.0305, , 
 ,72125,2011029392,6,67,67301,2011,2,6,2036,20,3,1,0,1,1, , ,N,1,3,0,3,0,0,2,2, , ,40 02:04.765,75 13:09.515,2052, ,2050, ,0, , , ,3, , , , , ,805549, , , ,2,1,0,0,0,0,1,0,0,0,0,0,0,0,0,0,0,0,0,0,1,0,0,0,0,0,0,0,0,0,0,0,0,0,0,0,0,40.0347,-75.2193, , 
 ,72126,2011031413,6,67,67301,2011,2,4,1442,14,1,1,0,4,1, , ,N,3,3,0,3,0,4,5,2,Y,N,39 58:35.233,75 11:21.692,1532, ,1529, ,0, ,N, ,3, , , , , ,805551, , , ,2,1,0,1,0,0,0,0,0,1,0,2,4,1,0,0,0,0,0,0,0,0,0,0,0,0,0,0,0,0,0,0,0,0,0,2,1,39.9765,-75.1894, , 
 ,72127,2011047046,6,67,67301,2011,4,6,1945,19,3,1,0,4,1, , ,N,2,3,0,3,0,0,2,2,N,N,39 59:25.419,75 06:28.985,1950, ,1945, ,0, ,N, ,3, , , , , ,805569, , , ,2,2,0,0,0,0,0,0,0,0,0,0,0,0,0,0,0,0,0,0,1,0,0,0,0,0,0,0,0,0,0,0,0,0,0,0,0,39.9904,-75.1081, , 
 ,72128,2011087885,6,67,67301,2011,8,4,2205,22,3,2,1,5,1, , ,N,0,0,0,3,0,1,1,3,N, ,39 57:39.580,75 13:43.530,2214, ,2209,9,2,2, , ,0,Y, , , , ,805592, , , ,3,3,0,0,0,0,0,0,0,0,0,1,1,0,0,0,0,0,0,1,0,0,0,0,0,0,0,0,0,0,0,0,0,0,0,4,0,39.961,-75.2288, , 
 ,72129,2011100910,6,67,67301,2011,9,7,210,2,3,1,0,1,1, , ,N,1,2,0,3,0,0,6,2,N,N,39 58:08.176,75 09:35.694,215, ,210,3,1,2,N, ,3,Y, , , , ,805602, , , ,2,2,0,0,0,0,0,0,0,0,0,0,0,0,0,0,0,0,0,0,1,0,0,1,0,0,0,0,0,0,0,0,0,0,0,0,0,39.9689,-75.1599, , 
 ,72130,2011108886,6,67,67301,2011,9,6,2105,21,3,2,1,4,1, , ,N,2,3,0,3,0,2,2,2,N,N,40 02:20.683,75 03:34.752,2109, ,2107,1,2,1,N, ,3,Y, , , , ,805614, , , ,2,1,0,0,0,0,0,1,0,0,0,2,2,0,0,0,0,0,0,1,0,0,0,0,0,0,0,0,0,0,0,0,0,0,0,4,0,40.0391,-75.0597, , 
 ,72131,2011108929,6,67,67301,2011,9,4,1720,17,1,1,0,8,1, , ,N,0,0,0,3,0,1,2,2,N, ,40 02:50.056,75 09:29.811,1730, ,1723, ,0, , , ,0, , , , , ,805615, , , ,1,1,0,0,0,0,0,0,0,0,0,1,1,0,0,0,0,0,0,0,1,0,0,0,0,0,0,0,0,0,0,0,1,0,0,4,0,40.0472,-75.1583, , 
 ,72132,2011085537,6,67,67301,2011,7,5,1402,14,1,1,0,8,1, , ,N,1,2,0,3,0,1,2,2,N, ,40 04:48.550,74 59:50.104,1420, ,1418,2,1,3, , ,3,N, , , , ,805641, , , ,1,1,0,0,0,0,0,0,0,0,0,0,1,1,0,0,0,0,0,0,1,0,0,0,0,0,0,0,0,0,0,0,1,0,0,8,0,40.08,-74.9973, , 
 ,72133,2011100649,6,67,67301,2011,8,2,1649,16,1,1,0,1,1, , ,N,1,3,0,3,0,1,2,2,N,N,39 56:58.930,75 13:37.246,1653, ,1650,3,1,1,N, ,3,N, , , , ,805661, , , ,2,1,0,0,1,0,0,0,0,0,0,1,1,0,0,0,0,0,0,0,0,1,0,2,0,0,0,0,0,0,0,0,0,0,0,4,0,39.9497,-75.227, , 
 ,72134,2011015951,6,67,67301,2011,1,1,1613,16,1,1,6,4,1, , ,N,1,3,0,3,0,2,3,2,N,N,39 59:53.365,75 08:00.340,1630, ,1623,2,1,2,N, ,3,Y, , , , ,805674, , , ,2,1,0,0,0,0,1,0,0,0,0,0,2,2,0,0,0,0,0,0,1,1,0,3,0,0,0,0,0,0,0,0,0,0,0,8,0,39.9982,-75.1334, , 
 ,72135,2011107718,6,67,67301,2011,10,6,735,7,1,1,0,7,2, , ,N,0,0,0,3,0,0,1,1,N,N,39 59:42.066,75 11:53.359,745, ,739,1,1,3,N, ,0,N, , , , ,805684, , , ,1,0,0,0,0,0,1,0,0,0,0,0,0,0,0,0,0,0,0,0,0,0,0,1,0,0,0,0,0,0,0,0,0,0,0,0,0,39.995,-75.1982, , 
 ,72136,2011075623,6,67,67301,2011,6,2,923,9,1,1,0,8,1, , ,N,1,2,0,3,0,1,2,2,N,N,39 59:54.840,75 07:45.186,926, ,925, ,0, , , ,2, , , , , ,805695, , , ,1,0,0,0,1,0,0,0,0,0,0,1,1,0,0,0,0,0,0,0,1,0,0,0,0,0,0,0,0,0,0,0,1,0,0,4,0,39.9985,-75.1293, , 
 ,72137,2011098072,6,67,67301,2011,9,4,2200,22,3,1,0,1,1, , ,N,1,2,0,3,0,1,2,2,N,N,40 00:20.131,75 06:11.812,2210, ,2205, ,0, ,N, ,3, , , , , ,805749, , , ,2,1,0,0,0,0,1,0,0,0,0,1,1,0,0,0,0,0,0,0,1,0,0,0,0,0,0,0,0,0,0,0,0,0,0,4,0,40.0056,-75.1033, , 
 ,72138,2011100718,6,67,67301,2011,9,3,9999,99,1,2,1,5,1, , ,N,0,0,0,3,0,0,2,2,N, ,39 58:13.336,75 08:46.285,9999, ,9999, ,0, , , ,0, , , , , ,805753, , , ,2,1,0,0,0,0,0,1,0,0,0,0,0,0,0,0,0,0,0,0,1,0,0,0,0,0,0,0,0,0,0,0,0,0,0,0,0,39.9704,-75.1462, , 
 ,72139,2011100753,6,67,67301,2011,9,3,834,8,1,1,0,1,1, , ,N,1,2,0,3,0,1,4,3,N,N,39 57:41.067,75 14:12.682,932, ,931, ,0, , , ,3, , , , , ,805754, , , ,3,1,0,0,0,0,2,0,0,0,0,1,1,0,0,0,0,0,0,0,0,0,0,1,0,0,0,0,0,0,0,0,0,0,0,4,0,39.9614,-75.2369, , 
 ,72140,2011009991,6,67,67301,2011,1,7,440,4,3,1,0,1,1, , ,N,0,0,0,3,0,0,4,2,N,N,40 02:10.659,75 03:51.798,446, ,442, ,0, ,N, ,0, , , , , ,805770, , , ,2,1,0,0,0,0,0,1,0,0,0,0,0,0,1,0,0,0,0,0,0,0,0,1,0,0,0,0,0,0,0,0,0,0,0,9,0,40.0363,-75.0644, , 
 ,72141,2011006550,6,67,67301,2011,1,2,1330,13,1,1,0,1,1, , ,N,1,2,0,3,0,1,2,2,N,N,40 04:37.974,75 05:07.026,1421, ,1402, ,0, ,N, ,3, , , , , ,805815, , , ,2,2,0,0,0,0,0,0,0,0,0,1,1,0,0,0,0,0,0,0,0,0,0,0,0,0,0,0,0,0,0,0,0,0,0,4,0,40.0772,-75.0853, , 
 ,72142,2011082451,6,67,67301,2011,7,3,1420,14,1,1,0,1,1, , ,N,0,0,0,3,0,4,6,4,N,N,40 01:35.331,75 05:42.478,1506, ,1430,2,2,2,N, ,0,N, , , , ,809477, , , ,4,4,0,0,0,0,0,0,0,0,0,0,4,4,0,0,0,1,0,0,0,0,0,0,0,0,0,0,0,0,0,0,0,0,0,8,0,40.0265,-75.0951, , 
 ,72143,2011082474,6,67,67301,2011,7,3,2045,20,3,1,0,7,3, , ,N,0,0,0,3,0,1,4,2,N,N,40 00:53.330,75 10:40.392,2100, ,2050,1,2,1,N, ,0,N, , , , ,809478, , , ,2,2,0,0,0,0,0,0,0,0,0,0,1,1,0,0,0,0,0,1,0,0,0,0,0,0,0,0,0,0,0,0,0,0,0,8,0,40.0148,-75.1779, , 
 ,72144,2011073273,6,67,67301,2011,6,6,1400,14,1,1,0,8,1, , ,N,0,0,0,3,0,1,6,2,N,N,40 02:01.830,75 06:26.566,1410, ,1410, ,0, ,N, ,0, , , , , ,809489, , , ,1,1,0,0,0,0,0,0,0,0,0,1,1,0,0,0,0,0,0,1,0,0,0,0,0,0,0,0,0,0,0,0,1,0,0,4,0,40.0338,-75.1074, , 
 ,72145,2011075705,6,67,67301,2011,6,2,1305,13,1,1,0,5,2, , ,N,0,0,0,3,0,0,1,3,N,N,40 02:07.603,75 00:51.491,1320, ,1316,2,1,2,N, ,0,N, , , , ,809491, , , ,2,2,0,0,0,0,0,0,0,0,0,0,0,0,0,0,0,0,0,0,0,0,1,0,0,0,0,0,0,0,0,0,0,0,0,0,0,40.0354,-75.0143, , 
 ,72146,2011100707,6,67,67301,2011,9,5,1650,16,1,1,1,4,1, , ,N,1,2,0,3,0,2,3,2,N, ,40 00:49.975,75 07:33.617,1750, ,1750, ,0, , , ,3, , , , , ,809515, , , ,2,1,0,0,1,0,0,0,0,0,0,2,2,0,0,0,0,0,0,0,1,0,0,0,0,0,0,0,0,0,0,0,0,0,0,4,0,40.0139,-75.126, , 
 ,72147,2011054329,6,67,67301,2011,5,2,1720,17,1,1,0,1,1, , ,N,1,2,0,3,0,1,5,3,N,N,39 58:20.544,75 09:59.380,1825, ,1823, ,0, ,N, ,3, , , , , ,809524, , , ,3,2,0,0,0,0,1,0,0,0,0,0,1,1,0,0,0,0,0,0,0,0,0,0,0,0,0,0,0,0,0,0,0,0,0,8,0,39.9724,-75.1665, , 
 ,72148,2011061178,6,67,67301,2011,5,2,2234,22,3,1,0,4,1, , ,N,0,4,0,3,0,2,5,3,N,N,39 53:55.511,75 10:12.143,2302, ,2252,1,1,1,N, ,3,N, , , , ,809529, , , ,3,3,0,0,0,0,0,0,0,0,0,2,2,0,0,0,0,0,1,0,0,0,0,0,0,0,0,0,0,0,0,0,0,0,0,4,0,39.8988,-75.17, , 
 ,72149,2011073164,6,67,67301,2011,6,7,1705,17,1,1,0,4,1, , ,N,2,0,0,3,0,2,3,2, , ,39 55:42.921,75 08:40.121,1719, ,1718, ,0, , , ,0, , , , , ,809540, , , ,2,2,0,0,0,0,0,0,0,0,0,2,2,0,0,0,0,0,0,0,0,0,1,0,0,0,0,0,0,0,0,0,0,0,0,4,0,39.9286,-75.1445, , 