wz_ln_closure,objectid_1,crn,district,county,municipality,crash_year,crash_month,day_of_week,time_of_day,hour_of_day,illumination,weather,road_condition,collision_type,relation_to_road,work_zone_type,work_zone_loc,work_zone_ind,intersect_type,tcd_type,location_type,urban_rural,fatal_count,injury_count,person_count,total_units,sch_bus_ind,sch_zone_ind,latitude,longitude,arrival_tm,cons_zone_spd_lim,dispatch_tm,est_hrs_closed,lane_closed,ln_close_dir,ntfy_hiwy_maint,spec_juris_cd,tcd_func_cd,tfc_detour_ind,workers_pres,wz_close_detour,wz_flagger,wz_law_offcr_ind,objectid,wz_moving,wz_other,wz_shlder_mdn,vehicle_count,automobile_count,motorcycle_count,bus_count,small_truck_count,heavy_truck_count,suv_count,van_count,bicycle_count,maj_inj_count,mod_inj_count,min_inj_count,tot_inj_count,unk_inj_deg_count,unk_inj_per_count,driver_count_16yr,driver_count_17yr,driver_count_18yr,driver_count_19yr,driver_count_20yr,driver_count_50_64yr,driver_count_65_74yr,driver_count_75plus,unbelted_occ_count,unb_death_count,unb_maj_inj_count,belted_death_count,belted_maj_inj_count,mcycle_death_count,mcycle_maj_inj_count,bicycle_death_count,bicycle_maj_inj_count,ped_count,ped_death_count,ped_maj_inj_count,max_severity_level,comm_veh_count,dec_lat,dec_long,rdwy_surf_type_cd,county_name
 ,72217,2011091036,6,67,67301,2011,8,4,1715,17,1,2,1,1,1, , ,N,0,0,0,3,0,0,3,8,N,N,39 59:46.366,75 07:03.090,1723, ,1718,3,2,2,N, ,0,Y, , , , ,809699, , , ,8,4,1,0,0,1,1,1,0,0,0,0,0,0,0,0,0,0,0,0,0,0,0,0,0,0,0,0,0,0,0,0,0,0,0,0,1,39.9962,-75.1175, , 
 ,72218,2011061384,6,67,67301,2011,2,6,9999,99,1,1,0,1,1, , ,N,1,3,0,3,0,1,2,2, , ,39 55:57.327,75 11:04.959,9999, ,9999, ,0, , , ,3, , , , , ,809715, , , ,2,2,0,0,0,0,0,0,0,0,0,1,1,0,0,0,0,0,0,0,0,0,0,0,0,0,0,0,0,0,0,0,0,0,0,4,0,39.9326,-75.1847, , 
 ,72219,2011083448,6,67,67301,2011,7,6,1115,11,1,1,0,5,1, , ,N,0,0,0,3,0,0,2,2,N,N,39 57:01.789,75 11:34.504,1132, ,1130, ,0, ,N, ,0, , , , , ,809722, , , ,2,0,0,0,1,0,1,0,0,0,0,0,0,0,0,0,0,0,0,1,0,0,0,0,0,0,0,0,0,0,0,0,0,0,0,0,0,39.9505,-75.1929, , 
 ,72220,2011100297,6,67,67301,2011,9,6,9999,99,3,1,0,5,1, , ,N,1,2,0,3,0,1,2,22,N,N,40 01:48.733,75 07:06.450,2005, ,9999, ,0, ,N, ,3, , , , , ,809735, , , ,22,13,0,0,2,0,4,3,0,0,0,0,1,1,0,0,0,0,0,0,1,0,0,1,0,0,0,0,0,0,0,0,0,0,0,8,0,40.0302,-75.1185, , 
 ,72221,2011100788,6,67,67301,2011,9,5,1425,14,1,2,1,1,1, , ,N,1,2,0,3,0,1,3,2,N, ,40 01:57.810,75 06:23.231,1700, ,1635, ,0, , , ,2, , , , , ,809737, , , ,2,0,0,1,1,0,0,0,0,0,0,0,1,1,1,0,0,0,0,0,1,0,0,0,0,0,0,0,0,0,0,0,0,0,0,8,1,40.0327,-75.1065, , 
 ,72222,2011100834,6,67,67301,2011,9,5,825,8,8,2,1,8,1, , ,N,0,0,0,3,0,1,2,2,N,N,40 01:35.500,75 04:45.019,840, ,9999, ,0, ,N, ,0, , , , , ,809738, , , ,1,1,0,0,0,0,0,0,0,0,0,1,1,0,0,0,0,0,0,0,1,0,0,0,0,0,0,0,0,0,0,0,1,0,0,4,0,40.0265,-75.0792, , 
 ,72223,2011106080,6,67,67301,2011,9,1,1230,12,1,1,0,4,1, , ,N,2,3,0,3,0,1,2,2,N, ,39 55:48.774,75 11:08.771,1245, ,1230, ,0, , , ,3, , , , , ,809742, , , ,1,1,0,0,0,0,0,0,1,0,1,0,1,0,0,0,0,0,0,0,0,0,0,0,0,0,0,0,0,0,0,0,0,0,0,3,0,39.9302,-75.1858, , 
 ,72224,2011106221,6,67,67301,2011,9,2,849,8,1,1,0,4,1, , ,N,1,2,0,3,0,1,2,2,N,N,40 02:31.916,75 07:34.611,950, ,944, ,0, ,N, ,3, , , , , ,809743, , , ,2,2,0,0,0,0,0,0,0,0,0,1,1,0,0,0,0,0,0,0,0,0,0,0,0,0,0,0,0,0,0,0,0,0,0,4,0,40.0422,-75.1263, , 
 ,72225,2011118218,6,67,67301,2011,10,3,1238,12,1,1,0,4,1, , ,N,1,2,0,3,0,3,4,2,N, ,40 02:44.136,75 04:17.168,1244, ,1244, ,0, , , ,3, , , , , ,809757, , , ,2,2,0,0,0,0,0,0,0,0,0,0,3,3,1,0,0,0,0,0,1,0,0,0,0,0,0,0,0,0,0,0,0,0,0,8,0,40.0456,-75.0714, , 
 ,72226,2011064454,6,67,67301,2011,6,5,908,9,1,1,0,7,2, , ,N,0,0,0,3,0,1,1,1,N,N,40 00:41.814,75 03:37.868,913, ,910,1,1,1,N, ,0,N, , , , ,809775, , , ,1,1,0,0,0,0,0,0,0,0,0,1,1,0,0,0,0,1,0,0,0,0,0,0,0,0,0,0,0,0,0,0,0,0,0,4,0,40.0116,-75.0606, , 
 ,72227,2011095469,6,67,67301,2011,8,7,105,1,3,1,0,4,1, , ,N,2,3,2,3,0,0,1,2,N,N,39 55:59.763,75 11:59.127,116, ,105,9,2,1, , ,3,Y, , , , ,809799, , , ,2,1,0,0,1,0,0,0,0,0,0,0,0,0,1,0,0,0,0,0,0,0,0,0,0,0,0,0,0,0,0,0,0,0,0,9,0,39.9333,-75.1998, , 
 ,72228,2011061683,6,67,67301,2011,6,4,905,9,1,1,0,1,1, , ,N,0,0,0,3,0,1,5,3,N,N,40 00:43.563,75 03:36.227,920, ,911, ,0, ,N, ,0, , , , , ,809815, , , ,3,1,0,0,0,0,2,0,0,0,0,0,1,1,0,0,0,0,0,0,1,1,0,0,0,0,0,0,0,0,0,0,0,0,0,8,0,40.0122,-75.06, , 
 ,72229,2011073214,6,67,67301,2011,6,4,925,9,1,1,0,4,1, , ,N,5,3,0,3,0,4,5,2,N,N,40 01:31.670,75 05:04.955,942, ,929,1,1,2,N, ,3,Y, , , , ,809820, , , ,2,1,0,0,0,0,1,0,0,0,0,4,4,0,0,0,0,0,0,0,1,0,0,2,0,0,0,0,0,0,0,0,0,0,0,4,0,40.0255,-75.0847, , 
 ,72230,2011087984,6,67,67301,2011,8,4,1544,15,1,2,1,1,1, , ,N,0,0,0,3,0,0,5,3,N,N,40 02:55.443,75 03:05.107,1603, ,1547,1,1,2,N, ,0,N, , , , ,809841, , , ,3,2,0,0,0,0,1,0,0,0,0,0,0,0,0,0,0,1,0,0,1,0,0,0,0,0,0,0,0,0,0,0,0,0,0,0,0,40.0487,-75.0514, , 
 ,72231,2011090571,6,67,67301,2011,8,4,1550,15,8,2,1,4,1, , ,N,1,2,0,3,0,2,2,2,N,N,39 57:13.845,75 13:12.349,1608, ,1608, ,0, ,N, ,3, , , , , ,809844, , , ,2,2,0,0,0,0,0,0,0,0,0,0,2,2,0,0,0,0,0,0,1,0,0,0,0,0,0,0,0,0,0,0,0,0,0,8,0,39.9538,-75.2201, , 
 ,72232,2011090522,6,67,67301,2011,8,5,555,5,1,1,0,8,1, , ,N,1,2,0,3,0,1,3,2,N,N,39 58:05.382,75 13:30.517,602, ,557, ,0, ,N, ,3, , , , , ,813062, , , ,1,1,0,0,0,0,0,0,0,0,0,0,1,1,0,0,0,0,0,0,0,0,0,0,0,0,0,0,0,0,0,0,1,0,0,8,0,39.9682,-75.2251, , 
 ,72233,2011106178,6,67,67301,2011,9,1,1344,13,1,1,0,4,1, , ,N,3,2,0,3,0,4,5,2,N,N,40 01:40.946,75 06:36.204,1402, ,1348,1,2,4,N, ,3,N, , , , ,813075, , , ,2,2,0,0,0,0,0,0,0,0,0,4,4,0,0,0,0,0,0,0,1,1,0,0,0,0,0,0,0,0,0,0,0,0,0,4,0,40.028,-75.1101, , 
 ,72234,2011108736,6,67,67301,2011,9,4,1922,19,3,1,0,1,2, , ,N,0,0,0,3,0,1,1,2,N,N,39 56:56.488,75 12:47.984,1930, ,1927, ,0, ,N, ,0, , , , , ,813076, , , ,2,1,1,0,0,0,0,0,0,0,0,1,1,0,0,0,0,0,0,0,0,0,0,0,0,0,0,0,0,0,0,0,0,0,0,4,0,39.949,-75.2133, , 
 ,72235,2011081458,6,67,67301,2011,8,7,750,7,1,1,0,7,7, , ,N,7,0,2,3,0,1,1,1,N,N,39 58:04.685,75 07:49.249,755, ,751, ,0, ,Y, ,0, , , , , ,813091, , , ,1,0,0,0,1,0,0,0,0,0,0,0,1,1,0,0,0,0,0,0,1,0,0,0,0,0,0,0,0,0,0,0,0,0,0,8,0,39.9679,-75.1305, , 
 ,72236,2011054271,6,67,67301,2011,4,5,1627,16,1,1,0,8,1, , ,N,2,0,0,3,0,1,2,2,N,N,39 58:21.476,75 13:03.992,1840, ,1838, ,0, ,N, ,0, , , , , ,813096, , , ,1,1,0,0,0,0,0,0,0,0,0,1,1,0,0,0,0,0,0,0,0,0,0,0,0,0,0,0,0,0,0,0,1,0,0,4,0,39.9726,-75.2178, , 
Y,72237,2011055459,6,67,67301,2011,5,2,1717,17,1,1,0,5,1,1,4,Y,0,8,0,3,0,1,5,2,N,N,39 54:02.174,75 09:20.907,1732,55,1719,2,1,2,N, ,3,N,N,N,N,N,813097,N,N,Y,2,0,0,0,1,0,1,0,0,0,0,0,1,1,0,0,0,0,1,0,0,0,0,1,0,0,0,0,0,0,0,0,0,0,0,8,0,39.9006,-75.1558, , 
 ,72238,2011057067,6,67,67301,2011,5,4,2120,21,6,1,0,8,1, , ,N,1,2,0,3,0,1,2,2,N,N,39 56:14.629,75 09:46.969,2228, ,2217, ,0, ,N, ,3, , , , , ,813098, , , ,1,1,0,0,0,0,0,0,0,0,0,1,1,0,0,0,0,0,0,0,0,0,0,0,0,0,0,0,0,0,0,0,1,0,0,4,0,39.9374,-75.163, , 
 ,72239,2011075552,6,67,67301,2011,7,7,449,4,5,1,0,1,6, , ,N,0,0,0,3,0,1,1,2,N,N,39 58:24.713,75 12:32.782,455, ,450, ,0, ,N, ,0, , , , , ,813108, , , ,2,0,0,0,0,0,2,0,0,0,0,1,1,0,0,0,0,0,0,0,1,0,0,0,0,0,0,0,0,0,0,0,0,0,0,4,0,39.9735,-75.2091, , 
 ,72240,2011075650,6,67,67301,2011,6,2,2240,22,3,1,0,4,1, , ,N,1,2,0,3,0,0,2,2, , ,40 00:03.453,75 06:00.194,21, ,18, ,0, , , ,3, , , , , ,813109, , , ,2,2,0,0,0,0,0,0,0,0,0,0,0,0,0,0,0,0,0,0,0,0,0,0,0,0,0,0,0,0,0,0,0,0,0,0,0,40.001,-75.1001, , 
 ,72241,2011082442,6,67,67301,2011,7,7,9999,99,1,1,0,4,1, , ,N,1,3,0,3,0,3,3,4,N,N,40 03:15.670,75 09:18.658,9999, ,9999, ,0, ,N, ,3, , , , , ,813118, , , ,4,2,0,0,1,0,0,1,0,0,0,3,3,0,0,0,0,0,0,0,0,0,0,0,0,0,0,0,0,0,0,0,0,0,0,4,0,40.0544,-75.1552, , 
 ,72242,2011093009,6,67,67301,2011,8,4,800,8,1,1,0,4,1, , ,N,0,2,0,3,0,0,3,2,N,N,40 01:47.499,75 05:15.316,804, ,802,1,1,1,N, ,3,N, , , , ,813138, , , ,2,2,0,0,0,0,0,0,0,0,0,0,0,0,0,0,0,0,0,0,1,0,0,0,0,0,0,0,0,0,0,0,0,0,0,0,0,40.0299,-75.0876, , 
 ,72243,2011015973,6,67,67301,2011,1,2,1521,15,1,1,0,8,1, , ,N,1,2,0,3,0,1,2,2,N,N,39 59:23.141,75 13:44.547,1540, ,1540, ,0, ,N, ,3, , , , , ,813144, , , ,1,1,0,0,0,0,0,0,0,0,0,1,1,0,0,0,0,1,0,0,0,0,0,0,0,0,0,0,0,0,0,0,1,0,0,4,0,39.9898,-75.229, , 
 ,72244,2011031138,6,67,67301,2011,2,5,27,0,3,1,0,6,1, , ,N,1,2,0,3,0,3,3,2,N,N,39 57:45.461,75 14:48.589,29, ,28,2,1,1,N, ,3,Y, , , , ,813160, , , ,2,2,0,0,0,0,0,0,0,0,0,3,3,0,0,0,0,0,0,1,0,0,0,0,0,0,0,0,0,0,0,0,0,0,0,4,0,39.9626,-75.2468, , 
 ,72245,2011033583,6,67,67301,2011,2,6,1515,15,1,1,0,8,1, , ,N,1,3,0,3,0,1,2,2, ,Y,40 00:47.318,75 06:27.680,1406, ,1400, ,0, , , ,3, , , , , ,813161, , , ,1,1,0,0,0,0,0,0,0,0,0,1,1,0,0,0,0,0,0,0,0,0,0,0,0,0,0,0,0,0,0,0,1,0,0,4,0,40.0131,-75.1077, , 
 ,72246,2011037901,6,67,67301,2011,3,5,2140,21,3,2,1,8,1, , ,N,0,0,0,3,0,2,3,3,N,N,39 59:52.465,75 06:39.380,2159, ,2154, ,0, ,N, ,0, , , , , ,813165, , , ,1,0,0,0,0,0,1,0,0,0,0,2,2,0,0,0,0,0,0,0,0,1,0,0,0,0,0,0,0,0,0,0,2,0,0,4,0,39.9979,-75.1109, , 
 ,72247,2011040341,6,67,67301,2011,3,1,200,2,3,1,0,4,1, , ,N,1,2,0,3,0,2,3,2,N,N,40 02:22.402,75 05:03.890,209, ,207, ,0, ,N, ,3, , , , , ,813169, , , ,2,2,0,0,0,0,0,0,0,0,0,2,2,0,0,0,0,0,0,0,0,0,0,1,0,0,0,0,0,0,0,0,0,0,0,4,0,40.0396,-75.0844, , 
 ,72248,2011043508,6,67,67301,2011,4,4,500,5,3,1,0,1,1, , ,N,0,0,0,3,0,0,2,2,N,N,39 56:40.653,75 08:34.072,500, ,500, ,0, ,N, ,0, , , , , ,813171, , , ,2,0,0,0,0,1,1,0,0,0,0,0,0,0,0,0,0,0,0,0,1,0,0,0,0,0,0,0,0,0,0,0,0,0,0,0,1,39.9446,-75.1428, , 
 ,72249,2011049973,6,67,67301,2011,5,3,721,7,1,1,0,1,1, , ,N,0,0,0,3,0,1,2,2,N,N,39 58:27.646,75 11:38.725,739, ,724, ,0, ,N, ,0, , , , , ,813176, , , ,2,0,0,0,1,0,0,1,0,0,0,1,1,0,0,0,0,0,0,0,1,0,0,0,0,0,0,0,0,0,0,0,0,0,0,4,0,39.9743,-75.1941, , 
 ,72250,2011046142,6,67,67301,2011,4,4,818,8,1,1,0,1,1, , ,N,0,0,0,3,0,0,2,2,N,N,40 00:36.435,75 03:50.044,827, ,821,1,1,2,N, ,0,N, , , , ,802610, , , ,2,1,0,0,1,0,0,0,0,0,0,0,0,0,0,0,0,0,0,0,0,0,0,0,0,0,0,0,0,0,0,0,0,0,0,0,0,40.0102,-75.0638, , 
 ,72251,2011061372,6,67,67301,2011,4,6,739,7,5,1,0,7,5, , ,N,2,2,0,3,0,1,1,1,N,N,39 58:36.459,75 06:47.555,743, ,741, ,0, , , ,9, , , , , ,802620, , , ,1,1,0,0,0,0,0,0,0,0,0,1,1,0,0,0,0,0,0,0,0,0,0,0,0,0,0,0,0,0,0,0,0,0,0,4,0,39.9767,-75.1134, , 
 ,72252,2011075592,6,67,67301,2011,6,7,100,1,3,1,0,4,1, , ,N,1,2,0,3,0,3,3,3,N,N,39 59:55.564,75 07:52.531,125, ,125, ,0, ,N, ,3, , , , , ,802641, , , ,3,1,0,0,0,0,1,1,0,0,0,3,3,0,0,0,0,0,0,1,0,0,0,0,0,0,0,0,0,0,0,0,0,0,0,4,0,39.9988,-75.1313, , 
 ,72253,2011097324,6,67,67301,2011,9,4,1445,14,1,1,0,1,1, , ,N,0,0,0,3,0,1,3,3,N,N,39 57:30.361,75 09:58.430,1502, ,1448, ,0, ,N, ,0, , , , , ,802658, , , ,3,0,0,0,1,0,1,1,0,0,0,1,1,0,0,0,0,0,0,0,1,0,0,0,0,0,0,0,0,0,0,0,0,0,0,4,0,39.9584,-75.1662, , 
 ,72254,2011099911,6,67,67301,2011,8,7,2102,21,3,2,1,7,2, , ,N,0,0,0,3,0,0,1,1,N,N,40 01:04.415,75 08:58.196,2107, ,2103, ,0, ,N, ,0, , , , , ,802660, , , ,1,1,0,0,0,0,0,0,0,0,0,0,0,0,0,0,0,0,0,0,0,0,0,0,0,0,0,0,0,0,0,0,0,0,0,0,0,40.0179,-75.1495, , 
 ,72255,2011100670,6,67,67301,2011,4,6,1720,17,1,1,0,4,1, , ,N,1,3,0,3,0,8,10,5,N,N,40 00:27.130,75 08:16.039,1727, ,1723,4,2,7,N, ,3,Y, , , , ,802662, , , ,5,2,0,0,0,0,2,1,0,1,2,5,8,0,1,0,0,0,0,0,0,0,0,1,0,0,0,0,0,0,0,0,0,0,0,2,0,40.0075,-75.1378, , 
 ,72256,2011100785,6,67,67301,2011,9,5,1232,12,1,2,1,8,1, , ,N,1,2,0,3,0,1,2,2,N,Y,40 01:47.816,75 12:40.562,1240, ,1237, ,0, ,N, ,3, , , , , ,802663, , , ,1,0,0,0,1,0,0,0,0,0,0,1,1,0,0,0,0,0,0,0,1,0,0,0,0,0,0,0,0,0,0,0,1,0,0,4,0,40.0299,-75.2113, , 
 ,72257,2011027907,6,67,67301,2011,3,7,2013,20,3,1,0,7,2, , ,N,0,0,0,3,0,0,4,1,N,N,39 55:47.917,75 08:45.267,2021, ,2019, ,0, ,N, ,0, , , , , ,802695, , , ,1,1,0,0,0,0,0,0,0,0,0,0,0,0,0,0,0,0,0,0,0,0,0,0,0,0,0,0,0,0,0,0,0,0,0,0,0,39.9299,-75.1459, , 
 ,72258,2011029020,6,67,67301,2011,2,5,1042,10,1,1,0,4,1, , ,N,1,3,0,3,0,1,3,2,N,N,40 03:34.607,75 11:16.162,1106, ,1054, ,0, ,N, ,3, , , , , ,802696, , , ,2,2,0,0,0,0,0,0,0,0,0,1,1,0,0,0,0,0,0,0,1,0,0,0,0,0,0,0,0,0,0,0,0,0,0,4,0,40.0596,-75.1878, , 
 ,72259,2011029406,6,67,67301,2011,2,5,9999,99,1,1,6,4,1, , ,N,1,2,0,3,0,1,4,3,N,N,40 05:20.334,75 01:15.317,1702, ,1702,2,1,1,N, ,3,N, , , , ,802697, , , ,3,0,0,0,0,0,1,2,0,0,0,1,1,0,0,0,0,0,0,0,2,0,0,2,0,0,0,0,0,0,0,0,0,0,0,4,0,40.089,-75.0209, , 
 ,72260,2011031310,6,67,67301,2011,2,2,2230,22,3,4,3,0,1, , ,N,0,0,0,3,0,2,5,3,N,N,39 55:06.435,75 14:48.880,2349, ,2248, ,0, ,N, ,0, , , , , ,802702, , , ,3,3,0,0,0,0,0,0,0,0,0,0,2,2,0,0,0,0,0,0,1,0,0,2,0,0,0,0,0,0,0,0,0,0,0,8,0,39.9185,-75.2469, , 
 ,72261,2011037903,6,67,67301,2011,3,1,1358,13,1,1,0,4,1, , ,N,1,2,0,3,0,1,6,3,N,N,39 55:56.906,75 13:28.606,1359, ,1358,3,2,5,N, ,3,Y, , , , ,802711, , , ,3,0,0,0,0,0,2,1,0,0,0,0,1,1,0,0,0,0,0,0,0,0,0,0,0,0,0,0,0,0,0,0,0,0,0,8,0,39.9325,-75.2246, , 
 ,72262,2011040379,6,67,67301,2011,3,4,1020,10,1,2,1,4,1, , ,N,3,0,0,3,0,0,2,2, , ,39 58:30.893,75 10:05.720,1045, ,1043, ,0, , , ,0, , , , , ,802713, , , ,2,1,0,0,0,0,0,1,0,0,0,0,0,0,0,0,0,0,0,0,2,0,0,0,0,0,0,0,0,0,0,0,0,0,0,0,0,39.9752,-75.1683, , 
 ,72263,2011043513,6,67,67301,2011,4,5,1639,16,1,1,0,1,1, , ,N,0,0,0,3,0,1,5,3,N,N,40 02:09.899,75 00:59.574,1708, ,1641,1,2,2,N, ,0,N, , , , ,802715, , , ,3,3,0,0,0,0,0,0,0,0,0,0,1,1,0,0,0,1,0,1,0,0,0,0,0,0,0,0,0,0,0,0,0,0,0,8,0,40.0361,-75.0165, , 
 ,72264,2011047049,6,67,67301,2011,4,2,2030,20,3,1,0,4,1, , ,N,1,2,0,3,0,0,2,2, , ,40 03:40.446,75 05:00.751,2040, ,2040, ,0, , , ,3, , , , , ,802719, , , ,2,1,0,0,0,0,0,1,0,0,0,0,0,0,0,0,0,0,1,0,0,1,0,0,0,0,0,0,0,0,0,0,0,0,0,0,0,40.0612,-75.0835, , 
 ,72265,2011083360,6,67,67301,2011,7,1,1419,14,1,1,0,5,1, , ,N,0,0,0,3,0,3,3,4,N, ,39 55:38.140,75 13:54.170,1429, ,1429, ,0, , , ,0, , , , , ,802733, , , ,4,2,0,0,0,0,2,0,0,0,0,1,3,2,0,0,0,0,0,0,0,0,0,0,0,0,0,0,0,0,0,0,0,0,0,4,0,39.9273,-75.2317, , 
 ,72266,2011088342,6,67,67301,2011,8,4,1310,13,1,1,0,0,1, , ,N,0,0,0,3,0,1,1,1,N,N,39 55:30.933,75 11:36.303,1323, ,1323,1,1,4,N, ,0,N, , , , ,802741, , , ,1,0,1,0,0,0,0,0,0,0,0,0,1,1,0,0,0,0,0,0,0,0,0,0,0,0,0,0,0,0,0,0,0,0,0,8,0,39.9253,-75.1934, , 
 ,72267,2011093044,6,67,67301,2011,8,1,102,1,3,1,0,4,1, , ,N,1,3,0,3,0,0,2,2,N,N,39 56:19.683,75 09:51.692,124, ,114, ,0, , , ,3, , , , , ,802750, , , ,2,2,0,0,0,0,0,0,0,0,0,0,0,0,0,0,0,0,0,0,0,0,0,0,0,0,0,0,0,0,0,0,0,0,0,0,0,39.9388,-75.1644, , 
 ,72268,2011037372,6,67,67301,2011,2,1,2353,23,3,1,0,1,1, , ,N,0,0,0,3,0,1,3,2,N,N,40 00:28.515,75 12:05.461,4, ,2359,2,1,4,N, ,0,N, , , , ,806068, , , ,2,1,0,0,0,0,0,1,0,0,0,0,1,1,0,0,0,0,0,0,1,0,0,1,0,0,0,0,0,0,0,0,0,0,0,8,0,40.0079,-75.2015, , 
 ,72269,2011054378,6,67,67301,2011,4,5,1821,18,1,1,0,1,5, , ,N,1,2,0,3,0,1,1,3,N,N,39 58:02.378,75 14:44.992,1823, ,1821, ,0, ,N, ,3, , , , , ,806079, , , ,2,1,1,0,0,0,0,0,0,0,0,1,1,0,0,0,0,0,0,0,1,0,0,0,0,0,0,0,0,0,0,0,0,0,0,4,0,39.9673,-75.2457, , 
 ,72270,2011064024,6,67,67301,2011,5,1,1310,13,1,2,1,4,1, , ,N,2,2,0,3,0,1,2,2,N,N,39 57:12.696,75 11:07.083,1325, ,1320, ,0, , , ,3, , , , , ,806089, , , ,1,0,0,0,1,0,0,0,1,0,1,0,1,0,0,0,0,0,0,0,0,0,0,0,0,0,0,0,0,0,0,0,0,0,0,3,0,39.9535,-75.1853, , 
 ,72271,2011061808,6,67,67301,2011,5,3,1820,18,1,1,0,4,1, , ,N,1,3,0,3,0,4,5,2,N,N,39 55:41.872,75 10:50.188,1854, ,1820, ,0, ,N, ,3, , , , , ,806093, , , ,2,2,0,0,0,0,0,0,0,0,0,0,4,4,0,0,0,0,0,0,0,0,0,0,0,0,0,0,0,0,0,0,0,0,0,8,0,39.9283,-75.1806, , 
 ,72272,2011066239,6,67,67301,2011,5,7,1936,19,1,1,0,4,1, , ,N,3,2,0,3,0,1,2,2,N,N,39 58:50.951,75 14:08.562,1941, ,1940, ,0, ,N, ,3, , , , , ,806097, , , ,1,0,0,0,0,0,0,1,1,0,1,0,1,0,0,0,0,0,0,0,0,0,1,0,0,0,0,0,0,0,0,0,0,0,0,3,0,39.9808,-75.2357, , 
 ,72273,2011032753,6,67,67301,2011,3,2,1240,12,1,1,0,4,1, , ,N,1,2,0,3,0,2,5,2,N,N,40 05:40.380,75 00:54.123,1300, ,1240,3,1,1,N, ,3,Y, , , , ,806134, , , ,2,0,0,1,0,1,0,0,0,0,0,2,2,0,0,0,0,0,0,0,0,0,0,0,0,0,0,0,0,0,0,0,0,0,0,4,2,40.0945,-75.015, , 
 ,72274,2011047053,6,67,67301,2011,4,4,1755,17,1,1,0,1,1, , ,N,0,0,0,3,0,0,4,4,N,N,40 03:01.581,75 10:24.496,1805, ,800, ,0, ,N, ,0, , , , , ,806144, , , ,4,4,0,0,0,0,0,0,0,0,0,0,0,0,0,0,0,0,0,0,2,0,0,0,0,0,0,0,0,0,0,0,0,0,0,0,0,40.0504,-75.1735, , 
 ,72275,2011087915,6,67,67301,2011,7,3,1612,16,1,1,0,5,1, , ,N,0,0,0,3,0,1,2,2,N,N,39 58:06.160,75 14:29.745,1625, ,1623, ,0, ,N, ,0, , , , , ,806160, , , ,1,0,0,0,1,0,0,0,1,0,0,1,1,0,0,0,0,0,0,0,0,0,0,0,0,0,0,0,0,0,0,0,0,0,0,4,0,39.9684,-75.2416, , 
 ,72276,2011093090,6,67,67301,2011,8,6,1424,14,1,1,0,4,1, , ,N,1,2,0,3,0,2,4,2,N, ,40 03:52.885,74 58:56.121,1430, ,1426,2,1,4, , ,3,Y, , , , ,806165, , , ,2,1,0,0,0,0,1,0,0,0,0,2,2,0,0,0,0,0,0,0,0,0,0,0,0,0,0,0,0,0,0,0,0,0,0,4,0,40.0647,-74.9823, , 
 ,72277,2011098075,6,67,67301,2011,9,2,1713,17,1,1,0,4,1, , ,N,1,2,0,3,0,5,5,4,N,N,39 59:20.627,75 05:22.626,1713, ,1745,2,2,5,N, ,3,Y, , , , ,806168, , , ,4,4,0,0,0,0,0,0,0,0,1,4,5,0,0,0,1,0,0,0,0,0,0,0,0,0,0,0,0,0,0,0,0,0,0,3,0,39.9891,-75.0896, , 
 ,72278,2011134720,6,67,67301,2011,12,5,136,1,3,1,0,4,1, , ,N,1,2,0,3,0,2,3,2,N,N,40 00:30.590,75 05:01.650,137, ,137, ,0, ,N, ,2, , , , , ,806197, , , ,2,1,0,0,0,0,1,0,0,0,0,0,2,2,0,0,0,0,0,0,2,0,0,1,0,0,0,0,0,0,0,0,0,0,0,8,0,40.0085,-75.0838, , 
 ,72279,2011091034,6,67,67301,2011,8,6,1350,13,1,1,0,4,1, , ,N,0,0,7,3,0,1,4,3,N,N,39 59:28.637,75 06:04.128,1405, ,1359, ,0, ,N, ,0, , , , , ,806226, , , ,3,2,0,0,1,0,0,0,0,0,0,1,1,0,0,0,0,0,0,0,0,0,0,0,0,0,0,0,0,0,0,0,0,0,0,4,0,39.9913,-75.1011, , 
 ,72280,2011015894,6,67,67301,2011,1,3,1315,13,1,1,0,5,1, , ,N,0,2,0,3,0,2,3,2,N,N,39 57:46.632,75 10:43.399,1350, ,1336, ,0, ,N, ,3, , , , , ,806259, , , ,2,1,0,0,0,0,1,0,0,0,0,2,2,0,0,0,0,0,0,0,1,0,0,0,0,0,0,0,0,0,0,0,0,0,0,4,0,39.963,-75.1787, , 
 ,72281,2011054142,6,67,67301,2011,4,4,747,7,1,2,1,4,1, , ,N,1,3,0,3,0,2,5,2,N,N,39 57:16.045,75 12:53.647,800, ,756, ,0, ,N, ,3, , , , , ,806292, , , ,2,0,0,0,0,0,2,0,0,0,0,2,2,0,0,0,0,0,0,0,0,0,1,0,0,0,0,0,0,0,0,0,0,0,0,4,0,39.9545,-75.2149, , 
 ,72282,2011033492,6,67,67301,2011,2,7,45,0,3,1,0,7,5, , ,N,1,2,0,3,0,0,3,1,N,N,39 55:56.906,75 13:28.606,45, ,45, ,0, ,N, ,3, , , , , ,806315, , , ,1,1,0,0,0,0,0,0,0,0,0,0,0,0,0,0,0,0,0,1,0,0,0,0,0,0,0,0,0,0,0,0,0,0,0,0,0,39.9325,-75.2246, , 