wz_ln_closure,objectid_1,crn,district,county,municipality,crash_year,crash_month,day_of_week,time_of_day,hour_of_day,illumination,weather,road_condition,collision_type,relation_to_road,work_zone_type,work_zone_loc,work_zone_ind,intersect_type,tcd_type,location_type,urban_rural,fatal_count,injury_count,person_count,total_units,sch_bus_ind,sch_zone_ind,latitude,longitude,arrival_tm,cons_zone_spd_lim,dispatch_tm,est_hrs_closed,lane_closed,ln_close_dir,ntfy_hiwy_maint,spec_juris_cd,tcd_func_cd,tfc_detour_ind,workers_pres,wz_close_detour,wz_flagger,wz_law_offcr_ind,objectid,wz_moving,wz_other,wz_shlder_mdn,vehicle_count,automobile_count,motorcycle_count,bus_count,small_truck_count,heavy_truck_count,suv_count,van_count,bicycle_count,maj_inj_count,mod_inj_count,min_inj_count,tot_inj_count,unk_inj_deg_count,unk_inj_per_count,driver_count_16yr,driver_count_17yr,driver_count_18yr,driver_count_19yr,driver_count_20yr,driver_count_50_64yr,driver_count_65_74yr,driver_count_75plus,unbelted_occ_count,unb_death_count,unb_maj_inj_count,belted_death_count,belted_maj_inj_count,mcycle_death_count,mcycle_maj_inj_count,bicycle_death_count,bicycle_maj_inj_count,ped_count,ped_death_count,ped_maj_inj_count,max_severity_level,comm_veh_count,dec_lat,dec_long,rdwy_surf_type_cd,county_name
 ,72416,2011095450,6,67,67301,2011,8,6,801,8,1,1,0,2,1, , ,N,0,0,0,3,0,1,5,4,N,N,40 04:16.204,75 14:26.538,815, ,801, ,0, , , ,0, , , , , ,806675, , , ,4,2,0,0,0,0,1,1,0,0,0,1,1,0,1,0,0,0,0,0,0,1,0,0,0,0,0,0,0,0,0,0,0,0,0,4,0,40.0712,-75.2407, , 
 ,72417,2011065517,6,67,67301,2011,5,5,9999,99,1,1,0,4,1, , ,N,2,0,0,3,0,0,2,2,N,N,40 01:14.257,75 08:55.161,9999, ,9999, ,0, ,N, ,0, , , , , ,806683, , , ,2,0,0,0,0,0,1,1,0,0,0,0,0,0,0,0,0,0,0,0,0,0,0,0,0,0,0,0,0,0,0,0,0,0,0,0,0,40.0206,-75.1487, , 
 ,72418,2011075586,6,67,67301,2011,6,7,2300,23,3,1,0,8,6, , ,N,0,0,0,3,0,1,2,2,N,N,39 57:18.633,75 13:33.146,2340, ,2333, ,0, ,N, ,0, , , , , ,806693, , , ,1,0,0,0,0,0,0,1,0,0,0,1,1,0,0,0,0,0,0,0,0,0,0,0,0,0,0,0,0,0,0,0,1,0,0,4,0,39.9552,-75.2259, , 
 ,72419,2011075750,6,67,67301,2011,7,3,731,7,1,1,0,1,1, , ,N,0,0,0,3,0,1,8,3,N,N,40 03:31.295,75 05:06.322,737, ,733,2,2,5,N, ,0,Y, , , , ,806694, , , ,3,3,0,0,0,0,0,0,0,0,0,1,1,0,5,0,0,0,0,0,0,0,0,0,0,0,0,0,0,0,0,0,0,0,0,4,0,40.0587,-75.0851, , 
 ,72420,2011075820,6,67,67301,2011,6,3,1405,14,1,1,0,1,1, , ,N,1,2,0,3,0,1,4,2,N,Y,40 03:15.451,75 04:17.588,1704, ,1702, ,0, ,N, ,3, , , , , ,806695, , , ,2,2,0,0,0,0,0,0,0,0,0,0,1,1,0,0,0,0,0,1,1,0,0,0,0,0,0,0,0,0,0,0,0,0,0,8,0,40.0543,-75.0716, , 
 ,72421,2011076036,6,67,67301,2011,6,3,1550,15,1,1,0,1,1, , ,N,1,2,0,3,0,3,4,2,N,N,39 57:40.266,75 14:49.451,1605, ,1555, ,0, ,N, ,9, , , , , ,806696, , , ,2,0,0,0,1,0,1,0,0,0,0,1,3,2,0,0,0,0,0,0,1,0,0,0,0,0,0,0,0,0,0,0,0,0,0,4,0,39.9612,-75.2471, , 
 ,72422,2011080279,6,67,67301,2011,8,3,718,7,1,1,0,5,1, , ,N,0,0,0,3,0,1,2,2,N,N,39 53:18.840,75 12:10.274,720, ,720, ,0, ,N, ,0, , , , , ,806703, , , ,2,1,0,0,0,0,0,1,0,0,0,1,1,0,0,0,0,0,0,0,0,0,0,0,0,0,0,0,0,0,0,0,0,0,0,4,0,39.8886,-75.2029, , 
 ,72423,2011087898,6,67,67301,2011,8,2,9999,99,1,1,0,5,6, , ,N,0,0,0,3,0,0,2,6,N, ,40 03:01.252,75 09:01.429,1740, ,1736, ,0, , , ,0, , , , , ,806711, , , ,6,3,0,0,0,0,3,0,0,0,0,0,0,0,1,0,0,0,0,0,0,0,0,0,0,0,0,0,0,0,0,0,0,0,0,9,0,40.0503,-75.1504, , 
 ,72424,2011095392,6,67,67301,2011,9,5,9999,99,3,1,0,8,1, , ,N,1,0,0,3,0,1,2,2,N,N,39 59:42.637,75 06:56.944,2050, ,2043, ,0, , , ,0, , , , , ,806716, , , ,1,1,0,0,0,0,0,0,0,0,0,0,1,1,0,0,0,0,0,0,1,0,0,0,0,0,0,0,0,0,0,0,1,0,0,8,0,39.9952,-75.1158, , 
 ,72425,2011115230,6,67,67301,2011,10,1,2310,23,3,1,0,8,1, , ,N,1,2,0,3,0,1,2,2,N,N,39 56:53.500,75 09:51.952,2345, ,2340, ,0, , , ,3, , , , , ,806726, , , ,1,1,0,0,0,0,0,0,1,0,0,1,1,0,0,0,0,0,0,0,1,0,0,0,0,0,0,0,0,0,0,0,0,0,0,4,0,39.9482,-75.1644, , 
 ,72426,2011115386,6,67,67301,2011,10,7,1544,15,1,1,0,5,6, , ,N,0,0,0,3,0,0,1,2,N,N,40 02:31.301,75 13:33.245,1549, ,1546,1,1,1,N, ,0,N, , , , ,806727, , , ,2,2,0,0,0,0,0,0,0,0,0,0,0,0,0,0,0,0,0,0,0,0,1,0,0,0,0,0,0,0,0,0,0,0,0,0,0,40.042,-75.2259, , 
 ,72427,2011075685,6,67,67301,2011,7,6,1050,10,1,1,0,1,1, , ,N,1,2,0,3,0,2,3,2, , ,40 01:58.459,75 02:55.285,1059, ,1055, ,0, , , ,3, , , , , ,806738, , , ,2,1,0,0,0,0,0,1,0,0,0,0,2,2,0,0,0,0,0,0,0,0,0,3,0,0,0,0,0,0,0,0,0,0,0,8,0,40.0329,-75.0487, , 
 ,72428,2011100730,6,67,67301,2011,9,5,1830,18,4,2,1,6,1, , ,N,1,1,0,3,0,1,2,2,N,N,40 01:39.298,75 09:55.501,1844, ,1840, ,0, ,N, ,3, , , , , ,806759, , , ,2,1,0,0,1,0,0,0,0,0,0,0,1,1,1,0,0,0,0,0,1,0,0,0,0,0,0,0,0,0,0,0,0,0,0,8,0,40.0276,-75.1654, , 
 ,72429,2011085529,6,67,67301,2011,7,2,54,0,3,1,0,6,1, , ,N,1,2,0,3,0,2,2,2,N,N,40 04:38.723,75 10:31.829,140, ,132,3,2,6,N, ,3,Y, , , , ,806792, , , ,2,2,0,0,0,0,0,0,0,0,0,0,2,2,0,0,0,0,0,0,0,1,0,0,0,0,0,0,0,0,0,0,0,0,0,8,0,40.0774,-75.1755, , 
 ,72430,2011100758,6,67,67301,2011,9,2,2300,23,3,9,0,4,1, , ,N,1,3,0,3,0,1,2,2,N,N,39 58:26.443,75 14:35.879,1500, ,1500, ,0, ,N, ,3, , , , , ,806807, , , ,2,1,0,0,0,0,0,0,0,0,1,0,1,0,0,0,0,0,0,0,0,0,0,0,0,0,0,0,0,0,0,0,0,0,0,3,0,39.974,-75.2433, , 
 ,72431,2011106118,6,67,67301,2011,8,4,1008,10,1,1,0,4,4, , ,N,0,0,7,3,0,0,2,2,N,N,39 58:29.787,75 11:41.784,1013, ,1010, ,0, ,N, ,0, , , , , ,806813, , , ,2,2,0,0,0,0,0,0,0,0,0,0,0,0,0,0,0,0,0,0,0,0,0,0,0,0,0,0,0,0,0,0,0,0,0,0,0,39.9749,-75.1949, , 
 ,72432,2011056818,6,67,67301,2011,5,7,1729,17,1,2,1,1,1, , ,N,0,0,6,3,0,1,1,2, , ,39 54:39.538,75 13:51.740,1756, ,1732, ,0, , , ,0, , , , , ,810391, , , ,2,1,0,0,1,0,0,0,0,0,0,0,1,1,0,0,0,0,0,0,1,0,0,0,0,0,0,0,0,0,0,0,0,0,0,8,0,39.911,-75.231, , 
 ,72433,2011057054,6,67,67301,2011,5,4,1208,12,1,2,1,8,1, , ,N,0,0,0,3,0,1,2,2,N,N,40 03:29.464,75 02:33.283,1211, ,1210,1,2,3, , ,0,N, , , , ,810392, , , ,1,1,0,0,0,0,0,0,0,0,0,0,1,1,0,0,0,0,0,0,0,0,0,0,0,0,0,0,0,0,0,0,1,0,0,8,0,40.0582,-75.0426, , 
 ,72434,2011033588,6,67,67301,2011,3,5,718,7,1,1,0,4,1, , ,N,1,2,0,3,0,1,2,2,N,N,40 01:48.784,75 02:37.647,718, ,718,9,1,4,N, ,3,N, , , , ,810406, , , ,2,1,0,0,0,0,1,0,0,0,1,0,1,0,0,0,0,0,0,0,1,0,0,0,0,0,0,0,0,0,0,0,0,0,0,3,0,40.0302,-75.0438, , 
 ,72435,2011035508,6,67,67301,2011,3,1,424,4,3,1,0,2,1, , ,N,0,0,3,3,0,3,3,2,N,N,39 53:49.590,75 11:19.436,439, ,427,3,2,1,N, ,0,Y, , , , ,810408, , , ,2,2,0,0,0,0,0,0,0,0,2,1,3,0,0,0,0,0,0,0,0,0,0,1,0,0,0,0,0,0,0,0,0,0,0,3,0,39.8971,-75.1887, , 
 ,72436,2011038419,6,67,67301,2011,3,4,907,9,1,1,0,4,1, , ,N,1,0,0,3,0,1,5,3,N,N,39 58:13.818,75 13:50.134,907, ,907,3,2,1,N, ,0,Y, , , , ,810411, , , ,3,2,0,0,0,0,1,0,0,0,0,1,1,0,0,0,0,0,0,0,0,2,0,0,0,0,0,0,0,0,0,0,0,0,0,4,0,39.9705,-75.2306, , 
 ,72437,2011056411,6,67,67301,2011,5,5,1200,12,1,1,0,8,5, , ,N,10,0,7,3,0,1,2,2,N, ,39 56:26.771,75 09:57.851,1349, ,1340, ,0, ,N, ,0, , , , , ,810424, , , ,1,0,0,0,0,0,1,0,0,0,0,0,1,1,0,0,0,0,0,0,0,0,0,0,0,0,0,0,0,0,0,0,1,0,0,8,0,39.9408,-75.1661, , 
 ,72438,2011023310,6,67,67301,2011,1,7,910,9,1,4,3,8,1, , ,N,1,2,0,3,0,1,2,2,N,N,40 01:17.505,75 03:06.381,930, ,923, ,0, ,N, ,3, , , , , ,810457, , , ,1,0,0,0,0,0,0,1,0,0,0,0,1,1,0,0,0,0,0,0,0,0,0,0,0,0,0,0,0,0,0,0,1,0,0,8,0,40.0215,-75.0518, , 
 ,72439,2011029445,6,67,67301,2011,2,2,1355,13,1,1,0,5,1, , ,N,3,2,0,3,0,0,5,2,N,N,40 01:48.146,75 06:11.546,1404, ,1358,1,1,4,N, ,3,N, , , , ,810458, , , ,2,2,0,0,0,0,0,0,0,0,0,0,0,0,0,0,0,0,0,0,0,0,0,0,0,0,0,0,0,0,0,0,0,0,0,0,0,40.03,-75.1032, , 
 ,72440,2011031458,6,67,67301,2011,2,3,1030,10,1,4,3,1,1, , ,N,2,0,0,3,0,1,2,2,N,N,40 01:11.133,75 12:38.068,1044, ,1038, ,0, ,N, ,0, , , , , ,810460, , , ,2,2,0,0,0,0,0,0,0,0,0,0,1,1,0,0,0,0,0,0,0,0,0,0,0,0,0,0,0,0,0,0,0,0,0,8,0,40.0196,-75.2107, , 
 ,72441,2011037908,6,67,67301,2011,3,7,1328,13,1,1,0,8,1, , ,N,2,0,0,3,0,2,3,3, , ,39 59:37.584,75 08:51.722,1331, ,1330, ,0, , , ,0, , , , , ,810469, , , ,1,1,0,0,0,0,0,0,0,0,1,0,2,1,0,0,0,0,0,0,0,0,0,0,0,0,0,0,0,0,0,0,2,0,0,3,0,39.9938,-75.1477, , 
 ,72442,2011053571,6,67,67301,2011,4,4,2104,21,3,1,0,8,1, , ,N,1,0,0,3,0,1,2,2,N, ,40 01:02.074,75 08:23.121,1510, ,1510, ,0, , , ,0, , , , , ,810479, , , ,1,0,0,0,0,0,0,0,0,0,0,0,1,1,1,0,0,0,0,0,0,0,0,0,0,0,0,0,0,0,0,0,1,0,0,8,0,40.0172,-75.1398, , 
 ,72443,2011028916,6,67,67301,2011,2,2,1010,10,1,1,1,5,6, , ,N,0,0,0,3,0,1,2,2,N, ,39 56:50.222,75 09:33.429,1015, ,1010, ,0, , , ,0, , , , , ,810506, , , ,1,1,0,0,0,0,0,0,1,0,0,1,1,0,0,0,0,0,0,0,1,0,0,0,0,0,0,0,0,0,0,0,0,0,0,4,0,39.9473,-75.1593, , 
 ,72444,2011040355,6,67,67301,2011,3,5,1700,17,1,1,0,4,1, , ,N,0,0,7,3,0,1,2,2,N,N,39 55:12.532,75 12:47.516,1733, ,1559, ,0, ,N, ,0, , , , , ,810520, , , ,2,1,0,0,0,1,0,0,0,0,0,1,1,0,0,0,0,0,0,0,0,0,0,0,0,0,0,0,0,0,0,0,0,0,0,4,1,39.9201,-75.2132, , 
 ,72445,2011044624,6,67,67301,2011,4,6,2159,21,3,1,0,4,1, , ,N,1,3,0,3,0,1,2,2, , ,39 59:57.040,75 08:03.901,2202, ,2201, ,0, , , ,3, , , , , ,810527, , , ,2,0,0,0,2,0,0,0,0,0,0,0,1,1,0,0,0,0,0,0,0,0,0,0,0,0,0,0,0,0,0,0,0,0,0,8,0,39.9992,-75.1344, , 
 ,72446,2011045504,6,67,67301,2011,4,3,803,8,1,1,0,1,1, , ,N,0,0,0,3,0,0,2,2,N,N,39 57:27.590,75 09:37.035,828, ,809, ,0, ,N, ,0, , , , , ,810528, , , ,2,1,0,0,0,0,1,0,0,0,0,0,0,0,0,0,0,0,0,0,0,0,0,0,0,0,0,0,0,0,0,0,0,0,0,0,0,39.9577,-75.1603, , 
 ,72447,2011066256,6,67,67301,2011,5,6,100,1,3,1,0,4,1, , ,N,0,2,0,3,0,1,2,2,N,N,40 02:34.453,75 08:37.613,100, ,100, ,0, ,N, ,3, , , , , ,810543, , , ,2,2,0,0,0,0,0,0,0,0,0,1,1,0,0,0,0,0,0,1,0,0,0,0,0,0,0,0,0,0,0,0,0,0,0,4,0,40.0429,-75.1438, , 
 ,72448,2011075768,6,67,67301,2011,6,6,1845,18,1,1,0,2,9, , ,N,1,3,0,3,0,1,3,2,N,N,39 58:25.183,75 14:46.708,2107, ,2105, ,0, ,N, ,9, , , , , ,810549, , , ,2,1,0,0,0,0,0,1,0,0,1,0,1,0,2,0,0,0,0,0,0,0,0,0,0,0,0,0,0,0,0,0,0,0,0,3,0,39.9737,-75.2463, , 
 ,72449,2011082427,6,67,67301,2011,7,1,1745,17,1,1,0,7,3, , ,N,1,2,0,3,0,1,1,1,N, ,40 01:08.216,75 08:49.391,1746, ,1745, ,0, , , ,3, , , , , ,810559, , , ,1,0,1,0,0,0,0,0,0,0,0,0,1,1,0,0,0,0,0,0,0,0,0,0,0,0,0,0,0,0,0,0,0,0,0,8,0,40.0189,-75.1471, , 
 ,72450,2011047301,6,67,67301,2011,4,3,1240,12,1,2,1,4,1, , ,N,1,2,0,3,0,6,7,3,N,N,40 01:41.707,75 05:05.272,1306, ,1301, ,0, ,N, ,3, , , , , ,815297, , , ,3,3,0,0,0,0,0,0,0,0,0,0,6,6,0,0,0,0,0,0,0,0,0,0,0,0,0,0,0,0,0,0,0,0,0,8,0,40.0283,-75.0848, , 
 ,72451,2011064040,6,67,67301,2011,6,4,2115,21,3,1,0,4,1, , ,N,0,0,0,3,0,1,3,2,N,Y,39 59:27.753,75 06:51.989,2120, ,2117, ,0, , , ,0, , , , , ,815343, , , ,1,1,0,0,0,0,0,0,1,0,1,0,1,0,0,0,0,0,0,0,0,0,0,0,0,0,0,0,0,0,0,0,0,0,0,3,0,39.991,-75.1144, , 
 ,72452,2011075797,6,67,67301,2011,6,5,105,1,3,1,0,5,1, , ,N,0,0,0,3,0,1,2,3,N,N,39 55:56.260,75 11:01.100,114, ,111, ,0, ,N, ,0, , , , , ,815353, , , ,2,1,0,1,0,0,0,0,0,0,0,0,1,1,0,0,0,0,0,0,0,0,0,0,0,0,0,0,0,0,0,0,1,0,0,8,1,39.9323,-75.1836, , 
 ,72453,2011064185,6,67,67301,2011,5,3,1415,14,1,2,1,4,1, , ,N,2,3,0,3,0,1,2,2,N,N,39 56:57.850,75 14:58.322,1450, ,1421, ,0, ,N, ,3, , , , , ,815359, , , ,2,2,0,0,0,0,0,0,0,0,0,0,1,1,0,0,0,0,0,0,2,0,0,0,0,0,0,0,0,0,0,0,0,0,0,8,0,39.9494,-75.2495, , 
 ,72454,2011082693,6,67,67301,2011,7,3,1310,13,1,1,0,4,1, , ,N,2,3,0,3,0,2,3,2,N,N,40 01:37.426,75 02:33.327,1318, ,1315, ,0, , , ,3, , , , , ,815377, , , ,2,1,0,0,1,0,0,0,0,0,0,0,2,2,0,0,0,0,0,0,0,0,0,0,0,0,0,0,0,0,0,0,0,0,0,8,0,40.0271,-75.0426, , 
 ,72455,2011101141,6,67,67301,2011,8,2,2159,21,3,1,0,4,1, , ,N,7,0,2,3,0,0,2,2,N,N,39 53:02.954,75 14:39.927,2230, ,2203, ,0, ,N, ,0, , , , , ,815396, , , ,2,2,0,0,0,0,0,0,0,0,0,0,0,0,0,0,0,0,0,0,0,0,0,0,0,0,0,0,0,0,0,0,0,0,0,0,0,39.8842,-75.2444, , 
 ,72456,2011068425,6,67,67301,2011,6,3,9999,99,1,1,0,5,1, , ,N,1,2,0,3,0,1,2,2,N,N,40 00:30.590,75 05:01.650,900, ,857,2,2,5, , ,3,Y, , , , ,815400, , , ,2,0,1,0,1,0,0,0,0,0,0,0,1,1,1,0,0,0,0,0,0,0,0,0,0,0,0,0,0,0,0,0,0,0,0,8,0,40.0085,-75.0838, , 
 ,72457,2011074423,6,67,67301,2011,6,1,1807,18,1,1,0,7,2, , ,N,6,0,2,3,0,3,5,2,N,N,39 57:24.144,75 08:32.205,1818, ,1818,2,2,3,N, ,0,N, , , , ,815403, , , ,2,2,0,0,0,0,0,0,0,0,0,3,3,0,0,0,0,0,0,0,0,0,0,0,0,0,0,0,0,0,0,0,0,0,0,4,0,39.9575,-75.1467, , 
 ,72458,2011056159,6,67,67301,2011,5,4,1643,16,1,1,0,1,1, , ,N,0,0,0,3,0,0,3,3,N,N,39 57:34.923,75 10:35.158,1707, ,1649,2,2,4,N, ,0,N, , , , ,815407, , , ,3,1,0,0,0,0,2,0,0,0,0,0,0,0,0,0,0,0,0,0,1,0,0,0,0,0,0,0,0,0,0,0,0,0,0,0,0,39.9597,-75.1764, , 
 ,72459,2011056845,6,67,67301,2011,5,3,9999,99,3,1,0,7,5, , ,N,3,0,0,3,0,1,3,1,N,N,40 05:20.745,75 02:44.078,2030, ,2022,1,1,5,N, ,0,Y, , , , ,815408, , , ,1,1,0,0,0,0,0,0,0,0,0,0,1,1,1,0,0,0,1,0,0,0,0,0,0,0,0,0,0,0,0,0,0,0,0,8,0,40.0891,-75.0456, , 
 ,72460,2011060507,6,67,67301,2011,5,3,1901,19,1,1,0,0,1, , ,N,2,0,0,3,1,0,1,1,N,N,40 03:43.344,74 59:19.744,1910, ,1908, ,0, ,N,0,0, , , , , ,815412, , , ,1,0,1,0,0,0,0,0,0,0,0,0,0,0,0,0,0,0,0,0,0,0,0,0,0,0,0,0,1,0,0,0,0,0,0,1,0,40.062,-74.9888,1, 
 ,72461,2011076264,6,67,67301,2011,6,4,1651,16,1,1,0,4,1, , ,N,2,2,0,3,0,1,2,2, ,N,39 58:25.181,75 12:31.951,1657, ,1652, ,0, ,N, ,3, , , , , ,815420, , , ,1,1,0,0,0,0,0,0,1,0,0,1,1,0,0,0,0,0,0,0,1,0,0,0,0,0,0,0,0,0,0,0,0,0,0,4,0,39.9736,-75.2089, , 
 ,72462,2011085460,6,67,67301,2011,7,6,1520,15,1,1,0,8,1, , ,N,1,2,0,3,0,1,2,2,N, ,40 03:07.696,75 04:04.036,1530, ,1525, ,0, , , ,2, , , , , ,815434, , , ,1,0,0,0,0,0,0,1,0,0,0,0,1,1,0,0,0,0,0,0,0,0,0,0,0,0,0,0,0,0,0,0,1,0,0,8,0,40.0521,-75.0678, , 
 ,72463,2011065539,6,67,67301,2011,5,6,9999,99,1,1,0,8,1, , ,N,0,0,0,3,0,1,2,2,N,N,39 55:12.285,75 10:32.143,1415, ,1406, ,0, , , ,0, , , , , ,815458, , , ,1,0,0,0,0,0,1,0,0,0,1,0,1,0,0,0,0,0,0,0,1,0,0,1,0,0,0,0,0,0,0,0,1,0,0,3,0,39.9201,-75.1756, , 
 ,72464,2011082471,6,67,67301,2011,7,7,1530,15,1,1,0,1,1, , ,N,2,0,0,3,0,2,2,2,N,N,40 04:26.723,75 10:40.881,1555, ,1545, ,0, ,N, ,0, , , , , ,815471, , , ,2,1,0,0,0,0,1,0,0,0,1,1,2,0,0,0,0,0,0,0,0,1,0,0,0,0,0,0,0,0,0,0,0,0,0,3,0,40.0741,-75.178, , 
 ,72465,2011082684,6,67,67301,2011,6,7,2234,22,3,1,0,7,1, , ,N,0,0,0,3,0,3,3,1,N,N,40 00:52.260,75 10:41.972,2250, ,2235,9,2,2,N, ,0,Y, , , , ,815472, , , ,1,1,0,0,0,0,0,0,0,0,1,2,3,0,0,0,0,0,0,0,0,0,0,0,0,0,0,0,0,0,0,0,0,0,0,3,0,40.0145,-75.1783, , 
 ,72466,2011087877,6,67,67301,2011,8,4,518,5,5,1,0,1,1, , ,N,0,0,0,3,0,2,3,3,N,N,40 01:10.570,75 08:24.925,535, ,520,1,2,4,N, ,0,N, , , , ,815475, , , ,3,3,0,0,0,0,0,0,0,0,1,1,2,0,0,0,0,0,0,0,2,0,0,0,0,0,0,0,0,0,0,0,0,0,0,3,0,40.0196,-75.1403, , 
 ,72467,2011090521,6,67,67301,2011,8,2,1529,15,1,1,0,4,1, , ,N,1,2,0,3,0,2,3,2,N, ,40 01:33.389,75 02:35.691,1604, ,1600, ,0, , , ,3, , , , , ,815478, , , ,2,1,0,0,0,0,1,0,0,0,0,0,2,2,0,0,0,0,1,0,0,0,0,3,0,0,0,0,0,0,0,0,0,0,0,8,0,40.0259,-75.0432, , 
 ,72468,2011082122,6,67,67301,2011,8,7,308,3,3,1,0,7,4, , ,N,0,0,0,3,0,1,2,1,N,N,39 55:32.994,75 11:38.791,317, ,313, ,0, ,N, ,0, , , , , ,803132, , , ,1,1,0,0,0,0,0,0,0,0,0,1,1,0,0,0,0,0,0,0,0,0,0,1,0,0,0,0,0,0,0,0,0,0,0,4,0,39.9258,-75.1941, , 
 ,72469,2011073860,6,67,67301,2011,6,1,1140,11,1,1,0,8,1, , ,N,1,2,0,3,0,1,2,2,N,N,39 59:48.193,75 06:55.752,1200, ,1150, ,0, , , ,3, , , , , ,803170, , , ,1,0,0,0,0,0,0,1,0,0,0,1,1,0,0,0,0,0,0,0,0,0,0,0,0,0,0,0,0,0,0,0,1,0,0,4,0,39.9967,-75.1155, , 
 ,72470,2011092928,6,67,67301,2011,8,7,2228,22,3,1,0,7,2, , ,N,0,0,0,3,0,1,2,1,N, ,40 00:06.259,75 10:27.881,2234, ,2231, ,0, , , ,0, , , , , ,803190, , , ,1,1,0,0,0,0,0,0,0,0,0,0,1,1,1,0,0,0,0,0,0,0,0,1,0,0,0,0,0,0,0,0,0,0,0,8,0,40.0017,-75.1744, , 
 ,72471,2011106119,6,67,67301,2011,9,3,2112,21,3,1,0,8,1, , ,N,0,0,0,3,0,1,2,2,N, ,39 54:14.500,75 09:46.490,2118, ,2114,1,1,4, , ,0,N, , , , ,803200, , , ,1,0,0,0,1,0,0,0,0,0,1,0,1,0,0,0,0,0,0,0,0,0,0,0,0,0,0,0,0,0,0,0,1,0,0,3,0,39.904,-75.1629, , 
 ,72472,2011106995,6,67,67301,2011,9,2,1140,11,1,1,0,1,1, , ,N,0,0,0,3,0,1,2,2,N,N,39 57:03.450,75 10:02.040,1200, ,1145,1,1,1,N, ,0,N, , , , ,803201, , , ,2,1,0,0,0,0,1,0,0,0,0,0,1,1,0,0,0,0,0,1,1,0,0,0,0,0,0,0,0,0,0,0,0,0,0,8,0,39.951,-75.1672, , 
 ,72473,2011062980,6,67,67301,2011,6,6,2025,20,4,1,0,1,1, , ,N,0,0,0,3,0,0,2,2,N,N,39 55:39.382,75 11:44.045,2037, ,2029,1,2,4,N, ,0,N, , , , ,803209, , , ,2,2,0,0,0,0,0,0,0,0,0,0,0,0,0,0,0,0,0,0,0,0,0,0,0,0,0,0,0,0,0,0,0,0,0,0,0,39.9276,-75.1956, , 
 ,72474,2011075816,6,67,67301,2011,7,6,1600,16,1,1,0,8,1, , ,N,2,2,0,3,0,1,2,2, , ,40 02:16.795,75 05:19.253,1700, ,1648, ,0, , , ,9, , , , , ,803216, , , ,1,1,0,0,0,0,0,0,0,0,0,0,1,1,1,0,0,0,0,0,0,0,0,1,0,0,0,0,0,0,0,0,1,0,0,8,0,40.038,-75.0887, , 
 ,72475,2011087942,6,67,67301,2011,7,1,9999,99,1,1,0,2,1, , ,N,0,0,0,3,0,1,4,2,N,N,40 01:54.712,75 10:06.201,1939, ,1937, ,0, , , ,0, , , , , ,803226, , , ,2,2,0,0,0,0,0,0,0,0,0,0,1,1,0,0,0,1,0,1,0,0,0,0,0,0,0,0,0,0,0,0,0,0,0,8,0,40.0319,-75.1684, , 
 ,72476,2011108674,6,67,67301,2011,10,4,803,8,1,1,0,1,1, , ,N,10,0,0,3,0,1,2,2,N,N,40 06:27.747,74 59:47.678,807, ,805,1,1,2,N, ,0,N, , , , ,803248, , , ,2,0,0,0,0,1,1,0,0,0,0,0,1,1,0,0,0,0,0,0,1,0,0,0,0,0,0,0,0,0,0,0,0,0,0,8,1,40.1077,-74.9966, , 
 ,72477,2011108895,6,67,67301,2011,9,6,2050,20,3,2,1,4,1, , ,N,2,2,0,3,0,1,5,4,N,N,40 01:17.505,75 03:06.381,2105, ,2102, ,0, ,N, ,3, , , , , ,803249, , , ,4,1,0,0,0,0,2,1,0,0,0,1,1,0,0,0,0,0,0,0,0,0,0,0,0,0,0,0,0,0,0,0,0,0,0,4,0,40.0215,-75.0518, , 
 ,72478,2011061805,6,67,67301,2011,5,3,745,7,1,2,1,4,1, , ,N,0,0,7,3,0,3,4,4,N,N,40 01:56.680,75 01:58.180,805, ,759, ,0, ,N, ,0, , , , , ,803256, , , ,4,2,0,0,0,0,2,0,0,0,0,3,3,0,0,0,0,0,0,0,1,0,0,0,0,0,0,0,0,0,0,0,0,0,0,4,0,40.0324,-75.0328, , 
 ,72479,2011037981,6,67,67301,2011,3,6,1910,19,3,1,0,6,1, , ,N,0,0,0,3,0,0,2,2,N,N,40 02:32.470,75 12:05.048,1920, ,1915, ,0, ,N, ,0, , , , , ,803273, , , ,2,1,0,0,0,0,1,0,0,0,0,0,0,0,0,0,1,0,0,0,0,0,0,0,0,0,0,0,0,0,0,0,0,0,0,0,0,40.0424,-75.2014, , 
 ,72480,2011047298,6,67,67301,2011,4,3,915,9,1,2,1,4,1, , ,N,0,0,7,3,0,1,2,2, , ,39 54:45.820,75 09:00.970,930, ,919, ,0, , , ,0, , , , , ,803282, , , ,1,1,0,0,0,0,0,0,1,0,0,1,1,0,0,0,0,0,0,0,1,0,0,0,0,0,0,0,0,0,0,0,0,0,0,4,0,39.9127,-75.1503, , 
 ,72481,2011061876,6,67,67301,2011,5,1,30,0,3,1,0,1,1, , ,N,1,2,0,3,0,0,52,2, , ,40 01:34.507,75 07:01.776,35, ,29,1,1,1, , ,3,N, , , , ,803297, , , ,2,1,0,1,0,0,0,0,0,0,0,0,0,0,1,0,0,0,0,0,0,0,0,0,0,0,0,0,0,0,0,0,0,0,0,9,1,40.0262,-75.1174, , 
 ,72482,2011065281,6,67,67301,2011,3,7,9999,99,1,1,0,4,1, , ,N,1,2,0,3,0,2,3,2,N,N,39 59:33.432,75 10:05.681,9999, ,1402, ,0, ,N, ,3, , , , , ,803301, , , ,2,2,0,0,0,0,0,0,0,0,0,1,2,1,0,0,0,0,0,0,0,0,0,2,0,0,0,0,0,0,0,0,0,0,0,4,0,39.9926,-75.1682, , 