wz_ln_closure,objectid_1,crn,district,county,municipality,crash_year,crash_month,day_of_week,time_of_day,hour_of_day,illumination,weather,road_condition,collision_type,relation_to_road,work_zone_type,work_zone_loc,work_zone_ind,intersect_type,tcd_type,location_type,urban_rural,fatal_count,injury_count,person_count,total_units,sch_bus_ind,sch_zone_ind,latitude,longitude,arrival_tm,cons_zone_spd_lim,dispatch_tm,est_hrs_closed,lane_closed,ln_close_dir,ntfy_hiwy_maint,spec_juris_cd,tcd_func_cd,tfc_detour_ind,workers_pres,wz_close_detour,wz_flagger,wz_law_offcr_ind,objectid,wz_moving,wz_other,wz_shlder_mdn,vehicle_count,automobile_count,motorcycle_count,bus_count,small_truck_count,heavy_truck_count,suv_count,van_count,bicycle_count,maj_inj_count,mod_inj_count,min_inj_count,tot_inj_count,unk_inj_deg_count,unk_inj_per_count,driver_count_16yr,driver_count_17yr,driver_count_18yr,driver_count_19yr,driver_count_20yr,driver_count_50_64yr,driver_count_65_74yr,driver_count_75plus,unbelted_occ_count,unb_death_count,unb_maj_inj_count,belted_death_count,belted_maj_inj_count,mcycle_death_count,mcycle_maj_inj_count,bicycle_death_count,bicycle_maj_inj_count,ped_count,ped_death_count,ped_maj_inj_count,max_severity_level,comm_veh_count,dec_lat,dec_long,rdwy_surf_type_cd,county_name
 ,72483,2011066065,6,67,67301,2011,5,7,130,1,3,1,0,7,2, , ,N,1,2,0,3,0,1,1,1,N,N,39 57:25.027,75 10:33.549,130, ,125, ,0, ,N, ,3, , , , , ,803302, , , ,1,1,0,0,0,0,0,0,0,0,1,0,1,0,0,0,0,0,0,0,0,0,0,0,0,0,0,0,0,0,0,0,0,0,0,3,0,39.957,-75.176, , 
 ,72484,2011112180,6,67,67301,2011,10,3,855,8,1,1,0,4,1, , ,N,1,3,0,3,0,1,2,2,N,N,40 01:15.553,75 09:50.223,900, ,857, ,0, ,N, ,3, , , , , ,803303, , , ,2,0,0,0,0,0,2,0,0,0,0,1,1,0,0,0,0,0,0,0,1,0,0,0,0,0,0,0,0,0,0,0,0,0,0,4,0,40.021,-75.164, , 
 ,72485,2011075381,6,67,67301,2011,7,7,416,4,3,1,0,1,1, , ,N,0,0,0,3,0,1,2,2,N,N,39 58:46.543,75 06:25.186,425, ,417,1,1,2,N, ,0,N, , , , ,803317, , , ,2,2,0,0,0,0,0,0,0,0,0,1,1,0,0,0,0,0,0,0,0,0,0,1,0,0,0,0,0,0,0,0,0,0,0,4,0,39.9796,-75.1071, , 
 ,72486,2011115488,6,67,67301,2011,10,2,1436,14,1,1,0,4,2, , ,N,0,2,0,3,0,0,2,2,N,N,39 56:17.358,75 13:15.920,1708, ,1648, ,0, ,N, ,3, , , , , ,806821, , , ,2,1,0,0,1,0,0,0,0,0,0,0,0,0,0,0,0,0,0,0,1,0,0,0,0,0,0,0,0,0,0,0,0,0,0,0,0,39.9382,-75.2211, , 
 ,72487,2011056759,6,67,67301,2011,5,1,1302,13,1,1,0,4,1, , ,N,1,3,0,3,0,3,5,2,N,N,39 58:02.200,75 13:07.143,1305, ,1302, ,0, ,N, ,3, , , , , ,806830, , , ,2,2,0,0,0,0,0,0,0,0,0,0,3,3,2,0,0,0,0,0,1,0,0,0,0,0,0,0,0,0,0,0,0,0,0,8,0,39.9673,-75.2187, , 
 ,72488,2011073182,6,67,67301,2011,6,7,1400,14,1,1,0,7,5, , ,N,0,0,0,3,0,0,1,1,N,N,40 01:18.807,75 11:38.196,1412, ,1410,1,1,2,N, ,0,N, , , , ,806834, , , ,1,0,0,0,0,0,1,0,0,0,0,0,0,0,0,0,0,0,0,0,0,0,0,0,0,0,0,0,0,0,0,0,0,0,0,0,0,40.0219,-75.1939, , 
 ,72489,2011082488,6,67,67301,2011,7,2,2207,22,2,1,0,8,1, , ,N,0,0,0,3,0,1,2,2,N,N,39 57:47.304,75 11:45.063,2212, ,2207, ,0, ,N, ,0, , , , , ,806846, , , ,1,1,0,0,0,0,0,0,0,0,0,0,1,1,0,0,0,0,0,0,0,0,0,0,0,0,0,0,0,0,0,0,1,0,0,8,0,39.9631,-75.1959, , 
 ,72490,2011082687,6,67,67301,2011,6,2,1150,11,1,1,0,5,1, , ,N,1,2,0,3,0,1,2,2,N,N,39 57:27.736,75 09:44.915,1156, ,1152, ,0, ,N, ,3, , , , , ,806847, , , ,2,1,0,0,0,0,1,0,0,0,0,1,1,0,0,0,0,0,0,0,0,0,0,0,0,0,0,0,0,0,0,0,0,0,0,4,0,39.9577,-75.1624, , 
 ,72491,2011085476,6,67,67301,2011,7,1,601,6,1,1,0,1,1, , ,N,0,0,3,3,0,0,2,2,N, ,39 54:19.586,75 11:40.989,601, ,554, ,0, , , ,0, , , , , ,806852, , , ,2,2,0,0,0,0,0,0,0,0,0,0,0,0,0,0,0,0,0,0,2,0,0,1,0,0,0,0,0,0,0,0,0,0,0,0,0,39.9054,-75.1947, , 
 ,72492,2011095496,6,67,67301,2011,8,7,1518,15,1,2,1,1,1, , ,N,1,0,0,3,0,1,3,2,N,N,40 01:25.957,75 10:36.512,1534, ,1533, ,0, ,N, ,0, , , , , ,806868, , , ,2,2,0,0,0,0,0,0,0,0,0,0,1,1,1,0,0,1,0,0,0,0,0,0,0,0,0,0,0,0,0,0,0,0,0,8,0,40.0239,-75.1768, , 
 ,72493,2011015753,6,67,67301,2011,2,5,1832,18,3,1,0,1,1, , ,N,0,0,0,3,0,1,2,2,N,N,39 59:11.183,75 12:28.631,1837, ,1837,1,1,4,N, ,0,N, , , , ,806879, , , ,2,1,0,0,0,0,1,0,0,0,0,1,1,0,0,0,0,0,0,0,0,0,0,0,0,0,0,0,0,0,0,0,0,0,0,4,0,39.9864,-75.208, , 
 ,72494,2011033586,6,67,67301,2011,2,2,916,9,1,2,1,5,6, , ,N,0,0,0,3,0,1,1,2,N,N,39 55:56.160,75 10:51.310,9999, ,916,3,2,4,N, ,0,Y, , , , ,806896, , , ,2,2,0,0,0,0,0,0,0,0,0,1,1,0,0,0,0,0,0,0,0,0,1,0,0,0,0,0,0,0,0,0,0,0,0,4,0,39.9323,-75.1809, , 
 ,72495,2011040244,6,67,67301,2011,3,3,1318,13,1,1,0,5,6, , ,N,0,0,0,3,0,1,1,2,N,N,39 58:36.771,75 16:21.608,1323, ,1319,1,1,4,N, ,0,N, , , , ,806903, , , ,2,2,0,0,0,0,0,0,0,0,0,1,1,0,0,0,0,0,0,0,1,0,0,0,0,0,0,0,0,0,0,0,0,0,0,4,0,39.9769,-75.2727, , 
 ,72496,2011053488,6,67,67301,2011,4,6,145,1,3,1,0,5,2, , ,N,0,0,0,3,0,1,2,2,N,N,40 00:45.234,75 09:09.219,148, ,147, ,0, ,N, ,0, , , , , ,806911, , , ,2,1,0,0,0,0,1,0,0,0,0,1,1,0,1,0,0,0,1,0,0,0,0,1,0,0,0,0,0,0,0,0,0,0,0,4,0,40.0126,-75.1526, , 
 ,72497,2011054215,6,67,67301,2011,4,6,1225,12,1,1,0,1,1, , ,N,1,2,0,3,0,1,3,2,N,N,40 01:42.057,75 05:16.992,1235, ,1230, ,0, ,N, ,3, , , , , ,806913, , , ,2,2,0,0,0,0,0,0,0,0,0,1,1,0,0,0,0,0,0,0,0,0,0,0,0,0,0,0,0,0,0,0,0,0,0,4,0,40.0284,-75.088, , 
 ,72498,2011054382,6,67,67301,2011,4,6,1205,12,1,1,0,4,1, , ,N,1,2,0,3,0,1,4,2,N,N,39 59:31.720,75 05:57.418,1210, ,1207,9,1,3,N, ,3,N, , , , ,806914, , , ,2,1,1,0,0,0,0,0,0,0,0,1,1,0,0,0,0,0,0,0,0,0,0,0,0,0,0,0,0,0,0,0,0,0,0,4,0,39.9921,-75.0993, , 
 ,72499,2011056875,6,67,67301,2011,5,4,1930,19,1,1,0,4,1, , ,N,1,2,0,3,0,3,6,2,N,N,40 02:48.484,75 08:15.133,1945, ,1938, ,0, ,N, ,3, , , , , ,806916, , , ,2,2,0,0,0,0,0,0,0,0,0,1,3,2,0,0,0,0,0,0,0,0,0,6,0,0,0,0,0,0,0,0,0,0,0,4,0,40.0468,-75.1375, , 
 ,72500,2011068296,6,67,67301,2011,4,7,232,2,2,1,1,1,1, , ,N,0,0,0,3,0,1,3,2,N,N,39 56:44.236,75 11:24.139,232, ,232, ,0, ,N, ,0, , , , , ,806929, , , ,2,1,0,0,0,0,1,0,0,0,0,1,1,0,0,0,0,0,0,0,0,0,0,0,0,0,0,0,0,0,0,0,0,0,0,4,0,39.9456,-75.19, , 
 ,72501,2011070721,6,67,67301,2011,5,1,335,3,3,1,0,1,1, , ,N,0,0,0,3,0,1,3,2,N,N,40 00:42.776,75 03:37.648,343, ,339, ,0, ,N, ,0, , , , , ,806932, , , ,2,1,0,0,0,0,1,0,0,0,0,1,1,0,0,0,0,0,0,0,0,0,0,0,0,0,0,0,0,0,0,0,0,0,0,4,0,40.0119,-75.0604, , 
 ,72502,2011075666,6,67,67301,2011,7,3,115,1,3,1,0,4,1, , ,N,1,2,0,3,0,0,2,2,N,N,39 57:06.948,75 08:35.827,115, ,115, ,0, ,N, ,3, , , , , ,806937, , , ,2,2,0,0,0,0,0,0,0,0,0,0,0,0,0,0,0,0,0,0,0,0,0,0,0,0,0,0,0,0,0,0,0,0,0,0,0,39.9519,-75.1433, , 
 ,72503,2011082741,6,67,67301,2011,7,5,800,8,1,1,0,4,1, , ,N,0,0,0,3,0,0,1,2,N,N,39 59:05.229,75 06:43.916,830, ,825, ,0, ,N, ,0, , , , , ,806941, , , ,2,2,0,0,0,0,0,0,0,0,0,0,0,0,0,0,0,0,0,0,0,0,0,0,0,0,0,0,0,0,0,0,0,0,0,0,0,39.9848,-75.1122, , 
 ,72504,2011082550,6,67,67301,2011,7,1,52,0,3,1,0,4,1, , ,N,1,2,0,3,0,4,5,2,N, ,40 00:15.124,75 04:38.614,104, ,56, ,0, , , ,3, , , , , ,810560, , , ,2,2,0,0,0,0,0,0,0,0,0,3,4,1,0,0,0,1,0,0,1,0,0,0,0,0,0,0,0,0,0,0,0,0,0,4,0,40.0042,-75.0774, , 
 ,72505,2011088043,6,67,67301,2011,8,2,1657,16,1,1,0,1,1, , ,N,0,0,0,3,0,1,2,2,N,N,40 00:55.414,75 10:11.632,1709, ,1703, ,0, ,N, ,0, , , , , ,810565, , , ,1,1,0,0,0,0,0,0,1,0,0,1,1,0,0,0,0,0,0,0,0,0,0,0,0,0,0,0,0,0,0,0,0,0,0,4,0,40.0154,-75.1699, , 
 ,72506,2011100862,6,67,67301,2011,9,6,1630,16,1,1,0,1,1, , ,N,2,2,0,3,0,1,2,2,N,N,40 04:39.117,75 02:37.534,1634, ,1632, ,0, , , ,2, , , , , ,810576, , , ,2,2,0,0,0,0,0,0,0,0,0,1,1,0,0,0,0,0,0,0,0,0,0,0,0,0,0,0,0,0,0,0,0,0,0,4,0,40.0775,-75.0438, , 
 ,72507,2011101147,6,67,67301,2011,10,7,505,5,3,2,1,7,2, , ,N,0,0,0,3,0,0,1,1,N,N,39 53:56.381,75 10:07.898,526, ,526, ,0, ,N, ,0, , , , , ,810578, , , ,1,1,0,0,0,0,0,0,0,0,0,0,0,0,0,0,0,0,0,0,0,0,0,0,0,0,0,0,0,0,0,0,0,0,0,0,0,39.899,-75.1688, , 
N,72508,2011043509,6,67,67301,2011,4,4,1213,12,1,1,0,1,1,1,4,Y,0,0,0,3,0,0,2,2,N,N,39 54:00.205,75 09:36.848,1238,55,1220, ,0, ,N, ,0, ,Y,N,N,N,810584,N,N,Y,2,1,0,0,0,1,0,0,0,0,0,0,0,0,1,0,0,0,0,0,0,0,0,0,0,0,0,0,0,0,0,0,0,0,0,9,1,39.9001,-75.1602, , 
 ,72509,2011068421,6,67,67301,2011,6,2,925,9,1,1,0,4,1, , ,N,0,0,7,3,0,1,2,2,N,N,40 00:27.561,75 05:52.569,940, ,930,2,2,2,N, ,0,Y, , , , ,810597, , , ,1,1,0,0,0,0,0,0,1,0,0,1,1,0,0,0,0,0,0,0,0,0,0,0,0,0,0,0,0,0,0,0,0,0,0,4,0,40.0077,-75.0979, , 
 ,72510,2011070718,6,67,67301,2011,4,1,307,3,2,1,0,7,5, , ,N,0,0,0,3,0,1,1,1,N,N,39 55:55.314,75 12:00.092,311, ,310,1,1,3,N, ,0,N, , , , ,810599, , , ,1,1,0,0,0,0,0,0,0,0,0,1,1,0,0,0,0,0,0,0,0,0,0,0,0,0,0,0,0,0,0,0,0,0,0,4,0,39.932,-75.2, , 
 ,72511,2011082475,6,67,67301,2011,6,1,1622,16,1,1,0,8,1, , ,N,0,0,0,3,0,1,2,2,N,N,39 59:29.937,75 07:58.060,1631, ,1630, ,0, ,N, ,0, , , , , ,810614, , , ,1,0,0,0,0,0,1,0,0,0,0,1,1,0,0,0,0,0,0,0,0,0,0,0,0,0,0,0,0,0,0,0,1,0,0,4,0,39.9916,-75.1328, , 
 ,72512,2011010605,6,67,67301,2011,1,2,820,8,1,1,0,1,1, , ,N,1,2,0,3,0,1,2,2,Y,Y,40 03:55.668,75 03:09.739,823, ,821,1,1,2,N, ,3,N, , , , ,810634, , , ,2,1,0,1,0,0,0,0,0,0,1,0,1,0,0,0,0,0,0,0,1,0,0,0,0,0,0,0,0,0,0,0,0,0,0,3,1,40.0655,-75.0525, , 
 ,72513,2011075817,6,67,67301,2011,6,2,1608,16,1,1,0,5,1, , ,N,0,0,0,3,0,2,3,2,N,N,39 57:14.733,75 10:08.203,1640, ,1635,2,1,4,N, ,0,N, , , , ,810643, , , ,2,1,0,1,0,0,0,0,0,0,1,1,2,0,0,0,0,0,0,0,1,0,0,1,0,0,0,0,0,0,0,0,0,0,0,3,1,39.9541,-75.1689, , 
 ,72514,2011108758,6,67,67301,2011,9,5,1145,11,1,1,0,8,1, , ,N,1,2,0,3,0,1,2,2,N,N,39 54:56.822,75 09:46.349,1210, ,1202, ,0, ,N, ,3, , , , , ,810672, , , ,1,1,0,0,0,0,0,0,0,0,1,0,1,0,0,0,0,0,0,0,0,0,0,0,0,0,0,0,0,0,0,0,1,0,0,3,0,39.9157,-75.1628, , 
 ,72515,2011082559,6,67,67301,2011,7,6,9999,99,4,2,1,2,1, , ,N,2,0,0,3,0,3,4,3,N,N,39 58:02.991,75 10:52.020,2003, ,2001,2,2,3,N, ,0,N, , , , ,810689, , , ,3,3,0,0,0,0,0,0,0,1,0,0,3,2,0,0,0,0,0,0,0,0,0,1,0,1,0,0,0,0,0,0,0,0,0,2,0,39.9675,-75.181, , 
 ,72516,2011083475,6,67,67301,2011,7,1,1230,12,1,1,0,5,4, , ,N,1,1,0,3,0,1,4,2,N,N,39 57:53.450,75 10:36.355,1235, ,1235, ,0, , , ,3, , , , , ,810690, , , ,1,1,0,0,0,0,0,0,1,0,0,0,1,1,0,0,0,0,0,0,0,0,0,0,0,0,0,0,0,0,0,0,0,0,0,8,0,39.9648,-75.177, , 
 ,72517,2011090417,6,67,67301,2011,8,2,2140,21,3,2,1,4,1, , ,N,1,3,0,3,0,1,2,2,N,N,39 56:30.926,75 09:31.759,2142, ,2141, ,0, ,N, ,3, , , , , ,810701, , , ,1,1,0,0,0,0,0,0,1,0,0,1,1,0,0,0,0,0,0,0,0,0,0,1,0,0,0,0,0,0,0,0,0,0,0,4,0,39.9419,-75.1588, , 
 ,72518,2011090483,6,67,67301,2011,8,7,1335,13,1,1,0,4,1, , ,N,2,3,0,3,0,1,2,2,N, ,40 01:29.154,75 13:18.735,1337, ,1330, ,0, , , ,3, , , , , ,810702, , , ,1,1,0,0,0,0,0,0,1,0,0,1,1,0,0,0,0,0,0,0,0,0,0,1,0,0,0,0,0,0,0,0,0,0,0,4,0,40.0248,-75.2219, , 
 ,72519,2011098110,6,67,67301,2011,9,6,1452,14,1,1,0,6,1, , ,N,0,0,0,3,0,1,2,2,N,N,40 03:49.026,75 03:32.530,1521, ,1516, ,0, ,N, ,0, , , , , ,810707, , , ,2,1,0,0,0,0,0,1,0,0,0,0,1,1,0,0,0,0,0,0,0,1,1,0,0,0,0,0,0,0,0,0,0,0,0,8,0,40.0636,-75.059, , 
 ,72520,2011099584,6,67,67301,2011,9,7,135,1,3,1,0,7,2, , ,N,0,0,0,3,0,0,1,1,N,N,39 58:40.763,75 06:41.821,147, ,136,1,1,2,N, ,0,N, , , , ,810709, , , ,1,1,0,0,0,0,0,0,0,0,0,0,0,0,1,0,0,0,0,0,0,0,0,0,0,0,0,0,0,0,0,0,0,0,0,9,0,39.978,-75.1116, , 
 ,72521,2011100869,6,67,67301,2011,9,4,645,6,1,2,1,8,1, , ,N,2,2,0,3,0,1,2,2,N,N,40 03:24.505,75 09:38.479,800, ,745, ,0, ,N, ,3, , , , , ,810710, , , ,1,0,0,0,0,0,1,0,0,0,0,1,1,0,0,0,0,0,0,0,0,0,0,0,0,0,0,0,0,0,0,0,1,0,0,4,0,40.0568,-75.1607, , 
 ,72522,2011105114,6,67,67301,2011,10,5,1707,17,1,1,1,1,1, , ,N,0,0,0,3,0,0,2,2,N,N,39 58:53.825,75 06:07.768,1715, ,1710, ,0, ,N, ,0, , , , , ,814466, , , ,2,2,0,0,0,0,0,0,0,0,0,0,0,0,0,0,0,0,0,0,0,0,0,0,0,0,0,0,0,0,0,0,0,0,0,0,0,39.9816,-75.1021, , 
 ,72523,2011108855,6,67,67301,2011,9,7,2100,21,3,1,0,4,1, , ,N,5,2,0,3,0,3,5,3,N,N,40 00:17.801,75 10:43.939,2105, ,2100, ,0, ,N, ,3, , , , , ,814468, , , ,3,3,0,0,0,0,0,0,0,0,0,3,3,0,0,0,0,0,0,0,0,0,0,0,0,0,0,0,0,0,0,0,0,0,0,4,0,40.0049,-75.1787, , 
 ,72524,2011061739,6,67,67301,2011,5,1,225,2,3,1,0,4,6, , ,N,0,0,7,3,0,0,3,4,N,N,39 57:42.839,75 09:21.949,230, ,229, ,0, ,N, ,0, , , , , ,814494, , , ,4,2,0,0,0,0,2,0,0,0,0,0,0,0,0,0,0,0,0,0,0,0,0,0,0,0,0,0,0,0,0,0,0,0,0,0,0,39.9619,-75.1561, , 
 ,72525,2011066566,6,67,67301,2011,6,2,1314,13,1,1,0,1,1, , ,N,0,0,0,3,0,2,5,2,N,N,39 57:49.069,75 08:18.464,1330, ,1316, ,0, ,N, ,0, , , , , ,814501, , , ,2,1,0,0,0,1,0,0,0,0,0,2,2,0,0,0,0,0,0,0,0,1,0,1,0,0,0,0,0,0,0,0,0,0,0,4,1,39.9635,-75.1386, , 
 ,72526,2011068366,6,67,67301,2011,6,5,800,8,1,1,0,4,1, , ,N,1,3,0,3,0,1,2,2,N,N,40 02:32.695,75 06:18.240,842, ,826, ,0, ,N, ,3, , , , , ,814503, , , ,2,2,0,0,0,0,0,0,0,0,0,1,1,0,0,0,0,0,0,0,1,0,0,0,0,0,0,0,0,0,0,0,0,0,0,4,0,40.0424,-75.1051, , 
 ,72527,2011085397,6,67,67301,2011,7,7,2208,22,3,1,0,5,1, , ,N,1,2,0,3,0,1,2,2,N, ,39 55:03.039,75 10:34.125,2308, ,2308, ,0, , , ,3, , , , , ,814517, , , ,2,1,0,0,1,0,0,0,0,0,0,0,1,1,0,0,0,0,0,1,0,0,0,0,0,0,0,0,0,0,0,0,0,0,0,8,0,39.9175,-75.1761, , 
 ,72528,2011093040,6,67,67301,2011,8,4,1541,15,1,1,0,4,1, , ,N,5,2,0,3,0,2,5,2,N,N,40 02:06.421,75 04:15.407,1546, ,1542,1,1,5,N, ,3,N, , , , ,814524, , , ,2,1,0,0,0,0,0,1,0,0,0,2,2,0,0,0,0,0,0,0,0,0,0,0,0,0,0,0,0,0,0,0,0,0,0,4,0,40.0353,-75.0706, , 
 ,72529,2011054050,6,67,67301,2011,4,6,1702,17,1,1,0,2,1, , ,N,2,2,0,3,0,1,2,2,N,N,39 57:38.457,75 14:34.859,1706, ,1705, ,0, ,N, ,3, , , , , ,814537, , , ,2,1,0,0,0,0,1,0,0,0,1,0,1,0,0,0,0,0,0,0,0,1,0,0,0,0,0,0,0,0,0,0,0,0,0,3,0,39.9607,-75.243, , 
 ,72530,2011056910,6,67,67301,2011,4,7,501,5,3,1,0,6,1, , ,N,0,0,0,3,0,0,2,2,N,N,40 03:04.063,75 08:31.156,503, ,501, ,0, ,N, ,0, , , , , ,814538, , , ,2,1,0,0,1,0,0,0,0,0,0,0,0,0,0,0,0,0,0,0,1,0,0,1,0,0,0,0,0,0,0,0,0,0,0,0,0,40.0511,-75.142, , 
 ,72531,2011098032,6,67,67301,2011,9,6,1025,10,1,1,0,5,1, , ,N,1,0,0,3,0,2,4,2,N, ,40 02:20.018,75 02:05.687,1045, ,1030,9,1,1, , ,0,N, , , , ,814568, , , ,2,1,0,1,0,0,0,0,0,0,0,2,2,0,2,0,0,0,0,0,1,0,1,1,0,0,0,0,0,0,0,0,0,0,0,4,1,40.0389,-75.0349, , 
 ,72532,2011112081,6,67,67301,2011,9,3,2112,21,3,1,0,7,5, , ,N,1,2,0,3,0,0,1,1,N, ,39 56:50.467,75 09:27.482,2145, ,2112, ,0, , , ,3, , , , , ,814577, , , ,1,1,0,0,0,0,0,0,0,0,0,0,0,0,0,0,0,0,0,0,0,0,0,0,0,0,0,0,0,0,0,0,0,0,0,0,0,39.9474,-75.1576, , 
 ,72533,2011112232,6,67,67301,2011,10,3,1043,10,1,1,0,4,1, , ,N,1,2,0,3,0,2,2,2,N,N,40 00:25.549,75 05:38.543,1240, ,1237, ,0, ,N, ,3, , , , , ,814578, , , ,2,2,0,0,0,0,0,0,0,0,0,2,2,0,0,0,0,0,0,0,0,0,0,0,0,0,0,0,0,0,0,0,0,0,0,4,0,40.0071,-75.094, , 
 ,72534,2011053535,6,67,67301,2011,4,7,1,0,3,1,0,7,4, , ,N,0,0,0,3,0,0,1,1,N,N,39 56:11.357,75 11:08.862,7, ,5, ,0, ,N, ,0, , , , , ,814580, , , ,1,1,0,0,0,0,0,0,0,0,0,0,0,0,0,0,0,0,0,0,0,0,0,0,0,0,0,0,0,0,0,0,0,0,0,0,0,39.9365,-75.1858, , 
 ,72535,2011053583,6,67,67301,2011,4,7,1415,14,1,1,0,4,1, , ,N,1,3,0,3,0,0,2,2,N,N,39 58:40.076,75 09:44.002,1430, ,1420, ,0, ,N, ,2, , , , , ,814581, , , ,2,2,0,0,0,0,0,0,0,0,0,0,0,0,0,0,0,0,0,0,0,0,0,0,0,0,0,0,0,0,0,0,0,0,0,0,0,39.9778,-75.1622, , 
 ,72536,2011053626,6,67,67301,2011,4,2,920,9,1,1,0,4,1, , ,N,0,0,0,3,0,0,3,2,N,N,40 03:59.609,75 04:56.480,938, ,926,2,1,1,N, ,0,Y, , , , ,814582, , , ,2,1,0,0,0,0,1,0,0,0,0,0,0,0,0,0,0,0,0,0,0,0,0,0,0,0,0,0,0,0,0,0,0,0,0,0,0,40.0666,-75.0824, , 
 ,72537,2011061687,6,67,67301,2011,6,2,725,7,1,1,0,1,1, , ,N,0,0,0,3,0,1,2,2,N,N,39 58:51.976,75 06:10.136,729, ,725, ,0, ,N, ,0, , , , , ,814587, , , ,2,1,0,0,0,0,1,0,0,0,0,1,1,0,0,0,0,0,0,0,1,0,0,0,0,0,0,0,0,0,0,0,0,0,0,4,0,39.981,-75.1029, , 
 ,72538,2011088007,6,67,67301,2011,7,6,920,9,1,1,0,4,1, , ,N,1,2,0,3,0,1,2,2,N,N,39 58:12.826,75 08:42.073,926, ,925,9,1,4,N, ,3,N, , , , ,814592, , , ,2,2,0,0,0,0,0,0,0,0,0,0,1,1,0,0,0,0,0,0,0,0,0,0,0,0,0,0,0,0,0,0,0,0,0,8,0,39.9702,-75.1451, , 
 ,72539,2011098093,6,67,67301,2011,9,5,2020,20,1,1,1,1,1, , ,N,10,0,2,3,0,0,2,2,N,N,39 54:10.941,75 10:28.749,2035, ,2028, ,0, ,N, ,0, , , , , ,814599, , , ,2,2,0,0,0,0,0,0,0,0,0,0,0,0,0,0,0,0,0,0,0,0,0,0,0,0,0,0,0,0,0,0,0,0,0,0,0,39.903,-75.1747, , 
 ,72540,2011059054,6,67,67301,2011,6,1,118,1,3,1,0,7,4, , ,N,0,0,0,3,0,1,1,1,Y,Y,39 59:37.948,75 11:57.791,136, ,124,2,2,3,Y, ,0,N, , , , ,814630, , , ,1,0,0,0,0,0,1,0,0,0,0,1,1,0,0,0,0,0,0,0,0,0,0,0,0,0,0,0,0,0,0,0,0,0,0,4,0,39.9939,-75.1994, , 
 ,72541,2011083413,6,67,67301,2011,7,5,2116,21,3,2,1,2,1, , ,N,2,0,0,3,0,1,3,2,N,N,39 57:26.823,75 11:16.299,2118, ,2117,2,2,6,N, ,0,Y, , , , ,803325, , , ,1,0,0,0,0,0,1,0,1,0,0,1,1,0,0,0,0,0,0,0,0,0,0,0,0,0,0,0,0,0,0,0,0,0,0,4,0,39.9575,-75.1879, , 
 ,72542,2011090461,6,67,67301,2011,8,3,109,1,3,1,0,7,2, , ,N,7,0,2,3,0,2,3,1,N, ,39 55:47.585,75 11:53.168,9999, ,112, ,0, , , ,0, , , , , ,803330, , , ,1,1,0,0,0,0,0,0,0,0,0,0,2,2,0,0,0,0,0,0,1,0,0,0,0,0,0,0,0,0,0,0,0,0,0,8,0,39.9299,-75.1981, , 
 ,72543,2011098149,6,67,67301,2011,9,1,2330,23,3,1,0,4,1, , ,N,2,2,0,3,0,1,3,2,N,N,39 59:24.820,75 11:12.182,2330, ,2330,3,2,5,N, ,3,Y, , , , ,803338, , , ,2,1,0,0,0,0,1,0,0,0,1,0,1,0,2,0,0,0,0,0,2,0,0,2,0,0,0,0,0,0,0,0,0,0,0,3,0,39.9902,-75.1867, , 
 ,72544,2011098561,6,67,67301,2011,9,6,1309,13,1,1,0,4,1, , ,N,1,0,0,3,0,1,5,2,N,N,39 55:45.627,75 09:12.725,1312, ,1311, ,0, ,N, ,0, , , , , ,803339, , , ,1,0,0,0,0,0,1,0,1,0,0,0,1,1,0,0,0,0,0,0,0,0,0,0,0,0,0,0,0,0,0,0,0,0,0,8,0,39.9293,-75.1535, , 
 ,72545,2011100817,6,67,67301,2011,9,4,820,8,1,1,0,4,1, , ,N,5,2,0,3,0,0,7,5,N, ,40 04:50.820,75 01:42.117,850, ,841,3,1,1, , ,3,N, , , , ,803340, , , ,5,4,0,1,0,0,0,0,0,0,0,0,0,0,1,0,0,0,0,1,1,0,0,0,0,0,0,0,0,0,0,0,0,0,0,9,1,40.0808,-75.0286, , 
 ,72546,2011107994,6,67,67301,2011,10,6,926,9,1,1,0,5,1, , ,N,0,0,0,3,0,0,2,2,N,N,39 57:31.191,75 10:08.958,936, ,930,1,1,4,N, ,0,N, , , , ,803346, , , ,2,2,0,0,0,0,0,0,0,0,0,0,0,0,0,0,0,0,0,0,0,0,0,0,0,0,0,0,0,0,0,0,0,0,0,0,0,39.9587,-75.1692, , 
 ,72547,2011065535,6,67,67301,2011,5,1,940,9,1,1,0,4,1, , ,N,2,3,0,3,0,1,2,2,N,N,39 53:01.744,75 13:23.905,958, ,950, ,0, ,N, ,3, , , , , ,803359, , , ,2,1,0,0,0,1,0,0,0,0,0,0,1,1,0,0,0,0,0,0,0,0,0,0,0,0,0,0,0,0,0,0,0,0,0,8,1,39.8838,-75.2233, , 
 ,72548,2011075611,6,67,67301,2011,6,4,1922,19,1,1,0,4,1, , ,N,2,0,0,3,0,0,2,2,N,N,40 04:52.770,75 10:47.071,1930, ,1926,2,2,6,N, ,0,Y, , , , ,803368, , , ,2,2,0,0,0,0,0,0,0,0,0,0,0,0,0,0,0,0,0,0,1,0,0,0,0,0,0,0,0,0,0,0,0,0,0,0,0,40.0813,-75.1797, , 