wz_ln_closure,objectid_1,crn,district,county,municipality,crash_year,crash_month,day_of_week,time_of_day,hour_of_day,illumination,weather,road_condition,collision_type,relation_to_road,work_zone_type,work_zone_loc,work_zone_ind,intersect_type,tcd_type,location_type,urban_rural,fatal_count,injury_count,person_count,total_units,sch_bus_ind,sch_zone_ind,latitude,longitude,arrival_tm,cons_zone_spd_lim,dispatch_tm,est_hrs_closed,lane_closed,ln_close_dir,ntfy_hiwy_maint,spec_juris_cd,tcd_func_cd,tfc_detour_ind,workers_pres,wz_close_detour,wz_flagger,wz_law_offcr_ind,objectid,wz_moving,wz_other,wz_shlder_mdn,vehicle_count,automobile_count,motorcycle_count,bus_count,small_truck_count,heavy_truck_count,suv_count,van_count,bicycle_count,maj_inj_count,mod_inj_count,min_inj_count,tot_inj_count,unk_inj_deg_count,unk_inj_per_count,driver_count_16yr,driver_count_17yr,driver_count_18yr,driver_count_19yr,driver_count_20yr,driver_count_50_64yr,driver_count_65_74yr,driver_count_75plus,unbelted_occ_count,unb_death_count,unb_maj_inj_count,belted_death_count,belted_maj_inj_count,mcycle_death_count,mcycle_maj_inj_count,bicycle_death_count,bicycle_maj_inj_count,ped_count,ped_death_count,ped_maj_inj_count,max_severity_level,comm_veh_count,dec_lat,dec_long,rdwy_surf_type_cd,county_name
 ,72749,2011056762,6,67,67301,2011,5,3,630,6,1,1,0,5,1, , ,N,0,0,0,3,0,1,2,2,N,N,40 01:48.628,75 12:23.967,635, ,631, ,0, ,N, ,0, , , , , ,813580, , , ,2,2,0,0,0,0,0,0,0,0,1,0,1,0,0,0,0,0,0,0,0,0,0,0,0,0,0,0,0,0,0,0,0,0,0,3,0,40.0302,-75.2067, , 
 ,72750,2011082437,6,67,67301,2011,7,7,10,0,2,1,0,4,1, , ,N,1,2,0,3,0,1,5,3,N, ,39 58:30.845,75 07:15.894,20, ,16, ,0, , , ,3, , , , , ,813599, , , ,3,2,0,0,0,0,1,0,0,0,0,0,1,1,0,0,0,0,0,0,0,0,0,0,0,0,0,0,0,0,0,0,0,0,0,8,0,39.9746,-75.1218, , 
 ,72751,2011082409,6,67,67301,2011,7,5,2031,20,3,1,0,4,1, , ,N,1,3,0,3,0,1,2,2,N,N,39 59:11.295,75 07:34.139,2105, ,2100, ,0, ,N, ,9, , , , , ,813622, , , ,2,2,0,0,0,0,0,0,0,0,0,1,1,0,1,0,0,0,0,0,0,0,0,0,0,0,0,0,0,0,0,0,0,0,0,4,0,39.9865,-75.1261, , 
 ,72752,2011028961,6,67,67301,2011,1,5,1035,10,1,1,0,5,1, , ,N,1,2,0,3,0,1,3,2,N,N,40 06:46.663,75 01:22.836,1046, ,1045,1,1,4, , ,3,Y, , , , ,813638, , , ,2,2,0,0,0,0,0,0,0,0,0,1,1,0,0,0,0,0,0,0,0,0,0,0,0,0,0,0,0,0,0,0,0,0,0,4,0,40.113,-75.023, , 
 ,72753,2011031169,6,67,67301,2011,2,7,129,1,3,1,0,4,1, , ,N,2,0,0,3,0,1,2,2,N,N,39 57:03.703,75 13:36.253,135, ,133, ,0, ,N, ,0, , , , , ,813641, , , ,2,2,0,0,0,0,0,0,0,0,0,0,1,1,0,0,0,0,0,0,0,0,0,0,0,0,0,0,0,0,0,0,0,0,0,8,0,39.951,-75.2267, , 
 ,72754,2011044606,6,67,67301,2011,4,1,1423,14,1,1,0,4,1, , ,N,1,2,0,3,0,1,2,2,N,N,40 02:28.908,75 01:41.719,1424, ,1423, ,0, ,N, ,3, , , , , ,813656, , , ,2,1,1,0,0,0,0,0,0,0,0,1,1,0,0,0,1,0,0,0,0,0,0,0,0,0,0,0,0,0,0,0,0,0,0,4,0,40.0414,-75.0283, , 
 ,72755,2011056968,6,67,67301,2011,4,5,1330,13,1,2,1,4,1, , ,N,0,0,0,3,0,1,3,3,N,N,40 02:29.260,75 01:40.744,1353, ,1350, ,0, ,N, ,0, , , , , ,813662, , , ,3,3,0,0,0,0,0,0,0,0,0,1,1,0,0,0,0,0,0,0,0,0,1,0,0,0,0,0,0,0,0,0,0,0,0,4,0,40.0415,-75.028, , 
 ,72756,2011053627,6,67,67301,2011,4,2,2120,21,3,1,0,1,1, , ,N,0,0,0,3,0,1,1,4,N, ,40 03:38.133,75 05:05.006,2125, ,2120, ,0, , , ,0, , , , , ,813667, , , ,4,3,0,0,1,0,0,0,0,0,0,1,1,0,0,0,0,0,0,0,0,0,0,0,0,0,0,0,0,0,0,0,0,0,0,4,0,40.0606,-75.0847, , 
 ,72757,2011053632,6,67,67301,2011,4,5,842,8,1,1,0,1,1, , ,N,2,2,0,3,0,1,3,2,N,N,40 01:49.651,75 10:36.061,848, ,843, ,0, ,N, ,3, , , , , ,813668, , , ,2,2,0,0,0,0,0,0,0,0,0,1,1,0,0,0,0,0,0,0,0,0,0,0,0,0,0,0,0,0,0,0,0,0,0,4,0,40.0304,-75.1767, , 
 ,72758,2011054262,6,67,67301,2011,4,7,40,0,3,1,0,8,1, , ,N,1,2,0,3,0,1,2,2,N,N,40 00:54.079,75 08:06.611,1845, ,1840, ,0, ,N, ,3, , , , , ,813669, , , ,1,1,0,0,0,0,0,0,0,0,0,0,1,1,0,0,0,0,0,0,0,0,0,0,0,0,0,0,0,0,0,0,1,0,0,8,0,40.015,-75.1352, , 
 ,72759,2011066031,6,67,67301,2011,5,2,9999,99,1,1,0,4,1, , ,N,1,2,0,3,0,0,3,3,N,N,39 57:39.360,75 14:42.201,809, ,859, ,0, ,N, ,3, , , , , ,803988, , , ,3,2,0,0,0,0,0,1,0,0,0,0,0,0,0,0,0,0,0,0,1,0,0,0,0,0,0,0,0,0,0,0,0,0,0,0,0,39.9609,-75.2451, , 
 ,72760,2011066252,6,67,67301,2011,6,6,1300,13,1,1,0,1,1, , ,N,0,2,0,3,0,1,3,2,N,N,39 58:55.657,75 08:12.868,1305, ,1300, ,0, , , ,3, , , , , ,803989, , , ,2,1,0,0,0,0,1,0,0,0,0,1,1,0,1,0,0,0,0,0,0,0,0,0,0,0,0,0,0,0,0,0,0,0,0,4,0,39.9821,-75.1369, , 
 ,72761,2011075551,6,67,67301,2011,6,5,1418,14,1,9,0,4,1, , ,N,1,2,0,3,0,2,3,2,N,N,39 58:26.116,75 12:23.386,1530, ,1530, ,0, ,N, ,9, , , , , ,803995, , , ,2,0,0,0,1,0,1,0,0,0,2,0,2,0,1,0,0,0,0,0,1,0,0,0,0,0,0,0,0,0,0,0,0,0,0,3,0,39.9738,-75.2064, , 
 ,72762,2011087301,6,67,67301,2011,8,3,2318,23,3,1,0,1,1, , ,N,0,0,0,3,0,0,2,2,N,N,40 01:16.997,75 02:25.291,2331, ,2330,1,2,1,N, ,0,Y, , , , ,804001, , , ,2,2,0,0,0,0,0,0,0,0,0,0,0,0,0,0,0,0,0,1,0,0,0,0,0,0,0,0,0,0,0,0,0,0,0,0,0,40.0213,-75.0405, , 
 ,72763,2011093099,6,67,67301,2011,8,5,9999,99,1,1,0,8,1, , ,N,1,2,0,3,0,1,2,2,N, ,39 59:18.582,75 09:38.617,1935, ,1930, ,0, , , ,3, , , , , ,804008, , , ,1,1,0,0,0,0,0,0,0,0,0,1,1,0,0,0,0,0,0,0,0,0,0,1,0,0,0,0,0,0,0,0,1,0,0,4,0,39.9885,-75.1607, , 
 ,72764,2011093551,6,46,46102,2011,9,5,1909,19,3,1,0,1,1, , ,N,2,2,7,3,0,2,4,2,N,N,40 04:21.752,75 09:21.363,1919, ,1909, ,0, ,N, ,3, , , , , ,804009, , , ,2,1,0,0,0,0,0,1,0,0,0,0,2,2,0,0,0,0,0,0,1,0,0,0,0,0,0,0,0,0,0,0,0,0,0,8,0,40.0727,-75.1559, , 
 ,72765,2011095509,6,67,67301,2011,8,6,1230,12,1,1,0,4,1, , ,N,1,3,0,3,0,5,5,2,N,N,39 55:09.944,75 09:55.360,1240, ,1235,1,2,4, , ,3,N, , , , ,804013, , , ,2,1,0,0,0,0,1,0,0,0,0,4,5,1,0,0,0,0,0,0,0,0,0,0,0,0,0,0,0,0,0,0,0,0,0,4,0,39.9194,-75.1654, , 
 ,72766,2011015912,6,67,67301,2011,1,4,634,6,1,1,0,4,1, , ,N,1,2,0,3,0,2,2,2,N,N,40 04:51.806,75 01:43.881,650, ,635,2,1,2, , ,3,N, , , , ,804038, , , ,2,2,0,0,0,0,0,0,0,0,0,2,2,0,0,0,0,0,0,0,0,0,0,0,0,0,0,0,0,0,0,0,0,0,0,4,0,40.0811,-75.0289, , 
 ,72767,2011017173,6,46,46102,2011,2,5,2010,20,3,1,0,8,1, , ,N,0,0,0,3,1,0,2,2,N,N,40 04:53.111,75 10:15.803,2126, ,2010,3,2,4,N,0,0,Y, , , , ,804039, , , ,1,1,0,0,0,0,0,0,0,0,0,0,0,0,0,0,0,0,0,0,0,0,0,0,0,0,0,0,0,0,0,0,1,1,0,1,0,40.0814,-75.1711,2, 
 ,72768,2011021319,6,67,67301,2011,1,3,2332,23,3,1,0,5,1, , ,N,0,0,0,3,0,2,7,3,N,N,39 58:32.978,75 11:42.589,2340, ,2334,1,1,3,N, ,0,N, , , , ,804043, , , ,3,2,0,0,0,1,0,0,0,0,0,2,2,0,0,0,0,0,0,1,1,1,0,0,0,0,0,0,0,0,0,0,0,0,0,4,1,39.9758,-75.1952, , 
 ,72769,2011064060,6,67,67301,2011,5,1,2320,23,3,1,0,7,5, , ,N,0,0,0,3,0,1,1,1,N,N,40 02:42.194,75 10:02.805,12, ,10, ,0, ,N, ,0, , , , , ,804076, , , ,1,0,0,0,0,0,1,0,0,0,0,0,1,1,0,0,0,0,0,0,0,0,0,0,0,0,0,0,0,0,0,0,0,0,0,8,0,40.0451,-75.1674, , 
 ,72770,2011066879,6,67,67301,2011,6,4,1000,10,1,1,0,5,1, , ,N,0,0,0,3,0,1,5,2,N,N,39 56:03.659,75 11:59.960,1018, ,1006,1,1,3,N, ,0,N, , , , ,804078, , , ,2,2,0,0,0,0,0,0,0,0,0,1,1,0,0,0,0,0,0,0,0,0,0,0,0,0,0,0,0,0,0,0,0,0,0,4,0,39.9329,-75.2002, , 
 ,72771,2011075562,6,67,67301,2011,6,1,1546,15,1,1,0,1,1, , ,N,1,2,0,3,0,2,3,2, , ,40 02:12.142,75 02:27.052,1549, ,1546,1,1,2, , ,3,Y, , , , ,804087, , , ,2,1,0,0,1,0,0,0,0,0,0,0,2,2,0,0,0,0,0,0,0,0,0,2,0,0,0,0,0,0,0,0,0,0,0,8,0,40.0368,-75.0407, , 
 ,72772,2011075781,6,67,67301,2011,6,3,900,9,1,1,0,8,1, , ,N,2,3,0,3,0,1,2,2,N,N,40 01:48.932,75 09:55.842,910, ,903, ,0, ,N, ,3, , , , , ,804088, , , ,1,1,0,0,0,0,0,0,0,0,0,0,1,1,0,0,0,0,0,0,1,0,0,0,0,0,0,0,0,0,0,0,1,0,0,8,0,40.0303,-75.1655, , 
 ,72773,2011090585,6,67,67301,2011,8,4,2115,21,3,2,1,4,1, , ,N,0,0,0,3,0,1,3,2,N, ,40 00:46.460,75 12:04.240,2211, ,2209, ,0, , , ,0, , , , , ,804103, , , ,2,2,0,0,0,0,0,0,0,0,0,0,1,1,0,0,0,0,0,1,0,0,0,0,0,0,0,0,0,0,0,0,0,0,0,8,0,40.0129,-75.2012, , 
 ,72774,2011108926,6,67,67301,2011,9,4,9999,99,3,1,0,4,1, , ,N,1,3,0,3,0,1,2,5,N, ,39 55:34.831,75 09:55.717,1940, ,1925, ,0, , , ,3, , , , , ,804118, , , ,5,3,0,0,1,0,0,1,0,0,0,1,1,0,0,0,0,0,0,0,0,0,0,0,0,0,0,0,0,0,0,0,0,0,0,4,0,39.9263,-75.1655, , 
 ,72775,2011122796,6,67,67301,2011,11,6,1521,15,1,1,0,4,1, , ,N,1,3,0,3,0,1,4,2,N,N,39 58:39.345,75 09:38.332,1532, ,1531,1,2,7,N, ,3,Y, , , , ,804129, , , ,2,1,0,0,0,0,1,0,0,0,0,0,1,1,0,0,0,0,0,0,1,0,0,0,0,0,0,0,0,0,0,0,0,0,0,8,0,39.9776,-75.1606, , 
 ,72776,2012002538,6,67,67301,2011,12,4,1735,17,3,2,1,8,1, , ,N,2,0,0,3,0,1,2,2,N, ,40 03:12.405,75 08:25.339,1840, ,1835, ,0, , , ,0, , , , , ,804138, , , ,1,0,0,0,0,0,0,1,0,0,0,1,1,0,0,0,0,0,0,0,0,0,0,1,0,0,0,0,0,0,0,0,1,0,0,4,0,40.0534,-75.1404, , 
 ,72777,2011100693,6,67,67301,2011,4,5,1338,13,1,1,0,4,1, , ,N,1,2,0,3,0,2,2,2,N,N,40 01:35.316,75 05:50.739,1340, ,1343, ,0, ,N, ,3, , , , , ,807825, , , ,2,2,0,0,0,0,0,0,0,0,0,0,2,2,0,0,0,0,0,0,0,0,0,0,0,0,0,0,0,0,0,0,0,0,0,8,0,40.0265,-75.0974, , 
 ,72778,2011102470,6,67,67301,2011,10,2,1240,12,1,1,0,1,6, , ,N,0,0,0,3,0,1,1,2,N,N,40 01:37.586,75 06:41.587,1250, ,1242,2,1,1,N, ,0,N, , , , ,807826, , , ,2,2,0,0,0,0,0,0,0,0,1,0,1,0,0,0,0,0,0,0,0,0,0,0,0,0,0,0,0,0,0,0,0,0,0,3,0,40.0271,-75.1117, , 
 ,72779,2011106229,6,67,67301,2011,9,6,618,6,1,1,0,3,1, , ,N,0,0,0,3,0,1,2,2,N, ,39 56:43.245,75 10:42.783,628, ,618, ,0, , , ,0, , , , , ,807830, , , ,1,1,0,0,0,0,0,0,1,0,0,0,1,1,0,0,0,0,0,0,0,0,0,0,0,0,0,0,0,0,0,0,0,0,0,8,0,39.9453,-75.1786, , 
 ,72780,2011066217,6,67,67301,2011,5,3,1604,16,1,1,0,4,1, , ,N,2,2,0,3,0,1,3,2,N,N,39 57:06.231,75 10:37.822,1633, ,1632, ,0, ,N, ,3, , , , , ,807837, , , ,2,1,0,0,1,0,0,0,0,0,0,0,1,1,0,0,0,0,0,0,2,0,0,0,0,0,0,0,0,0,0,0,0,0,0,8,0,39.9517,-75.1772, , 
 ,72781,2011068351,6,67,67301,2011,6,7,1902,19,4,1,0,4,1, , ,N,1,2,0,3,0,1,2,2,N,N,39 57:12.030,75 11:01.741,2009, ,1959,2,1,3,N, ,3,N, , , , ,807838, , , ,1,1,0,0,0,0,0,0,1,0,1,0,1,0,0,0,0,1,0,0,0,0,0,0,0,0,0,0,0,0,0,0,0,0,0,3,0,39.9533,-75.1838, , 
 ,72782,2011068487,6,67,67301,2011,6,1,1300,13,1,1,0,1,1, , ,N,1,2,0,3,0,1,2,2,N,N,40 02:39.450,75 03:14.767,1540, ,1535, ,0, ,N, ,3, , , , , ,807839, , , ,2,2,0,0,0,0,0,0,0,0,0,0,1,1,1,0,0,0,0,0,0,0,0,0,0,0,0,0,0,0,0,0,0,0,0,8,0,40.0443,-75.0541, , 
 ,72783,2011090871,6,67,67301,2011,9,7,2353,23,3,1,0,7,2, , ,N,0,0,2,3,0,1,1,1,N,N,39 57:15.416,75 08:27.657,2, ,2356,1,1,1,N, ,0,N, , , , ,807862, , , ,1,0,0,0,0,0,1,0,0,0,1,0,1,0,0,0,0,0,0,0,1,0,0,0,0,0,0,0,0,0,0,0,0,0,0,3,0,39.9543,-75.141, , 
 ,72784,2011115364,6,67,67301,2011,9,7,520,5,3,1,0,4,1, , ,N,1,2,0,3,0,1,2,2,N,N,39 57:35.788,75 13:29.538,523, ,522, ,0, ,N, ,3, , , , , ,807883, , , ,2,1,0,0,0,0,1,0,0,0,0,1,1,0,0,0,0,0,0,0,0,0,0,1,0,0,0,0,0,0,0,0,0,0,0,4,0,39.9599,-75.2249, , 
 ,72785,2011066259,6,67,67301,2011,5,1,153,1,3,1,0,8,1, , ,N,1,2,0,3,0,1,2,2,N,N,39 57:40.918,75 10:30.472,200, ,153,9,1,1, , ,3,N, , , , ,807890, , , ,1,1,0,0,0,0,0,0,1,0,0,1,1,0,0,0,0,0,0,0,0,0,0,0,0,0,0,0,0,0,0,0,0,0,0,4,0,39.9613,-75.175, , 
 ,72786,2011088460,6,67,67301,2011,7,1,1800,18,1,1,0,4,1, , ,N,1,2,0,3,0,1,2,3,N, ,39 58:53.796,75 08:40.041,1910, ,1900, ,0, , , ,3, , , , , ,807897, , , ,3,3,0,0,0,0,0,0,0,0,0,0,1,1,0,0,0,0,0,0,0,0,0,0,0,0,0,0,0,0,0,0,0,0,0,8,0,39.9816,-75.1445, , 
 ,72787,2011093015,6,67,67301,2011,8,4,718,7,1,1,0,5,1, , ,N,0,2,0,3,0,1,2,2,N,N,40 01:43.935,75 06:21.508,727, ,720,1,1,1,N, ,3,N, , , , ,807901, , , ,2,0,1,1,0,0,0,0,0,0,0,1,1,0,0,0,0,0,0,0,0,0,0,0,0,0,0,0,0,0,0,0,0,0,0,4,1,40.0289,-75.106, , 
 ,72788,2011093095,6,67,67301,2011,8,6,2000,20,3,2,1,1,1, , ,N,0,2,0,3,0,1,3,2,N, ,40 03:28.644,75 01:37.880,2020, ,2001, ,0, , , ,3, , , , , ,807902, , , ,2,1,0,0,0,0,1,0,0,0,1,0,1,0,0,0,0,0,0,0,1,0,0,0,0,0,0,0,0,0,0,0,0,0,0,3,0,40.058,-75.0272, , 
 ,72789,2011134046,6,67,67301,2011,11,4,245,2,3,2,1,7,2, , ,N,0,0,0,3,0,0,1,1,N,N,39 58:52.162,75 12:24.379,301, ,250, ,0, ,N, ,0, , , , , ,807923, , , ,1,1,0,0,0,0,0,0,0,0,0,0,0,0,0,0,0,1,0,0,0,0,0,0,0,0,0,0,0,0,0,0,0,0,0,0,0,39.9812,-75.2068, , 
 ,72790,2011134672,6,67,67301,2011,11,2,840,8,1,1,0,4,1, , ,N,1,2,0,3,0,0,3,3,N,N,39 57:53.251,75 12:26.287,855, ,850, ,0, ,N, ,3, , , , , ,807925, , , ,3,2,0,0,0,0,1,0,0,0,0,0,0,0,0,0,0,0,0,0,0,0,0,0,0,0,0,0,0,0,0,0,0,0,0,0,0,39.9648,-75.2073, , 
 ,72791,2012001937,6,67,67301,2011,12,3,1930,19,3,2,5,7,4, , ,N,0,0,0,3,0,0,1,1,N,N,39 59:07.966,75 12:07.926,1943, ,1930,2,1,2,N, ,0,N, , , , ,807927, , , ,1,1,0,0,0,0,0,0,0,0,0,0,0,0,0,0,0,0,0,0,0,0,0,0,0,0,0,0,0,0,0,0,0,0,0,0,0,39.9855,-75.2023, , 
 ,72792,2011057046,6,67,67301,2011,5,2,2035,20,3,1,0,1,1, , ,N,0,2,0,3,0,1,3,3,N,N,40 04:37.550,75 05:06.788,2053, ,2042, ,0, ,N, ,3, , , , , ,807944, , , ,3,2,0,0,1,0,0,0,0,0,0,0,1,1,0,0,0,0,0,0,1,0,0,0,0,0,0,0,0,0,0,0,0,0,0,8,0,40.0771,-75.0852, , 
 ,72793,2011092984,6,67,67301,2011,8,1,937,9,1,1,0,1,2, , ,N,0,2,0,3,0,1,4,2,N,N,40 02:59.914,75 08:50.264,952, ,951, ,0, ,N, ,3, , , , , ,807973, , , ,2,0,0,0,0,0,1,1,0,0,0,1,1,0,0,0,0,0,0,0,0,0,0,0,0,0,0,0,0,0,0,0,0,0,0,4,0,40.05,-75.1473, , 
 ,72794,2011064165,6,67,67301,2011,5,5,2039,20,3,1,0,1,1, , ,N,0,0,0,3,0,3,4,2,N,N,39 59:08.880,75 14:13.460,2045, ,2041, ,0, , , ,0, , , , , ,807982, , , ,2,2,0,0,0,0,0,0,0,0,0,3,3,0,0,0,0,0,0,0,0,0,0,2,0,0,0,0,0,0,0,0,0,0,0,4,0,39.9858,-75.2371, , 
 ,72795,2011057254,6,67,67301,2011,6,5,845,8,1,1,0,1,1, , ,N,0,0,0,3,0,1,6,3,N,N,39 57:35.911,75 10:42.928,913, ,847, ,0, ,N, ,0, , , , , ,811351, , , ,3,2,0,0,0,0,1,0,0,0,0,0,1,1,0,0,0,0,0,0,0,0,0,0,0,0,0,0,0,0,0,0,0,0,0,8,0,39.96,-75.1786, , 
 ,72796,2011061359,6,67,67301,2011,4,7,1230,12,1,1,1,4,1, , ,N,1,3,0,3,0,0,2,2, , ,39 54:55.414,75 08:58.945,1304, ,1300, ,0, , , ,9, , , , , ,811359, , , ,2,2,0,0,0,0,0,0,0,0,0,0,0,0,0,0,0,0,0,0,0,0,1,0,0,0,0,0,0,0,0,0,0,0,0,0,0,39.9154,-75.1497, , 
 ,72797,2011073304,6,67,67301,2011,6,2,1600,16,1,1,0,4,1, , ,N,1,0,0,3,0,3,4,2,N,N,40 00:57.347,75 08:58.844,1610, ,1607, ,0, ,N, ,0, , , , , ,811367, , , ,2,1,0,0,0,0,1,0,0,0,0,0,3,3,0,0,0,0,1,0,0,0,0,0,0,0,0,0,0,0,0,0,0,0,0,8,0,40.0159,-75.1497, , 
 ,72798,2011066786,6,67,67301,2011,6,5,1542,15,1,1,0,1,1, , ,N,1,2,0,3,0,1,2,2,N,N,40 02:39.696,75 03:14.496,1557, ,1552, ,0, ,N, ,3, , , , , ,811410, , , ,2,1,0,0,1,0,0,0,0,0,0,1,1,0,1,0,0,0,0,1,0,0,0,0,0,0,0,0,0,0,0,0,0,0,0,4,0,40.0443,-75.0541, , 
 ,72799,2011088046,6,67,67301,2011,7,4,230,2,6,1,0,6,7, , ,N,0,3,0,3,0,0,4,2,N,N,39 55:49.460,75 14:34.950,238, ,232,9,1,1,N, ,3,N, , , , ,811428, , , ,2,2,0,0,0,0,0,0,0,0,0,0,0,0,4,0,0,0,0,0,0,0,0,1,0,0,0,0,0,0,0,0,0,0,0,9,0,39.9304,-75.243, , 
 ,72800,2011090551,6,67,67301,2011,8,2,2139,21,3,1,0,7,5, , ,N,1,3,0,3,0,0,1,1,N,N,40 02:09.495,75 10:21.831,2149, ,2147, ,0, ,N, ,3, , , , , ,811430, , , ,1,0,0,0,1,0,0,0,0,0,0,0,0,0,0,0,0,0,0,0,0,0,0,0,0,0,0,0,0,0,0,0,0,0,0,0,0,40.036,-75.1727, , 
 ,72801,2011091624,6,67,67301,2011,9,2,2000,20,3,2,1,1,1, , ,N,0,0,0,3,0,1,4,3,N,N,39 59:51.388,75 11:46.488,2014, ,2014, ,0, ,N, ,0, , , , , ,811431, , , ,3,2,0,0,0,0,1,0,0,0,0,1,1,0,1,0,0,0,0,0,0,0,0,0,0,0,0,0,0,0,0,0,0,0,0,4,0,39.9976,-75.1962, , 
 ,72802,2011100904,6,67,67301,2011,9,3,1555,15,1,1,0,4,1, , ,N,1,2,99,3,0,1,2,2,N,N,39 55:47.801,75 08:39.967,1605, ,1557, ,0, ,N, ,3, , , , , ,811441, , , ,1,0,0,0,0,0,0,1,1,0,0,1,1,0,1,0,0,0,0,0,0,0,0,1,0,0,0,0,0,0,0,0,0,0,0,4,0,39.9299,-75.1444, , 
 ,72803,2011057310,6,67,67301,2011,5,1,1500,15,1,1,0,5,2, , ,N,1,2,0,3,0,2,2,2, , ,40 01:17.941,75 06:45.660,1525, ,1500, ,0, , , ,3, , , , , ,811451, , , ,2,1,0,0,0,0,0,1,0,0,0,0,2,2,0,0,0,0,0,0,1,0,0,0,0,0,0,0,0,0,0,0,0,0,0,8,0,40.0217,-75.1127, , 
 ,72804,2011062005,6,67,67301,2011,5,3,7,0,3,1,0,5,6, , ,N,0,0,0,3,0,1,1,5,N,N,40 04:42.758,75 04:55.160,15, ,47, ,0, ,N, ,0, , , , , ,811453, , , ,5,4,0,0,1,0,0,0,0,0,0,1,1,0,0,0,0,0,0,0,0,0,0,1,0,0,0,0,0,0,0,0,0,0,0,4,0,40.0785,-75.082, , 
 ,72805,2011090474,6,67,67301,2011,8,5,1750,17,1,1,0,5,6, , ,N,0,0,0,3,0,1,3,2,N,N,39 58:07.805,75 08:04.525,1753, ,1751, ,0, ,N, ,0, , , , , ,811469, , , ,1,0,0,0,0,0,1,0,1,0,0,1,1,0,0,0,0,0,0,0,0,0,0,0,0,0,0,0,0,0,0,0,0,0,0,4,0,39.9688,-75.1346, , 
 ,72806,2011108464,6,67,67301,2011,10,7,15,0,3,1,0,7,2, , ,N,0,0,0,3,0,0,4,1,N,N,39 58:33.916,75 11:43.778,23, ,20,2,1,3,N, ,0,N, , , , ,811486, , , ,1,1,0,0,0,0,0,0,0,0,0,0,0,0,0,0,0,0,0,0,0,0,0,0,0,0,0,0,0,0,0,0,0,0,0,0,0,39.9761,-75.1955, , 
 ,72807,2011070342,6,67,67301,2011,7,2,1559,15,1,1,0,1,1, , ,N,0,0,0,3,0,2,3,2,N,N,39 57:03.531,75 10:58.894,1616, ,1601,2,2,3,N, ,0,N, , , , ,811500, , , ,2,2,0,0,0,0,0,0,0,0,0,0,2,2,0,0,0,0,0,0,0,0,0,1,0,0,0,0,0,0,0,0,0,0,0,8,0,39.951,-75.183, , 
 ,72808,2011028868,6,67,67301,2011,2,3,1550,15,1,1,0,1,1, , ,N,0,0,0,3,0,1,3,2,N, ,39 58:25.676,75 10:02.811,1615, ,1603, ,0, ,N, ,0, , , , , ,811516, , , ,2,2,0,0,0,0,0,0,0,0,0,1,1,0,0,0,0,0,0,0,1,0,1,0,0,0,0,0,0,0,0,0,0,0,0,4,0,39.9738,-75.1674, , 
 ,72809,2011028957,6,67,67301,2011,2,6,1314,13,1,1,0,1,1, , ,N,0,0,0,3,0,1,4,2, , ,40 00:21.309,75 11:11.159,1315, ,1315, ,0, , , ,0, , , , , ,811517, , , ,2,1,0,0,1,0,0,0,0,0,0,1,1,0,2,0,0,0,0,0,0,0,0,0,0,0,0,0,0,0,0,0,0,0,0,4,0,40.0059,-75.1864, , 
 ,72810,2011057055,6,67,67301,2011,5,5,2355,23,3,1,0,5,1, , ,N,0,0,0,3,0,0,1,3, , ,39 55:22.407,75 10:04.972,2358, ,2358, ,0, , , ,0, , , , , ,811540, , , ,3,2,0,0,0,0,1,0,0,0,0,0,0,0,0,0,0,0,0,0,0,0,0,0,0,0,0,0,0,0,0,0,0,0,0,0,0,39.9229,-75.168, , 
 ,72811,2011090456,6,67,67301,2011,8,3,2215,22,3,1,0,4,1, , ,N,1,2,0,3,0,2,3,2,N,N,40 00:07.931,75 09:27.517,2244, ,2215, ,0, , , ,3, , , , , ,811575, , , ,2,2,0,0,0,0,0,0,0,0,0,2,2,0,0,0,0,0,0,0,1,0,0,0,0,0,0,0,0,0,0,0,0,0,0,4,0,40.0022,-75.1576, , 
 ,72812,2011090493,6,67,67301,2011,8,2,1900,19,1,1,0,8,2, , ,N,0,0,0,3,0,1,2,2,N,N,40 02:39.472,74 59:23.172,1906, ,1906, ,0, ,N, ,0, , , , , ,811576, , , ,1,1,0,0,0,0,0,0,0,0,0,0,1,1,0,0,0,0,0,0,1,0,0,1,0,0,0,0,0,0,0,0,1,0,0,8,0,40.0443,-74.9898, , 
 ,72813,2011099987,6,67,67301,2011,8,2,131,1,3,1,0,1,1, , ,N,3,0,0,3,0,1,7,2,N,N,39 57:41.049,75 10:57.066,141, ,133, ,0, ,N, ,0, , , , , ,811588, , , ,2,2,0,0,0,0,0,0,0,0,0,0,1,1,0,0,0,0,0,0,1,0,0,0,0,0,0,0,0,0,0,0,0,0,0,8,0,39.9614,-75.1825, , 
 ,72814,2011075693,6,67,67301,2011,6,7,1523,15,1,1,0,1,1, , ,N,0,0,0,3,0,1,3,2,N,N,40 04:52.284,75 03:03.499,1528, ,1525, ,0, ,N, ,0, , , , , ,814838, , , ,2,2,0,0,0,0,0,0,0,0,0,1,1,0,0,0,0,0,0,0,1,0,0,0,0,0,0,0,0,0,0,0,0,0,0,4,0,40.0812,-75.051, , 