wz_ln_closure,objectid_1,crn,district,county,municipality,crash_year,crash_month,day_of_week,time_of_day,hour_of_day,illumination,weather,road_condition,collision_type,relation_to_road,work_zone_type,work_zone_loc,work_zone_ind,intersect_type,tcd_type,location_type,urban_rural,fatal_count,injury_count,person_count,total_units,sch_bus_ind,sch_zone_ind,latitude,longitude,arrival_tm,cons_zone_spd_lim,dispatch_tm,est_hrs_closed,lane_closed,ln_close_dir,ntfy_hiwy_maint,spec_juris_cd,tcd_func_cd,tfc_detour_ind,workers_pres,wz_close_detour,wz_flagger,wz_law_offcr_ind,objectid,wz_moving,wz_other,wz_shlder_mdn,vehicle_count,automobile_count,motorcycle_count,bus_count,small_truck_count,heavy_truck_count,suv_count,van_count,bicycle_count,maj_inj_count,mod_inj_count,min_inj_count,tot_inj_count,unk_inj_deg_count,unk_inj_per_count,driver_count_16yr,driver_count_17yr,driver_count_18yr,driver_count_19yr,driver_count_20yr,driver_count_50_64yr,driver_count_65_74yr,driver_count_75plus,unbelted_occ_count,unb_death_count,unb_maj_inj_count,belted_death_count,belted_maj_inj_count,mcycle_death_count,mcycle_maj_inj_count,bicycle_death_count,bicycle_maj_inj_count,ped_count,ped_death_count,ped_maj_inj_count,max_severity_level,comm_veh_count,dec_lat,dec_long,rdwy_surf_type_cd,county_name
 ,72815,2011088011,6,67,67301,2011,7,2,1100,11,1,1,0,1,1, , ,N,1,2,0,3,0,1,2,2,N, ,39 58:42.573,75 06:52.947,1110, ,1100,9,1,3, , ,3,N, , , , ,814848, , , ,2,1,0,0,0,0,0,1,0,0,0,1,1,0,0,0,0,0,0,0,0,1,0,0,0,0,0,0,0,0,0,0,0,0,0,4,0,39.9785,-75.1147, , 
 ,72816,2011092873,6,67,67301,2011,8,3,2139,21,3,1,0,4,6, , ,N,0,0,0,3,0,0,1,4,N,N,39 59:45.117,75 06:37.137,2140, ,2140, ,0, ,N, ,0, , , , , ,814853, , , ,4,4,0,0,0,0,0,0,0,0,0,0,0,0,1,0,0,0,0,0,0,0,0,1,0,0,0,0,0,0,0,0,0,0,0,9,0,39.9959,-75.1103, , 
 ,72817,2011028969,6,67,67301,2011,2,1,1033,10,1,1,0,4,1, , ,N,1,2,0,3,0,0,6,2, , ,39 56:48.647,75 08:39.879,1040, ,1037,1,1,2, , ,3,Y, , , , ,814883, , , ,2,1,0,0,0,0,1,0,0,0,0,0,0,0,0,0,0,0,0,0,1,0,0,0,0,0,0,0,0,0,0,0,0,0,0,0,0,39.9468,-75.1444, , 
 ,72818,2011068510,6,67,67301,2011,6,1,1610,16,1,1,0,4,1, , ,N,2,3,0,3,0,1,9,2,N,N,40 04:55.633,74 58:32.226,1616, ,1614,2,1,2,N, ,3,N, , , , ,814913, , , ,2,2,0,0,0,0,0,0,0,0,0,0,1,1,0,0,1,0,0,0,0,0,0,0,0,0,0,0,0,0,0,0,0,0,0,8,0,40.0821,-74.9755, , 
 ,72819,2011053147,6,67,67301,2011,4,6,1613,16,1,2,1,4,1, , ,N,1,2,0,3,0,2,2,2,N,N,40 04:40.774,75 12:38.329,1625, ,1614, ,0, ,N, ,3, , , , , ,814921, , , ,2,1,0,0,0,0,1,0,0,0,0,0,2,2,0,0,0,0,0,0,1,0,0,0,0,0,0,0,0,0,0,0,0,0,0,8,0,40.078,-75.2106, , 
 ,72820,2011054167,6,67,67301,2011,4,3,1515,15,1,1,0,4,1, , ,N,0,0,7,3,0,1,2,2,N, ,40 07:40.744,75 00:50.608,1530, ,1517, ,0, , , ,0, , , , , ,814927, , , ,2,1,0,0,0,0,0,1,0,0,0,1,1,0,0,0,0,0,0,0,1,0,0,0,0,0,0,0,0,0,0,0,0,0,0,4,0,40.128,-75.0141, , 
 ,72821,2011054296,6,67,67301,2011,4,1,200,2,3,1,0,5,1, , ,N,1,0,0,3,0,0,1,4,N,N,40 01:20.532,75 12:50.644,205, ,205, ,0, ,N, ,0, , , , , ,814928, , , ,4,3,0,0,0,0,1,0,0,0,0,0,0,0,1,0,0,0,0,0,0,0,0,0,0,0,0,0,0,0,0,0,0,0,0,9,0,40.0224,-75.2141, , 
 ,72822,2011056868,6,67,67301,2011,5,4,1112,11,1,1,0,8,1, , ,N,1,2,0,3,0,1,2,2,N,N,39 58:28.686,75 15:06.785,1120, ,1114, ,0, ,N, ,3, , , , , ,814930, , , ,1,1,0,0,0,0,0,0,0,0,0,1,1,0,0,0,0,0,0,1,0,0,0,0,0,0,0,0,0,0,0,0,1,0,0,4,0,39.9746,-75.2519, , 
 ,72823,2011062625,6,67,67301,2011,6,7,1235,12,1,1,0,1,1, , ,N,0,0,0,3,0,1,3,2,N,N,40 03:08.741,74 59:14.346,1240, ,1235, ,0, ,N, ,0, , , , , ,814936, , , ,2,1,0,0,0,0,1,0,0,0,0,1,1,0,0,0,0,0,0,0,1,0,0,0,0,0,0,0,0,0,0,0,0,0,0,4,0,40.0523,-74.9874, , 
 ,72824,2011082512,6,67,67301,2011,7,4,710,7,1,1,0,1,1, , ,N,0,0,0,3,0,1,2,5,N,N,40 00:47.759,75 12:08.120,805, ,802, ,0, ,N, ,0, , , , , ,814995, , , ,5,2,0,0,1,0,2,0,0,0,0,1,1,0,0,0,0,0,0,0,1,0,0,0,0,0,0,0,0,0,0,0,0,0,0,4,0,40.0132,-75.2021, , 
 ,72825,2011075674,6,67,67301,2011,7,6,1715,17,1,1,0,1,1, , ,N,0,0,0,3,0,3,10,2, , ,40 02:57.934,75 00:41.680,1735, ,1730, ,0, , , ,0, , , , , ,815015, , , ,2,1,0,1,0,0,0,0,0,0,0,3,3,0,0,0,0,0,0,1,0,0,0,0,0,0,0,0,0,0,0,0,0,0,0,4,1,40.0494,-75.0116, , 
 ,72826,2011083319,6,67,67301,2011,7,3,1450,14,1,1,0,4,1, , ,N,1,3,0,3,0,2,2,2,N, ,40 00:24.400,75 09:24.191,1500, ,1450, ,0, , , ,3, , , , , ,815034, , , ,2,1,0,0,0,0,0,1,0,0,0,2,2,0,0,0,0,0,0,0,1,0,0,0,0,0,0,0,0,0,0,0,0,0,0,4,0,40.0068,-75.1567, , 
 ,72827,2011093019,6,67,67301,2011,8,5,515,5,3,1,0,7,5, , ,N,1,2,7,3,0,1,2,2,N,N,40 00:14.047,75 08:57.044,517, ,517, ,0, ,Y, ,1, , , , , ,815040, , , ,2,2,0,0,0,0,0,0,0,0,1,0,1,0,0,0,0,0,0,0,0,0,0,2,0,0,0,0,0,0,0,0,0,0,0,3,0,40.0039,-75.1492, , 
 ,72828,2011100842,6,67,67301,2011,9,1,2300,23,3,2,1,4,1, , ,N,1,2,0,3,0,0,2,2,N,N,39 57:50.876,75 13:17.132,2311, ,2311, ,0, ,N, ,3, , , , , ,815046, , , ,2,2,0,0,0,0,0,0,0,0,0,0,0,0,0,0,0,0,0,0,0,0,0,0,0,0,0,0,0,0,0,0,0,0,0,0,0,39.9641,-75.2214, , 
 ,72829,2011064089,6,67,67301,2011,5,3,1800,18,1,1,0,4,1, , ,N,0,0,0,3,0,4,4,3,N,N,40 03:58.539,75 09:32.260,1802, ,1800,1,2,3,N, ,0,Y, , , , ,815072, , , ,3,2,0,0,0,0,0,1,0,0,0,0,4,4,0,0,0,0,0,0,0,0,0,0,0,0,0,0,0,0,0,0,0,0,0,8,0,40.0663,-75.159, , 
 ,72830,2011064166,6,67,67301,2011,5,6,1415,14,1,1,0,4,1, , ,N,5,2,0,3,0,0,2,2,N,N,39 59:06.759,75 14:24.496,9999, ,9999, ,0, ,N, ,3, , , , , ,815073, , , ,2,2,0,0,0,0,0,0,0,0,0,0,0,0,0,0,0,0,0,0,0,0,1,0,0,0,0,0,0,0,0,0,0,0,0,0,0,39.9852,-75.2401, , 
 ,72831,2011075660,6,67,67301,2011,6,6,1659,16,1,1,0,8,1, , ,N,0,0,0,3,0,1,3,2,N,N,39 58:18.786,75 14:10.629,1701, ,1700,9,2,6,N, ,0,Y, , , , ,815081, , , ,1,0,0,0,0,0,1,0,0,0,0,0,1,1,0,0,0,0,0,0,0,0,0,0,0,0,0,0,0,0,0,0,1,0,0,8,0,39.9719,-75.2363, , 
 ,72832,2012004797,6,67,67301,2011,11,1,820,8,1,1,0,7,3, , ,N,0,0,0,3,0,2,2,1,N,N,39 55:17.365,75 11:23.545,821, ,820,9,2,6,N, ,0,Y, , , , ,804139, , , ,1,1,0,0,0,0,0,0,0,2,0,0,2,0,0,0,0,0,0,0,1,0,0,0,0,0,0,0,0,0,0,0,0,0,0,2,0,39.9215,-75.1899, , 
 ,72833,2011068475,6,67,67301,2011,6,3,1910,19,1,1,0,8,1, , ,N,0,0,0,3,0,1,2,2,N,N,39 55:04.497,75 13:47.827,1932, ,1930,9,1,5,N, ,0,N, , , , ,804150, , , ,1,1,0,0,0,0,0,0,0,0,0,1,1,0,0,0,0,0,0,0,0,0,0,0,0,0,0,0,0,0,0,0,1,0,0,4,0,39.9179,-75.23, , 
 ,72834,2011073306,6,67,67301,2011,6,7,9999,99,1,1,0,7,5, , ,N,1,2,0,3,0,0,1,3,N,N,39 56:45.520,75 11:03.285,920, ,909,2,1,1,N, ,3,Y, , , , ,804155, , , ,2,1,0,0,0,0,1,0,0,0,0,0,0,0,0,0,0,0,0,0,1,0,0,0,0,0,0,0,0,0,0,0,0,0,0,0,0,39.946,-75.1842, , 
 ,72835,2011075631,6,67,67301,2011,6,6,1445,14,1,1,0,4,1, , ,N,2,0,0,3,0,0,2,2,N,N,40 03:40.881,75 01:25.557,1515, ,1500, ,0, ,N, ,0, , , , , ,804156, , , ,2,1,0,0,0,0,1,0,0,0,0,0,0,0,0,0,1,0,0,0,0,0,1,0,0,0,0,0,0,0,0,0,0,0,0,0,0,40.0614,-75.0238, , 
 ,72836,2011092983,6,67,67301,2011,8,2,1445,14,1,1,0,1,1, , ,N,0,0,6,3,0,0,3,2,N,N,40 06:46.511,74 59:24.708,1505, ,1445, ,0, ,N, ,0, , , , , ,804172, , , ,2,1,0,0,1,0,0,0,0,0,0,0,0,0,0,0,0,0,0,0,0,0,0,0,0,0,0,0,0,0,0,0,0,0,0,0,0,40.1129,-74.9902, , 
 ,72837,2011023332,6,67,67301,2011,1,3,713,7,1,1,0,1,2, , ,N,2,2,0,3,0,1,1,2,N,N,39 58:27.352,75 13:13.728,838, ,828, ,0, ,N, ,3, , , , , ,804186, , , ,2,2,0,0,0,0,0,0,0,0,0,1,1,0,0,0,0,0,0,0,0,0,0,0,0,0,0,0,0,0,0,0,0,0,0,4,0,39.9743,-75.2205, , 
 ,72838,2011029083,6,67,67301,2011,1,6,1907,19,3,1,6,8,1, , ,N,1,2,0,3,0,1,2,2,N,N,40 00:57.320,75 04:17.220,1914, ,1910, ,0, ,N, ,3, , , , , ,804192, , , ,1,1,0,0,0,0,0,0,0,0,0,0,1,1,1,0,0,0,0,0,0,0,0,0,0,0,0,0,0,0,0,0,1,0,0,8,0,40.0159,-75.0715, , 
 ,72839,2011037972,6,67,67301,2011,3,2,845,8,1,2,1,4,1, , ,N,1,0,0,3,0,1,2,2,N,N,40 01:06.336,75 08:56.889,9999, ,845, ,0, , , ,0, , , , , ,804202, , , ,2,2,0,0,0,0,0,0,0,0,0,1,1,0,0,0,0,0,0,0,0,0,0,0,0,0,0,0,0,0,0,0,0,0,0,4,0,40.0184,-75.1491, , 
 ,72840,2011055701,6,67,67301,2011,4,1,519,5,3,1,1,7,3, , ,N,0,0,0,3,0,0,1,1,N,N,39 58:50.800,75 12:22.559,521, ,521, ,0, ,N, ,0, , , , , ,804211, , , ,1,1,0,0,0,0,0,0,0,0,0,0,0,0,0,0,0,0,0,0,0,0,0,0,0,0,0,0,0,0,0,0,0,0,0,0,0,39.9808,-75.2063, , 
 ,72841,2011088076,6,67,67301,2011,8,2,1420,14,1,1,0,4,1, , ,N,1,3,0,3,0,2,3,2,N,N,40 01:52.664,75 03:58.343,1435, ,1434,9,1,3,N, ,3,N, , , , ,804249, , , ,2,1,0,0,0,0,1,0,0,0,0,2,2,0,0,0,0,0,0,0,0,0,0,0,0,0,0,0,0,0,0,0,0,0,0,4,0,40.0313,-75.0662, , 
 ,72842,2011056774,6,67,67301,2011,5,2,1610,16,1,1,0,1,1, , ,N,1,3,0,3,0,1,2,2,N,N,39 59:12.202,75 08:05.164,1615, ,1612, ,0, ,N, ,3, , , , , ,804274, , , ,2,2,0,0,0,0,0,0,0,0,0,1,1,0,0,0,0,0,0,0,1,0,0,0,0,0,0,0,0,0,0,0,0,0,0,4,0,39.9867,-75.1348, , 
 ,72843,2011056867,6,67,67301,2011,5,6,1101,11,1,1,0,4,1, , ,N,1,2,99,3,0,2,2,2, , ,39 55:33.806,75 10:57.867,1105, ,1102,2,1,4, , ,3,Y, , , , ,804275, , , ,2,1,0,0,1,0,0,0,0,0,0,0,2,2,0,0,0,0,0,0,0,0,0,0,0,0,0,0,0,0,0,0,0,0,0,8,0,39.9261,-75.1827, , 
 ,72844,2011064070,6,67,67301,2011,5,7,1201,12,1,1,0,3,1, , ,N,2,3,0,3,0,0,5,2, , ,40 02:37.100,75 09:11.645,1218, ,1218, ,0, , , ,3, , , , , ,804281, , , ,2,1,0,0,0,1,0,0,0,0,0,0,0,0,0,0,0,0,0,0,1,0,0,0,0,0,0,0,0,0,0,0,0,0,0,0,1,40.0436,-75.1532, , 
 ,72845,2011066069,6,67,67301,2011,5,2,1700,17,1,1,0,8,1, , ,N,1,3,0,3,0,1,2,2,N,N,39 56:43.724,75 13:13.472,1455, ,1443, ,0, ,N, ,3, , , , , ,804283, , , ,1,0,0,0,0,0,0,0,0,1,0,0,1,0,0,0,0,0,0,0,0,0,0,0,0,0,0,0,0,0,0,0,1,0,1,2,0,39.9455,-75.2204, , 
 ,72846,2011068384,6,46,46102,2011,6,6,1917,19,1,1,0,8,1, , ,N,0,0,0,3,0,1,2,2,N,N,40 04:29.522,75 09:34.923,1934, ,1930,1,2,6,N, ,0,Y, , , , ,804288, , , ,1,0,0,0,0,0,1,0,0,1,0,0,1,0,0,0,0,0,0,1,0,0,0,0,0,0,0,0,0,0,0,0,1,0,1,2,0,40.0749,-75.1597, , 
 ,72847,2011075597,6,67,67301,2011,6,5,1043,10,1,1,0,4,1, , ,N,1,2,0,3,0,1,2,2,N,N,39 56:41.625,75 12:45.723,1249, ,1241, ,0, ,N, ,3, , , , , ,804297, , , ,1,0,0,0,0,1,0,0,1,1,0,0,1,0,0,0,0,0,0,0,0,0,0,0,0,0,0,0,0,0,0,1,0,0,0,2,0,39.9449,-75.2127, , 
 ,72848,2011090501,6,67,67301,2011,8,4,1719,17,1,1,1,8,6, , ,N,0,0,0,3,0,1,2,2,N,N,40 01:39.746,75 08:49.580,1250, ,1246, ,0, , , ,0, , , , , ,804310, , , ,1,0,0,0,0,0,0,1,0,1,0,0,1,0,1,0,0,0,0,0,0,0,0,0,0,0,0,0,0,0,0,0,1,0,1,2,0,40.0277,-75.1471, , 
 ,72849,2011093020,6,67,67301,2011,8,6,2130,21,3,1,0,2,1, , ,N,0,0,0,3,0,1,4,2,N,N,40 01:07.260,75 09:02.895,2138, ,2135, ,0, , , ,0, , , , , ,804312, , , ,2,2,0,0,0,0,0,0,0,0,0,1,1,0,0,0,0,0,0,0,0,0,0,0,0,0,0,0,0,0,0,0,0,0,0,4,0,40.0187,-75.1508, , 
 ,72850,2011074784,6,67,67301,2011,7,6,1755,17,1,1,0,1,1, , ,N,0,0,0,3,0,1,2,2,N,N,39 56:45.836,75 11:21.702,1805, ,1759, ,0, ,N, ,0, , , , , ,808006, , , ,2,2,0,0,0,0,0,0,0,0,0,1,1,0,0,0,0,0,0,0,2,0,0,0,0,0,0,0,0,0,0,0,0,0,0,4,0,39.9461,-75.1894, , 
 ,72851,2011095349,6,67,67301,2011,8,6,655,6,1,1,0,7,4, , ,N,0,0,0,3,0,1,1,1,N,N,40 01:28.635,75 08:52.013,721, ,655, ,0, ,N, ,0, , , , , ,808016, , , ,1,1,0,0,0,0,0,0,0,0,0,1,1,0,0,0,0,0,0,0,0,0,0,1,0,0,0,0,0,0,0,0,0,0,0,4,0,40.0246,-75.1478, , 
 ,72852,2011100868,6,67,67301,2011,9,6,1445,14,1,1,0,1,1, , ,N,1,2,0,3,0,0,3,3,N,N,40 03:35.442,75 09:00.370,1538, ,1532, ,0, ,N, ,3, , , , , ,808021, , , ,3,1,0,0,0,0,2,0,0,0,0,0,0,0,0,0,0,0,0,0,1,0,0,0,0,0,0,0,0,0,0,0,0,0,0,0,0,40.0598,-75.1501, , 
 ,72853,2011107704,6,67,67301,2011,10,3,1203,12,1,1,0,7,5, , ,N,1,3,0,3,0,1,2,1,N,N,40 00:49.370,75 04:25.456,1203, ,1203,2,2,7,N, ,3,Y, , , , ,808027, , , ,1,0,0,0,0,0,1,0,0,0,0,1,1,0,1,0,0,0,0,0,0,0,0,2,0,0,0,0,0,0,0,0,0,0,0,4,0,40.0137,-75.0737, , 
 ,72854,2011015430,6,67,67301,2011,2,6,705,7,1,1,0,1,1, , ,N,1,2,0,3,0,0,3,3,N,N,40 01:31.774,75 07:31.582,750, ,706,3,1,2,N, ,3,N, , , , ,808049, , , ,3,2,0,0,0,1,0,0,0,0,0,0,0,0,0,0,0,0,0,0,1,0,0,0,0,0,0,0,0,0,0,0,0,0,0,0,1,40.0255,-75.1254, , 
 ,72855,2011036012,6,67,67301,2011,3,5,1110,11,1,1,0,4,1, , ,N,0,0,0,3,0,0,2,2,N,N,39 56:45.564,75 08:33.037,1121, ,1118, ,0, ,N, ,0, , , , , ,808071, , , ,2,0,0,0,1,0,0,1,0,0,0,0,0,0,0,0,0,0,0,0,0,0,0,0,0,0,0,0,0,0,0,0,0,0,0,0,0,39.946,-75.1425, , 
 ,72856,2011087825,6,67,67301,2011,7,3,1830,18,1,1,0,5,1, , ,N,0,0,0,3,0,2,5,3,N,N,40 00:04.096,75 07:06.495,1840, ,1835, ,0, ,N, ,0, , , , , ,808094, , , ,3,3,0,0,0,0,0,0,0,0,0,2,2,0,0,0,0,0,0,0,0,0,0,0,0,0,0,0,0,0,0,0,0,0,0,4,0,40.0011,-75.1185, , 
 ,72857,2011108865,6,67,67301,2011,10,7,1415,14,1,1,0,1,1, , ,N,2,2,0,3,0,1,3,2,N,N,40 06:51.356,74 59:16.486,1422, ,1417,1,1,2,N, ,3,N, , , , ,808110, , , ,2,2,0,0,0,0,0,0,0,0,0,1,1,0,0,0,0,0,0,0,1,0,0,0,0,0,0,0,0,0,0,0,0,0,0,4,0,40.1143,-74.9879, , 
 ,72858,2011109534,6,67,67301,2011,10,7,38,0,3,1,0,1,1, , ,N,0,0,0,3,0,0,4,2,N,N,39 56:14.982,75 11:55.200,46, ,39,2,2,3,N, ,0,Y, , , , ,808113, , , ,2,1,0,0,0,0,1,0,0,0,0,0,0,0,0,0,0,0,0,0,0,0,0,1,0,0,0,0,0,0,0,0,0,0,0,0,0,39.936,-75.1997, , 
 ,72859,2011064128,6,67,67301,2011,5,5,1200,12,1,1,0,1,2, , ,N,0,0,0,3,0,0,1,3,N,N,40 03:09.824,75 09:33.300,1243, ,1242, ,0, ,N, ,0, , , , , ,808137, , , ,3,2,0,0,1,0,0,0,0,0,0,0,0,0,1,0,0,0,0,0,0,0,0,1,0,0,0,0,0,0,0,0,0,0,0,9,0,40.0527,-75.1593, , 
 ,72860,2011075683,6,67,67301,2011,6,5,845,8,1,1,0,4,1, , ,N,0,0,0,3,0,1,3,3,N,N,40 02:23.657,75 03:28.239,858, ,850, ,0, ,N, ,0, , , , , ,808150, , , ,3,0,0,0,1,0,1,1,0,0,0,1,1,0,0,0,0,0,0,0,1,0,0,1,0,0,0,0,0,0,0,0,0,0,0,4,0,40.0399,-75.0578, , 
 ,72861,2011090433,6,67,67301,2011,8,4,1551,15,1,1,0,4,2, , ,N,0,0,7,3,0,1,2,2,N,N,40 05:34.480,74 59:26.600,1555, ,1553, ,0, ,N, ,0, , , , , ,808158, , , ,1,1,0,0,0,0,0,0,1,0,0,1,1,0,0,0,0,0,0,0,0,0,0,0,0,0,0,0,0,0,0,0,0,0,0,4,0,40.0929,-74.9907, , 
 ,72862,2011093018,6,67,67301,2011,8,3,1730,17,1,1,0,1,1, , ,N,2,3,0,3,0,1,5,2,N,N,39 55:12.338,75 09:22.096,2012, ,2002, ,0, ,N, ,9, , , , , ,808161, , , ,2,1,0,0,1,0,0,0,0,0,0,1,1,0,0,0,0,0,0,0,0,0,0,0,0,0,0,0,0,0,0,0,0,0,0,4,0,39.9201,-75.1561, , 
 ,72863,2011101361,6,67,67301,2011,7,3,1535,15,1,1,0,0,1, , ,N,0,0,0,3,0,1,3,2,N,N,40 01:49.979,75 01:19.005,1550, ,1539, ,0, ,N, ,0, , , , , ,808170, , , ,2,2,0,0,0,0,0,0,0,0,0,1,1,0,0,0,0,0,0,1,0,1,0,0,0,0,0,0,0,0,0,0,0,0,0,4,0,40.0307,-75.0219, , 
 ,72864,2011061177,6,67,67301,2011,5,1,233,2,3,2,7,4,1, , ,N,0,0,0,3,0,0,2,2,N,N,39 58:08.659,75 07:38.012,244, ,244, ,0, ,N, ,0, , , , , ,808178, , , ,2,2,0,0,0,0,0,0,0,0,0,0,0,0,0,0,0,0,1,0,0,0,0,0,0,0,0,0,0,0,0,0,0,0,0,0,0,39.969,-75.1273, , 
 ,72865,2011073254,6,67,67301,2011,6,6,745,7,1,1,0,8,1, , ,N,1,2,0,3,0,1,2,2,N,N,40 01:13.580,75 11:32.806,810, ,755, ,0, ,N, ,3, , , , , ,808185, , , ,1,0,0,0,0,0,0,0,0,0,0,0,1,1,1,0,0,0,0,0,0,0,0,0,0,0,0,0,0,0,0,0,1,0,0,8,0,40.0205,-75.1924, , 
 ,72866,2011076901,6,67,67301,2011,7,3,959,9,1,1,0,1,1, , ,N,0,0,0,3,0,0,3,2,N,N,39 57:35.303,75 10:38.197,1007, ,1001,1,1,4,Y, ,0,N, , , , ,808190, , , ,2,2,0,0,0,0,0,0,0,0,0,0,0,0,0,0,0,0,0,0,0,0,0,0,0,0,0,0,0,0,0,0,0,0,0,0,0,39.9598,-75.1773, , 
 ,72867,2011079591,6,67,67301,2011,8,5,1912,19,1,1,0,7,2, , ,N,0,0,0,3,0,1,1,1,N,N,39 58:08.659,75 07:38.012,1919, ,1915, ,0, ,N, ,0, , , , , ,808194, , , ,1,0,1,0,0,0,0,0,0,0,0,1,1,0,0,0,0,0,0,0,0,0,0,0,0,0,0,0,0,0,0,0,0,0,0,4,0,39.969,-75.1273, , 
 ,72868,2011083451,6,67,67301,2011,7,2,1544,15,1,1,0,1,1, , ,N,0,0,0,3,0,1,3,3,N, ,40 02:28.961,75 06:23.884,1725, ,1711, ,0, , , ,0, , , , , ,808201, , , ,3,1,0,0,1,0,0,1,0,0,0,0,1,1,0,0,0,0,0,0,0,0,0,0,0,0,0,0,0,0,0,0,0,0,0,8,0,40.0414,-75.1066, , 
 ,72869,2011028978,6,67,67301,2011,2,6,1051,10,1,1,0,1,1, , ,N,1,2,0,3,0,0,2,2, , ,40 02:20.942,75 06:36.006,1105, ,1055,1,2,4, , ,3,Y, , , , ,811616, , , ,2,1,0,0,0,0,1,0,0,0,0,0,0,0,0,0,0,0,0,0,1,0,0,0,0,0,0,0,0,0,0,0,0,0,0,0,0,40.0392,-75.11, , 
 ,72870,2011029422,6,67,67301,2011,2,1,1805,18,3,1,0,7,5, , ,N,0,0,0,3,0,1,1,1,N,N,40 02:37.429,75 05:06.333,1835, ,1827, ,0, ,N, ,0, , , , , ,811618, , , ,1,1,0,0,0,0,0,0,0,0,0,0,1,1,0,0,0,0,0,0,0,0,0,0,0,0,0,0,0,0,0,0,0,0,0,8,0,40.0437,-75.0851, , 
 ,72871,2011076275,6,67,67301,2011,7,2,47,0,3,1,0,4,7, , ,N,2,2,2,3,0,1,3,2, , ,39 57:25.871,75 08:31.299,58, ,55,3,1,2, , ,1,N, , , , ,811654, , , ,2,1,0,0,0,0,0,1,0,0,0,1,1,0,0,0,0,0,0,0,1,0,0,0,0,0,0,0,0,0,0,0,0,0,0,4,0,39.9573,-75.1452, , 
 ,72872,2011083275,6,67,67301,2011,7,4,920,9,1,1,0,4,1, , ,N,1,2,0,3,0,3,3,2,N,N,40 01:20.289,75 09:43.290,929, ,925, ,0, , , ,3, , , , , ,811657, , , ,2,2,0,0,0,0,0,0,0,0,0,3,3,0,0,0,0,0,0,0,0,0,0,0,0,0,0,0,0,0,0,0,0,0,0,4,0,40.0223,-75.162, , 
 ,72873,2011090523,6,67,67301,2011,8,4,1630,16,1,1,0,4,1, , ,N,2,2,0,3,0,1,2,2,N,N,39 58:25.156,75 12:32.179,1720, ,1718, ,0, ,N, ,3, , , , , ,811660, , , ,2,1,0,0,0,0,1,0,0,0,0,0,1,1,0,0,0,0,0,0,0,0,0,0,0,0,0,0,0,0,0,0,0,0,0,8,0,39.9736,-75.2089, , 
 ,72874,2011090530,6,67,67301,2011,8,6,340,3,3,1,0,1,1, , ,N,1,2,0,3,0,0,5,3,N,N,39 57:39.001,75 08:34.269,350, ,345,1,1,4,N, ,3,N, , , , ,811661, , , ,3,3,0,0,0,0,0,0,0,0,0,0,0,0,0,0,0,0,0,0,0,0,0,0,0,0,0,0,0,0,0,0,0,0,0,0,0,39.9608,-75.1426, , 
 ,72875,2011104093,6,67,67301,2011,9,4,211,2,2,2,1,7,1, , ,N,0,0,0,3,0,0,1,1,N,N,40 02:17.443,75 00:36.797,211, ,211,1,2,1,N, ,0,N, , , , ,811669, , , ,1,1,0,0,0,0,0,0,0,0,0,0,0,0,0,0,0,0,0,0,0,0,0,0,0,0,0,0,0,0,0,0,0,0,0,0,0,40.0381,-75.0103, , 
 ,72876,2011108908,6,67,67301,2011,9,6,1401,14,1,2,1,7,2, , ,N,0,0,3,3,0,2,3,2,N,N,40 04:34.662,75 03:16.659,1405, ,1402, ,0, ,N, ,0, , , , , ,811673, , , ,2,2,0,0,0,0,0,0,0,0,0,2,2,0,0,0,0,0,0,0,0,0,0,1,0,0,0,0,0,0,0,0,0,0,0,4,0,40.0763,-75.0546, , 
 ,72877,2011115437,6,67,67301,2011,9,6,1240,12,1,2,1,5,1, , ,N,0,0,7,3,0,1,2,3,N,N,40 02:22.564,75 01:58.733,1250, ,1245, ,0, ,N, ,0, , , , , ,811678, , , ,2,2,0,0,0,0,0,0,0,0,0,1,1,0,0,0,0,0,0,0,0,0,1,0,0,0,0,0,0,0,0,0,0,0,0,4,0,40.0396,-75.033, , 
 ,72878,2011118493,6,67,67301,2011,10,2,1005,10,1,1,1,8,1, , ,N,0,2,7,3,0,1,3,2,N,N,40 07:10.169,75 01:03.421,1012, ,1011,1,1,1,N, ,2,N, , , , ,811681, , , ,1,1,0,0,0,0,0,0,0,0,0,0,1,1,0,0,0,0,0,0,0,0,0,0,0,0,0,0,0,0,0,0,1,0,0,8,0,40.1195,-75.0176, , 
 ,72879,2011090548,6,67,67301,2011,8,5,830,8,1,2,1,4,1, , ,N,1,2,0,3,0,0,2,2,N,N,40 04:12.010,75 09:45.872,900, ,855, ,0, ,N, ,3, , , , , ,811694, , , ,2,2,0,0,0,0,0,0,0,0,0,0,0,0,0,0,0,0,0,0,0,0,0,0,0,0,0,0,0,0,0,0,0,0,0,0,0,40.07,-75.1627, , 
 ,72880,2011118138,6,67,67301,2011,10,1,410,4,3,1,0,1,1, , ,N,1,2,0,3,0,2,3,2,N, ,40 06:51.788,74 59:16.991,422, ,416,1,1,2, , ,3,N, , , , ,811705, , , ,2,1,0,0,0,0,0,1,0,0,0,2,2,0,0,0,0,0,0,0,0,0,0,0,0,0,0,0,0,0,0,0,0,0,0,4,0,40.1144,-74.9881, , 
 ,72881,2012002024,6,67,67301,2011,12,4,847,8,1,1,0,1,1, , ,N,0,0,0,3,0,1,3,2,N,N,40 02:13.567,75 05:05.992,850, ,848, ,0, , , ,0, , , , , ,811723, , , ,2,2,0,0,0,0,0,0,0,0,0,1,1,0,0,0,0,0,0,0,0,0,0,0,0,0,0,0,0,0,0,0,0,0,0,4,0,40.0371,-75.085, , 