wz_ln_closure,objectid_1,crn,district,county,municipality,crash_year,crash_month,day_of_week,time_of_day,hour_of_day,illumination,weather,road_condition,collision_type,relation_to_road,work_zone_type,work_zone_loc,work_zone_ind,intersect_type,tcd_type,location_type,urban_rural,fatal_count,injury_count,person_count,total_units,sch_bus_ind,sch_zone_ind,latitude,longitude,arrival_tm,cons_zone_spd_lim,dispatch_tm,est_hrs_closed,lane_closed,ln_close_dir,ntfy_hiwy_maint,spec_juris_cd,tcd_func_cd,tfc_detour_ind,workers_pres,wz_close_detour,wz_flagger,wz_law_offcr_ind,objectid,wz_moving,wz_other,wz_shlder_mdn,vehicle_count,automobile_count,motorcycle_count,bus_count,small_truck_count,heavy_truck_count,suv_count,van_count,bicycle_count,maj_inj_count,mod_inj_count,min_inj_count,tot_inj_count,unk_inj_deg_count,unk_inj_per_count,driver_count_16yr,driver_count_17yr,driver_count_18yr,driver_count_19yr,driver_count_20yr,driver_count_50_64yr,driver_count_65_74yr,driver_count_75plus,unbelted_occ_count,unb_death_count,unb_maj_inj_count,belted_death_count,belted_maj_inj_count,mcycle_death_count,mcycle_maj_inj_count,bicycle_death_count,bicycle_maj_inj_count,ped_count,ped_death_count,ped_maj_inj_count,max_severity_level,comm_veh_count,dec_lat,dec_long,rdwy_surf_type_cd,county_name
 ,72948,2011064177,6,67,67301,2011,5,2,2000,20,1,1,0,8,1, , ,N,0,0,0,3,0,1,2,2,N,N,39 59:17.882,75 08:27.795,2006, ,2005, ,0, ,N, ,0, , , , , ,811853, , , ,1,1,0,0,0,0,0,0,0,0,0,1,1,0,0,0,0,0,0,0,1,0,0,0,0,0,0,0,0,0,0,0,1,0,0,4,0,39.9883,-75.1411, , 
 ,72949,2011073205,6,67,67301,2011,6,5,1742,17,1,1,0,5,1, , ,N,0,0,0,3,0,1,3,2,N,N,39 56:42.196,75 08:48.545,1842, ,1838,9,1,1,N, ,0,N, , , , ,811868, , , ,2,2,0,0,0,0,0,0,0,0,0,0,1,1,0,0,0,0,0,0,0,0,0,0,0,0,0,0,0,0,0,0,0,0,0,8,0,39.9451,-75.1468, , 
 ,72950,2011075560,6,67,67301,2011,6,6,2058,20,3,1,0,1,1, , ,N,1,2,0,3,0,1,4,2,N,N,39 57:30.563,75 13:30.647,2113, ,2111, ,0, ,N, ,3, , , , , ,811870, , , ,2,2,0,0,0,0,0,0,0,0,0,1,1,0,0,0,0,0,0,0,1,0,0,0,0,0,0,0,0,0,0,0,0,0,0,4,0,39.9585,-75.2252, , 
 ,72951,2011087846,6,67,67301,2011,8,2,100,1,3,1,0,4,1, , ,N,2,3,0,3,0,0,2,2,N,N,39 57:31.482,75 08:43.587,108, ,104,1,2,2,N, ,3,Y, , , , ,811879, , , ,2,2,0,0,0,0,0,0,0,0,0,0,0,0,0,0,0,0,0,0,0,0,0,0,0,0,0,0,0,0,0,0,0,0,0,0,0,39.9587,-75.1454, , 
 ,72952,2011083803,6,67,67301,2011,7,2,1500,15,1,1,0,5,6, , ,N,0,0,0,3,0,1,1,3,N,N,40 01:43.489,75 08:23.553,1512, ,1512, ,0, ,N, ,0, , , , , ,811909, , , ,3,2,1,0,0,0,0,0,0,1,0,0,1,0,0,0,0,0,0,0,0,0,0,0,0,0,0,0,0,1,0,0,0,0,0,2,0,40.0287,-75.1399, , 
 ,72953,2011082548,6,67,67301,2011,6,3,1658,16,1,1,0,8,1, , ,N,0,0,0,3,0,1,3,2,N,N,40 00:06.250,75 09:14.343,1703, ,1700, ,0, , , ,0, , , , , ,811943, , , ,1,1,0,0,0,0,0,0,0,0,1,0,1,0,0,0,0,0,0,0,0,0,0,0,0,0,0,0,0,0,0,0,1,0,0,3,0,40.0017,-75.154, , 
 ,72954,2011095441,6,67,67301,2011,8,4,1108,11,1,1,0,4,1, , ,N,1,2,0,3,0,1,5,2,N,N,39 56:59.250,75 12:25.488,1108, ,1108, ,0, ,N, ,3, , , , , ,811957, , , ,2,1,0,0,0,0,1,0,0,0,0,1,1,0,1,0,0,0,0,0,0,0,0,1,0,0,0,0,0,0,0,0,0,0,0,4,0,39.9498,-75.2071, , 
 ,72955,2011100896,6,67,67301,2011,9,5,955,9,1,1,0,3,1, , ,N,1,2,0,3,0,1,2,2,N,N,39 57:05.819,75 10:57.002,956, ,955, ,0, , , ,3, , , , , ,811961, , , ,1,1,0,0,0,0,0,0,1,1,0,0,1,0,0,0,0,0,0,0,1,0,0,1,0,0,0,0,0,0,0,1,0,0,0,2,0,39.9524,-75.1821, , 
 ,72956,2011114845,6,67,67301,2011,10,1,805,8,1,8,5,7,4, , ,N,0,0,0,3,0,0,1,1,N,N,40 02:07.798,75 01:03.895,806, ,806, ,0, ,Y, ,0, , , , , ,811974, , , ,1,1,0,0,0,0,0,0,0,0,0,0,0,0,0,0,0,0,0,0,1,0,0,0,0,0,0,0,0,0,0,0,0,0,0,0,0,40.0355,-75.0177, , 
 ,72957,2011085522,6,67,67301,2011,7,5,1723,17,1,1,0,4,1, , ,N,2,2,0,3,0,3,5,2,N,N,40 01:28.929,75 07:50.008,1726, ,1724,1,2,4,N, ,3,N, , , , ,812000, , , ,2,2,0,0,0,0,0,0,0,0,0,2,3,1,0,0,0,0,0,0,0,1,0,0,0,0,0,0,0,0,0,0,0,0,0,4,0,40.0247,-75.1304, , 
 ,72958,2011095353,6,67,67301,2011,8,5,9999,99,1,1,0,4,1, , ,N,10,0,7,3,0,2,6,3,N, ,39 54:26.280,75 11:16.256,635, ,625, ,0, , , ,0, , , , , ,812008, , , ,3,1,0,0,1,0,1,0,0,0,0,0,2,2,0,0,0,0,0,0,0,0,0,0,0,0,0,0,0,0,0,0,0,0,0,8,0,39.9073,-75.1878, , 
 ,72959,2011085453,6,67,67301,2011,4,6,2037,20,3,1,0,4,1, , ,N,0,0,0,3,0,1,3,2,N, ,39 59:48.944,75 07:46.160,2045, ,2037, ,0, , , ,0, , , , , ,813677, , , ,1,1,0,0,0,0,0,0,1,0,1,0,1,0,2,0,0,0,0,0,0,0,0,0,0,0,0,0,0,0,0,0,0,0,0,3,0,39.9969,-75.1295, , 
 ,72960,2011112123,6,67,67301,2011,10,1,9999,99,3,1,0,4,1, , ,N,0,0,7,3,0,1,2,2,N,N,39 54:29.520,75 11:20.898,2313, ,2312, ,0, ,N, ,0, , , , , ,813701, , , ,2,0,0,0,0,0,2,0,0,0,0,1,1,0,0,0,0,0,0,0,0,0,0,0,0,0,0,0,0,0,0,0,0,0,0,4,0,39.9082,-75.1892, , 
 ,72961,2011115518,6,67,67301,2011,10,4,2200,22,3,2,1,8,1, , ,N,2,2,0,3,0,1,2,2,N, ,40 03:38.631,75 01:40.807,2220, ,2210, ,0, , , ,3, , , , , ,813707, , , ,1,1,0,0,0,0,0,0,0,0,0,0,1,1,1,0,0,0,0,1,0,0,0,0,0,0,0,0,0,0,0,0,1,0,0,8,0,40.0607,-75.028, , 
 ,72962,2011085523,6,67,67301,2011,7,6,155,1,3,1,0,7,4, , ,N,0,0,0,3,1,1,2,1,N,N,40 01:36.625,75 06:50.487,209, ,158,9,1,1,N,0,0,Y, , , , ,813732, , , ,1,0,0,0,0,0,0,1,0,0,0,0,1,1,0,0,0,0,0,0,0,0,0,2,1,0,0,0,0,0,0,0,0,0,0,1,0,40.0268,-75.114,2, 
 ,72963,2011100752,6,67,67301,2011,9,5,415,4,3,2,1,8,1, , ,N,0,0,0,3,0,1,2,2,N,N,39 58:25.485,75 15:29.586,430, ,425, ,0, ,N, ,0, , , , , ,813741, , , ,1,1,0,0,0,0,0,0,0,0,0,1,1,0,0,0,0,0,0,0,0,0,0,0,0,0,0,0,0,0,0,0,1,0,0,4,0,39.9737,-75.2582, , 
 ,72964,2011122815,6,67,67301,2011,10,2,1641,16,1,1,0,4,1, , ,N,10,3,0,3,0,1,3,2,N,N,40 01:57.187,75 01:57.341,1750, ,1734, ,0, ,N, ,3, , , , , ,813758, , , ,1,1,0,0,0,0,0,0,1,0,0,1,1,0,0,0,0,0,0,0,0,0,0,0,0,0,0,0,0,0,0,0,0,0,0,4,0,40.0326,-75.0326, , 
 ,72965,2011029416,6,67,67301,2011,2,5,1055,10,1,1,0,2,1, , ,N,0,0,0,3,0,1,2,2,N,N,39 55:14.013,75 14:48.028,1110, ,1109, ,0, ,N, ,0, , , , , ,813774, , , ,2,1,0,0,0,1,0,0,0,0,0,1,1,0,0,0,0,0,0,0,0,0,0,0,0,0,0,0,0,0,0,0,0,0,0,4,1,39.9206,-75.2467, , 
 ,72966,2011083314,6,67,67301,2011,7,7,1645,16,1,1,0,1,1, , ,N,1,2,0,3,0,1,5,2,N,N,39 56:40.218,75 09:23.900,2000, ,1956, ,0, , , ,3, , , , , ,813822, , , ,2,2,0,0,0,0,0,0,0,0,0,1,1,0,0,0,0,0,0,0,0,1,0,0,0,0,0,0,0,0,0,0,0,0,0,4,0,39.9445,-75.1566, , 
 ,72967,2011085393,6,67,67301,2011,7,7,448,4,3,1,0,8,1, , ,N,2,0,0,3,1,0,2,2,N,N,39 58:14.770,75 12:52.883,450, ,449,3,2,6,N,0,0,Y, , , , ,813826, , , ,1,1,0,0,0,0,0,0,0,0,0,0,0,0,0,0,0,0,0,0,0,0,0,0,0,0,0,0,0,0,0,0,1,1,0,1,0,39.9708,-75.2147,2, 
 ,72968,2011091104,6,67,67301,2011,8,4,1137,11,1,1,0,1,1, , ,N,0,0,0,3,0,3,5,3,N,N,39 59:58.271,75 04:48.670,1140, ,1139,2,1,1,N, ,0,N, , , , ,813834, , , ,3,1,0,0,0,0,2,0,0,0,3,0,3,0,0,0,0,1,0,0,0,0,0,0,0,0,0,0,0,0,0,0,0,0,0,3,0,39.9994,-75.0803, , 
 ,72969,2011093078,6,67,67301,2011,8,3,9999,99,1,1,0,2,1, , ,N,1,3,0,3,0,2,3,2,N,N,40 04:14.487,75 09:43.335,1349, ,1349, ,0, , , ,3, , , , , ,813836, , , ,2,1,0,0,0,0,1,0,0,0,1,0,2,1,1,0,0,0,0,0,1,0,0,0,0,0,0,0,0,0,0,0,0,0,0,3,0,40.0707,-75.162, , 
 ,72970,2011109695,6,67,67301,2011,10,1,2100,21,1,1,0,7,2, , ,N,0,0,2,3,0,0,1,1,N,N,39 53:30.611,75 14:17.297,952, ,952, ,0, ,Y, ,0, , , , , ,813850, , , ,1,1,0,0,0,0,0,0,0,0,0,0,0,0,0,0,0,0,0,0,0,0,0,0,0,0,0,0,0,0,0,0,0,0,0,0,0,39.8918,-75.2381, , 
 ,72971,2011112228,6,67,67301,2011,9,6,1322,13,1,1,0,4,1, , ,N,0,2,7,3,0,1,2,3,N, ,39 59:59.187,75 09:11.957,1335, ,1330,3,1,1, , ,3,N, , , , ,813855, , , ,3,3,0,0,0,0,0,0,0,0,0,1,1,0,1,0,0,0,0,0,0,0,0,0,0,0,0,0,0,0,0,0,0,0,0,4,0,39.9998,-75.1533, , 
 ,72972,2011057084,6,67,67301,2011,6,6,811,8,1,1,0,1,1, , ,N,2,3,7,3,0,2,3,3,N,N,40 01:38.505,75 05:56.834,825, ,813, ,0, ,N, ,3, , , , , ,813865, , , ,3,1,0,0,0,0,2,0,0,0,0,1,2,1,1,0,0,0,0,0,0,0,0,0,0,0,0,0,0,0,0,0,0,0,0,4,0,40.0274,-75.0991, , 
 ,72973,2011064080,6,67,67301,2011,5,1,1344,13,1,1,0,8,1, , ,N,1,2,0,3,0,1,2,2,N,N,39 59:55.564,75 07:52.531,1410, ,1409, ,0, ,N, ,3, , , , , ,813867, , , ,1,0,0,0,0,0,0,1,0,1,0,0,1,0,0,0,0,0,0,0,0,0,0,0,0,0,0,0,0,0,0,0,1,0,1,2,0,39.9988,-75.1313, , 
 ,72974,2011090569,6,67,67301,2011,8,1,258,2,3,2,1,7,3, , ,N,1,2,0,3,0,0,1,1,N,N,39 58:26.859,75 12:15.536,311, ,258,1,1,4,N, ,3,N, , , , ,813897, , , ,1,0,0,0,0,0,1,0,0,0,0,0,0,0,0,0,0,0,0,0,0,0,0,0,0,0,0,0,0,0,0,0,0,0,0,0,0,39.9741,-75.2043, , 
 ,72975,2011054177,6,67,67301,2011,4,3,1403,14,1,9,0,2,1, , ,N,1,3,0,3,0,2,2,2,N,N,39 59:11.918,75 13:55.757,9999, ,9999, ,0, ,N, ,3, , , , , ,813912, , , ,2,2,0,0,0,0,0,0,0,0,1,0,2,1,0,0,0,0,0,0,0,0,0,0,0,0,0,0,0,0,0,0,0,0,0,3,0,39.9866,-75.2322, , 
 ,72976,2011056839,6,67,67301,2011,5,5,1446,14,1,1,0,5,1, , ,N,1,2,99,3,0,1,3,2, , ,40 01:36.580,75 05:52.985,1509, ,1447, ,0, , , ,3, , , , , ,813929, , , ,2,1,0,0,1,0,0,0,0,0,0,1,1,0,0,0,0,0,0,0,1,0,0,0,0,0,0,0,0,0,0,0,0,0,0,4,0,40.0268,-75.0981, , 
 ,72977,2011066218,6,67,67301,2011,5,7,1027,10,1,1,0,5,1, , ,N,1,2,0,3,0,1,2,2, , ,39 57:50.493,75 10:28.318,1029, ,1027, ,0, , , ,3, , , , , ,804615, , , ,2,1,0,0,0,0,1,0,0,0,1,0,1,0,0,0,0,0,0,1,0,0,0,0,0,0,0,0,0,0,0,0,0,0,0,3,0,39.964,-75.1745, , 
 ,72978,2011075678,6,67,67301,2011,6,2,1657,16,1,1,0,8,1, , ,N,2,2,0,3,0,1,2,2,N,N,39 57:12.850,75 10:23.482,1845, ,1836, ,0, ,N, ,9, , , , , ,804622, , , ,1,1,0,0,0,0,0,0,0,0,0,1,1,0,1,0,0,0,0,0,0,0,0,1,0,0,0,0,0,0,0,0,1,0,0,4,0,39.9536,-75.1731, , 
 ,72979,2011112252,6,67,67301,2011,9,5,2250,22,3,1,0,7,3, , ,N,10,0,1,3,0,1,1,1,N,N,39 57:56.235,75 08:13.516,2255, ,2253, ,0, , , ,0, , , , , ,804654, , , ,1,0,1,0,0,0,0,0,0,0,0,0,1,1,0,0,0,0,0,0,0,0,0,0,0,0,0,0,0,0,0,0,0,0,0,8,0,39.9657,-75.137, , 
 ,72980,2011024575,6,67,67301,2011,2,2,1430,14,1,1,0,1,1, , ,N,0,0,0,3,0,0,2,2,N,N,39 57:36.072,75 10:44.287,1431, ,1431,2,1,4,N, ,0,N, , , , ,804678, , , ,2,1,0,0,0,0,0,1,0,0,0,0,0,0,0,0,0,0,0,0,0,0,0,0,0,0,0,0,0,0,0,0,0,0,0,0,0,39.96,-75.179, , 
 ,72981,2011029054,6,67,67301,2011,1,2,838,8,1,8,5,8,1, , ,N,0,0,0,3,0,1,2,2,N,N,39 58:27.001,75 15:44.571,857, ,851, ,0, , , ,0, , , , , ,804682, , , ,1,1,0,0,0,0,0,0,0,0,0,0,1,1,0,0,0,0,0,0,0,0,0,0,0,0,0,0,0,0,0,0,1,0,0,8,0,39.9742,-75.2624, , 
 ,72982,2011098099,6,67,67301,2011,9,3,1015,10,1,2,1,4,1, , ,N,1,2,0,3,0,2,5,5,N,N,39 59:43.508,75 06:19.956,1024, ,1020,1,2,5,N, ,3,Y, , , , ,804738, , , ,4,3,0,0,0,0,0,1,0,0,1,0,2,1,1,0,0,0,0,0,0,0,0,0,0,0,0,0,0,0,0,0,1,0,0,3,0,39.9954,-75.1055, , 
 ,72983,2011100839,6,67,67301,2011,9,6,2045,20,3,9,8,6,4, , ,N,2,3,1,3,0,1,1,2,N,N,40 01:03.007,75 03:14.133,9999, ,9999, ,0, , , ,2, , , , , ,804743, , , ,2,1,0,0,1,0,0,0,0,0,1,0,1,0,0,0,0,0,0,0,0,0,0,0,0,0,0,0,0,0,0,0,0,0,0,3,0,40.0175,-75.0539, , 
 ,72984,2011068454,6,67,67301,2011,6,6,1015,10,1,1,0,8,1, , ,N,1,2,0,3,0,1,2,2,N,N,39 56:35.610,75 09:13.269,1022, ,1020, ,0, ,N, ,3, , , , , ,804759, , , ,1,0,0,0,0,0,0,1,0,0,0,1,1,0,0,0,0,0,0,0,0,0,0,1,0,0,0,0,0,0,0,0,1,0,0,4,0,39.9432,-75.1537, , 
 ,72985,2011082515,6,67,67301,2011,7,2,930,9,1,1,0,1,1, , ,N,1,2,0,3,0,4,4,3,N,N,39 57:28.162,75 08:50.070,956, ,950,3,2,1,N, ,3,Y, , , , ,804772, , , ,3,1,0,0,0,0,1,1,0,0,1,0,4,3,0,0,0,0,0,0,1,0,0,0,0,0,0,0,0,0,0,0,0,0,0,3,0,39.9578,-75.1472, , 
 ,72986,2011084745,6,67,67301,2011,8,6,101,1,3,1,0,7,2, , ,N,0,0,0,3,0,0,1,1,N,N,39 53:55.679,75 10:22.294,120, ,106,2,1,1,N, ,0,N, , , , ,804774, , , ,1,1,0,0,0,0,0,0,0,0,0,0,0,0,1,0,0,0,0,0,0,0,0,0,0,0,0,0,0,0,0,0,0,0,0,9,0,39.8988,-75.1729, , 
 ,72987,2011090584,6,67,67301,2011,8,6,9999,99,1,1,0,4,1, , ,N,1,2,0,3,0,1,2,2,N,N,39 57:15.789,75 10:16.899,2028, ,2025, ,0, , , ,3, , , , , ,804780, , , ,2,1,0,0,0,0,0,1,0,0,0,1,1,0,0,0,0,0,0,0,0,0,0,2,0,0,0,0,0,0,0,0,0,0,0,4,0,39.9544,-75.1714, , 
 ,72988,2011093065,6,67,67301,2011,8,3,942,9,1,1,0,8,1, , ,N,1,2,0,3,0,1,2,2,N,N,40 05:49.711,75 01:05.375,944, ,942, ,0, ,N, ,3, , , , , ,804783, , , ,1,0,0,0,0,0,1,0,0,0,0,1,1,0,0,0,0,0,0,0,0,0,0,0,0,0,0,0,0,0,0,0,1,0,0,4,0,40.0971,-75.0182, , 
 ,72989,2011095405,6,67,67301,2011,9,5,1140,11,1,1,0,5,1, , ,N,1,2,0,3,0,1,3,2,N,N,39 57:27.542,75 09:44.544,1148, ,1146, ,0, ,N, ,3, , , , , ,804786, , , ,2,1,0,1,0,0,0,0,0,0,0,0,1,1,1,0,0,0,0,0,0,1,0,0,0,0,0,0,0,0,0,0,0,0,0,8,1,39.9577,-75.1624, , 
 ,72990,2011127539,6,67,67301,2011,10,1,335,3,3,4,5,7,4, , ,N,0,0,0,3,0,1,1,1,N,N,39 56:26.306,75 12:10.498,359, ,357,1,2,7,N, ,0,Y, , , , ,804814, , , ,1,1,0,0,0,0,0,0,0,0,0,0,1,1,0,0,0,0,0,0,0,0,0,0,0,0,0,0,0,0,0,0,0,0,0,8,0,39.9406,-75.2029, , 
 ,72991,2011133470,6,67,67301,2011,12,5,629,6,3,1,0,1,1, , ,N,0,0,0,3,0,2,4,4,N,N,40 03:05.147,74 59:21.973,654, ,645,1,1,2,N, ,0,N, , , , ,804819, , , ,4,4,0,0,0,0,0,0,0,0,0,2,2,0,0,0,0,0,1,0,1,0,1,0,0,0,0,0,0,0,0,0,0,0,0,4,0,40.0515,-74.9894, , 
 ,72992,2012021354,6,67,67301,2011,8,3,1710,17,1,1,0,1,1, , ,N,1,2,0,3,0,1,2,2,N,N,39 58:05.422,75 12:20.631,0, ,0, ,0, ,N, ,3, , , , , ,804829, , , ,2,2,0,0,0,0,0,0,0,0,1,0,1,0,0,0,0,0,0,0,1,0,0,0,0,0,0,0,0,0,0,0,0,0,0,3,0,39.9682,-75.2057, , 
 ,72993,2012032498,6,67,67301,2011,7,3,913,9,1,1,0,8,1, , ,N,0,0,0,3,0,1,2,2,N, ,39 58:12.814,75 09:34.688,935, ,933, ,0, , , ,0, , , , , ,804830, , , ,1,1,0,0,0,0,0,0,0,1,0,0,1,0,0,0,0,0,0,0,0,0,0,0,0,0,0,0,0,0,0,0,1,0,1,2,0,39.9702,-75.1596, , 
 ,72994,2011089722,6,67,67301,2011,8,5,142,1,3,1,0,7,2, , ,N,0,0,0,3,0,1,1,2,N,N,39 59:02.869,75 12:29.988,153, ,145,2,2,4,N, ,0,N, , , , ,804869, , , ,1,1,0,0,0,0,0,0,0,0,0,1,1,0,0,0,0,0,0,0,0,0,0,0,0,0,0,0,0,0,0,0,0,0,0,4,0,39.9841,-75.2083, , 
 ,72995,2011082465,6,67,67301,2011,7,7,1135,11,1,1,0,4,1, , ,N,1,2,0,3,0,1,3,2,N,N,40 04:50.449,75 01:42.488,1140, ,1137, ,0, ,N, ,3, , , , , ,808384, , , ,2,2,0,0,0,0,0,0,0,0,0,1,1,0,0,0,0,0,0,0,0,1,0,0,0,0,0,0,0,0,0,0,0,0,0,4,0,40.0808,-75.0286, , 
 ,72996,2011085483,6,67,67301,2011,7,6,2012,20,3,2,1,8,1, , ,N,0,0,0,3,0,1,2,2,N,N,40 00:27.110,75 06:29.300,2100, ,2012, ,0, ,N, ,0, , , , , ,808387, , , ,1,0,0,0,1,0,0,0,0,0,0,0,1,1,0,0,0,0,0,0,0,0,0,0,0,0,0,0,0,0,0,0,1,0,0,8,0,40.0075,-75.1081, , 
 ,72997,2011075682,6,67,67301,2011,7,2,2300,23,3,1,0,8,1, , ,N,1,3,0,3,0,1,2,2,N,N,40 00:00.180,75 06:10.443,2205, ,2200, ,0, ,N, ,3, , , , , ,808426, , , ,1,0,0,0,1,0,0,0,0,1,0,0,1,0,1,0,0,0,0,0,0,0,0,1,0,0,0,0,0,0,0,0,1,0,1,2,0,40.0001,-75.1029, , 
 ,72998,2011005077,6,67,67301,2011,1,1,815,8,1,1,0,7,2, , ,N,0,0,0,3,0,1,1,1,N,N,40 01:29.759,75 01:45.628,823, ,823, ,0, ,N, ,0, , , , , ,808464, , , ,1,1,0,0,0,0,0,0,0,0,0,0,1,1,0,0,0,0,0,0,0,0,0,0,0,0,0,0,0,0,0,0,0,0,0,8,0,40.0248,-75.0296, , 
 ,72999,2011093027,6,67,67301,2011,8,4,345,3,3,1,0,7,4, , ,N,0,0,0,3,0,0,1,1,N, ,39 56:06.201,75 10:52.021,410, ,400, ,0, , , ,0, , , , , ,808498, , , ,1,0,0,0,0,0,1,0,0,0,0,0,0,0,1,0,0,0,0,0,0,0,0,1,0,0,0,0,0,0,0,0,0,0,0,9,0,39.9351,-75.1811, , 
 ,73000,2011095410,6,67,67301,2011,8,2,744,7,1,1,0,4,1, , ,N,1,2,0,3,0,1,2,2,N,N,40 05:15.124,74 58:16.775,747, ,744,2,2,4,N, ,3,Y, , , , ,808500, , , ,2,2,0,0,0,0,0,0,0,0,0,1,1,0,0,0,0,0,0,0,0,1,0,0,0,0,0,0,0,0,0,0,0,0,0,4,0,40.0875,-74.9711, , 
 ,73001,2011100662,6,67,67301,2011,9,5,1155,11,1,8,1,1,1, , ,N,0,0,0,3,0,2,3,2,N,N,40 06:15.735,75 01:54.573,1215, ,1213, ,0, ,N, ,0, , , , , ,808504, , , ,2,1,0,0,0,0,1,0,0,0,0,2,2,0,0,0,0,0,0,0,1,1,0,0,0,0,0,0,0,0,0,0,0,0,0,4,0,40.1044,-75.0318, , 
 ,73002,2011056799,6,67,67301,2011,4,7,1640,16,1,1,0,8,1, , ,N,0,0,0,3,0,1,2,2, , ,40 01:16.250,75 07:12.950,1656, ,1645, ,0, , , ,0, , , , , ,808519, , , ,1,0,0,0,0,0,1,0,0,0,0,1,1,0,0,0,0,0,0,0,0,0,0,0,0,0,0,0,0,0,0,0,1,0,0,4,0,40.0212,-75.1203, , 
 ,73003,2011056984,6,67,67301,2011,5,6,2007,20,3,1,0,8,1, , ,N,1,2,0,3,0,1,2,2,N,N,40 00:19.420,75 06:31.068,2035, ,2022, ,0, , , ,3, , , , , ,808520, , , ,1,1,0,0,0,0,0,0,0,0,0,1,1,0,0,0,0,0,0,0,0,0,0,0,0,0,0,0,0,0,0,0,1,0,0,4,0,40.0054,-75.1086, , 
 ,73004,2011082586,6,67,67301,2011,7,6,9999,99,1,1,0,8,1, , ,N,2,0,0,3,0,1,2,2,N,N,40 01:30.945,75 01:52.757,950, ,944, ,0, ,N, ,0, , , , , ,808538, , , ,1,0,0,0,0,0,0,1,0,0,0,1,1,0,0,0,0,0,0,0,1,0,0,0,0,0,0,0,0,0,0,0,1,0,0,4,0,40.0253,-75.0313, , 
 ,73005,2011056403,6,67,67301,2011,5,5,1409,14,1,1,0,4,1, , ,N,1,2,0,3,0,2,3,2,N,N,40 00:36.265,75 09:27.406,1655, ,1649, ,0, ,N, ,3, , , , , ,808564, , , ,2,2,0,0,0,0,0,0,0,0,0,2,2,0,0,0,0,1,0,0,0,0,1,0,0,0,0,0,0,0,0,0,0,0,0,4,0,40.0101,-75.1577, , 
 ,73006,2011073222,6,67,67301,2011,6,1,1318,13,1,1,0,4,1, , ,N,1,2,0,3,0,1,5,2,N,N,40 04:50.820,75 01:42.117,1320, ,1319,9,2,1, , ,3,Y, , , , ,808575, , , ,2,0,0,0,0,0,2,0,0,0,0,1,1,0,0,0,0,0,0,0,0,0,0,0,0,0,0,0,0,0,0,0,0,0,0,4,0,40.0808,-75.0284, , 
 ,73007,2011082285,6,67,67301,2011,8,7,1336,13,1,1,0,1,1, , ,N,0,0,0,3,0,1,5,5,N,N,39 59:02.643,75 12:29.963,1343, ,1340, ,0, ,N, ,0, , , , , ,808582, , , ,5,3,0,0,0,0,2,0,0,0,0,0,1,1,0,0,0,0,0,0,3,0,0,0,0,0,0,0,0,0,0,0,0,0,0,8,0,39.9841,-75.2083, , 
 ,73008,2011082469,6,67,67301,2011,7,5,2222,22,3,1,0,4,1, , ,N,1,2,0,3,0,1,3,2,N,N,40 05:09.951,75 12:42.717,15, ,2259, ,0, ,N, ,3, , , , , ,808583, , , ,2,2,0,0,0,0,0,0,0,0,0,0,1,1,0,0,0,0,0,0,1,0,0,0,0,0,0,0,0,0,0,0,0,0,0,8,0,40.0861,-75.2119, , 
 ,73009,2011085543,6,67,67301,2011,7,2,9999,99,1,1,0,4,1, , ,N,1,2,0,3,0,2,4,2,N, ,39 56:30.483,75 09:57.441,1313, ,1300, ,0, , , ,3, , , , , ,808589, , , ,2,1,0,1,0,0,0,0,0,0,0,2,2,0,0,0,0,0,0,0,0,0,0,0,0,0,0,0,0,0,0,0,0,0,0,4,1,39.9418,-75.1658, , 
 ,73010,2011087900,6,67,67301,2011,8,6,50,0,3,1,0,8,1, , ,N,1,3,0,3,0,1,2,2,N, ,39 58:20.038,75 13:58.382,2101, ,2055, ,0, , , ,3, , , , , ,808591, , , ,1,0,0,0,1,0,0,0,0,0,0,1,1,0,0,0,0,0,0,0,0,0,0,0,0,0,0,0,0,0,0,0,1,0,0,4,0,39.9722,-75.2329, , 
 ,73011,2011056995,6,67,67301,2011,5,5,2248,22,3,1,0,1,1, , ,N,2,3,0,3,0,2,3,2,N,N,39 56:06.029,75 14:06.873,2256, ,2250,1,1,2,N, ,3,N, , , , ,808608, , , ,2,0,0,0,1,0,0,1,0,0,0,2,2,0,0,0,0,0,0,0,0,0,0,0,0,0,0,0,0,0,0,0,0,0,0,4,0,39.935,-75.2352, , 
 ,73012,2011066025,6,67,67301,2011,6,2,1624,16,1,1,0,4,1, , ,N,1,2,0,3,0,3,4,2,N,N,39 58:04.346,75 12:40.460,1627, ,1625, ,0, ,N, ,3, , , , , ,808621, , , ,2,2,0,0,0,0,0,0,0,0,0,3,3,0,0,0,0,0,0,0,0,0,0,0,0,0,0,0,0,0,0,0,0,0,0,4,0,39.9679,-75.2112, , 
 ,73013,2011112101,6,67,67301,2011,10,7,1950,19,3,1,0,1,1, , ,N,1,2,0,3,0,1,2,2,N,N,39 58:07.803,75 14:43.549,1630, ,1630, ,0, ,N, ,3, , , , , ,812019, , , ,2,1,0,0,0,0,1,0,0,0,0,1,1,0,0,0,0,0,0,0,0,0,0,0,0,0,0,0,0,0,0,0,0,0,0,4,0,39.9688,-75.2454, , 