wz_ln_closure,objectid_1,crn,district,county,municipality,crash_year,crash_month,day_of_week,time_of_day,hour_of_day,illumination,weather,road_condition,collision_type,relation_to_road,work_zone_type,work_zone_loc,work_zone_ind,intersect_type,tcd_type,location_type,urban_rural,fatal_count,injury_count,person_count,total_units,sch_bus_ind,sch_zone_ind,latitude,longitude,arrival_tm,cons_zone_spd_lim,dispatch_tm,est_hrs_closed,lane_closed,ln_close_dir,ntfy_hiwy_maint,spec_juris_cd,tcd_func_cd,tfc_detour_ind,workers_pres,wz_close_detour,wz_flagger,wz_law_offcr_ind,objectid,wz_moving,wz_other,wz_shlder_mdn,vehicle_count,automobile_count,motorcycle_count,bus_count,small_truck_count,heavy_truck_count,suv_count,van_count,bicycle_count,maj_inj_count,mod_inj_count,min_inj_count,tot_inj_count,unk_inj_deg_count,unk_inj_per_count,driver_count_16yr,driver_count_17yr,driver_count_18yr,driver_count_19yr,driver_count_20yr,driver_count_50_64yr,driver_count_65_74yr,driver_count_75plus,unbelted_occ_count,unb_death_count,unb_maj_inj_count,belted_death_count,belted_maj_inj_count,mcycle_death_count,mcycle_maj_inj_count,bicycle_death_count,bicycle_maj_inj_count,ped_count,ped_death_count,ped_maj_inj_count,max_severity_level,comm_veh_count,dec_lat,dec_long,rdwy_surf_type_cd,county_name
 ,73280,2011132957,6,67,67301,2011,11,4,2000,20,6,9,8,8,1, , ,N,1,2,0,3,0,1,2,2,N,N,39 56:11.083,75 13:08.439,0, ,0, ,0, ,N, ,9, , , , , ,842249, , , ,1,1,0,0,0,0,0,0,0,0,0,0,1,1,0,0,0,0,0,0,0,0,0,0,0,0,0,0,0,0,0,0,1,0,0,8,0,39.9364,-75.219, , 
 ,73281,2012023438,6,67,67301,2011,10,3,1230,12,1,1,0,1,1, , ,N,1,2,0,3,0,1,2,2, , ,40 02:18.188,75 10:36.876,0, ,0, ,0, , , ,3, , , , , ,842254, , , ,2,1,0,0,1,0,0,0,0,0,0,0,1,1,0,0,0,0,0,0,0,0,0,0,0,0,0,0,0,0,0,0,0,0,0,8,0,40.0384,-75.1769, , 
 ,73282,2011056977,6,67,67301,2011,5,1,930,9,1,1,0,1,1, , ,N,0,2,0,3,0,3,4,2, , ,39 59:22.739,75 08:48.500,9999, ,9999, ,0, ,N, ,3, , , , , ,842260, , , ,2,2,0,0,0,0,0,0,0,0,0,3,3,0,1,0,0,0,0,0,1,0,0,2,0,0,0,0,0,0,0,0,0,0,0,4,0,39.9896,-75.1468, , 
 ,73283,2011082468,6,67,67301,2011,7,1,535,5,5,1,0,7,2, , ,N,0,0,0,3,0,1,1,1,N, ,40 01:05.392,75 10:13.207,547, ,538, ,0, , , ,0, , , , , ,842290, , , ,1,1,0,0,0,0,0,0,0,0,0,1,1,0,0,0,0,0,0,0,0,0,0,0,0,0,0,0,0,0,0,0,0,0,0,4,0,40.0182,-75.1703, , 
 ,73284,2011082637,6,67,67301,2011,7,5,0,0,3,1,0,1,6, , ,N,0,0,0,3,0,0,1,4,N,N,39 59:17.556,75 05:28.652,15, ,8, ,0, ,N, ,0, , , , , ,842291, , , ,4,1,0,0,1,0,2,0,0,0,0,0,0,0,1,0,0,0,0,0,0,0,0,0,0,0,0,0,0,0,0,0,0,0,0,9,0,39.9882,-75.0913, , 
 ,73285,2011082706,6,67,67301,2011,7,7,30,0,3,9,0,4,1, , ,N,1,2,0,3,0,1,2,2,N, ,40 00:11.021,75 09:51.354,1537, ,1535, ,0, , , ,3, , , , , ,842292, , , ,1,0,0,0,1,0,0,0,1,0,0,0,1,1,0,0,0,0,0,0,0,0,0,0,0,0,0,0,0,0,0,0,0,0,0,8,0,40.0031,-75.1643, , 
 ,73286,2011107711,6,67,67301,2011,10,7,1240,12,1,1,0,7,1, , ,N,0,0,0,3,0,0,1,1,N,N,39 56:10.082,75 11:58.722,1244, ,1244, ,0, ,N, ,0, , , , , ,845172, , , ,1,0,0,0,0,0,1,0,0,0,0,0,0,0,0,0,0,0,0,0,0,0,0,0,0,0,0,0,0,0,0,0,0,0,0,0,0,39.9346,-75.2, , 
 ,73287,2011112218,6,67,67301,2011,10,6,1752,17,4,1,1,1,6, , ,N,0,0,0,3,0,0,2,2,N, ,39 59:32.510,75 07:12.150,1906, ,1904, ,0, , , ,0, , , , , ,845174, , , ,2,1,0,0,1,0,0,0,0,0,0,0,0,0,2,0,0,0,0,0,0,0,0,0,0,0,0,0,0,0,0,0,0,0,0,9,0,39.9924,-75.12, , 
 ,73288,2011112283,6,67,67301,2011,10,5,835,8,1,2,1,1,1, , ,N,1,2,0,3,0,2,3,2,N,N,39 59:19.087,75 11:13.430,839, ,835, ,0, ,N, ,2, , , , , ,845175, , , ,2,2,0,0,0,0,0,0,0,0,0,2,2,0,0,0,0,0,0,0,1,0,0,0,0,0,0,0,0,0,0,0,0,0,0,4,0,39.9886,-75.1871, , 
 ,73289,2011074288,6,67,67301,2011,7,4,1353,13,1,1,0,0,1, , ,N,0,0,0,3,0,0,1,1,N,N,39 52:40.277,75 15:04.861,1418, ,1402,3,2,1,N, ,0,N, , , , ,845189, , , ,1,0,0,0,1,0,0,0,0,0,0,0,0,0,0,0,0,0,0,0,0,0,0,0,0,0,0,0,0,0,0,0,0,0,0,0,0,39.8779,-75.2514, , 
 ,73290,2011087823,6,67,67301,2011,8,6,1801,18,1,1,0,0,1, , ,N,0,2,7,3,0,1,1,2,N,N,39 58:51.930,75 14:22.162,1805, ,1802, ,0, ,N, ,3, , , , , ,845206, , , ,1,0,1,0,0,0,0,0,0,0,0,1,1,0,0,0,0,0,0,0,0,0,0,0,0,0,0,0,0,0,0,0,0,0,0,4,0,39.9811,-75.2395, , 
 ,73291,2011087917,6,67,67301,2011,8,5,1100,11,1,1,0,8,1, , ,N,1,2,0,3,0,1,2,2,N,N,40 01:37.482,75 04:31.962,1106, ,1103, ,0, ,N, ,3, , , , , ,845207, , , ,1,0,0,1,0,0,0,0,0,0,0,0,1,1,0,0,0,0,0,0,0,0,0,0,0,0,0,0,0,0,0,0,1,0,0,8,1,40.0271,-75.0754, , 
 ,73292,2011093032,6,67,67301,2011,8,1,2022,20,3,1,1,7,4, , ,N,0,0,0,3,0,1,1,1,N,N,39 53:00.010,75 13:22.740,2040, ,2025, ,0, ,N, ,0, , , , , ,845215, , , ,1,1,0,0,0,0,0,0,0,0,1,0,1,0,0,0,0,0,0,0,0,0,0,0,0,0,0,0,0,0,0,0,0,0,0,3,0,39.8833,-75.223, , 
 ,73293,2011038357,6,67,67301,2011,3,4,844,8,1,2,1,4,1, , ,N,1,3,0,3,0,1,6,2,N,N,39 56:42.224,75 12:54.989,855, ,847, ,0, ,N, ,3, , , , , ,845240, , , ,1,1,0,0,0,0,0,0,1,0,0,1,1,0,0,0,0,0,0,0,1,0,0,0,0,0,0,0,0,0,0,0,0,0,0,4,0,39.9451,-75.2153, , 
 ,73294,2011038453,6,67,67301,2011,3,3,1500,15,1,1,0,4,1, , ,N,1,2,0,3,0,2,3,2,N,N,40 03:28.059,75 00:31.473,1531, ,1527,9,1,2,N, ,3,N, , , , ,845241, , , ,2,1,0,0,0,0,0,1,0,0,0,2,2,0,0,0,0,0,0,0,1,0,0,0,0,0,0,0,0,0,0,0,0,0,0,4,0,40.0578,-75.0087, , 
 ,73295,2011090557,6,67,67301,2011,8,1,1445,14,1,2,1,6,1, , ,N,0,0,0,3,0,2,3,2,N,N,39 59:10.719,75 10:37.437,1455, ,1450,2,1,6,N, ,0,N, , , , ,845287, , , ,2,1,0,0,0,0,1,0,0,1,0,1,2,0,1,0,0,0,0,0,0,0,0,0,0,0,0,1,0,0,0,0,0,0,0,2,0,39.9863,-75.1771, , 
 ,73296,2011093079,6,67,67301,2011,8,5,1630,16,1,1,0,1,6, , ,N,0,0,0,3,0,0,1,2,N,N,40 01:04.119,75 03:55.508,1805, ,1800, ,0, ,N, ,0, , , , , ,845292, , , ,2,2,0,0,0,0,0,0,0,0,0,0,0,0,0,0,0,0,0,0,0,0,0,1,0,0,0,0,0,0,0,0,0,0,0,0,0,40.0178,-75.0654, , 
 ,73297,2011093101,6,67,67301,2011,8,2,1115,11,1,1,0,1,1, , ,N,1,2,0,3,0,1,3,2,N,N,40 02:37.165,75 08:59.326,1140, ,1137, ,0, ,N, ,3, , , , , ,845293, , , ,2,0,0,0,0,0,2,0,0,0,0,1,1,0,0,0,0,0,0,0,0,0,0,0,0,0,0,0,0,0,0,0,0,0,0,4,0,40.0437,-75.1498, , 
 ,73298,2011100637,6,67,67301,2011,9,2,9999,99,1,1,0,4,1, , ,N,1,3,0,3,0,1,3,2,N,N,40 00:56.113,75 08:21.944,710, ,655, ,0, ,N, ,3, , , , , ,845300, , , ,2,0,0,0,0,0,2,0,0,0,0,1,1,0,0,0,0,0,0,0,0,0,0,0,0,0,0,0,0,0,0,0,0,0,0,4,0,40.0156,-75.1394, , 
 ,73299,2011103346,6,67,67301,2011,9,1,236,2,3,1,0,8,1, , ,N,1,2,0,3,0,1,2,2,N,N,39 57:16.533,75 13:33.583,240, ,236,1,1,4,N, ,3,N, , , , ,845303, , , ,1,1,0,0,0,0,0,0,0,0,0,0,1,1,0,0,0,0,0,0,0,0,0,0,0,0,0,0,0,0,0,0,1,0,0,8,0,39.9546,-75.226, , 
 ,73300,2011104094,6,67,67301,2011,9,4,438,4,3,8,8,1,1, , ,N,0,0,0,3,0,0,3,2,N,N,39 56:15.837,75 11:53.857,438, ,438,1,1,4,N, ,0,N, , , , ,845306, , , ,2,0,0,0,0,0,2,0,0,0,0,0,0,0,0,0,0,0,0,0,2,0,0,0,0,0,0,0,0,0,0,0,0,0,0,0,0,39.9368,-75.1991, , 
 ,73301,2011122771,6,67,67301,2011,8,5,2256,22,3,1,0,8,1, , ,N,1,2,0,3,0,1,2,2,N,N,39 54:12.402,75 09:30.391,2256, ,2256, ,0, ,N, ,3, , , , , ,845322, , , ,1,1,0,0,0,0,0,0,0,0,1,0,1,0,0,0,0,0,0,0,0,0,0,0,0,0,0,0,0,0,0,0,1,0,0,3,0,39.9034,-75.1584, , 
 ,73302,2011132827,6,67,67301,2011,11,4,1100,11,1,1,0,8,1, , ,N,1,0,0,3,0,1,2,2,N,N,39 59:38.150,75 09:16.063,9999, ,9999, ,0, , , ,0, , , , , ,845331, , , ,1,1,0,0,0,0,0,0,0,0,0,0,1,1,1,0,0,0,0,0,0,0,0,0,0,0,0,0,0,0,0,0,1,0,0,8,0,39.9939,-75.1545, , 
 ,73303,2011126461,6,67,67301,2011,11,7,1205,12,1,1,0,4,1, , ,N,5,3,0,3,0,0,3,2,N, ,40 04:11.308,75 09:38.084,1605, ,1557, ,0, , , ,3, , , , , ,845345, , , ,2,2,0,0,0,0,0,0,0,0,0,0,0,0,3,0,0,0,0,0,0,0,0,0,0,0,0,0,0,0,0,0,0,0,0,9,0,40.0698,-75.1606, , 
 ,73304,2011082639,6,67,67301,2011,7,4,346,3,3,1,0,7,3, , ,N,1,2,0,3,0,1,1,1,N, ,40 02:06.421,75 04:15.407,350, ,347,1,1,3, , ,3,Y, , , , ,848702, , , ,1,0,0,0,1,0,0,0,0,0,0,0,1,1,0,0,0,0,0,0,0,0,0,0,0,0,0,0,0,0,0,0,0,0,0,8,0,40.0351,-75.0709, , 
 ,73305,2011082655,6,67,67301,2011,7,6,1520,15,1,1,0,4,1, , ,N,1,0,0,3,0,1,2,2,N, ,39 56:20.508,75 13:04.799,1530, ,1522,1,1,3, , ,0,N, , , , ,848703, , , ,1,1,0,0,0,0,0,0,1,0,0,1,1,0,0,0,0,0,0,0,0,0,0,1,0,0,0,0,0,0,0,0,0,0,0,4,0,39.939,-75.218, , 
 ,73306,2011082665,6,67,67301,2011,7,4,1219,12,1,1,0,4,1, , ,N,1,2,0,3,0,0,2,2,N,N,39 54:44.913,75 08:17.195,1230, ,1219, ,0, ,N, ,3, , , , , ,848704, , , ,2,1,0,0,0,1,0,0,0,0,0,0,0,0,0,0,0,0,0,0,2,0,0,0,0,0,0,0,0,0,0,0,0,0,0,0,1,39.9125,-75.1381, , 
 ,73307,2011082720,6,67,67301,2011,7,4,1003,10,1,1,0,1,1, , ,N,1,2,0,3,0,1,4,3,N,N,40 04:12.769,75 04:13.466,1016, ,1015, ,0, ,N, ,3, , , , , ,848705, , , ,3,3,0,0,0,0,0,0,0,0,0,0,1,1,0,0,0,0,0,0,1,1,0,0,0,0,0,0,0,0,0,0,0,0,0,8,0,40.0702,-75.0704, , 
 ,73308,2011083414,6,67,67301,2011,7,2,9999,99,3,1,0,4,6, , ,N,0,0,0,3,0,0,1,4,N, ,39 55:03.453,75 14:16.443,1720, ,1715,3,1,1, , ,0,N, , , , ,848706, , , ,4,2,0,0,0,0,1,1,0,0,0,0,0,0,1,0,0,0,0,0,0,0,0,0,0,0,0,0,0,0,0,0,0,0,0,9,0,39.9176,-75.2379, , 
 ,73309,2011090513,6,67,67301,2011,7,4,1449,14,1,1,0,8,1, , ,N,1,2,0,3,0,1,2,2,N,N,39 55:28.506,75 13:59.344,1503, ,1449,2,1,3,N, ,3,N, , , , ,848713, , , ,1,1,0,0,0,0,0,0,0,0,0,1,1,0,0,0,0,0,0,0,0,0,0,0,0,0,0,0,0,0,0,0,1,0,0,4,0,39.9246,-75.2332, , 
 ,73310,2011134656,6,67,67301,2011,11,3,1529,15,1,2,1,1,1, , ,N,0,0,0,3,0,2,2,2,N,N,39 58:19.210,75 12:42.869,1543, ,1535, ,0, ,N, ,0, , , , , ,848767, , , ,2,1,0,0,0,0,1,0,0,0,1,1,2,0,0,0,0,0,0,0,1,0,0,0,0,0,0,0,0,0,0,0,0,0,0,3,0,39.972,-75.2119, , 
 ,73311,2012001913,6,67,67301,2011,12,2,1905,19,3,1,0,2,1, , ,N,2,0,0,3,0,1,1,5,N,N,39 57:07.272,75 14:05.139,1915, ,1910, ,0, ,N, ,0, , , , , ,848773, , , ,5,4,0,0,0,0,1,0,0,0,0,0,1,1,0,0,0,0,0,0,0,0,0,0,0,0,0,0,0,0,0,0,0,0,0,8,0,39.952,-75.2348, , 
 ,73312,2012001919,6,67,67301,2011,12,2,150,1,3,1,0,5,1, , ,N,0,0,0,3,0,0,1,2,N,N,39 55:01.110,75 09:28.250,205, ,156, ,0, ,N, ,0, , , , , ,848774, , , ,2,2,0,0,0,0,0,0,0,0,0,0,0,0,0,0,0,0,0,0,0,0,0,0,0,0,0,0,0,0,0,0,0,0,0,0,0,39.917,-75.1578, , 
 ,73313,2012012564,6,67,67301,2011,11,3,2035,20,3,1,0,4,1, , ,N,1,2,0,3,0,1,3,2,N,N,39 57:54.150,75 13:29.723,9999, ,9999, ,0, ,N, ,3, , , , , ,848775, , , ,2,2,0,0,0,0,0,0,0,0,0,1,1,0,1,0,0,0,0,0,0,0,0,0,0,0,0,0,0,0,0,0,0,0,0,4,0,39.9649,-75.2246, , 
 ,73314,2012023037,6,67,67301,2011,11,3,1930,19,6,1,0,8,1, , ,N,1,0,0,3,0,1,2,2,N,N,39 56:27.112,75 12:45.004,0, ,0, ,0, ,N, ,0, , , , , ,848776, , , ,1,0,0,0,0,0,0,0,0,0,0,0,1,1,1,0,0,0,0,0,0,0,0,0,0,0,0,0,0,0,0,0,1,0,0,8,0,39.9408,-75.2125, , 
 ,73315,2011134712,6,67,67301,2011,11,4,1323,13,1,8,0,4,1, , ,N,2,2,2,3,0,1,2,2,N,N,39 58:28.972,75 11:54.269,1328, ,1323, ,0, ,N, ,3, , , , , ,848805, , , ,1,0,0,0,0,0,1,0,1,0,0,1,1,0,0,0,0,0,0,0,1,0,0,0,0,0,0,0,0,0,0,0,0,0,0,4,0,39.9747,-75.1984, , 
 ,73316,2012009979,6,67,67301,2011,12,7,240,2,3,1,0,4,1, , ,N,0,0,0,3,0,1,4,2,N,N,39 58:26.080,75 12:23.715,250, ,243, ,0, ,N, ,0, , , , , ,848811, , , ,2,2,0,0,0,0,0,0,0,0,0,0,1,1,0,0,0,0,0,0,0,0,0,2,0,0,0,0,0,0,0,0,0,0,0,8,0,39.9739,-75.2066, , 
 ,73317,2012010048,6,67,67301,2011,12,7,1700,17,1,1,0,4,1, , ,N,1,3,0,3,0,2,3,2,N,N,40 02:17.472,75 04:42.853,1702, ,1701,1,1,7,N, ,3,N, , , , ,848812, , , ,2,1,0,0,0,0,1,0,0,0,1,1,2,0,0,0,0,0,0,0,1,0,0,0,0,0,0,0,0,0,0,0,0,0,0,3,0,40.0382,-75.0786, , 
 ,73318,2011065519,6,67,67301,2011,5,5,2318,23,3,1,0,7,2, , ,N,7,0,2,3,0,0,2,1,N,N,40 01:09.746,75 08:43.108,2327, ,2320, ,0, ,N, ,0, , , , , ,848823, , , ,1,1,0,0,0,0,0,0,0,0,0,0,0,0,0,0,0,0,0,0,0,0,0,0,0,0,0,0,0,0,0,0,0,0,0,0,0,40.0194,-75.1453, , 
 ,73319,2011066150,6,67,67301,2011,5,5,9999,99,1,1,0,4,1, , ,N,0,0,7,3,0,1,2,2,N,N,40 01:38.054,75 09:04.667,9999, ,9999, ,0, ,N, ,0, , , , , ,848824, , , ,2,2,0,0,0,0,0,0,0,0,1,0,1,0,1,0,0,0,0,0,0,0,0,1,0,0,0,0,0,0,0,0,0,0,0,3,0,40.0272,-75.1513, , 
 ,73320,2011067753,6,67,67301,2011,7,7,1339,13,1,1,0,1,1, , ,N,0,0,2,3,0,0,3,3,N,N,39 56:56.713,75 11:05.454,1356, ,1349,2,1,4,N, ,0,N, , , , ,848825, , , ,3,1,0,0,0,0,2,0,0,0,0,0,0,0,0,0,0,0,0,0,1,0,0,0,0,0,0,0,0,0,0,0,0,0,0,0,0,39.9491,-75.1848, , 
 ,73321,2011073309,6,67,67301,2011,6,5,2135,21,3,2,0,4,1, , ,N,1,0,0,3,0,1,3,2,N,N,39 55:37.963,75 10:54.847,2142, ,2140, ,0, ,N, ,0, , , , , ,848828, , , ,1,0,0,0,0,0,1,0,1,0,0,0,1,1,2,0,0,0,0,0,0,0,0,0,0,0,0,0,0,0,0,0,0,0,0,8,0,39.9272,-75.1819, , 
 ,73322,2011132731,6,67,67301,2011,11,7,1240,12,1,1,0,1,1, , ,N,0,0,3,3,0,2,5,3,N,N,39 53:52.649,75 12:40.704,1255, ,1245,3,1,3,N, ,0,N, , , , ,853672, , , ,3,2,0,0,0,0,1,0,0,0,0,0,2,2,1,0,0,0,0,0,3,0,0,0,0,0,0,0,0,0,0,0,0,0,0,8,0,39.898,-75.2113, , 
 ,73323,2012004273,6,67,67301,2011,12,7,9999,99,3,1,0,4,6, , ,N,0,0,0,3,0,0,1,2,N,N,40 02:01.214,75 10:56.019,9999, ,9999, ,0, ,N, ,0, , , , , ,853676, , , ,2,2,0,0,0,0,0,0,0,0,0,0,0,0,0,0,0,0,0,0,0,0,0,0,0,0,0,0,0,0,0,0,0,0,0,0,0,40.0337,-75.1822, , 
 ,73324,2012004318,6,67,67301,2011,12,1,9999,99,1,1,0,4,1, , ,N,1,2,0,3,0,0,2,2,N,N,39 58:12.550,75 08:42.062,1530, ,1523, ,0, , , ,3, , , , , ,853677, , , ,2,2,0,0,0,0,0,0,0,0,0,0,0,0,0,0,0,0,0,0,0,0,0,0,0,0,0,0,0,0,0,0,0,0,0,0,0,39.9702,-75.1451, , 
 ,73325,2011112298,6,67,67301,2011,10,6,1754,17,3,2,1,7,2, , ,N,0,0,0,3,0,1,1,1,N,N,40 05:15.492,75 04:26.199,1756, ,1754, ,0, ,N, ,0, , , , , ,853684, , , ,1,0,0,0,0,0,1,0,0,0,0,0,1,1,0,0,0,0,0,0,0,0,0,0,0,0,0,0,0,0,0,0,0,0,0,8,0,40.0876,-75.0739, , 
 ,73326,2011118086,6,67,67301,2011,10,7,616,6,3,2,1,1,1, , ,N,5,2,0,3,0,0,2,2,N,N,40 01:39.299,75 06:35.952,625, ,618,1,1,1,N, ,3,N, , , , ,853692, , , ,2,2,0,0,0,0,0,0,0,0,0,0,0,0,0,0,0,0,0,0,0,0,0,0,0,0,0,0,0,0,0,0,0,0,0,0,0,40.0276,-75.1101, , 
 ,73327,2011132709,6,67,67301,2011,11,3,1528,15,1,1,0,8,1, , ,N,1,3,0,3,0,1,2,2,N,N,39 56:01.078,75 11:34.209,1530, ,1528, ,0, ,N, ,3, , , , , ,853709, , , ,1,1,0,0,0,0,0,0,0,0,0,1,1,0,0,0,0,0,0,0,0,0,1,0,0,0,0,0,0,0,0,0,1,0,0,4,0,39.9336,-75.1928, , 
 ,73328,2011132761,6,67,67301,2011,11,4,750,7,1,1,1,4,1, , ,N,1,2,0,3,0,1,3,2,N,N,40 01:19.421,75 03:47.334,809, ,759, ,0, ,N, ,4, , , , , ,853710, , , ,2,1,0,0,1,0,0,0,0,0,0,1,1,0,0,0,0,0,0,0,2,0,0,0,0,0,0,0,0,0,0,0,0,0,0,4,0,40.022,-75.0632, , 
 ,73329,2012004924,6,67,67301,2011,12,2,1718,17,3,1,0,4,1, , ,N,0,3,0,3,0,2,4,2,N,N,40 02:00.230,75 04:30.650,1729, ,1720, ,0, ,N, ,3, , , , , ,853733, , , ,1,0,0,0,0,0,0,0,1,0,0,2,2,0,0,0,0,0,0,0,0,0,0,0,0,0,0,0,0,0,0,0,0,0,0,4,0,40.0334,-75.0752, , 
 ,73330,2012014970,6,67,67301,2011,9,1,9999,99,1,1,0,4,1, , ,N,0,0,0,3,0,2,2,2,N, ,39 56:32.787,75 14:12.307,9999, ,9999,9,2,7, , ,0,Y, , , , ,853738, , , ,2,1,0,0,0,0,1,0,0,0,2,0,2,0,0,0,0,0,0,0,0,0,0,0,0,0,0,0,0,0,0,0,0,0,0,3,0,39.9424,-75.2368, , 
 ,73331,2011134766,6,67,67301,2011,11,4,50,0,3,2,1,8,1, , ,N,0,0,0,3,0,1,2,2,N,N,39 57:51.830,75 11:34.320,1958, ,1957, ,0, ,N, ,0, , , , , ,853748, , , ,1,1,0,0,0,0,0,0,0,0,0,1,1,0,0,0,0,0,0,0,0,1,0,0,0,0,0,0,0,0,0,0,1,0,0,4,0,39.9644,-75.1929, , 
 ,73332,2012004793,6,67,67301,2011,12,5,1959,19,3,1,0,1,2, , ,N,0,0,0,3,0,1,2,2,N,N,40 06:27.116,74 59:46.944,2005, ,1959, ,0, ,N, ,0, , , , , ,853749, , , ,2,0,0,0,0,1,1,0,0,0,0,1,1,0,0,0,0,0,0,0,1,0,0,0,0,0,0,0,0,0,0,0,0,0,0,4,1,40.1075,-74.9964, , 
 ,73333,2011095398,6,67,67301,2011,8,2,836,8,1,1,0,4,1, , ,N,0,0,7,3,0,1,2,2,N,N,40 07:25.101,75 00:55.108,901, ,838, ,0, ,N, ,0, , , , , ,853764, , , ,2,1,0,0,0,0,0,1,0,0,0,0,1,1,0,0,0,0,0,0,0,0,0,0,0,0,0,0,0,0,0,0,0,0,0,8,0,40.1236,-75.0153, , 
 ,73334,2011112304,6,67,67301,2011,10,4,843,8,1,2,1,4,1, , ,N,2,3,0,3,0,1,2,2,N,N,40 05:08.045,75 02:21.757,845, ,844, ,0, ,N, ,3, , , , , ,853777, , , ,2,2,0,0,0,0,0,0,0,0,0,1,1,0,0,0,0,0,0,0,1,0,0,0,0,0,0,0,0,0,0,0,0,0,0,4,0,40.0856,-75.0394, , 
 ,73335,2011104807,6,46,46102,2011,10,7,1634,16,1,1,0,5,1, , ,N,2,3,0,3,0,0,3,2,N,N,40 04:57.503,75 10:22.696,1639, ,1634,2,1,4,N, ,3,N, , , , ,853788, , , ,2,1,0,0,0,0,1,0,0,0,0,0,0,0,0,0,0,0,0,0,1,0,0,0,0,0,0,0,0,0,0,0,0,0,0,0,0,40.0826,-75.173, , 
 ,73336,2011119424,6,67,67301,2011,10,5,935,9,1,1,0,4,1, , ,N,0,0,7,3,0,0,2,2,N,N,40 04:22.627,75 14:33.959,957, ,951,1,1,1,N, ,0,N, , , , ,853801, , , ,2,2,0,0,0,0,0,0,0,0,0,0,0,0,0,0,0,0,0,0,0,0,0,0,0,0,0,0,0,0,0,0,0,0,0,0,0,40.0729,-75.2427, , 
 ,73337,2011093635,6,67,67301,2011,9,6,1738,17,1,1,0,1,1, , ,N,0,0,0,3,0,2,3,2,N,N,39 54:01.593,75 09:21.843,1827, ,1805, ,0, ,N, ,0, , , , , ,853810, , , ,2,2,0,0,0,0,0,0,0,0,0,2,2,0,0,0,0,0,0,0,0,0,0,0,0,0,0,0,0,0,0,0,0,0,0,4,0,39.9004,-75.1561, , 
 ,73338,2011100648,6,67,67301,2011,9,5,1107,11,1,8,1,1,1, , ,N,0,0,0,3,0,1,2,3,N,N,39 56:46.779,75 14:38.765,1110, ,1110, ,0, ,N, ,0, , , , , ,853819, , , ,3,2,0,0,0,0,0,1,0,0,0,0,1,1,1,0,0,0,0,0,0,0,0,0,0,0,0,0,0,0,0,0,0,0,0,8,0,39.9463,-75.2441, , 
 ,73339,2011126335,6,67,67301,2011,11,4,221,2,3,1,0,4,1, , ,N,0,0,0,3,0,2,2,2,N,N,40 01:14.476,75 12:35.609,226, ,223,1,2,5,N, ,0,Y, , , , ,853837, , , ,2,2,0,0,0,0,0,0,0,1,1,0,2,0,0,0,0,0,0,0,0,0,0,0,0,0,0,0,0,0,0,0,0,0,0,2,0,40.0206,-75.21, , 
 ,73340,2011132859,6,67,67301,2011,11,1,9999,99,1,1,0,8,5, , ,N,0,0,0,3,0,1,2,2,N,N,40 02:10.971,75 06:37.407,1655, ,1652, ,0, , , ,0, , , , , ,842338, , , ,1,0,1,0,0,0,0,0,0,0,1,0,1,0,0,0,0,0,0,0,0,0,0,0,0,0,0,0,0,0,0,0,1,0,0,3,0,40.0364,-75.1104, , 
 ,73341,2012010065,6,67,67301,2011,12,6,905,9,1,2,1,7,5, , ,N,3,2,0,3,0,1,2,1,N,N,39 58:02.420,75 10:51.275,915, ,911,1,1,3,N, ,3,N, , , , ,842343, , , ,1,1,0,0,0,0,0,0,0,0,0,1,1,0,0,0,0,0,0,0,0,0,0,0,0,0,0,0,0,0,0,0,0,0,0,4,0,39.9675,-75.181, , 
 ,73342,2012022604,6,67,67301,2011,12,7,1856,18,3,1,0,1,1, , ,N,1,2,0,3,0,0,4,3,N,N,39 53:26.774,75 13:41.652,1858, ,1856,2,2,3,N, ,3,N, , , , ,842344, , , ,3,3,0,0,0,0,0,0,0,0,0,0,0,0,0,0,0,0,0,0,0,0,1,0,0,0,0,0,0,0,0,0,0,0,0,0,0,39.8908,-75.2282, , 
 ,73343,2011064117,6,67,67301,2011,5,5,1938,19,1,1,0,7,4, , ,N,0,0,0,3,0,1,2,1, , ,40 04:27.930,75 03:12.160,1941, ,1939,9,2,5, , ,0,Y, , , , ,842349, , , ,1,1,0,0,0,0,0,0,0,0,0,1,1,0,0,0,0,0,0,0,0,0,0,0,0,0,0,0,0,0,0,0,0,0,0,4,0,40.0744,-75.0534, , 
 ,73344,2011083403,6,67,67301,2011,7,5,1730,17,1,1,0,4,1, , ,N,2,2,0,3,0,2,2,2,N,N,39 56:38.806,75 09:12.563,1800, ,1743, ,0, , , ,3, , , , , ,842358, , , ,1,1,0,0,0,0,0,0,1,0,0,2,2,0,0,0,0,0,0,0,0,0,0,1,0,0,0,0,0,0,0,0,0,0,0,4,0,39.9441,-75.1535, , 
 ,73345,2011085509,6,67,67301,2011,7,3,550,5,1,1,0,1,1, , ,N,0,0,3,3,0,0,7,4,N,N,39 53:52.403,75 12:40.546,556, ,550,2,1,3,N, ,0,Y, , , , ,842360, , , ,4,2,0,0,1,0,1,0,0,0,0,0,0,0,4,0,0,0,0,1,0,2,0,4,0,0,0,0,0,0,0,0,0,0,0,9,0,39.8979,-75.2113, , 
 ,73346,2011093074,6,67,67301,2011,8,6,901,9,1,1,0,4,5, , ,N,1,3,0,3,0,0,5,2,N,N,40 03:57.202,75 10:35.464,905, ,905, ,0, ,N, ,3, , , , , ,842365, , , ,2,1,0,1,0,0,0,0,0,0,0,0,0,0,1,0,0,0,0,0,1,0,0,0,0,0,0,0,0,0,0,0,0,0,0,9,1,40.0659,-75.1765, , 