wz_ln_closure,objectid_1,crn,district,county,municipality,crash_year,crash_month,day_of_week,time_of_day,hour_of_day,illumination,weather,road_condition,collision_type,relation_to_road,work_zone_type,work_zone_loc,work_zone_ind,intersect_type,tcd_type,location_type,urban_rural,fatal_count,injury_count,person_count,total_units,sch_bus_ind,sch_zone_ind,latitude,longitude,arrival_tm,cons_zone_spd_lim,dispatch_tm,est_hrs_closed,lane_closed,ln_close_dir,ntfy_hiwy_maint,spec_juris_cd,tcd_func_cd,tfc_detour_ind,workers_pres,wz_close_detour,wz_flagger,wz_law_offcr_ind,objectid,wz_moving,wz_other,wz_shlder_mdn,vehicle_count,automobile_count,motorcycle_count,bus_count,small_truck_count,heavy_truck_count,suv_count,van_count,bicycle_count,maj_inj_count,mod_inj_count,min_inj_count,tot_inj_count,unk_inj_deg_count,unk_inj_per_count,driver_count_16yr,driver_count_17yr,driver_count_18yr,driver_count_19yr,driver_count_20yr,driver_count_50_64yr,driver_count_65_74yr,driver_count_75plus,unbelted_occ_count,unb_death_count,unb_maj_inj_count,belted_death_count,belted_maj_inj_count,mcycle_death_count,mcycle_maj_inj_count,bicycle_death_count,bicycle_maj_inj_count,ped_count,ped_death_count,ped_maj_inj_count,max_severity_level,comm_veh_count,dec_lat,dec_long,rdwy_surf_type_cd,county_name
 ,73546,2011112619,6,67,67301,2011,10,1,703,7,5,1,0,7,2, , ,N,0,0,0,3,0,1,1,1,N,N,39 58:05.505,75 07:46.528,713, ,708,2,2,1,N, ,0,N, , , , ,849313, , , ,1,1,0,0,0,0,0,0,0,0,0,0,1,1,0,0,0,0,0,0,0,0,0,1,0,0,0,0,0,0,0,0,0,0,0,8,0,39.9682,-75.1297, , 
 ,73547,2011112831,6,67,67301,2011,10,4,655,6,3,1,0,4,1, , ,N,1,0,0,3,0,2,4,2,N,N,40 00:59.814,75 08:49.815,705, ,700, ,0, ,N, ,0, , , , , ,849314, , , ,2,1,0,0,0,0,0,1,0,0,0,2,2,0,0,0,0,0,0,0,0,0,0,0,0,0,0,0,0,0,0,0,0,0,0,4,0,40.0166,-75.1472, , 
 ,73548,2011118894,6,67,67301,2011,11,6,751,7,1,1,0,4,1, , ,N,1,3,0,3,0,0,2,2,N,N,39 59:12.115,75 12:28.882,757, ,755, ,0, ,N, ,3, , , , , ,849323, , , ,2,2,0,0,0,0,0,0,0,0,0,0,0,0,0,0,0,0,0,0,1,0,0,0,0,0,0,0,0,0,0,0,0,0,0,0,0,39.9867,-75.208, , 
 ,73549,2011075629,6,67,67301,2011,6,4,1538,15,1,1,0,4,1, , ,N,1,3,0,3,0,1,2,2,N,N,39 57:37.306,75 08:18.423,1600, ,1548, ,0, ,N, ,9, , , , , ,849332, , , ,2,2,0,0,0,0,0,0,0,0,0,1,1,0,0,0,0,0,0,0,0,0,0,0,0,0,0,0,0,0,0,0,0,0,0,4,0,39.9603,-75.1389, , 
 ,73550,2011090527,6,67,67301,2011,8,4,1150,11,1,1,0,4,1, , ,N,1,3,0,3,0,1,2,2,N,N,39 58:21.907,75 10:47.704,1157, ,1155, ,0, ,N, ,3, , , , , ,849343, , , ,2,2,0,0,0,0,0,0,0,0,0,0,1,1,0,0,0,0,0,0,1,0,0,0,0,0,0,0,0,0,0,0,0,0,0,8,0,39.9728,-75.1799, , 
 ,73551,2011101634,6,67,67301,2011,9,5,1045,10,1,1,0,1,5, , ,N,0,0,7,3,0,3,3,3,N,N,40 06:40.300,75 01:27.245,1051, ,1046,1,2,1,N, ,0,Y, , , , ,849353, , , ,3,2,0,0,0,0,1,0,0,0,0,3,3,0,0,0,0,0,0,0,1,0,1,0,0,0,0,0,0,0,0,0,0,0,0,4,0,40.1112,-75.0242, , 
 ,73552,2011108921,6,67,67301,2011,10,7,1405,14,1,1,0,8,1, , ,N,1,3,99,3,0,1,3,2,N, ,39 56:06.828,75 09:31.219,1409, ,1405, ,0, , , ,3, , , , , ,849357, , , ,1,1,0,0,0,0,0,0,0,0,0,0,1,1,0,0,0,0,0,0,0,0,0,2,0,0,0,0,0,0,0,0,1,0,0,8,0,39.9352,-75.1587, , 
 ,73553,2011119744,6,67,67301,2011,10,1,104,1,3,4,4,7,4, , ,N,0,0,0,3,0,0,2,1,N,N,40 02:57.865,74 59:42.049,123, ,110, ,0, ,N, ,0, , , , , ,849366, , , ,1,0,0,0,1,0,0,0,0,0,0,0,0,0,0,0,0,0,0,0,0,0,0,0,0,0,0,0,0,0,0,0,0,0,0,0,0,40.0494,-74.9952, , 
 ,73554,2012010041,6,67,67301,2011,12,7,9999,99,5,1,0,7,3, , ,N,3,4,0,3,0,1,1,1,N, ,40 01:30.538,75 01:52.437,645, ,633, ,0, , , ,3, , , , , ,849379, , , ,1,0,0,0,0,0,1,0,0,0,0,1,1,0,0,0,0,0,0,0,0,0,0,0,0,0,0,0,0,0,0,0,0,0,0,4,0,40.0252,-75.0313, , 
 ,73555,2012018667,6,67,67301,2011,4,7,1700,17,1,1,0,8,1, , ,N,1,2,0,3,0,1,2,2,N,N,39 57:07.402,75 10:24.565,0, ,0, ,0, ,N, ,3, , , , , ,849380, , , ,1,1,0,0,0,0,0,0,0,1,0,0,1,0,0,0,0,0,0,0,1,0,0,0,0,0,0,0,0,0,0,0,1,0,1,2,0,39.952,-75.1734, , 
 ,73556,2012020301,6,67,67301,2011,2,3,1730,17,4,1,0,5,1, , ,N,3,0,0,3,0,2,3,2, , ,40 01:46.112,75 06:13.514,0, ,0, ,0, , , ,0, , , , , ,849381, , , ,2,1,0,1,0,0,0,0,0,0,0,0,2,2,0,0,0,0,0,0,0,0,0,0,0,0,0,0,0,0,0,0,0,0,0,8,1,40.0296,-75.1039, , 
 ,73557,2011100892,6,67,67301,2011,8,3,1430,14,1,1,0,4,1, , ,N,1,2,0,3,0,1,6,2,N,N,39 56:11.277,75 11:08.239,1430, ,1430, ,0, ,N, ,3, , , , , ,842896, , , ,2,1,0,0,0,0,0,1,0,0,0,1,1,0,0,0,0,0,0,0,0,0,1,0,0,0,0,0,0,0,0,0,0,0,0,4,0,39.9365,-75.1856, , 
 ,73558,2011073635,6,67,67301,2011,7,6,1845,18,1,1,0,4,1, , ,N,0,0,0,3,0,2,3,2,N,N,40 02:14.120,75 00:48.466,1905, ,1856, ,0, ,N, ,0, , , , , ,842916, , , ,2,1,0,0,0,0,1,0,0,0,0,1,2,1,0,0,0,0,0,0,0,0,0,0,0,0,0,0,0,0,0,0,0,0,0,4,0,40.0373,-75.0134, , 
 ,73559,2011087871,6,67,67301,2011,8,2,1040,10,1,1,0,3,1, , ,N,0,0,0,3,0,1,2,2,N,N,40 00:16.516,75 07:55.329,1100, ,1041, ,0, , , ,0, , , , , ,842930, , , ,2,2,0,0,0,0,0,0,0,0,0,1,1,0,0,0,0,0,0,0,1,0,0,1,0,0,0,0,0,0,0,0,0,0,0,4,0,40.0046,-75.132, , 
 ,73560,2011090567,6,67,67301,2011,8,3,1847,18,1,1,0,7,3, , ,N,1,2,0,3,0,1,2,1,N,N,39 59:35.984,75 09:47.527,1852, ,1848, ,0, ,N, ,3, , , , , ,842937, , , ,1,0,0,0,0,0,1,0,0,0,0,0,1,1,0,0,0,0,0,0,0,0,0,0,0,0,0,0,0,0,0,0,0,0,0,8,0,39.9933,-75.1632, , 
 ,73561,2011112321,6,67,67301,2011,10,1,936,9,1,1,0,4,1, , ,N,2,3,0,3,0,1,2,2,N, ,40 05:20.457,74 59:47.173,942, ,936, ,0, , , ,3, , , , , ,842966, , , ,2,2,0,0,0,0,0,0,0,0,0,1,1,0,0,0,0,0,0,0,0,0,0,0,0,0,0,0,0,0,0,0,0,0,0,4,0,40.089,-74.9964, , 
 ,73562,2011115400,6,67,67301,2011,10,5,815,8,1,1,0,8,1, , ,N,0,0,0,3,0,1,2,2,N,N,40 03:02.100,75 11:29.250,845, ,840, ,0, ,N, ,0, , , , , ,842971, , , ,1,1,0,0,0,0,0,0,0,0,0,1,1,0,0,0,0,0,0,0,1,0,0,1,0,0,0,0,0,0,0,0,1,0,0,4,0,40.0506,-75.1915, , 
 ,73563,2011100296,6,67,67301,2011,9,6,1330,13,1,1,0,4,1, , ,N,2,3,0,3,0,4,6,3,N,N,40 00:53.049,75 12:21.765,1350, ,1334, ,0, ,N, ,3, , , , , ,843003, , , ,3,1,0,0,1,0,0,0,0,0,0,4,4,0,0,0,0,0,0,0,0,0,0,2,0,0,0,0,0,0,0,0,0,0,0,4,1,40.015,-75.2061, , 
 ,73564,2011130430,6,67,67301,2011,12,3,1435,14,1,1,0,7,3, , ,N,0,0,0,3,0,1,1,1,N,N,40 01:02.677,75 02:58.717,1445, ,1441, ,0, ,Y, ,0, , , , , ,843028, , , ,1,1,0,0,0,0,0,0,0,1,0,0,1,0,0,0,0,0,0,0,0,0,0,1,0,1,0,0,0,0,0,0,0,0,0,2,0,40.0175,-75.0495, , 
 ,73565,2012004900,6,67,67301,2011,12,2,815,8,1,1,0,1,1, , ,N,0,0,0,3,0,0,4,4,N,N,40 02:07.910,75 04:08.893,840, ,830, ,0, ,N, ,0, , , , , ,843037, , , ,4,3,0,0,0,0,0,1,0,0,0,0,0,0,0,0,0,0,0,0,1,0,0,0,0,0,0,0,0,0,0,0,0,0,0,0,0,40.0355,-75.0691, , 
 ,73566,2012004975,6,67,67301,2011,12,4,1818,18,3,2,1,4,1, , ,N,0,0,7,3,0,1,4,2,N,N,40 02:05.500,75 03:49.976,1848, ,1818, ,0, , , ,0, , , , , ,843038, , , ,2,1,0,0,0,0,1,0,0,0,0,0,1,1,0,0,0,0,0,0,0,0,0,0,0,0,0,0,0,0,0,0,0,0,0,8,0,40.0349,-75.0639, , 
 ,73567,2011023287,6,67,67301,2011,1,1,9999,99,5,1,0,0,1, , ,N,0,0,0,3,0,1,1,1,N, ,39 58:37.030,75 15:42.380,9999, ,9999,2,2,4, , ,0,Y, , , , ,843057, , , ,1,1,0,0,0,0,0,0,0,0,0,1,1,0,0,0,0,0,0,0,0,0,0,0,0,0,0,0,0,0,0,0,0,0,0,4,0,39.977,-75.2618, , 
 ,73568,2011082533,6,67,67301,2011,6,7,1736,17,1,1,0,2,1, , ,N,0,0,0,3,0,1,2,3,N, ,39 56:27.949,75 13:56.697,1743, ,1739, ,0, , , ,0, , , , , ,843074, , , ,2,1,0,0,0,0,1,0,1,0,0,1,1,0,0,0,0,0,0,0,0,0,1,0,0,0,0,0,0,0,0,0,0,0,0,4,0,39.9411,-75.2324, , 
 ,73569,2011100629,6,67,67301,2011,9,4,1500,15,1,1,0,2,1, , ,N,1,2,0,3,0,2,2,3,N,N,40 01:51.272,75 05:35.008,1535, ,1529, ,0, ,N, ,3, , , , , ,843085, , , ,3,2,0,0,0,0,0,1,0,0,0,2,2,0,0,0,0,0,0,0,0,0,0,0,0,0,0,0,0,0,0,0,0,0,0,4,0,40.0309,-75.0931, , 
 ,73570,2011101617,6,67,67301,2011,8,4,1400,14,1,1,0,4,1, , ,N,0,0,0,3,0,1,2,2,N,N,39 57:08.201,75 12:25.913,1435, ,1426, ,0, ,N, ,0, , , , , ,843086, , , ,1,1,0,0,0,0,0,0,1,0,0,1,1,0,1,0,0,0,0,0,0,0,0,1,0,0,0,0,0,0,0,0,0,0,0,4,0,39.9523,-75.2072, , 
 ,73571,2011090363,6,67,67301,2011,6,4,9999,99,1,1,0,4,1, , ,N,1,2,0,3,0,2,4,2,N, ,39 59:24.079,75 09:37.472,1630, ,1615, ,0, , , ,3, , , , , ,843099, , , ,2,1,0,0,0,0,1,0,0,0,0,1,2,1,0,0,0,0,0,0,0,0,0,0,0,0,0,0,0,0,0,0,0,0,0,4,0,39.99,-75.1604, , 
 ,73572,2011095962,6,67,67301,2011,8,5,1435,14,1,2,1,6,1, , ,N,0,0,0,3,0,3,3,2,N,N,40 01:43.550,75 11:25.700,1445, ,1440,1,2,5,N, ,0,Y, , , , ,843107, , , ,2,1,0,0,0,0,1,0,0,0,0,3,3,0,0,0,0,0,0,0,1,0,0,0,0,0,0,0,0,0,0,0,0,0,0,4,0,40.0288,-75.1905, , 
 ,73573,2011108885,6,67,67301,2011,9,3,800,8,1,1,0,4,1, , ,N,1,2,0,3,0,0,2,2,N,N,40 01:18.141,75 07:32.411,805, ,9999, ,0, ,N, ,3, , , , , ,843116, , , ,2,2,0,0,0,0,0,0,0,0,0,0,0,0,0,0,0,0,0,0,1,0,0,0,0,0,0,0,0,0,0,0,0,0,0,0,0,40.0217,-75.1257, , 
 ,73574,2011108888,6,67,67301,2011,9,5,645,6,1,1,0,8,1, , ,N,0,0,0,3,1,0,2,2,N,N,40 00:50.814,75 03:58.387,718, ,705,3,2,5, ,0,0,Y, , , , ,843117, , , ,1,0,0,0,1,0,0,0,0,0,0,0,0,0,1,0,0,0,0,0,0,0,0,0,0,0,0,0,0,0,0,0,1,1,0,1,0,40.0141,-75.0662,2, 
 ,73575,2011109532,6,67,67301,2011,9,5,1941,19,3,1,0,1,1, , ,N,0,0,0,3,0,2,3,2,N,N,40 03:01.123,74 59:31.963,1959, ,1951, ,0, ,N, ,0, , , , , ,846017, , , ,2,1,0,0,0,0,0,0,0,0,0,2,2,0,1,0,0,0,0,0,0,0,0,0,0,0,0,0,0,0,0,0,0,0,0,4,0,40.0503,-74.9922, , 
 ,73576,2011112340,6,67,67301,2011,10,1,1439,14,1,1,0,4,1, , ,N,0,0,0,3,0,1,2,2,N,N,40 03:44.785,75 05:07.910,1640, ,1630, ,0, ,N, ,0, , , , , ,846022, , , ,2,0,1,0,0,0,0,0,0,0,1,0,1,0,1,0,0,0,0,0,0,0,0,0,0,0,0,0,0,0,0,0,0,0,0,3,0,40.0624,-75.0855, , 
 ,73577,2011063194,6,67,67301,2011,6,3,921,9,1,1,0,7,3, , ,N,0,0,0,3,0,0,1,1,N,N,39 52:45.093,75 14:55.172,925, ,923, ,0, ,Y, ,0, , , , , ,846040, , , ,1,1,0,0,0,0,0,0,0,0,0,0,0,0,0,0,0,0,0,0,0,0,0,0,0,0,0,0,0,0,0,0,0,0,0,0,0,39.8792,-75.2487, , 
 ,73578,2011023298,6,67,67301,2011,1,3,115,1,3,4,3,4,1, , ,N,1,2,0,3,0,1,2,2,N,N,40 02:12.851,75 08:02.908,137, ,125, ,0, ,N, ,3, , , , , ,846053, , , ,2,2,0,0,0,0,0,0,0,0,0,1,1,0,0,0,0,0,0,0,0,0,0,1,0,0,0,0,0,0,0,0,0,0,0,4,0,40.0369,-75.1341, , 
 ,73579,2011054245,6,67,67301,2011,4,5,848,8,1,1,0,1,1, , ,N,0,0,0,3,0,1,4,2,N,N,40 01:40.821,75 06:31.212,856, ,855,1,1,2,N, ,0,N, , , , ,846074, , , ,2,2,0,0,0,0,0,0,0,0,1,0,1,0,0,0,0,0,0,0,0,0,0,0,0,0,0,0,0,0,0,0,0,0,0,3,0,40.028,-75.1087, , 
 ,73580,2011087844,6,67,67301,2011,8,5,1810,18,1,1,0,8,1, , ,N,1,2,0,3,0,1,2,2,N,N,39 55:45.086,75 10:06.858,9999, ,9999, ,0, ,N, ,3, , , , , ,846089, , , ,1,1,0,0,0,0,0,0,0,0,1,0,1,0,0,0,0,0,0,0,0,0,0,0,0,0,0,0,0,0,0,0,1,0,0,3,0,39.9293,-75.1686, , 
 ,73581,2011096019,6,67,67301,2011,8,7,248,2,3,1,0,0,1, , ,N,7,0,2,3,0,2,2,2,N,N,39 57:24.872,75 09:13.565,252, ,250,1,1,3,N, ,0,N, , , , ,846098, , , ,2,0,2,0,0,0,0,0,0,0,0,0,2,2,0,0,0,0,0,0,0,0,0,0,0,0,0,0,0,0,0,0,0,0,0,8,0,39.9569,-75.1538, , 
 ,73582,2011056946,6,67,67301,2011,5,1,1448,14,1,1,0,2,1, , ,N,0,0,0,3,0,1,4,2,N,N,40 01:19.210,75 03:44.950,1453, ,1450, ,0, ,N, ,0, , , , , ,846109, , , ,1,1,0,0,0,0,0,0,1,0,1,0,1,0,0,0,0,0,0,0,0,0,0,3,0,0,0,0,0,0,0,0,0,0,0,3,0,40.022,-75.0625, , 
 ,73583,2011077749,6,67,67301,2011,7,6,1048,10,1,1,0,1,6, , ,N,0,0,0,3,0,0,1,3,N,N,39 57:28.825,75 12:10.119,1105, ,1105, ,0, ,N, ,0, , , , , ,846129, , , ,3,3,0,0,0,0,0,0,0,0,0,0,0,0,0,0,0,0,0,0,0,0,0,0,0,0,0,0,0,0,0,0,0,0,0,0,0,39.958,-75.2028, , 
 ,73584,2011091037,6,67,67301,2011,7,3,48,0,3,1,0,4,1, , ,N,1,2,0,3,0,2,2,2,N,N,40 01:33.550,75 07:19.144,55, ,49,1,1,2,N, ,3,Y, , , , ,846144, , , ,2,2,0,0,0,0,0,0,0,0,0,0,2,2,0,0,0,0,0,0,0,0,0,0,0,0,0,0,0,0,0,0,0,0,0,8,0,40.026,-75.122, , 
 ,73585,2011083305,6,67,67301,2011,7,2,1645,16,1,2,1,8,1, , ,N,1,2,0,3,0,1,2,2,N, ,40 00:37.460,75 04:45.357,1710, ,1700, ,0, ,N, ,3, , , , , ,846156, , , ,1,0,0,0,0,0,1,0,0,0,0,1,1,0,0,0,0,0,0,0,0,0,0,0,0,0,0,0,0,0,0,0,1,0,0,4,0,40.0104,-75.0793, , 
 ,73586,2011100767,6,67,67301,2011,9,5,34,0,3,1,0,4,1, , ,N,1,2,0,3,0,1,2,2,N, ,39 58:11.965,75 08:35.137,9999, ,105, ,0, , , ,3, , , , , ,846169, , , ,2,2,0,0,0,0,0,0,0,0,0,0,1,1,0,0,0,0,0,0,0,0,0,1,0,0,0,0,0,0,0,0,0,0,0,8,0,39.9699,-75.1431, , 
 ,73587,2011103359,6,67,67301,2011,8,6,1543,15,1,1,0,7,4, , ,N,5,2,0,3,0,1,1,1,N,N,40 03:40.658,75 05:00.623,1602, ,1555, ,0, , , ,3, , , , , ,846172, , , ,1,1,0,0,0,0,0,0,0,0,0,0,1,1,0,0,0,0,0,0,1,0,0,0,0,0,0,0,0,0,0,0,0,0,0,8,0,40.0612,-75.0835, , 
 ,73588,2011104111,6,67,67301,2011,10,4,540,5,3,2,1,9,1, , ,N,0,0,0,3,0,0,1,1,N,N,39 59:50.620,75 11:46.942,546, ,546, ,0, ,N, ,0, , , , , ,846173, , , ,1,1,0,0,0,0,0,0,0,0,0,0,0,0,0,0,0,0,0,0,1,0,0,0,0,0,0,0,0,0,0,0,0,0,0,0,0,39.9974,-75.1964, , 
 ,73589,2011112294,6,67,67301,2011,10,1,930,9,1,1,0,5,6, , ,N,0,0,0,3,0,0,1,3,N,N,40 00:22.374,75 08:13.639,939, ,938,1,1,1,N, ,0,N, , , , ,846191, , , ,3,1,0,0,0,0,1,1,0,0,0,0,0,0,0,0,0,0,0,0,1,0,0,1,0,0,0,0,0,0,0,0,0,0,0,0,0,40.0062,-75.1371, , 
 ,73590,2011115243,6,67,67301,2011,10,3,1545,15,1,1,0,4,1, , ,N,1,2,0,3,0,2,2,2,N,N,40 03:17.359,75 09:09.802,1720, ,1712, ,0, ,N, ,3, , , , , ,846195, , , ,2,1,0,0,1,0,0,0,0,0,0,0,2,2,0,0,0,0,0,0,0,0,0,0,0,0,0,0,0,0,0,0,0,0,0,8,0,40.0548,-75.1527, , 
 ,73591,2012121882,6,67,67301,2011,12,7,2010,20,8,9,8,1,2, , ,N,0,0,0,3,0,2,3,2,N,N,40 02:22.754,75 01:58.214,2020, ,2015, ,0, ,N, ,0, , , , , ,846197, , , ,2,2,0,0,0,0,0,0,0,0,0,0,2,2,0,0,0,0,0,0,0,0,0,0,0,0,0,0,0,0,0,0,0,0,0,8,0,40.0397,-75.0328, , 
 ,73592,2011108873,6,67,67301,2011,9,3,800,8,1,5,1,4,1, , ,N,1,3,0,3,0,2,3,2,N,N,40 02:45.841,75 01:33.121,1148, ,1140, ,0, ,N, ,3, , , , , ,846198, , , ,2,2,0,0,0,0,0,0,0,0,0,2,2,0,0,0,1,0,0,0,0,0,0,0,0,0,0,0,0,0,0,0,0,0,0,4,0,40.0461,-75.0259, , 
 ,73593,2011112341,6,67,67301,2011,10,4,1953,19,1,1,0,1,1, , ,N,1,2,0,3,0,1,2,2,N,N,39 56:12.386,75 09:35.812,2010, ,1953,2,1,3, , ,3,Y, , , , ,846202, , , ,1,1,0,0,0,0,0,0,1,0,0,1,1,0,0,0,0,0,0,0,0,0,0,0,0,0,0,0,0,0,0,0,0,0,0,4,0,39.9368,-75.1599, , 
 ,73594,2011046976,6,67,67301,2011,4,4,1110,11,1,1,0,4,1, , ,N,0,0,0,3,0,1,2,2,N,N,39 56:08.758,75 09:36.581,1130, ,1115, ,0, ,N, ,0, , , , , ,851765, , , ,1,1,0,0,0,0,0,0,1,0,0,1,1,0,0,0,0,0,0,0,0,0,0,1,0,0,0,0,0,0,0,0,0,0,0,4,0,39.9358,-75.1602, , 
 ,73595,2011055465,6,67,67301,2011,5,5,1750,17,1,1,0,1,1, , ,N,0,0,0,3,0,1,3,2,N,N,40 00:07.320,75 11:40.248,1826, ,1752, ,0, ,N, ,0, , , , , ,851771, , , ,2,1,0,0,0,0,1,0,0,0,0,1,1,0,0,0,0,1,0,0,1,0,0,0,0,0,0,0,0,0,0,0,0,0,0,4,0,40.002,-75.1945, , 
 ,73596,2011064105,6,67,67301,2011,5,4,425,4,3,1,0,1,1, , ,N,5,2,0,3,0,0,2,2,N, ,40 01:45.748,75 06:17.490,439, ,433, ,0, ,N, ,3, , , , , ,851778, , , ,2,2,0,0,0,0,0,0,0,0,0,0,0,0,1,0,0,0,0,0,0,0,0,1,0,0,0,0,0,0,0,0,0,0,0,9,0,40.0294,-75.1049, , 
 ,73597,2011129145,6,67,67301,2011,11,3,1748,17,3,2,1,1,1, , ,N,0,0,0,3,0,3,4,2,N,N,39 56:12.106,75 08:39.259,1806, ,1750,1,1,1,N, ,0,N, , , , ,851785, , , ,2,2,0,0,0,0,0,0,0,1,0,2,3,0,0,0,0,0,0,1,1,0,0,0,0,0,0,1,0,0,0,0,0,0,0,2,0,39.9366,-75.1443, , 
 ,73598,2012018294,6,67,67301,2011,1,3,1330,13,1,1,0,1,1, , ,N,0,0,0,3,0,1,2,2,N,N,39 59:12.137,75 07:19.354,0, ,0, ,0, ,N, ,0, , , , , ,851794, , , ,2,2,0,0,0,0,0,0,0,0,0,0,1,1,0,0,0,0,0,1,0,0,0,0,0,0,0,0,0,0,0,0,0,0,0,8,0,39.9867,-75.122, , 
 ,73599,2011073278,6,67,67301,2011,6,7,9999,99,1,1,0,8,1, , ,N,0,0,0,3,0,1,2,2, , ,39 54:50.486,75 09:00.195,1445, ,1443, ,0, , , ,0, , , , , ,851821, , , ,1,1,0,0,0,0,0,0,0,0,1,0,1,0,1,0,0,0,0,0,0,0,0,1,0,0,0,0,0,0,0,0,1,0,0,3,0,39.914,-75.1501, , 
 ,73600,2011074781,6,67,67301,2011,7,5,1503,15,1,1,0,7,2, , ,N,0,0,0,3,0,1,1,1,N,N,39 58:51.964,75 12:24.129,1515, ,1515, ,0, ,N, ,0, , , , , ,851823, , , ,1,0,0,0,0,0,1,0,0,0,0,1,1,0,0,0,0,0,0,0,0,0,0,0,0,0,0,0,0,0,0,0,0,0,0,4,0,39.9811,-75.2067, , 
 ,73601,2011029043,6,67,67301,2011,1,7,1736,17,4,1,0,1,1, , ,N,0,2,0,3,0,0,2,2,N,N,39 54:19.388,75 11:41.406,1739, ,1738,1,1,1,N, ,3,N, , , , ,851847, , , ,2,2,0,0,0,0,0,0,0,0,0,0,0,0,0,0,0,0,0,0,0,0,0,0,0,0,0,0,0,0,0,0,0,0,0,0,0,39.9054,-75.1948, , 
 ,73602,2011031292,6,67,67301,2011,2,5,1745,17,3,1,0,4,1, , ,N,1,2,0,3,0,2,4,2, , ,39 56:19.856,75 10:29.074,1755, ,1750, ,0, , , ,3, , , , , ,851850, , , ,2,2,0,0,0,0,0,0,0,0,0,0,2,2,0,0,0,0,0,0,2,0,0,0,0,0,0,0,0,0,0,0,0,0,0,8,0,39.9388,-75.1747, , 
 ,73603,2011031313,6,67,67301,2011,2,2,2340,23,3,4,3,1,1, , ,N,0,0,0,3,0,1,3,2,N,N,39 59:11.981,75 06:35.362,20, ,5, ,0, ,N, ,0, , , , , ,851851, , , ,2,1,0,0,1,0,0,0,0,0,0,1,1,0,0,0,0,0,1,0,0,0,0,0,0,0,0,0,0,0,0,0,0,0,0,4,0,39.9867,-75.1098, , 
 ,73604,2011037932,6,67,67301,2011,3,2,1750,17,4,1,0,1,1, , ,N,1,2,0,3,0,2,4,3,N,N,39 59:19.554,75 07:12.678,1926, ,1916, ,0, ,N, ,3, , , , , ,851859, , , ,3,1,0,1,1,0,0,0,0,0,2,0,2,0,2,0,0,0,0,0,0,0,0,0,0,0,0,0,0,0,0,0,0,0,0,3,1,39.9888,-75.1202, , 
 ,73605,2011044464,6,67,67301,2011,3,5,1850,18,4,2,1,7,4, , ,N,0,0,0,3,0,0,1,1,N,N,40 01:41.770,75 11:25.620,1855, ,1853,2,2,1,N, ,0,Y, , , , ,851865, , , ,1,1,0,0,0,0,0,0,0,0,0,0,0,0,0,0,0,0,0,0,0,0,0,0,0,0,0,0,0,0,0,0,0,0,0,0,0,40.0283,-75.1905, , 
 ,73606,2011097327,6,67,67301,2011,9,6,1730,17,1,2,1,1,1, , ,N,0,0,0,3,0,1,3,2,N,N,39 54:00.665,75 09:33.120,1741, ,1734, ,0, ,N, ,0, , , , , ,851879, , , ,2,1,0,0,0,0,1,0,0,0,0,1,1,0,0,0,0,0,0,0,0,1,0,0,0,0,0,0,0,0,0,0,0,0,0,4,0,39.9002,-75.1592, , 
 ,73607,2011108900,6,67,67301,2011,9,6,2200,22,3,2,1,8,1, , ,N,0,0,0,3,0,1,2,2,N,N,39 58:17.308,75 13:32.878,2230, ,2203, ,0, ,N, ,0, , , , , ,851894, , , ,1,0,0,0,0,0,1,0,0,0,0,1,1,0,0,0,0,0,0,0,0,0,0,0,0,0,0,0,0,0,0,0,1,0,0,4,0,39.9715,-75.2258, , 
 ,73608,2011112089,6,67,67301,2011,10,7,1110,11,1,1,0,1,1, , ,N,7,0,2,3,0,1,2,2,N,N,39 56:51.647,75 08:28.549,1114, ,1112, ,0, ,N, ,0, , , , , ,851907, , , ,2,1,1,0,0,0,0,0,0,0,0,1,1,0,0,0,0,0,0,0,0,0,0,0,0,0,0,0,0,0,0,0,0,0,0,4,0,39.9477,-75.1413, , 
 ,73609,2011127394,6,67,67301,2011,11,6,2216,22,3,1,0,5,1, , ,N,0,0,0,3,0,0,3,2,N,N,39 53:26.486,75 11:59.887,2229, ,2220,1,1,2,N, ,0,N, , , , ,851922, , , ,2,1,0,1,0,0,0,0,0,0,0,0,0,0,0,0,0,0,0,0,1,0,0,0,0,0,0,0,0,0,0,0,0,0,0,0,1,39.8907,-75.1999, , 
 ,73610,2011134494,6,67,67301,2011,12,7,1904,19,3,1,0,1,1, , ,N,0,0,0,3,0,2,4,3,N,N,39 58:44.257,75 06:34.760,1917, ,1908,2,1,1,N, ,0,N, , , , ,851927, , , ,3,3,0,0,0,0,0,0,0,0,0,2,2,0,0,0,0,0,0,0,2,0,0,0,0,0,0,0,0,0,0,0,0,0,0,4,0,39.979,-75.1096, , 
 ,73611,2011132759,6,67,67301,2011,11,6,2244,22,3,1,0,4,1, , ,N,1,2,0,3,0,1,4,2,N,N,39 56:07.602,75 13:13.393,2252, ,2244, ,0, ,N, ,3, , , , , ,851931, , , ,2,1,0,0,1,0,0,0,0,0,0,0,1,1,3,0,0,0,0,0,0,0,0,0,0,0,0,0,0,0,0,0,0,0,0,8,0,39.9354,-75.2204, , 