wz_ln_closure,objectid_1,crn,district,county,municipality,crash_year,crash_month,day_of_week,time_of_day,hour_of_day,illumination,weather,road_condition,collision_type,relation_to_road,work_zone_type,work_zone_loc,work_zone_ind,intersect_type,tcd_type,location_type,urban_rural,fatal_count,injury_count,person_count,total_units,sch_bus_ind,sch_zone_ind,latitude,longitude,arrival_tm,cons_zone_spd_lim,dispatch_tm,est_hrs_closed,lane_closed,ln_close_dir,ntfy_hiwy_maint,spec_juris_cd,tcd_func_cd,tfc_detour_ind,workers_pres,wz_close_detour,wz_flagger,wz_law_offcr_ind,objectid,wz_moving,wz_other,wz_shlder_mdn,vehicle_count,automobile_count,motorcycle_count,bus_count,small_truck_count,heavy_truck_count,suv_count,van_count,bicycle_count,maj_inj_count,mod_inj_count,min_inj_count,tot_inj_count,unk_inj_deg_count,unk_inj_per_count,driver_count_16yr,driver_count_17yr,driver_count_18yr,driver_count_19yr,driver_count_20yr,driver_count_50_64yr,driver_count_65_74yr,driver_count_75plus,unbelted_occ_count,unb_death_count,unb_maj_inj_count,belted_death_count,belted_maj_inj_count,mcycle_death_count,mcycle_maj_inj_count,bicycle_death_count,bicycle_maj_inj_count,ped_count,ped_death_count,ped_maj_inj_count,max_severity_level,comm_veh_count,dec_lat,dec_long,rdwy_surf_type_cd,county_name
 ,73612,2012021302,6,67,67301,2011,6,4,1600,16,1,1,0,4,1, , ,N,1,0,0,3,0,1,2,2,N,N,39 56:43.114,75 14:30.514,0, ,0, ,0, ,N, ,0, , , , , ,849382, , , ,1,0,0,0,0,0,0,0,1,0,0,0,1,1,1,0,0,0,0,0,0,0,0,0,0,0,0,0,0,0,0,0,0,0,0,8,0,39.9453,-75.2418, , 
 ,73613,2012002005,6,67,67301,2011,12,3,1530,15,1,2,1,8,1, , ,N,2,3,0,3,0,1,2,2,N,Y,39 59:03.346,75 10:49.303,1533, ,1533, ,0, ,N, ,3, , , , , ,849415, , , ,1,1,0,0,0,0,0,0,0,0,0,0,1,1,1,0,0,0,0,0,1,0,0,0,0,0,0,0,0,0,0,0,1,0,0,8,0,39.9843,-75.1804, , 
 ,73614,2012002918,6,67,67301,2011,12,6,146,1,3,1,0,7,4, , ,N,0,0,0,3,0,3,3,1,N,N,39 56:44.739,75 11:24.294,203, ,151,1,1,3,N, ,0,N, , , , ,849416, , , ,1,1,0,0,0,0,0,0,0,0,0,3,3,0,0,0,0,1,0,0,0,0,0,0,0,0,0,0,0,0,0,0,0,0,0,4,0,39.9458,-75.1901, , 
 ,73615,2011121226,6,67,67301,2011,11,4,315,3,3,2,1,0,2, , ,N,0,8,0,3,0,1,1,1,N,N,39 52:58.640,75 12:43.620,545, ,510,5,2,5,N, ,3,Y, , , , ,849425, , , ,1,0,0,0,0,1,0,0,0,0,0,1,1,0,0,0,0,0,0,0,0,0,0,1,0,0,0,0,0,0,0,0,0,0,0,4,1,39.883,-75.2121, , 
 ,73616,2011122803,6,67,67301,2011,11,3,1531,15,1,1,0,1,1, , ,N,1,2,0,3,0,1,2,2,N,N,40 06:23.287,74 59:55.982,1539, ,1533,1,1,1,N, ,3,N, , , , ,849428, , , ,2,1,0,0,0,0,1,0,0,0,0,1,1,0,1,0,0,0,0,0,1,0,1,1,0,0,0,0,0,0,0,0,0,0,0,4,0,40.1065,-74.9986, , 
 ,73617,2011132929,6,67,67301,2011,11,2,1930,19,3,2,1,4,1, , ,N,0,0,0,3,0,2,3,2,N,N,40 03:18.082,75 08:58.804,1932, ,1930, ,0, , , ,0, , , , , ,849437, , , ,2,2,0,0,0,0,0,0,0,0,0,2,2,0,1,0,0,0,0,0,0,0,0,1,0,0,0,0,0,0,0,0,0,0,0,4,0,40.055,-75.1497, , 
 ,73618,2012015360,6,67,67301,2011,12,3,1140,11,1,1,0,5,1, , ,N,0,0,0,3,0,1,2,2,N,N,39 57:00.109,75 11:28.713,1148, ,1147, ,0, ,N, ,0, , , , , ,849441, , , ,1,1,0,0,0,0,0,0,1,0,0,1,1,0,0,0,0,0,0,0,0,0,0,0,0,0,0,0,0,0,0,0,0,0,0,4,0,39.95,-75.1913, , 
 ,73619,2012020510,6,67,67301,2011,9,6,210,2,3,1,0,8,1, , ,N,0,0,0,3,0,2,4,3,N,N,39 57:00.187,75 08:40.682,216, ,214,2,1,4, , ,0,N, , , , ,849479, , , ,2,2,0,0,0,0,0,0,0,0,0,0,2,2,2,0,0,0,0,0,0,0,0,0,0,0,0,0,0,0,0,0,1,0,0,8,0,39.9501,-75.1446, , 
 ,73620,2011095421,6,67,67301,2011,8,5,1230,12,1,1,1,5,1, , ,N,0,0,0,3,0,1,3,2,N, ,39 56:56.893,75 09:45.323,1322, ,1319, ,0, , , ,0, , , , , ,849494, , , ,1,1,0,0,0,0,0,0,1,0,0,1,1,0,0,0,0,0,0,0,0,0,0,0,0,0,0,0,0,0,0,0,0,0,0,4,0,39.9491,-75.1626, , 
 ,73621,2011100851,6,67,67301,2011,9,6,45,0,3,1,0,1,1, , ,N,1,0,0,3,0,0,2,2,N, ,39 57:42.116,75 09:16.249,45, ,45, ,0, , , ,0, , , , , ,849498, , , ,2,2,0,0,0,0,0,0,0,0,0,0,0,0,2,0,0,0,0,0,0,0,0,2,0,0,0,0,0,0,0,0,0,0,0,9,0,39.9617,-75.1545, , 
 ,73622,2011106180,6,67,67301,2011,9,7,621,6,5,1,0,8,1, , ,N,1,2,0,3,0,1,2,2,N,N,40 04:27.147,75 02:05.032,636, ,623,1,1,1,N, ,3,N, , , , ,849500, , , ,1,1,0,0,0,0,0,0,0,0,1,0,1,0,0,0,0,0,0,0,1,0,0,0,0,0,0,0,0,0,0,0,1,0,0,3,0,40.0742,-75.0347, , 
 ,73623,2011114844,6,67,67301,2011,10,1,604,6,3,4,5,7,3, , ,N,0,0,0,3,0,1,1,1,N,N,40 02:01.700,75 01:11.123,614, ,614,1,2,1,N, ,0,N, , , , ,849509, , , ,1,1,0,0,0,0,0,0,0,0,1,0,1,0,0,0,0,0,0,0,0,0,0,0,0,0,0,0,0,0,0,0,0,0,0,3,0,40.0337,-75.0198, , 
 ,73624,2011132212,6,67,67301,2011,12,6,1515,15,1,1,0,7,3, , ,N,0,0,0,3,0,0,9,3,N,N,39 55:32.909,75 08:48.595,1523, ,1518, ,0, ,N, ,0, , , , , ,849527, , , ,3,3,0,0,0,0,0,0,0,0,0,0,0,0,0,0,0,0,0,0,0,0,0,0,0,0,0,0,0,0,0,0,0,0,0,0,0,39.9257,-75.1468, , 
 ,73625,2011132617,6,67,67301,2011,11,6,2245,22,3,1,0,4,1, , ,N,1,2,0,3,0,1,2,2,N,N,39 57:25.688,75 12:51.554,2250, ,2245, ,0, ,N, ,3, , , , , ,849528, , , ,2,2,0,0,0,0,0,0,0,0,0,0,1,1,0,0,0,1,0,0,0,0,0,1,0,0,0,0,0,0,0,0,0,0,0,8,0,39.9571,-75.2143, , 
 ,73626,2012001990,6,67,67301,2011,12,5,1526,15,1,1,0,4,1, , ,N,1,3,0,3,0,0,5,2,N, ,40 02:47.022,75 11:07.029,1540, ,1529, ,0, , , ,3, , , , , ,849531, , , ,2,2,0,0,0,0,0,0,0,0,0,0,0,0,0,0,0,0,0,0,0,0,0,0,0,0,0,0,0,0,0,0,0,0,0,0,0,40.0464,-75.1853, , 
 ,73627,2012002071,6,67,67301,2011,11,3,1805,18,3,2,1,4,1, , ,N,1,2,0,3,0,2,4,5,N,N,39 59:29.220,75 08:05.582,1815, ,1811, ,0, ,N, ,3, , , , , ,849557, , , ,5,4,0,0,0,0,1,0,0,0,0,2,2,0,0,0,0,0,0,0,0,0,0,0,0,0,0,0,0,0,0,0,0,0,0,4,0,39.9913,-75.1349, , 
 ,73628,2012012588,6,67,67301,2011,12,7,1228,12,1,1,0,8,1, , ,N,0,0,0,3,0,1,2,2,N,N,39 55:40.660,75 13:49.360,1242, ,1235, ,0, , , ,0, , , , , ,849560, , , ,1,1,0,0,0,0,0,0,0,0,0,0,1,1,0,0,0,0,0,0,0,0,0,0,0,0,0,0,0,0,0,0,1,0,0,8,0,39.928,-75.2304, , 
 ,73629,2011054229,6,67,67301,2011,4,2,2015,20,3,1,0,6,1, , ,N,0,0,0,3,0,1,1,3,N,N,40 03:43.610,74 59:04.230,2015, ,2015, ,0, , , ,0, , , , , ,849561, , , ,3,3,0,0,0,0,0,0,0,0,0,1,1,0,0,0,0,0,0,0,1,0,0,0,0,0,0,0,0,0,0,0,0,0,0,4,0,40.0621,-74.9845, , 
 ,73630,2011108892,6,67,67301,2011,10,1,835,8,1,1,1,4,1, , ,N,1,2,0,3,0,1,4,3,N,N,40 02:48.424,75 04:13.037,840, ,837,1,1,2,N, ,3,N, , , , ,843118, , , ,3,2,0,0,0,0,1,0,0,0,0,1,1,0,0,0,0,0,0,0,0,0,0,0,0,0,0,0,0,0,0,0,0,0,0,4,0,40.0468,-75.0703, , 
 ,73631,2011098919,6,67,67301,2011,8,7,1940,19,3,2,1,4,1, , ,N,1,3,0,3,0,1,6,2,N,N,40 01:48.288,75 08:34.177,1955, ,1946, ,0, ,N, ,3, , , , , ,843126, , , ,2,2,0,0,0,0,0,0,0,0,0,0,1,1,0,0,0,0,0,0,0,0,0,1,0,0,0,0,0,0,0,0,0,0,0,8,0,40.0301,-75.1428, , 
 ,73632,2011115384,6,67,67301,2011,10,1,359,3,2,1,0,7,4, , ,N,0,8,0,3,0,1,1,1,N,N,39 59:32.034,75 11:40.751,402, ,359, ,0, ,Y, ,3, , , , , ,843141, , , ,1,1,0,0,0,0,0,0,0,0,0,1,1,0,0,0,0,0,0,0,0,0,0,1,0,0,0,0,0,0,0,0,0,0,0,4,0,39.9922,-75.1946, , 
 ,73633,2011115404,6,67,67301,2011,10,7,707,7,1,1,0,4,2, , ,N,0,0,0,3,0,0,4,3,N, ,40 02:10.132,75 11:47.486,758, ,754, ,0, , , ,0, , , , , ,843142, , , ,3,3,0,0,0,0,0,0,0,0,0,0,0,0,2,0,0,0,0,0,0,1,0,1,0,0,0,0,0,0,0,0,0,0,0,9,0,40.0361,-75.1965, , 
 ,73634,2011075610,6,67,67301,2011,6,1,1353,13,1,1,0,7,1, , ,N,1,2,0,3,0,1,1,1,N,N,39 59:27.011,75 07:51.262,1410, ,1357,3,1,4, , ,3,N, , , , ,843168, , , ,1,1,0,0,0,0,0,0,0,0,0,1,1,0,0,0,0,0,0,0,0,0,0,0,0,0,0,0,0,0,0,0,0,0,0,4,0,39.9908,-75.1309, , 
 ,73635,2011082558,6,67,67301,2011,7,7,208,2,3,1,0,4,1, , ,N,0,0,0,3,0,2,4,2,N,N,39 59:22.787,75 06:26.663,209, ,208, ,0, ,N, ,0, , , , , ,843176, , , ,2,1,1,0,0,0,0,0,0,0,0,2,2,0,0,0,0,0,0,0,0,0,0,0,0,0,0,0,0,0,0,0,0,0,0,4,0,39.9897,-75.1074, , 
 ,73636,2011082678,6,67,67301,2011,7,6,740,7,1,1,0,1,1, , ,N,0,8,3,3,0,1,3,3,N, ,39 53:52.649,75 12:40.704,753, ,746, ,0, , , ,3, , , , , ,843177, , , ,3,1,0,0,1,0,0,1,0,0,0,0,1,1,0,0,0,0,0,0,0,0,0,0,0,0,0,0,0,0,0,0,0,0,0,8,0,39.898,-75.2113, , 
 ,73637,2011092926,6,67,67301,2011,8,6,835,8,1,1,0,1,1, , ,N,1,0,0,3,0,1,4,2,N,N,40 02:15.774,75 02:32.795,858, ,858, ,0, ,N, ,0, , , , , ,843186, , , ,2,2,0,0,0,0,0,0,0,0,0,0,1,1,0,0,0,0,0,0,1,0,0,0,0,0,0,0,0,0,0,0,0,0,0,8,0,40.0377,-75.0425, , 
 ,73638,2011098087,6,67,67301,2011,9,6,1819,18,1,1,0,4,1, , ,N,2,0,0,3,0,0,2,2,N,N,40 02:05.924,75 11:18.304,1830, ,1819,1,1,1,N, ,0,N, , , , ,843193, , , ,2,1,0,0,0,0,0,1,0,0,0,0,0,0,1,0,0,0,0,0,0,0,0,0,0,0,0,0,0,0,0,0,0,0,0,9,0,40.035,-75.1884, , 
 ,73639,2011100774,6,67,67301,2011,9,1,1842,18,1,1,0,2,1, , ,N,3,0,0,3,0,4,7,2,N,N,39 59:11.022,75 14:15.223,1905, ,1859,3,2,1, , ,0,Y, , , , ,843196, , , ,2,2,0,0,0,0,0,0,0,0,4,0,4,0,0,0,0,0,0,1,0,1,0,0,0,0,0,0,0,0,0,0,0,0,0,3,0,39.9864,-75.2376, , 
 ,73640,2011090359,6,67,67301,2011,8,2,1250,12,1,1,0,4,1, , ,N,1,2,0,3,0,1,2,2,N,N,39 57:23.194,75 09:52.027,1313, ,1309, ,0, ,N, ,3, , , , , ,843225, , , ,1,0,0,0,0,0,0,1,1,0,0,1,1,0,0,0,0,0,0,1,0,0,0,0,0,0,0,0,0,0,0,0,0,0,0,4,0,39.9564,-75.1645, , 
 ,73641,2011091019,6,67,67301,2011,7,5,2230,22,3,1,0,4,1, , ,N,1,2,0,3,0,1,2,3,N,N,40 00:20.688,75 05:56.692,2240, ,2230,3,2,7, , ,3,Y, , , , ,843228, , , ,3,2,0,0,0,0,1,0,0,0,1,0,1,0,0,0,0,0,0,0,1,0,0,0,0,0,0,0,0,0,0,0,0,0,0,3,0,40.0057,-75.0991, , 
 ,73642,2011093055,6,67,67301,2011,8,1,10,0,3,1,0,4,4, , ,N,2,0,0,3,0,0,2,3,N,N,39 58:42.434,75 15:17.967,10, ,9999,3,2,4,N, ,0,Y, , , , ,843232, , , ,3,3,0,0,0,0,0,0,0,0,0,0,0,0,2,0,0,0,0,0,0,0,0,2,0,0,0,0,0,0,0,0,0,0,0,9,0,39.9785,-75.255, , 
 ,73643,2011057038,6,67,67301,2011,5,4,842,8,1,2,1,4,1, , ,N,1,0,0,3,0,1,3,3,N,N,40 01:44.500,75 08:46.197,858, ,844, ,0, ,N, ,0, , , , , ,843250, , , ,3,3,0,0,0,0,0,0,0,0,0,0,1,1,0,0,0,0,0,0,0,1,0,0,0,0,0,0,0,0,0,0,0,0,0,8,0,40.029,-75.1462, , 
 ,73644,2011126444,6,67,67301,2011,11,6,1018,10,1,1,0,5,1, , ,N,1,2,0,3,0,1,5,3,N,N,39 55:36.272,75 10:08.761,1040, ,1035,2,2,1,N, ,3,Y, , , , ,843258, , , ,3,2,0,0,0,1,0,0,0,0,0,1,1,0,0,0,0,0,0,0,1,0,0,0,0,0,0,0,0,0,0,0,0,0,0,4,1,39.9268,-75.1691, , 
 ,73645,2012002136,6,67,67301,2011,12,1,2004,20,3,1,0,1,1, , ,N,0,2,0,3,0,3,4,2,N,N,39 59:48.601,75 06:11.914,2009, ,2007,2,1,2,N, ,3,N, , , , ,843261, , , ,2,2,0,0,0,0,0,0,0,0,0,3,3,0,0,0,0,0,0,0,1,0,0,2,0,0,0,0,0,0,0,0,0,0,0,4,0,39.9968,-75.1033, , 
 ,73646,2011066169,6,67,67301,2011,6,2,1410,14,1,1,0,1,1, , ,N,1,0,0,3,0,1,2,2,N,N,39 55:00.583,75 10:16.768,1439, ,1415, ,0, ,N, ,0, , , , , ,843269, , , ,2,2,0,0,0,0,0,0,0,0,0,1,1,0,0,0,0,0,0,0,0,0,0,0,0,0,0,0,0,0,0,0,0,0,0,4,0,39.9168,-75.1713, , 
 ,73647,2011075627,6,67,67301,2011,6,4,910,9,1,1,0,8,1, , ,N,0,0,0,3,0,1,2,2,N,N,39 57:01.540,75 09:37.704,931, ,930, ,0, ,N, ,0, , , , , ,843273, , , ,1,1,0,0,0,0,0,0,0,0,0,0,1,1,0,0,0,0,0,0,0,0,0,0,0,0,0,0,0,0,0,0,1,0,0,8,0,39.9504,-75.1605, , 
 ,73648,2011127064,6,67,67301,2011,11,7,130,1,3,1,1,4,1, , ,N,2,9,0,3,0,0,2,2,N,N,40 02:10.172,75 09:20.203,130, ,130, ,0, ,N, ,9, , , , , ,846222, , , ,2,1,0,0,0,0,0,1,0,0,0,0,0,0,1,0,0,0,0,0,0,0,0,0,0,0,0,0,0,0,0,0,0,0,0,9,0,40.0362,-75.1556, , 
 ,73649,2012004292,6,67,67301,2011,12,4,1435,14,1,2,1,1,1, , ,N,0,2,0,3,0,1,3,2,N,N,40 04:29.618,75 02:07.126,1552, ,1545, ,0, ,N, ,3, , , , , ,846231, , , ,2,2,0,0,0,0,0,0,0,0,0,1,1,0,0,0,0,0,0,0,1,0,1,0,0,0,0,0,0,0,0,0,0,0,0,4,0,40.0749,-75.0353, , 
 ,73650,2012013440,6,67,67301,2011,12,6,1420,14,1,1,0,4,1, , ,N,0,0,7,3,0,0,3,2,N, ,39 58:37.533,75 07:09.792,1437, ,1426, ,0, , , ,0, , , , , ,846234, , , ,2,2,0,0,0,0,0,0,0,0,0,0,0,0,0,0,0,0,0,1,0,0,0,0,0,0,0,0,0,0,0,0,0,0,0,0,0,39.9771,-75.1194, , 
 ,73651,2011057060,6,67,67301,2011,5,6,1920,19,4,1,0,4,1, , ,N,1,2,0,3,0,2,4,2,N,N,40 01:57.808,75 04:19.924,1934, ,1926, ,0, ,N, ,3, , , , , ,846242, , , ,2,2,0,0,0,0,0,0,0,0,1,1,2,0,0,0,0,0,0,0,0,0,0,0,0,0,0,0,0,0,0,0,0,0,0,3,0,40.0327,-75.0722, , 
 ,73652,2012010059,6,67,67301,2011,12,7,905,9,1,9,8,8,1, , ,N,0,0,0,3,0,1,2,2,N, ,39 59:42.891,75 08:22.382,911, ,911, ,0, , , ,0, , , , , ,846253, , , ,1,1,0,0,0,0,0,0,0,0,0,0,1,1,0,0,0,0,0,0,0,0,0,0,0,0,0,0,0,0,0,0,1,0,0,8,0,39.9952,-75.1396, , 
 ,73653,2011122104,6,67,67301,2011,11,2,1207,12,1,1,0,7,2, , ,N,0,0,0,3,0,0,1,1,N,N,39 54:44.008,75 08:55.422,1227, ,1222, ,0, ,N, ,0, , , , , ,846255, , , ,1,1,0,0,0,0,0,0,0,0,0,0,0,0,0,0,0,1,0,0,0,0,0,0,0,0,0,0,0,0,0,0,0,0,0,0,0,39.9123,-75.1487, , 
 ,73654,2011129608,6,67,67301,2011,12,1,648,6,5,1,0,4,1, , ,N,0,0,0,3,0,1,3,3,N,N,40 01:14.163,75 02:33.328,651, ,648, ,0, ,Y, ,0, , , , , ,846261, , , ,3,2,0,0,0,0,1,0,0,0,0,0,1,1,1,0,0,0,0,0,1,0,0,0,0,0,0,0,0,0,0,0,0,0,0,8,0,40.0205,-75.0428, , 
 ,73655,2011121762,6,67,67301,2011,11,4,1721,17,3,2,1,1,1, , ,N,0,0,0,3,0,0,4,3,N,N,39 58:53.095,75 06:07.668,1736, ,1724,1,2,1,N, ,0,N, , , , ,846285, , , ,3,3,0,0,0,0,0,0,0,0,0,0,0,0,0,0,0,0,0,0,0,0,0,0,0,0,0,0,0,0,0,0,0,0,0,0,0,39.9814,-75.1023, , 
 ,73656,2011122850,6,67,67301,2011,10,1,1420,14,1,1,0,1,1, , ,N,1,0,0,3,0,3,3,2,N, ,40 00:11.467,75 09:09.273,1435, ,1430, ,0, , , ,0, , , , , ,846286, , , ,2,2,0,0,0,0,0,0,0,1,1,0,3,1,0,0,0,0,0,0,0,1,0,3,0,1,0,0,0,0,0,0,0,0,0,2,0,40.0032,-75.1525, , 
 ,73657,2011132964,6,67,67301,2011,11,5,921,9,1,1,0,1,1, , ,N,0,0,0,3,0,0,1,2,N,N,39 57:13.730,75 11:15.368,950, ,921, ,0, ,N, ,0, , , , , ,846304, , , ,2,2,0,0,0,0,0,0,0,0,0,0,0,0,1,0,0,0,0,0,0,0,1,0,0,0,0,0,0,0,0,0,0,0,0,9,0,39.9538,-75.1876, , 
 ,73658,2011134798,6,67,67301,2011,12,6,928,9,1,1,0,6,1, , ,N,1,2,0,3,0,1,3,2,N,N,39 56:15.784,75 13:42.272,938, ,935, ,0, ,N, ,3, , , , , ,846306, , , ,2,2,0,0,0,0,0,0,0,0,0,1,1,0,0,0,0,0,0,1,0,1,0,0,0,0,0,0,0,0,0,0,0,0,0,4,0,39.9377,-75.2284, , 
 ,73659,2012005399,6,67,67301,2011,12,2,1153,11,1,1,0,1,1, , ,N,1,2,0,3,0,1,5,2,N,N,40 00:49.881,75 05:10.693,1157, ,1153, ,0, ,N, ,3, , , , , ,846311, , , ,2,2,0,0,0,0,0,0,0,0,0,0,1,1,0,0,0,0,0,0,1,0,0,0,0,0,0,0,0,0,0,0,0,0,0,8,0,40.0139,-75.0863, , 
 ,73660,2012004261,6,67,67301,2011,12,1,908,9,1,1,0,7,4, , ,N,0,2,7,3,0,1,1,1,N, ,40 00:00.010,75 06:22.302,908, ,908,3,2,3, , ,3,Y, , , , ,846324, , , ,1,1,0,0,0,0,0,0,0,0,0,0,1,1,0,0,0,0,0,0,1,0,0,0,0,0,0,0,0,0,0,0,0,0,0,8,0,40,-75.1062, , 
 ,73661,2011118051,6,67,67301,2011,10,7,1400,14,1,1,0,5,1, , ,N,1,2,0,3,0,2,2,2,N,N,39 56:22.379,75 11:53.331,1405, ,1402,2,2,4, , ,3,Y, , , , ,846347, , , ,2,2,0,0,0,0,0,0,0,1,0,1,2,0,0,0,0,0,0,0,1,0,1,1,0,1,0,0,0,0,0,0,0,0,0,2,0,39.9395,-75.1981, , 
 ,73662,2011118157,6,67,67301,2011,10,2,1943,19,3,1,0,4,1, , ,N,3,2,0,3,0,2,2,2,N, ,40 00:19.940,75 04:33.059,1953, ,1953, ,0, , , ,3, , , , , ,846348, , , ,2,2,0,0,0,0,0,0,0,0,0,0,2,2,0,0,0,0,0,0,0,1,0,0,0,0,0,0,0,0,0,0,0,0,0,8,0,40.0056,-75.0756, , 
 ,73663,2011122107,6,67,67301,2011,11,4,1236,12,1,2,1,7,4, , ,N,0,0,0,3,0,1,1,1,N,N,39 59:40.514,75 05:01.762,1245, ,1238,1,1,1,N, ,0,N, , , , ,846350, , , ,1,1,0,0,0,0,0,0,0,0,0,1,1,0,0,0,0,0,0,0,0,0,0,1,0,0,0,0,0,0,0,0,0,0,0,4,0,39.9945,-75.0839, , 
 ,73664,2012010082,6,67,67301,2011,12,2,1345,13,1,1,0,7,5, , ,N,0,0,0,3,0,0,1,1,N,N,40 01:25.276,75 09:38.221,1355, ,1352, ,0, ,N, ,0, , , , , ,846361, , , ,1,1,0,0,0,0,0,0,0,0,0,0,0,0,0,0,0,0,0,0,0,0,0,0,0,0,0,0,0,0,0,0,0,0,0,0,0,40.0237,-75.1606, , 
 ,73665,2011066189,6,67,67301,2011,5,6,1441,14,1,1,0,4,1, , ,N,1,2,0,3,0,1,2,2,N,N,40 00:19.033,75 09:25.376,1444, ,1443, ,0, ,N, ,9, , , , , ,846372, , , ,2,2,0,0,0,0,0,0,0,0,1,0,1,0,1,0,0,0,0,1,0,0,0,1,0,0,0,0,0,0,0,0,0,0,0,3,0,40.0053,-75.157, , 
 ,73666,2012004073,6,67,67301,2011,12,7,1923,19,3,1,0,0,1, , ,N,0,0,0,3,0,0,1,1,N,N,40 00:12.489,75 11:42.663,1928, ,1928, ,0, ,N, ,0, , , , , ,851938, , , ,1,0,0,0,0,0,1,0,0,0,0,0,0,0,0,0,0,0,0,0,0,0,0,0,0,0,0,0,0,0,0,0,0,0,0,0,0,40.0035,-75.1952, , 
 ,73667,2012010072,6,67,67301,2011,12,6,1348,13,1,1,0,8,2, , ,N,0,0,0,3,0,1,2,2,N,N,40 03:18.642,75 08:26.768,1353, ,1351, ,0, ,N, ,0, , , , , ,851940, , , ,1,0,0,0,0,0,0,1,0,0,0,1,1,0,0,0,0,0,0,0,0,0,0,0,0,0,0,0,0,0,0,0,1,0,0,4,0,40.0552,-75.1408, , 
 ,73668,2012020778,6,67,67301,2011,1,6,1930,19,6,1,0,1,1, , ,N,1,3,0,3,0,1,3,2,N,N,39 58:09.192,75 13:42.211,0, ,0, ,0, ,N, ,3, , , , , ,851942, , , ,2,2,0,0,0,0,0,0,0,0,0,0,1,1,2,0,0,0,0,0,0,0,0,0,0,0,0,0,0,0,0,0,0,0,0,8,0,39.9692,-75.2284, , 
 ,73669,2011061381,6,67,67301,2011,2,4,9999,99,1,8,1,8,1, , ,N,0,0,0,3,0,1,2,2, , ,39 55:37.350,75 11:03.940,337, ,337, ,0, , , ,0, , , , , ,851950, , , ,1,1,0,0,0,0,0,0,0,0,0,1,1,0,0,0,0,0,0,0,0,0,0,0,0,0,0,0,0,0,0,0,1,0,0,4,0,39.927,-75.1844, , 
 ,73670,2011066257,6,67,67301,2011,5,2,907,9,1,1,0,4,1, , ,N,1,0,0,3,0,0,2,2,N, ,39 56:23.190,75 11:17.775,909, ,907, ,0, , , ,0, , , , , ,851958, , , ,2,2,0,0,0,0,0,0,0,0,0,0,0,0,0,0,0,0,0,0,1,0,0,0,0,0,0,0,0,0,0,0,0,0,0,0,0,39.9398,-75.1883, , 
 ,73671,2011069673,6,67,67301,2011,7,6,1607,16,8,2,7,7,2, , ,N,0,0,0,3,0,1,1,1,N,N,40 02:19.317,75 00:31.568,1609, ,1607, ,0, ,N, ,0, , , , , ,851962, , , ,1,0,0,0,0,0,1,0,0,0,0,0,1,1,0,0,0,0,0,0,0,0,0,0,0,0,0,0,0,0,0,0,0,0,0,8,0,40.0387,-75.0089, , 
 ,73672,2011073286,6,67,67301,2011,6,1,2245,22,3,1,0,1,1, , ,N,2,2,0,3,0,2,5,2,N,N,40 04:12.678,75 01:52.619,2255, ,2250, ,0, ,N, ,3, , , , , ,851965, , , ,2,2,0,0,0,0,0,0,0,0,0,2,2,0,0,0,0,0,0,0,1,0,0,0,0,0,0,0,0,0,0,0,0,0,0,4,0,40.0702,-75.0313, , 
 ,73673,2011083423,6,67,67301,2011,7,5,1120,11,1,1,0,4,1, , ,N,1,2,0,3,0,0,2,2,N,N,40 07:00.010,75 01:11.269,1130, ,1124,1,1,1,N, ,3,N, , , , ,851975, , , ,2,1,0,0,0,0,1,0,0,0,0,0,0,0,0,0,0,0,0,0,0,0,1,0,0,0,0,0,0,0,0,0,0,0,0,0,0,40.1167,-75.0198, , 
 ,73674,2011115459,6,67,67301,2011,10,4,1553,15,1,2,1,7,5, , ,N,0,0,0,3,0,0,1,1,N,N,40 04:57.102,75 02:58.927,1558, ,1553, ,0, ,N, ,0, , , , , ,852011, , , ,1,1,0,0,0,0,0,0,0,0,0,0,0,0,0,0,0,0,0,0,1,0,0,0,0,0,0,0,0,0,0,0,0,0,0,0,0,40.0825,-75.0497, , 
 ,73675,2011115593,6,67,67301,2011,10,4,521,5,3,2,1,1,2, , ,N,0,0,0,3,0,0,3,2,N,N,40 02:04.497,75 01:07.690,525, ,525,2,1,1,N, ,0,N, , , , ,852012, , , ,2,1,0,0,0,1,0,0,0,0,0,0,0,0,0,0,0,0,0,0,0,0,0,0,0,0,0,0,0,0,0,0,0,0,0,0,1,40.0345,-75.0189, , 
 ,73676,2011119996,6,67,67301,2011,11,5,1306,13,1,1,0,7,4, , ,N,0,0,0,3,0,0,1,1,N,N,39 55:14.700,75 11:24.230,1357, ,1337, ,0, ,N, ,0, , , , , ,852015, , , ,1,1,0,0,0,0,0,0,0,0,0,0,0,0,0,0,0,0,0,0,1,0,0,0,0,0,0,0,0,0,0,0,0,0,0,0,0,39.9208,-75.1901, , 
 ,73677,2012004839,6,67,67301,2011,12,5,2329,23,3,2,1,4,1, , ,N,1,2,0,3,0,3,3,2,N, ,39 55:38.874,75 13:54.199,2330, ,2330,9,2,7, , ,3,N, , , , ,852095, , , ,2,0,0,0,0,0,1,1,0,0,0,0,3,3,0,0,0,0,0,0,0,0,0,0,0,0,0,0,0,0,0,0,0,0,0,8,0,39.9275,-75.2317, , 
 ,73678,2012041618,6,67,67301,2011,6,4,2233,22,3,1,0,4,1, , ,N,1,2,0,3,0,1,2,2,N,N,39 59:23.449,75 10:25.402,2244, ,2240,9,2,1,N, ,3,N, , , , ,852097, , , ,1,0,0,0,0,0,1,0,1,0,1,0,1,0,0,0,0,0,0,0,0,0,0,0,0,0,0,0,0,0,0,0,0,0,0,3,0,39.9898,-75.1737, , 