wz_ln_closure,objectid_1,crn,district,county,municipality,crash_year,crash_month,day_of_week,time_of_day,hour_of_day,illumination,weather,road_condition,collision_type,relation_to_road,work_zone_type,work_zone_loc,work_zone_ind,intersect_type,tcd_type,location_type,urban_rural,fatal_count,injury_count,person_count,total_units,sch_bus_ind,sch_zone_ind,latitude,longitude,arrival_tm,cons_zone_spd_lim,dispatch_tm,est_hrs_closed,lane_closed,ln_close_dir,ntfy_hiwy_maint,spec_juris_cd,tcd_func_cd,tfc_detour_ind,workers_pres,wz_close_detour,wz_flagger,wz_law_offcr_ind,objectid,wz_moving,wz_other,wz_shlder_mdn,vehicle_count,automobile_count,motorcycle_count,bus_count,small_truck_count,heavy_truck_count,suv_count,van_count,bicycle_count,maj_inj_count,mod_inj_count,min_inj_count,tot_inj_count,unk_inj_deg_count,unk_inj_per_count,driver_count_16yr,driver_count_17yr,driver_count_18yr,driver_count_19yr,driver_count_20yr,driver_count_50_64yr,driver_count_65_74yr,driver_count_75plus,unbelted_occ_count,unb_death_count,unb_maj_inj_count,belted_death_count,belted_maj_inj_count,mcycle_death_count,mcycle_maj_inj_count,bicycle_death_count,bicycle_maj_inj_count,ped_count,ped_death_count,ped_maj_inj_count,max_severity_level,comm_veh_count,dec_lat,dec_long,rdwy_surf_type_cd,county_name
 ,73679,2011118470,6,67,67301,2011,10,1,350,3,3,1,0,4,1, , ,N,1,2,0,3,0,0,2,2,N,N,40 00:41.506,75 04:11.278,359, ,355,2,1,2,N, ,3,N, , , , ,852114, , , ,2,1,0,0,0,0,1,0,0,0,0,0,0,0,0,0,0,0,0,0,0,0,0,0,0,0,0,0,0,0,0,0,0,0,0,0,0,40.0115,-75.0698, , 
 ,73680,2011056963,6,67,67301,2011,5,3,625,6,5,1,0,7,5, , ,N,5,2,0,3,0,0,1,2, , ,39 58:59.961,75 10:53.620,635, ,630, ,0, , , ,3, , , , , ,852129, , , ,2,2,0,0,0,0,0,0,0,0,0,0,0,0,0,0,0,0,0,0,0,0,0,0,0,0,0,0,0,0,0,0,0,0,0,0,0,39.9833,-75.1816, , 
 ,73681,2011066224,6,67,67301,2011,5,3,1445,14,1,1,0,4,1, , ,N,1,3,0,3,0,0,3,2,N,N,40 02:28.456,75 00:59.587,1455, ,1448, ,0, ,N, ,3, , , , , ,852136, , , ,2,1,0,0,1,0,0,0,0,0,0,0,0,0,0,0,0,0,0,0,0,0,0,0,0,0,0,0,0,0,0,0,0,0,0,0,0,40.0412,-75.0166, , 
 ,73682,2011066773,6,67,67301,2011,5,7,2138,21,3,1,0,7,2, , ,N,0,0,0,3,0,1,1,1,N,N,39 53:29.277,75 13:34.783,2142, ,2139,2,1,4,N, ,0,N, , , , ,852138, , , ,1,0,1,0,0,0,0,0,0,1,0,0,1,0,0,0,0,0,0,0,0,0,0,0,0,0,0,0,0,1,0,0,0,0,0,2,0,39.8915,-75.2262, , 
 ,73683,2011067749,6,67,67301,2011,6,4,1625,16,1,1,0,1,1, , ,N,0,0,0,3,0,1,3,2,N,N,39 58:06.903,75 11:28.977,1636, ,1629, ,0, ,N, ,0, , , , , ,852139, , , ,2,2,0,0,0,0,0,0,0,0,0,0,1,1,0,0,0,0,0,0,0,0,0,0,0,0,0,0,0,0,0,0,0,0,0,8,0,39.9686,-75.1914, , 
 ,73684,2011105926,6,67,67301,2011,10,6,250,2,3,1,1,1,1, , ,N,0,0,0,3,0,1,2,2,N,N,40 00:12.966,75 11:40.327,1637, ,1637, ,0, ,N, ,0, , , , , ,852195, , , ,2,1,0,0,0,0,1,0,0,0,0,0,1,1,1,0,0,0,0,0,0,0,0,0,0,0,0,0,0,0,0,0,0,0,0,8,0,40.0036,-75.1945, , 
 ,73685,2011028986,6,67,67301,2011,2,7,720,7,1,2,1,5,1, , ,N,0,0,0,3,0,0,2,3, , ,40 00:45.802,75 04:46.178,730, ,724, ,0, , , ,0, , , , , ,849569, , , ,3,3,0,0,0,0,0,0,0,0,0,0,0,0,1,0,0,0,0,0,0,0,0,0,0,0,0,0,0,0,0,0,0,0,0,9,0,40.0127,-75.0795, , 
 ,73686,2011038414,6,67,67301,2011,3,7,1907,19,3,1,0,4,1, , ,N,2,2,0,3,0,2,3,2, , ,40 04:50.820,75 01:42.117,1915, ,1908,1,1,2, , ,3,N, , , , ,849576, , , ,2,2,0,0,0,0,0,0,0,0,0,0,2,2,0,0,0,0,0,1,0,0,0,0,0,0,0,0,0,0,0,0,0,0,0,8,0,40.0808,-75.0284, , 
 ,73687,2011053567,6,67,67301,2011,4,7,1150,11,1,1,0,4,1, , ,N,2,0,0,3,0,1,4,2,N,N,40 01:13.039,75 09:46.119,1152, ,1150, ,0, ,N, ,0, , , , , ,849587, , , ,2,1,1,0,0,0,0,0,0,1,0,0,1,0,0,0,0,0,0,0,1,0,0,0,0,0,0,0,0,1,0,0,0,0,0,2,0,40.0203,-75.1628, , 
 ,73688,2011054246,6,67,67301,2011,4,5,1013,10,1,1,0,1,1, , ,N,1,2,0,3,0,1,2,2,N,N,40 01:43.697,75 05:23.235,1020, ,1015, ,0, ,N, ,3, , , , , ,849588, , , ,2,2,0,0,0,0,0,0,0,0,0,1,1,0,1,0,0,0,0,0,0,1,0,0,0,0,0,0,0,0,0,0,0,0,0,4,0,40.0288,-75.0898, , 
 ,73689,2011113292,6,67,67301,2011,10,7,9999,99,3,2,1,4,1, , ,N,1,2,0,3,0,4,4,2,N,N,40 00:05.763,75 09:10.529,9999, ,45, ,0, ,N, ,3, , , , , ,849602, , , ,2,1,0,0,0,0,1,0,0,0,0,4,4,0,0,0,0,0,0,0,0,1,0,0,0,0,0,0,0,0,0,0,0,0,0,4,0,40.0016,-75.1528, , 
 ,73690,2012004837,6,67,67301,2011,12,1,1130,11,1,1,0,4,1, , ,N,1,2,0,3,0,2,3,2,N,N,40 01:34.860,75 01:39.976,1135, ,1133, ,0, ,N, ,3, , , , , ,849627, , , ,2,1,0,0,0,0,0,1,0,0,2,0,2,0,0,0,0,0,0,0,1,0,0,0,0,0,0,0,0,0,0,0,0,0,0,3,0,40.0264,-75.0278, , 
 ,73691,2012008139,6,67,67301,2011,12,1,223,2,6,1,0,1,1, , ,N,0,0,0,3,0,0,4,3,N,N,40 00:28.733,75 04:16.530,322, ,227,2,2,1,N, ,0,N, , , , ,849628, , , ,3,3,0,0,0,0,0,0,0,0,0,0,0,0,4,0,0,0,1,0,0,0,0,0,0,0,0,0,0,0,0,0,0,0,0,9,0,40.0079,-75.0715, , 
 ,73692,2011115505,6,67,67301,2011,10,7,9999,99,4,1,0,1,6, , ,N,0,0,0,3,0,1,2,2,N,N,40 01:37.894,75 09:04.305,1835, ,1827, ,0, ,N, ,0, , , , , ,849636, , , ,2,0,0,0,0,0,1,0,0,0,0,0,1,1,0,0,0,0,0,0,0,0,0,0,0,0,0,0,0,0,0,0,0,0,0,8,0,40.0272,-75.1512, , 
 ,73693,2011126316,6,67,67301,2011,11,2,1414,14,1,1,0,1,1, , ,N,1,2,0,3,0,1,2,2,Y,N,40 01:43.697,75 05:23.235,1434, ,1424,3,1,1,N, ,3,N, , , , ,849650, , , ,2,1,0,1,0,0,0,0,0,0,1,0,1,0,0,0,0,0,0,0,0,0,0,0,0,0,0,0,0,0,0,0,0,0,0,3,1,40.0288,-75.0898, , 
 ,73694,2011126352,6,67,67301,2011,11,3,1600,16,1,1,0,1,6, , ,N,0,0,0,3,0,1,1,3,N,N,40 00:00.761,75 08:32.746,1642, ,1638, ,0, ,N, ,0, , , , , ,849651, , , ,3,0,0,0,2,0,1,0,0,0,0,0,1,1,0,0,0,0,0,0,1,0,0,0,0,0,0,0,0,0,0,0,0,0,0,8,0,40.0003,-75.1424, , 
 ,73695,2011132912,6,67,67301,2011,11,1,1123,11,1,1,0,7,4, , ,N,0,0,0,3,0,1,1,1,N, ,40 00:55.490,75 07:06.308,1140, ,1124, ,0, , , ,0, , , , , ,849657, , , ,1,1,0,0,0,0,0,0,0,0,0,0,1,1,0,0,0,0,0,0,0,0,0,0,0,0,0,0,0,0,0,0,0,0,0,8,0,40.0154,-75.1184, , 
 ,73696,2012001932,6,67,67301,2011,12,4,1820,18,3,2,1,8,1, , ,N,2,2,0,3,0,1,2,2,N,N,40 00:07.998,75 13:12.809,1828, ,1825, ,0, ,N, ,3, , , , , ,849659, , , ,1,0,0,0,0,0,1,0,0,0,0,0,1,1,0,0,0,0,0,0,0,0,0,0,0,0,0,0,0,0,0,0,1,0,0,8,0,40.0023,-75.2201, , 
 ,73697,2011029142,6,67,67301,2011,2,6,208,2,3,1,0,4,1, , ,N,1,2,0,3,0,1,3,2, , ,40 01:20.289,75 09:43.290,208, ,208,9,1,2, , ,1,N, , , , ,849674, , , ,2,1,0,0,0,0,1,0,0,0,0,1,1,0,0,0,0,0,0,0,0,0,0,0,0,0,0,0,0,0,0,0,0,0,0,4,0,40.0223,-75.162, , 
 ,73698,2011031382,6,67,67301,2011,2,6,1500,15,1,1,0,1,1, , ,N,1,2,0,3,0,2,2,2,N,N,40 02:01.358,75 08:45.257,1548, ,1540, ,0, ,N, ,3, , , , , ,849676, , , ,2,1,0,0,0,0,0,1,0,0,0,2,2,0,0,0,0,0,0,1,0,0,0,0,0,0,0,0,0,0,0,0,0,0,0,4,0,40.0337,-75.1458, , 
 ,73699,2011031414,6,67,67301,2011,2,7,1509,15,1,1,0,4,1, , ,N,1,2,0,3,0,1,5,2,N,N,39 59:30.115,75 11:08.190,1523, ,1520, ,0, ,N, ,3, , , , , ,849677, , , ,2,2,0,0,0,0,0,0,0,0,0,1,1,0,0,0,0,0,0,0,0,0,0,0,0,0,0,0,0,0,0,0,0,0,0,4,0,39.9917,-75.1856, , 
 ,73700,2011037999,6,67,67301,2011,3,1,1855,18,4,1,0,8,1, , ,N,1,0,0,3,0,1,2,2,N,N,40 02:19.640,75 07:25.924,1905, ,1859, ,0, ,N, ,0, , , , , ,849682, , , ,1,1,0,0,0,0,0,0,0,0,0,0,1,1,0,0,0,0,0,0,0,0,0,0,0,0,0,0,0,0,0,0,1,0,0,8,0,40.0388,-75.1239, , 
 ,73701,2011106206,6,67,67301,2011,9,3,746,7,1,2,1,8,1, , ,N,1,2,0,3,0,1,5,2,N,Y,39 59:45.707,75 10:14.691,748, ,746, ,0, ,Y, ,2, , , , , ,849723, , , ,1,1,0,0,0,0,0,0,0,0,0,1,1,0,0,0,0,0,0,0,0,0,0,0,0,0,0,0,0,0,0,0,1,0,0,4,0,39.996,-75.1707, , 
U,73702,2011108936,6,67,67301,2011,9,2,805,8,1,1,0,1,1,1,4,Y,1,2,0,3,0,1,2,2,N,N,40 02:13.039,75 00:41.011,910,99,900, ,0, ,N, ,3, ,Y,U,U,N,849725,U,U,Y,2,0,0,0,1,0,1,0,0,0,0,1,1,0,1,0,0,0,0,0,0,0,0,0,0,0,0,0,0,0,0,0,0,0,0,4,0,40.037,-75.0114, , 
 ,73703,2011076902,6,67,67301,2011,7,4,552,5,1,1,0,7,4, , ,N,0,0,0,3,0,0,1,1,N,N,40 02:09.205,75 00:58.609,603, ,555, ,0, ,N, ,0, , , , , ,843277, , , ,1,0,0,0,0,0,1,0,0,0,0,0,0,0,0,0,0,0,0,0,0,0,0,0,0,0,0,0,0,0,0,0,0,0,0,0,0,40.0358,-75.0164, , 
 ,73704,2011083307,6,67,67301,2011,7,7,9999,99,3,1,0,8,1, , ,N,0,0,0,3,0,1,2,2,N,N,40 01:31.613,75 04:22.825,2345, ,9999, ,0, ,N, ,0, , , , , ,843282, , , ,1,1,0,0,0,0,0,0,0,0,0,1,1,0,0,0,0,0,0,0,0,0,0,1,0,0,0,0,0,0,0,0,1,0,0,4,0,40.0254,-75.073, , 
 ,73705,2011095401,6,67,67301,2011,8,7,135,1,3,1,0,1,1, , ,N,0,0,0,3,0,2,3,2,N,N,40 00:33.750,75 11:18.390,145, ,142,2,2,2,N, ,0,Y, , , , ,843291, , , ,2,1,0,0,0,0,1,0,0,0,0,2,2,0,0,0,0,0,0,0,0,0,0,0,0,0,0,0,0,0,0,0,0,0,0,4,0,40.0094,-75.1884, , 
 ,73706,2011101150,6,67,67301,2011,10,2,727,7,1,1,0,1,1, , ,N,0,0,0,3,0,0,2,2,N,N,39 59:25.278,75 05:13.252,802, ,749, ,0, ,N, ,0, , , , , ,843296, , , ,2,1,0,0,1,0,0,0,0,0,0,0,0,0,0,0,0,0,0,0,1,0,0,0,0,0,0,0,0,0,0,0,0,0,0,0,0,39.9905,-75.087, , 
 ,73707,2011112302,6,67,67301,2011,10,5,804,8,1,1,0,5,1, , ,N,1,2,0,3,0,1,5,3,N,N,40 07:00.010,75 01:11.269,807, ,804, ,0, ,N, ,3, , , , , ,843300, , , ,2,2,0,0,0,0,0,0,0,0,0,1,1,0,0,0,0,0,0,0,1,0,0,0,0,0,0,0,0,0,0,0,1,0,0,4,0,40.1167,-75.0198, , 
 ,73708,2011075590,6,67,67301,2011,6,2,1936,19,3,1,0,1,1, , ,N,0,0,0,3,0,2,3,2,N,N,39 54:37.396,75 08:17.375,1942, ,1940, ,0, , , ,0, , , , , ,843305, , , ,2,1,0,0,1,0,0,0,0,0,0,2,2,0,0,0,0,0,0,0,0,0,0,0,0,0,0,0,0,0,0,0,0,0,0,4,0,39.9104,-75.1382, , 
 ,73709,2011098082,6,67,67301,2011,8,4,100,1,3,1,0,7,5, , ,N,0,0,0,3,0,1,2,1,N,N,40 03:34.823,75 12:03.776,103, ,100, ,0, ,N, ,0, , , , , ,843322, , , ,1,1,0,0,0,0,0,0,0,0,0,1,1,0,0,0,0,0,0,0,0,0,0,2,0,0,0,0,0,0,0,0,0,0,0,4,0,40.0597,-75.201, , 
 ,73710,2011090463,6,67,67301,2011,8,3,1710,17,1,1,0,5,1, , ,N,0,2,0,3,0,1,4,2,N,N,40 00:46.695,75 07:09.537,1730, ,1721, ,0, ,N, ,3, , , , , ,843365, , , ,2,1,0,0,0,0,1,0,0,0,0,1,1,0,0,0,0,0,0,1,0,0,0,0,0,0,0,0,0,0,0,0,0,0,0,4,0,40.013,-75.1193, , 
 ,73711,2011092944,6,67,67301,2011,8,7,1615,16,1,1,0,4,1, , ,N,1,2,0,3,0,1,2,2,N, ,40 00:21.041,75 05:47.026,1630, ,9999, ,0, , , ,3, , , , , ,843367, , , ,2,0,1,0,1,0,0,0,0,0,0,1,1,0,0,0,0,0,0,0,0,1,0,0,0,0,0,0,0,0,0,0,0,0,0,4,0,40.0058,-75.0964, , 
 ,73712,2011093011,6,67,67301,2011,8,3,130,1,3,1,0,4,1, , ,N,1,2,0,3,0,3,7,3,N,N,40 01:26.988,75 07:59.257,140, ,136,2,1,2, , ,3,Y, , , , ,843368, , , ,3,2,0,0,0,0,1,0,0,0,0,3,3,0,0,0,0,0,0,1,0,0,0,0,0,0,0,0,0,0,0,0,0,0,0,4,0,40.0242,-75.133, , 
 ,73713,2011095503,6,67,67301,2011,8,4,1952,19,1,1,0,7,2, , ,N,0,0,0,3,0,0,5,2,N,N,40 05:24.986,74 58:34.099,2010, ,1955, ,0, ,N, ,0, , , , , ,843371, , , ,2,2,0,0,0,0,0,0,0,0,0,0,0,0,0,0,0,0,0,0,0,0,0,0,0,0,0,0,0,0,0,0,0,0,0,0,0,40.0903,-74.9761, , 
 ,73714,2011114229,6,67,67301,2011,10,3,1520,15,1,1,0,4,1, , ,N,0,0,7,3,0,1,2,4,N, ,40 00:29.614,75 08:33.911,1525, ,1520, ,0, , , ,0, , , , , ,843383, , , ,4,1,0,0,0,0,0,3,0,0,0,1,1,0,0,0,0,1,0,0,0,0,0,0,0,0,0,0,0,0,0,0,0,0,0,4,0,40.0082,-75.1428, , 
 ,73715,2011106662,6,67,67301,2011,9,1,100,1,3,1,0,4,1, , ,N,1,3,0,3,0,1,2,2,N, ,40 02:07.609,75 02:01.186,145, ,141, ,0, , , ,3, , , , , ,843404, , , ,2,2,0,0,0,0,0,0,0,0,0,1,1,0,0,0,0,0,1,0,0,0,0,0,0,0,0,0,0,0,0,0,0,0,0,4,0,40.0354,-75.0337, , 
 ,73716,2011108826,6,67,67301,2011,9,5,1010,10,1,1,0,8,1, , ,N,0,0,0,3,0,1,2,2,N, ,40 01:40.155,75 13:00.789,1014, ,1012, ,0, , , ,0, , , , , ,843406, , , ,1,1,0,0,0,0,0,0,0,0,0,1,1,0,1,0,0,0,0,0,0,0,0,1,0,0,0,0,0,0,0,0,1,0,0,4,0,40.0278,-75.2169, , 
 ,73717,2011112311,6,67,67301,2011,10,7,1257,12,1,1,0,4,1, , ,N,2,3,0,3,0,2,4,2,N,N,39 55:38.334,75 14:32.614,1304, ,1259, ,0, ,N, ,3, , , , , ,843410, , , ,2,1,0,0,0,0,0,1,0,0,0,0,2,2,0,0,0,0,0,0,0,0,0,4,0,0,0,0,0,0,0,0,0,0,0,8,0,39.9273,-75.2424, , 
 ,73718,2011118143,6,67,67301,2011,10,4,743,7,1,1,0,1,1, , ,N,0,0,0,3,0,2,5,4,N,N,40 06:40.413,74 59:31.117,750, ,745,1,1,1,N, ,0,N, , , , ,843419, , , ,4,2,0,0,1,0,0,1,0,0,1,0,2,1,0,0,0,0,0,0,1,1,0,0,0,0,0,0,0,0,0,0,0,0,0,3,0,40.1112,-74.992, , 
 ,73719,2011126399,6,67,67301,2011,11,6,1808,18,3,1,0,8,1, , ,N,2,2,0,3,0,1,2,2,N,Y,40 03:24.505,75 09:38.479,1811, ,1810,1,1,2,N, ,3,N, , , , ,843423, , , ,1,0,0,0,0,0,1,0,0,0,0,0,1,1,0,0,0,0,0,0,1,0,0,0,0,0,0,0,0,0,0,0,1,0,0,8,0,40.0568,-75.1607, , 
 ,73720,2011132923,6,67,67301,2011,11,6,1845,18,3,1,0,8,1, , ,N,5,0,0,3,0,1,2,2,N, ,40 00:34.803,75 09:16.041,2005, ,2000, ,0, , , ,0, , , , , ,843429, , , ,1,1,0,0,0,0,0,0,0,0,0,1,1,0,0,0,0,0,0,0,0,1,0,0,0,0,0,0,0,0,0,0,1,0,0,4,0,40.0097,-75.1545, , 
 ,73721,2011073230,6,67,67301,2011,6,6,1845,18,1,1,0,1,1, , ,N,0,0,0,3,0,1,5,4,N,N,39 55:28.573,75 10:17.087,1850, ,1848, ,0, ,N, ,0, , , , , ,846377, , , ,4,4,0,0,0,0,0,0,0,0,0,0,1,1,0,0,0,0,0,0,0,0,0,0,0,0,0,0,0,0,0,0,0,0,0,8,0,39.9246,-75.1714, , 
 ,73722,2011075686,6,67,67301,2011,7,6,1250,12,1,1,0,5,1, , ,N,0,0,0,3,0,1,2,2,N,N,40 00:32.553,75 03:58.094,1305, ,1258,1,1,2,N, ,0,Y, , , , ,846382, , , ,2,1,0,0,0,1,0,0,0,0,0,0,1,1,0,0,0,0,0,0,1,0,0,0,0,0,0,0,0,0,0,0,0,0,0,8,1,40.009,-75.0661, , 
 ,73723,2011127052,6,67,67301,2011,11,6,2011,20,3,1,0,4,1, , ,N,1,0,0,3,0,1,4,2,N,N,40 00:51.570,75 10:41.163,2015, ,2014, ,0, ,N, ,0, , , , , ,846392, , , ,2,2,0,0,0,0,0,0,0,0,0,1,1,0,0,0,0,0,0,0,0,0,0,0,0,0,0,0,0,0,0,0,0,0,0,4,0,40.0143,-75.1781, , 
 ,73724,2011132713,6,67,67301,2011,11,5,2030,20,3,2,1,7,1, , ,N,3,0,0,3,0,2,2,1,N,N,39 58:31.946,75 11:30.568,2041, ,2036, ,0, ,N, ,0, , , , , ,846398, , , ,1,1,0,0,0,0,0,0,0,0,0,2,2,0,0,0,0,0,0,0,0,0,0,0,0,0,0,0,0,0,0,0,0,0,0,4,0,39.9755,-75.1918, , 
 ,73725,2012002017,6,67,67301,2011,11,4,837,8,1,1,0,4,1, , ,N,2,0,0,3,0,2,5,2,N,N,39 58:38.510,75 15:05.475,841, ,838, ,0, , , ,0, , , , , ,846403, , , ,2,2,0,0,0,0,0,0,0,0,0,0,2,2,1,0,0,0,0,0,0,0,0,1,0,0,0,0,0,0,0,0,0,0,0,8,0,39.9774,-75.2515, , 
 ,73726,2012004423,6,67,67301,2011,8,6,230,2,3,1,0,7,4, , ,N,6,0,0,3,0,1,2,1,N,N,40 02:48.583,75 00:02.433,822, ,822, ,0, ,N, ,0, , , , , ,846404, , , ,1,1,0,0,0,0,0,0,0,0,1,0,1,0,1,0,0,0,0,0,0,0,0,1,0,0,0,0,0,0,0,0,0,0,0,3,0,40.0468,-75.0008, , 
 ,73727,2011068303,6,67,67301,2011,6,4,1312,13,1,1,0,7,2, , ,N,0,0,0,3,0,4,4,1,N,N,39 58:38.839,75 06:45.528,1422, ,1417,2,1,2,N, ,0,N, , , , ,846417, , , ,1,1,0,0,0,0,0,0,0,0,1,1,4,2,0,0,0,0,0,0,0,0,0,0,0,0,0,0,0,0,0,0,0,0,0,3,0,39.9775,-75.1126, , 
 ,73728,2011082641,6,67,67301,2011,7,6,1744,17,1,1,0,4,6, , ,N,2,0,0,3,0,1,2,2,N,N,39 59:15.745,75 13:37.037,1855, ,1850, ,0, ,N, ,0, , , , , ,846428, , , ,2,1,0,0,1,0,0,0,0,0,0,0,1,1,1,0,0,0,0,0,0,0,0,0,0,0,0,0,0,0,0,0,0,0,0,8,0,39.9877,-75.227, , 
 ,73729,2011132654,6,67,67301,2011,11,4,700,7,1,2,1,1,1, , ,N,1,2,0,3,0,0,2,2,N,N,39 56:22.379,75 11:53.331,730, ,721, ,0, ,N, ,3, , , , , ,846441, , , ,2,2,0,0,0,0,0,0,0,0,0,0,0,0,0,0,0,0,0,0,0,0,0,0,0,0,0,0,0,0,0,0,0,0,0,0,0,39.9395,-75.1981, , 
 ,73730,2011132928,6,67,67301,2011,11,2,9999,99,3,1,0,4,1, , ,N,0,0,7,3,0,1,4,2,N,N,40 02:42.272,75 08:35.908,1730, ,1726, ,0, , , ,0, , , , , ,846442, , , ,2,1,0,0,0,0,1,0,0,0,0,1,1,0,0,0,0,0,0,0,1,0,0,0,0,0,0,0,0,0,0,0,0,0,0,4,0,40.0451,-75.1433, , 
 ,73731,2011132943,6,67,67301,2011,10,6,817,8,1,1,0,8,1, , ,N,0,0,0,3,0,1,2,2,N, ,39 56:45.361,75 14:27.229,818, ,817, ,0, , , ,0, , , , , ,846443, , , ,1,1,0,0,0,0,0,0,0,0,0,0,1,1,0,0,0,0,0,0,0,0,0,0,0,0,0,0,0,0,0,0,1,0,0,8,0,39.9459,-75.2409, , 
 ,73732,2011112287,6,67,67301,2011,10,7,935,9,1,1,0,1,1, , ,N,1,2,0,3,0,3,4,3,N, ,39 58:00.026,75 09:37.778,947, ,935,9,2,3,N, ,3,N, , , , ,846455, , , ,3,3,0,0,0,0,0,0,0,0,1,1,3,1,1,0,0,0,0,0,0,1,0,0,0,0,0,0,0,0,0,0,0,0,0,3,0,39.9666,-75.1604, , 
 ,73733,2011125728,6,67,67301,2011,11,5,1124,11,1,1,0,7,4, , ,N,0,0,0,3,0,3,3,1,N,N,39 57:28.598,75 10:49.254,1132, ,1127,1,1,3,Y, ,0,N, , , , ,846466, , , ,1,1,0,0,0,0,0,0,0,0,0,3,3,0,0,0,0,0,0,0,0,0,0,3,0,0,0,0,0,0,0,0,0,0,0,4,0,39.9579,-75.1803, , 
 ,73734,2012003405,6,67,67301,2011,12,3,2245,22,2,2,1,4,1, , ,N,1,2,0,3,0,1,2,3,N,N,40 02:34.433,75 08:37.617,2257, ,2255, ,0, , , ,9, , , , , ,846479, , , ,3,3,0,0,0,0,0,0,0,0,0,1,1,0,1,0,0,0,0,0,1,0,0,0,0,0,0,0,0,0,0,0,0,0,0,4,0,40.0429,-75.1438, , 
 ,73735,2012004064,6,67,67301,2011,2,3,750,7,1,4,1,7,4, , ,N,0,0,0,3,0,0,1,1,N,N,39 59:11.611,75 05:29.230,815, ,756, ,0, ,N, ,0, , , , , ,846481, , , ,1,1,0,0,0,0,0,0,0,0,0,0,0,0,0,0,0,0,0,0,0,0,0,0,0,0,0,0,0,0,0,0,0,0,0,0,0,39.9865,-75.0916, , 
 ,73736,2011083416,6,67,67301,2011,7,3,1311,13,1,1,0,8,1, , ,N,0,0,0,3,0,1,2,2,N,N,39 57:23.212,75 14:27.135,1311, ,1311,1,2,6,N, ,0,Y, , , , ,846486, , , ,1,0,1,0,0,0,0,0,0,0,0,0,1,1,0,0,0,0,0,0,1,0,0,0,0,0,0,0,0,0,0,0,1,0,0,8,0,39.9564,-75.2409, , 
 ,73737,2011088049,6,67,67301,2011,7,1,9999,99,1,1,0,6,1, , ,N,0,2,0,3,0,0,3,2,N, ,39 55:21.583,75 13:09.267,9999, ,9999, ,0, , , ,3, , , , , ,846489, , , ,2,2,0,0,0,0,0,0,0,0,0,0,0,0,0,0,0,1,0,0,0,0,0,0,0,0,0,0,0,0,0,0,0,0,0,0,0,39.9227,-75.2192, , 
 ,73738,2011090566,6,67,67301,2011,7,5,2340,23,3,1,1,8,1, , ,N,1,2,0,3,0,1,3,2,N,N,39 59:12.447,75 10:50.908,2357, ,2353,3,2,6,N, ,3,Y, , , , ,846492, , , ,1,1,0,0,0,0,0,0,0,0,0,1,1,0,0,0,0,0,0,0,0,0,0,0,0,0,0,0,0,0,0,0,1,0,0,4,0,39.9868,-75.1808, , 
 ,73739,2011090436,6,67,67301,2011,7,3,1500,15,1,1,0,4,1, , ,N,1,2,0,3,0,1,2,2,N,N,39 58:12.850,75 09:35.188,1520, ,1515, ,0, ,N, ,3, , , , , ,852210, , , ,2,1,0,0,0,0,1,0,0,0,0,0,1,1,1,0,0,0,1,0,0,0,0,0,0,0,0,0,0,0,0,0,0,0,0,8,0,39.9702,-75.1596, , 
 ,73740,2011115498,6,67,67301,2011,10,4,114,1,3,1,0,4,1, , ,N,1,2,0,3,0,0,5,2,N,N,40 03:02.656,75 08:55.144,120, ,115, ,0, ,N, ,3, , , , , ,852220, , , ,2,2,0,0,0,0,0,0,0,0,0,0,0,0,0,0,0,0,0,0,0,0,0,0,0,0,0,0,0,0,0,0,0,0,0,0,0,40.0507,-75.1487, , 
 ,73741,2011132835,6,67,67301,2011,11,1,1755,17,3,1,0,4,1, , ,N,1,2,0,3,0,3,3,3,N,N,40 01:22.098,75 08:49.318,1805, ,1800, ,0, ,N, ,3, , , , , ,852234, , , ,3,2,0,0,0,0,1,0,0,0,0,0,3,3,0,0,0,0,0,0,0,0,0,1,0,0,0,0,0,0,0,0,0,0,0,8,0,40.0228,-75.147, , 
 ,73742,2011066046,6,67,67301,2011,6,6,1650,16,1,1,0,4,1, , ,N,0,8,7,3,0,0,3,2,N,N,39 55:53.656,75 10:05.009,1656, ,1654, ,0, ,N, ,3, , , , , ,852250, , , ,2,1,0,0,0,0,1,0,0,0,0,0,0,0,0,0,0,0,0,0,0,0,0,0,0,0,0,0,0,0,0,0,0,0,0,0,0,39.9317,-75.168, , 
 ,73743,2011087911,6,67,67301,2011,8,6,1230,12,1,1,0,8,1, , ,N,0,0,0,3,0,1,2,2,N,N,40 02:26.284,75 08:43.460,1641, ,1640, ,0, ,N, ,0, , , , , ,852264, , , ,1,0,0,0,0,0,1,0,0,0,1,0,1,0,0,0,0,0,0,0,0,0,0,1,0,0,0,0,0,0,0,0,1,0,0,3,0,40.0406,-75.1454, , 
 ,73744,2011114542,6,67,67301,2011,10,2,12,0,3,1,0,1,1, , ,N,0,0,8,3,0,0,4,2,N,N,39 53:57.627,75 10:41.341,26, ,18,1,1,2,N, ,0,N, , , , ,852290, , , ,2,1,0,0,0,0,1,0,0,0,0,0,0,0,0,0,0,0,0,0,1,0,0,0,0,0,0,0,0,0,0,0,0,0,0,0,0,39.8993,-75.1782, , 