wz_ln_closure,objectid_1,crn,district,county,municipality,crash_year,crash_month,day_of_week,time_of_day,hour_of_day,illumination,weather,road_condition,collision_type,relation_to_road,work_zone_type,work_zone_loc,work_zone_ind,intersect_type,tcd_type,location_type,urban_rural,fatal_count,injury_count,person_count,total_units,sch_bus_ind,sch_zone_ind,latitude,longitude,arrival_tm,cons_zone_spd_lim,dispatch_tm,est_hrs_closed,lane_closed,ln_close_dir,ntfy_hiwy_maint,spec_juris_cd,tcd_func_cd,tfc_detour_ind,workers_pres,wz_close_detour,wz_flagger,wz_law_offcr_ind,objectid,wz_moving,wz_other,wz_shlder_mdn,vehicle_count,automobile_count,motorcycle_count,bus_count,small_truck_count,heavy_truck_count,suv_count,van_count,bicycle_count,maj_inj_count,mod_inj_count,min_inj_count,tot_inj_count,unk_inj_deg_count,unk_inj_per_count,driver_count_16yr,driver_count_17yr,driver_count_18yr,driver_count_19yr,driver_count_20yr,driver_count_50_64yr,driver_count_65_74yr,driver_count_75plus,unbelted_occ_count,unb_death_count,unb_maj_inj_count,belted_death_count,belted_maj_inj_count,mcycle_death_count,mcycle_maj_inj_count,bicycle_death_count,bicycle_maj_inj_count,ped_count,ped_death_count,ped_maj_inj_count,max_severity_level,comm_veh_count,dec_lat,dec_long,rdwy_surf_type_cd,county_name
 ,73745,2011088345,6,67,67301,2011,8,4,645,6,1,1,0,7,3, , ,N,0,0,0,3,0,2,2,1,N,N,39 55:42.410,75 11:47.515,712, ,712,2,2,3,N, ,0,N, , , , ,852308, , , ,1,0,0,0,0,0,1,0,0,0,0,2,2,0,0,0,0,0,0,0,0,0,0,0,0,0,0,0,0,0,0,0,0,0,0,4,0,39.9284,-75.1965, , 
 ,73746,2011092921,6,67,67301,2011,8,5,1320,13,1,2,1,4,1, , ,N,1,3,0,3,0,1,4,2,N, ,40 02:10.194,75 01:53.032,2047, ,9999, ,0, , , ,3, , , , , ,852315, , , ,2,2,0,0,0,0,0,0,0,0,0,0,1,1,0,0,0,0,0,0,0,0,0,0,0,0,0,0,0,0,0,0,0,0,0,8,0,40.0362,-75.0314, , 
 ,73747,2011118082,6,67,67301,2011,10,2,1500,15,1,1,0,8,9, , ,N,1,2,0,3,0,1,2,2,N,N,39 56:09.409,75 09:24.814,1540, ,1534, ,0, , , ,3, , , , , ,852328, , , ,1,0,0,0,0,0,1,0,0,0,0,1,1,0,0,0,0,0,0,0,0,0,0,1,0,0,0,0,0,0,0,0,1,0,0,4,0,39.9359,-75.1569, , 
 ,73748,2011108764,6,67,67301,2011,9,4,9999,99,3,1,0,4,1, , ,N,7,7,2,3,0,2,2,2,N,N,40 02:54.322,75 00:10.068,524, ,521,1,2,5,N, ,4,Y, , , , ,852336, , , ,2,0,0,0,1,0,0,1,0,0,0,0,2,2,0,0,0,0,0,0,0,0,0,0,0,0,0,0,0,0,0,0,0,0,0,8,0,40.0484,-75.0028, , 
 ,73749,2011118208,6,67,67301,2011,10,4,1945,19,3,1,0,8,1, , ,N,0,2,0,3,0,1,2,2,N,N,39 54:54.149,75 09:25.626,1957, ,1951, ,0, ,N, ,3, , , , , ,852345, , , ,1,0,0,1,0,0,0,0,0,0,0,1,1,0,0,0,0,0,0,0,0,0,0,0,0,0,0,0,0,0,0,0,1,0,0,4,1,39.9151,-75.1572, , 
 ,73750,2011131048,6,67,67301,2011,11,3,1716,17,3,1,0,8,1, , ,N,1,2,0,3,0,1,2,2,N,N,40 02:30.166,75 03:40.132,1720, ,1718,2,2,4, , ,3,Y, , , , ,852351, , , ,1,1,0,0,0,0,0,0,0,0,0,0,1,1,0,0,0,0,0,0,1,0,0,0,0,0,0,0,0,0,0,0,1,0,0,8,0,40.0417,-75.0611, , 
 ,73751,2013029667,6,67,67301,2011,11,3,2106,21,3,1,0,5,4, , ,N,0,0,0,3,0,3,4,3,N,N,40 00:41.850,75 05:23.694,2108, ,2107, ,0, ,N, ,0, , , , , ,852357, , , ,2,2,0,0,0,0,0,0,1,0,1,2,3,0,0,0,0,0,0,0,1,0,0,0,0,0,0,0,0,0,0,0,0,0,0,3,0,40.0116,-75.0899, , 
 ,73752,2011107707,6,67,67301,2011,10,5,1521,15,1,1,0,1,1, , ,N,6,0,2,3,0,0,2,2,N,N,39 56:41.825,75 11:28.016,1526, ,1525,1,1,3,N, ,0,N, , , , ,852359, , , ,2,0,0,0,1,0,0,1,0,0,0,0,0,0,0,0,0,0,0,0,1,0,0,0,0,0,0,0,0,0,0,0,0,0,0,0,0,39.945,-75.1911, , 
 ,73753,2011053575,6,67,67301,2011,4,4,2208,22,3,1,0,4,1, , ,N,1,2,0,3,0,2,3,2,N, ,40 05:09.739,75 12:42.976,2218, ,2211, ,0, , , ,3, , , , , ,852368, , , ,2,2,0,0,0,0,0,0,0,0,0,0,2,2,0,0,1,0,0,0,1,0,0,0,0,0,0,0,0,0,0,0,0,0,0,8,0,40.0861,-75.2119, , 
 ,73754,2011053589,6,67,67301,2011,4,7,2300,23,3,2,1,4,1, , ,N,1,3,0,3,0,0,3,2,N,N,39 57:48.790,75 13:40.864,2330, ,2330, ,0, ,N, ,9, , , , , ,852369, , , ,2,1,0,0,0,0,0,0,0,0,0,0,0,0,1,0,0,0,0,0,0,0,0,0,0,0,0,0,0,0,0,0,0,0,0,9,0,39.9636,-75.228, , 
 ,73755,2011054279,6,67,67301,2011,4,4,918,9,1,2,1,2,1, , ,N,1,0,0,3,0,1,2,2,N,N,40 04:54.543,75 01:49.683,919, ,919, ,0, ,N, ,0, , , , , ,852371, , , ,2,2,0,0,0,0,0,0,0,0,0,1,1,0,0,0,0,0,0,0,0,1,1,0,0,0,0,0,0,0,0,0,0,0,0,4,0,40.0818,-75.0305, , 
 ,73756,2011127069,6,67,67301,2011,11,1,2230,22,3,1,0,7,5, , ,N,2,3,0,3,0,1,1,1,N, ,39 59:35.488,75 04:53.544,2240, ,2235,1,1,5, , ,3,N, , , , ,852394, , , ,1,1,0,0,0,0,0,0,0,0,0,1,1,0,0,0,0,0,0,1,0,0,0,1,0,0,0,0,0,0,0,0,0,0,0,4,0,39.9932,-75.0815, , 
 ,73757,2011115475,6,67,67301,2011,10,4,1600,16,1,2,1,8,1, , ,N,1,2,0,3,0,1,2,2,N,N,39 57:10.041,75 10:00.776,1632, ,1624, ,0, ,N, ,3, , , , , ,849745, , , ,1,1,0,0,0,0,0,0,0,0,0,1,1,0,0,0,0,0,0,0,0,0,0,0,0,0,0,0,0,0,0,0,1,0,0,4,0,39.9528,-75.1669, , 
 ,73758,2011115497,6,67,67301,2011,10,3,845,8,1,1,0,5,1, , ,N,0,0,0,3,0,1,1,2,N,N,39 54:49.681,75 10:47.882,847, ,846,1,2,5,N, ,0,Y, , , , ,849774, , , ,2,1,0,0,0,0,1,0,0,0,1,0,1,0,0,0,0,0,0,0,0,0,0,1,0,0,0,0,0,0,0,0,0,0,0,3,0,39.9138,-75.18, , 
 ,73759,2011117289,6,67,67301,2011,10,1,1055,10,1,1,0,4,1, , ,N,1,3,0,3,0,5,19,2,N, ,39 59:30.888,75 08:21.316,1055, ,1055,9,1,4, , ,3,N, , , , ,849810, , , ,2,1,0,1,0,0,0,0,0,0,0,0,5,5,13,0,0,0,0,0,0,0,0,3,0,0,0,0,0,0,0,0,0,0,0,8,1,39.9919,-75.1393, , 
 ,73760,2011127054,6,67,67301,2011,11,1,326,3,3,1,0,4,1, , ,N,1,2,0,3,0,5,5,3,N, ,40 01:07.456,75 06:54.889,340, ,326,2,2,5, , ,3,Y, , , , ,849817, , , ,3,1,0,0,0,0,1,1,0,0,0,5,5,0,0,0,0,0,0,0,1,0,0,3,0,0,0,0,0,0,0,0,0,0,0,4,0,40.0187,-75.1152, , 
 ,73761,2011132666,6,67,67301,2011,11,7,2045,20,3,1,0,4,1, , ,N,1,2,0,3,0,1,3,2,N, ,39 59:50.885,75 07:16.672,2050, ,2050, ,0, , , ,3, , , , , ,849823, , , ,1,1,0,0,0,0,0,0,1,0,0,0,1,1,0,0,0,0,0,0,0,0,0,1,0,0,0,0,0,0,0,0,0,0,0,8,0,39.9975,-75.1213, , 
 ,73762,2012023060,6,67,67301,2011,9,6,1700,17,1,2,1,6,1, , ,N,0,0,0,3,0,0,2,2,N,N,40 05:33.004,75 03:57.627,0, ,0, ,0, ,N, ,0, , , , , ,849830, , , ,2,1,0,0,0,0,1,0,0,0,0,0,0,0,0,0,0,0,0,0,1,0,0,0,0,0,0,0,0,0,0,0,0,0,0,0,0,40.0925,-75.066, , 
 ,73763,2011134733,6,67,67301,2011,11,3,1500,15,1,2,1,4,1, , ,N,0,0,7,3,0,1,2,2,N, ,40 01:48.717,75 06:12.282,1830, ,1826, ,0, , , ,0, , , , , ,849844, , , ,2,2,0,0,0,0,0,0,0,0,0,1,1,0,0,0,0,0,0,0,0,0,0,0,0,0,0,0,0,0,0,0,0,0,0,4,0,40.0302,-75.1034, , 
 ,73764,2012002054,6,67,67301,2011,12,4,134,1,3,2,1,4,1, , ,N,0,0,0,3,0,0,2,3,N,N,39 58:47.430,75 06:26.560,139, ,137, ,0, ,N, ,0, , , , , ,849846, , , ,3,3,0,0,0,0,0,0,0,0,0,0,0,0,2,0,0,0,0,0,0,0,0,0,0,0,0,0,0,0,0,0,0,0,0,9,0,39.9797,-75.1076, , 
 ,73765,2012012603,6,67,67301,2011,12,7,1919,19,3,1,0,8,1, , ,N,2,2,0,3,0,1,2,2,N, ,40 04:18.787,74 58:51.881,1928, ,1921, ,0, , , ,2, , , , , ,849847, , , ,1,0,0,0,0,0,1,0,0,0,0,0,1,1,0,0,0,0,0,0,0,0,0,0,0,0,0,0,0,0,0,0,1,0,0,8,0,40.0719,-74.9811, , 
 ,73766,2011122105,6,67,67301,2011,11,4,153,1,3,2,1,7,3, , ,N,0,0,0,3,0,0,3,1,N,N,39 59:01.466,75 12:29.795,158, ,156, ,0, ,N, ,0, , , , , ,849894, , , ,1,1,0,0,0,0,0,0,0,0,0,0,0,0,0,0,0,0,0,0,0,0,0,0,0,0,0,0,0,0,0,0,0,0,0,0,0,39.9837,-75.2083, , 
 ,73767,2011122864,6,67,67301,2011,10,1,2030,20,3,1,0,8,1, , ,N,1,2,0,3,0,1,2,2,N, ,40 04:07.262,75 09:24.365,1248, ,1242, ,0, , , ,3, , , , , ,849895, , , ,1,0,0,0,0,0,1,0,0,0,0,1,1,0,1,0,0,0,0,0,0,0,0,1,0,0,0,0,0,0,0,0,1,0,0,4,0,40.0687,-75.1568, , 
 ,73768,2012002097,6,67,67301,2011,12,7,1600,16,1,1,0,8,1, , ,N,1,0,0,3,0,1,5,3,N,N,39 56:15.867,75 13:32.487,1615, ,1611, ,0, ,N, ,0, , , , , ,849913, , , ,2,2,0,0,0,0,0,0,0,0,1,0,1,0,0,0,0,0,0,0,0,0,0,0,0,0,0,0,0,0,0,0,1,0,0,3,0,39.9366,-75.2244, , 
 ,73769,2012004813,6,67,67301,2011,12,6,2135,21,3,1,0,8,1, , ,N,0,0,0,3,0,1,2,2,N,Y,40 01:52.660,75 12:48.740,2142, ,2139, ,0, ,N, ,0, , , , , ,849914, , , ,1,1,0,0,0,0,0,0,0,0,1,0,1,0,0,0,0,0,0,0,0,1,0,0,0,0,0,0,0,0,0,0,1,0,0,3,0,40.0313,-75.2135, , 
 ,73770,2011113670,6,67,67301,2011,11,5,549,5,3,1,0,9,1, , ,N,0,0,0,3,0,1,1,1,N,N,39 58:54.776,75 12:26.890,622, ,601, ,0, ,N, ,0, , , , , ,849942, , , ,1,1,0,0,0,0,0,0,0,0,0,0,1,1,0,0,0,0,0,0,0,0,0,0,0,0,0,0,0,0,0,0,0,0,0,8,0,39.9819,-75.2075, , 
 ,73771,2011129151,6,67,67301,2011,12,5,1338,13,1,1,0,1,1, , ,N,0,0,0,3,0,0,6,4,N,N,40 01:22.633,75 02:07.702,1339, ,1339, ,0, ,N, ,0, , , , , ,849955, , , ,4,4,0,0,0,0,0,0,0,0,0,0,0,0,0,0,0,0,0,0,0,0,0,1,0,0,0,0,0,0,0,0,0,0,0,0,0,40.0229,-75.0356, , 
 ,73772,2011130427,6,67,67301,2011,12,7,432,4,3,1,0,1,1, , ,N,0,0,0,3,0,2,2,2,N,N,40 01:25.632,75 01:58.268,444, ,434, ,0, ,N, ,0, , , , , ,849957, , , ,2,2,0,0,0,0,0,0,0,0,0,2,2,0,0,0,0,0,1,0,0,0,0,0,0,0,0,0,0,0,0,0,0,0,0,4,0,40.0238,-75.0327, , 
 ,73773,2012004832,6,67,67301,2011,12,3,1940,19,3,2,1,7,5, , ,N,0,0,0,3,0,1,1,1,N,N,40 06:09.580,75 03:01.734,1950, ,1942,3,1,3,N, ,0,Y, , , , ,849963, , , ,1,0,0,0,1,0,0,0,0,0,0,0,1,1,0,0,0,0,0,0,0,1,0,0,0,0,0,0,0,0,0,0,0,0,0,8,0,40.1027,-75.0505, , 
 ,73774,2011098145,6,67,67301,2011,9,1,1640,16,1,1,0,4,1, , ,N,1,3,0,3,0,4,4,2,N,N,40 03:58.690,75 10:49.864,1647, ,1643, ,0, ,N, ,3, , , , , ,849968, , , ,2,2,0,0,0,0,0,0,0,0,1,2,4,1,0,0,0,0,0,0,1,0,0,0,0,0,0,0,0,0,0,0,0,0,0,3,0,40.0663,-75.1805, , 
 ,73775,2012002387,6,67,67301,2011,12,5,1549,15,1,1,0,7,2, , ,N,0,0,2,3,0,1,2,2,N,N,39 59:00.058,75 05:54.931,1609, ,1551, ,0, ,N, ,0, , , , , ,843433, , , ,2,2,0,0,0,0,0,0,0,0,0,0,1,1,0,0,0,0,0,0,0,1,1,0,0,0,0,0,0,0,0,0,0,0,0,8,0,39.9833,-75.0986, , 
 ,73776,2012012594,6,67,67301,2011,12,7,1946,19,3,1,0,4,1, , ,N,1,0,0,3,0,1,2,2,N,N,40 01:48.733,75 07:06.450,1950, ,1940, ,0, ,N, ,0, , , , , ,843435, , , ,2,1,0,0,0,0,1,0,0,0,0,0,1,1,1,0,0,0,0,0,1,0,0,0,0,0,0,0,0,0,0,0,0,0,0,8,0,40.0302,-75.1185, , 
 ,73777,2012015470,6,67,67301,2011,12,2,1455,14,1,1,0,8,1, , ,N,0,0,0,3,0,1,2,2,N, ,39 57:31.177,75 12:50.209,1529, ,1519, ,0, , , ,0, , , , , ,843436, , , ,1,0,0,0,1,0,0,0,0,0,0,0,1,1,0,0,0,0,0,0,0,0,0,0,0,0,0,0,0,0,0,0,1,0,0,8,0,39.9587,-75.2139, , 
 ,73778,2011066793,6,67,67301,2011,6,4,615,6,1,1,0,1,1, , ,N,2,2,0,3,0,1,3,2,N,N,39 58:22.572,75 07:10.506,635, ,630, ,0, ,N, ,3, , , , , ,843466, , , ,2,1,0,0,1,0,0,0,0,0,0,1,1,0,0,0,0,0,0,0,1,0,0,0,0,0,0,0,0,0,0,0,0,0,0,4,0,39.9736,-75.1189, , 
 ,73779,2011082685,6,67,67301,2011,6,1,447,4,5,1,0,7,5, , ,N,1,2,0,3,0,1,1,1,N,N,40 01:26.923,75 07:59.564,506, ,450, ,0, ,N, ,3, , , , , ,843476, , , ,1,1,0,0,0,0,0,0,0,0,1,0,1,0,0,0,0,0,0,0,0,0,0,0,0,0,0,0,0,0,0,0,0,0,0,3,0,40.0242,-75.133, , 
 ,73780,2012004864,6,67,67301,2011,12,6,812,8,1,1,0,1,1, , ,N,0,2,7,3,0,0,2,2,N,N,40 06:16.480,75 00:08.268,815, ,813, ,0, ,N, ,3, , , , , ,843511, , , ,2,1,0,0,0,0,1,0,0,0,0,0,0,0,2,0,0,0,0,1,0,0,0,0,0,0,0,0,0,0,0,0,0,0,0,9,0,40.1044,-75.0021, , 
 ,73781,2012004928,6,67,67301,2011,12,3,2210,22,6,8,1,2,1, , ,N,0,0,0,3,0,2,2,2,N,N,39 59:36.318,75 11:34.408,2220, ,2210,3,2,5,N, ,0,N, , , , ,843512, , , ,2,2,0,0,0,0,0,0,0,0,1,1,2,0,0,0,1,0,0,0,0,0,0,0,0,0,0,0,0,0,0,0,0,0,0,3,0,39.9934,-75.1929, , 
 ,73782,2011085498,6,67,67301,2011,7,3,1128,11,1,1,0,0,1, , ,N,0,0,0,3,0,1,1,1,N, ,39 56:07.933,75 10:14.188,1141, ,1136, ,0, , , ,0, , , , , ,843529, , , ,1,0,1,0,0,0,0,0,0,0,1,0,1,0,0,0,0,0,0,0,0,0,0,0,0,0,0,0,0,0,0,0,0,0,0,3,0,39.9355,-75.1706, , 
 ,73783,2011090526,6,67,67301,2011,8,4,735,7,1,1,0,4,1, , ,N,2,0,0,3,0,1,2,2,N, ,39 58:11.956,75 10:04.673,750, ,735, ,0, , , ,0, , , , , ,843536, , , ,2,2,0,0,0,0,0,0,0,0,0,0,1,1,1,0,0,0,0,0,1,0,0,0,0,0,0,0,0,0,0,0,0,0,0,8,0,39.97,-75.168, , 
 ,73784,2011094678,6,67,67301,2011,9,7,1939,19,3,1,0,1,1, , ,N,0,0,0,3,0,0,3,2,N,N,39 59:49.373,75 11:47.683,1948, ,1943, ,0, ,N, ,0, , , , , ,843538, , , ,2,2,0,0,0,0,0,0,0,0,0,0,0,0,0,0,0,0,0,1,0,0,0,0,0,0,0,0,0,0,0,0,0,0,0,0,0,39.997,-75.1966, , 
 ,73785,2011095474,6,67,67301,2011,8,7,140,1,3,1,0,2,1, , ,N,1,0,0,3,0,0,3,2,N,N,39 56:00.848,75 08:41.132,145, ,142, ,0, , , ,0, , , , , ,843540, , , ,2,2,0,0,0,0,0,0,0,0,0,0,0,0,1,0,0,0,0,0,0,0,0,0,0,0,0,0,0,0,0,0,0,0,0,9,0,39.9336,-75.1448, , 
 ,73786,2012002121,6,67,67301,2011,12,3,1730,17,3,2,1,4,9, , ,N,1,2,0,3,0,1,2,2,Y,N,40 02:01.215,75 08:44.879,1902, ,1900, ,0, , , ,3, , , , , ,843555, , , ,2,1,0,1,0,0,0,0,0,0,0,1,1,0,1,0,0,0,0,0,0,0,0,1,0,0,0,0,0,0,0,0,0,0,0,4,1,40.0337,-75.1458, , 
 ,73787,2011066207,6,67,67301,2011,6,6,1138,11,1,1,0,7,5, , ,N,0,0,0,3,0,1,5,1,N,Y,40 03:18.367,75 04:22.698,1144, ,1141, ,0, ,N, ,0, , , , , ,843570, , , ,1,1,0,0,0,0,0,0,0,0,0,0,1,1,0,0,0,0,0,0,0,1,0,1,0,0,0,0,0,0,0,0,0,0,0,8,0,40.0551,-75.073, , 
 ,73788,2011072778,6,67,67301,2011,7,1,947,9,1,1,0,5,1, , ,N,0,0,0,3,0,0,2,2,N,N,40 03:00.906,74 59:32.698,949, ,949, ,0, ,N, ,0, , , , , ,843573, , , ,2,1,0,0,0,0,0,1,0,0,0,0,0,0,1,0,0,0,0,0,0,0,1,0,0,0,0,0,0,0,0,0,0,0,0,9,0,40.0503,-74.9924, , 
 ,73789,2011106149,6,67,67301,2011,9,5,1543,15,1,1,0,8,1, , ,N,2,3,0,3,0,1,2,2,N,N,39 57:16.045,75 12:53.647,1550, ,1545, ,0, ,N, ,3, , , , , ,843595, , , ,1,0,0,0,0,0,0,1,1,0,0,0,1,1,0,0,0,0,0,0,1,0,0,0,0,0,0,0,0,0,0,0,0,0,0,8,0,39.9545,-75.2149, , 
 ,73790,2012004823,6,67,67301,2011,12,1,2110,21,3,1,0,4,1, , ,N,1,2,0,3,0,1,3,2,N,N,40 01:37.983,75 10:15.634,2113, ,2111,1,1,5,N, ,3,N, , , , ,843634, , , ,2,2,0,0,0,0,0,0,0,0,0,0,1,1,0,0,0,0,0,0,2,0,0,0,0,0,0,0,0,0,0,0,0,0,0,8,0,40.0272,-75.171, , 
 ,73791,2011118473,6,67,67301,2011,10,1,2310,23,3,1,0,4,1, , ,N,2,0,0,3,0,0,3,2,N,N,39 58:04.940,75 11:43.123,2336, ,2315, ,0, ,N, ,0, , , , , ,843659, , , ,2,2,0,0,0,0,0,0,0,0,0,0,0,0,1,0,0,0,0,0,0,0,0,0,0,0,0,0,0,0,0,0,0,0,0,9,0,39.968,-75.1953, , 
 ,73792,2011132830,6,67,67301,2011,11,4,2056,20,3,2,1,4,1, , ,N,1,2,0,3,0,1,2,2,N,N,39 57:01.634,75 11:33.356,2058, ,2058, ,0, ,N, ,3, , , , , ,843671, , , ,1,0,0,0,0,0,1,0,1,0,0,1,1,0,0,0,0,0,0,0,0,0,0,0,0,0,0,0,0,0,0,0,0,0,0,4,0,39.9505,-75.1926, , 
 ,73793,2011115520,6,67,67301,2011,10,1,1013,10,1,1,0,4,1, , ,N,1,2,2,3,0,0,5,3,N, ,40 05:58.224,74 59:10.989,1018, ,1010,3,1,2, , ,3,N, , , , ,846524, , , ,3,2,0,0,0,0,1,0,0,0,0,0,0,0,0,0,0,0,0,0,2,0,0,0,0,0,0,0,0,0,0,0,0,0,0,0,0,40.0995,-74.9864, , 
 ,73794,2012004911,6,67,67301,2011,12,6,1350,13,1,1,0,4,1, , ,N,1,2,0,3,0,1,2,2,N,N,40 02:12.854,75 04:47.301,1350, ,1350, ,0, ,N, ,3, , , , , ,846534, , , ,2,1,0,0,0,0,1,0,0,0,0,0,1,1,0,0,0,0,0,0,1,0,1,0,0,0,0,0,0,0,0,0,0,0,0,8,0,40.0369,-75.0798, , 
 ,73795,2012020943,6,67,67301,2011,1,7,945,9,1,4,3,4,1, , ,N,1,2,0,3,0,1,2,2,N,N,39 59:18.574,75 08:55.215,0, ,0, ,0, ,N, ,3, , , , , ,846540, , , ,2,2,0,0,0,0,0,0,0,0,0,0,1,1,1,0,0,0,0,0,0,0,0,0,0,0,0,0,0,0,0,0,0,0,0,8,0,39.9885,-75.1487, , 
 ,73796,2011134743,6,67,67301,2011,12,1,1835,18,3,1,0,4,1, , ,N,0,0,0,3,0,1,1,2,N,N,40 01:28.365,75 04:51.709,1847, ,1841, ,0, ,N, ,0, , , , , ,846558, , , ,2,1,0,0,0,0,1,0,0,0,0,0,1,1,0,0,0,0,0,0,0,0,0,0,0,0,0,0,0,0,0,0,0,0,0,8,0,40.0245,-75.081, , 
 ,73797,2012017775,6,67,67301,2011,4,3,2030,20,6,1,0,0,1, , ,N,0,0,0,3,0,3,4,2,N,N,39 55:18.763,75 08:31.715,0, ,0, ,0, ,N, ,0, , , , , ,846564, , , ,2,1,0,0,1,0,0,0,0,0,3,0,3,0,0,0,0,0,0,0,0,0,0,0,0,0,0,0,0,0,0,0,0,0,0,3,0,39.9219,-75.1421, , 
 ,73798,2011112424,6,67,67301,2011,10,1,642,6,1,1,0,7,4, , ,N,0,0,0,3,0,1,1,1,N,N,39 58:14.480,75 07:28.794,648, ,643,1,2,1,N, ,0,N, , , , ,846568, , , ,1,0,0,0,0,0,1,0,0,0,0,1,1,0,0,0,0,0,0,0,0,0,0,0,0,0,0,0,0,0,0,0,0,0,0,4,0,39.9706,-75.1248, , 
 ,73799,2011048771,6,67,67301,2011,5,7,1911,19,1,1,0,1,1, , ,N,0,0,0,3,0,0,5,3,N,N,39 58:56.510,75 12:28.031,1911, ,1911,1,2,3,N, ,0,Y, , , , ,846584, , , ,3,3,0,0,0,0,0,0,0,0,0,0,0,0,0,0,0,0,0,0,0,0,0,0,0,0,0,0,0,0,0,0,0,0,0,0,0,39.9824,-75.2078, , 
 ,73800,2011054172,6,67,67301,2011,4,6,1638,16,1,2,1,1,1, , ,N,0,0,0,3,0,1,3,2,N, ,39 58:08.263,75 15:50.475,9999, ,1711, ,0, , , ,0, , , , , ,846587, , , ,2,1,0,0,1,0,0,0,0,1,0,0,1,0,0,0,0,0,0,0,1,0,0,0,0,0,0,0,0,0,0,0,0,0,0,2,0,39.969,-75.264, , 
 ,73801,2011054356,6,67,67301,2011,4,6,2200,22,3,1,0,8,1, , ,N,1,2,0,3,0,1,2,2,N,N,40 05:45.431,74 58:36.412,35, ,25, ,0, ,N, ,3, , , , , ,846588, , , ,1,0,0,0,0,0,1,0,0,0,0,1,1,0,1,0,0,0,0,0,0,0,0,0,0,0,0,0,0,0,0,0,1,0,0,4,0,40.096,-74.9768, , 
 ,73802,2011082640,6,67,67301,2011,7,6,1500,15,1,1,0,4,1, , ,N,1,3,0,3,0,0,2,2,N,N,39 57:58.759,75 14:16.205,1500, ,1759, ,0, , , ,3, , , , , ,846615, , , ,2,1,0,0,0,0,1,0,0,0,0,0,0,0,0,0,0,0,0,0,0,0,0,0,0,0,0,0,0,0,0,0,0,0,0,0,0,39.9663,-75.2378, , 
 ,73803,2011126320,6,67,67301,2011,11,3,1630,16,1,1,0,8,1, , ,N,2,2,0,3,0,1,2,2,N,N,39 56:44.595,75 09:17.139,1636, ,1632, ,0, , , ,3, , , , , ,846627, , , ,1,0,0,0,1,0,0,0,0,0,0,0,1,1,0,0,0,0,0,0,0,0,0,1,0,0,0,0,0,0,0,0,1,0,0,8,0,39.9457,-75.1548, , 
 ,73804,2012010021,6,67,67301,2011,12,3,150,1,3,1,0,1,1, , ,N,0,0,0,3,0,0,1,5,N, ,39 57:41.295,75 13:57.831,150, ,9999,9,2,5, , ,0,Y, , , , ,846663, , , ,5,5,0,0,0,0,0,0,0,0,0,0,0,0,0,0,0,0,0,0,0,0,0,1,0,0,0,0,0,0,0,0,0,0,0,0,0,39.9615,-75.2327, , 
 ,73805,2011127051,6,67,67301,2011,11,1,1155,11,1,1,0,4,1, , ,N,1,3,0,3,0,1,2,2,N, ,39 55:24.272,75 09:09.287,1206, ,1202, ,0, ,N, ,3, , , , , ,846671, , , ,1,1,0,0,0,0,0,0,1,0,0,1,1,0,0,0,0,0,0,0,1,0,0,0,0,0,0,0,0,0,0,0,0,0,0,4,0,39.9234,-75.1526, , 
 ,73806,2011118163,6,67,67301,2011,10,2,1126,11,1,1,0,1,1, , ,N,1,2,0,3,0,2,9,5,N, ,40 00:23.998,75 07:09.045,1126, ,1126, ,0, , , ,3, , , , , ,846682, , , ,5,3,0,0,2,0,0,0,0,0,0,2,2,0,0,0,0,0,0,0,1,1,0,6,0,0,0,0,0,0,0,0,0,0,0,4,0,40.0067,-75.1193, , 
 ,73807,2011122823,6,67,67301,2011,10,1,1535,15,1,1,0,5,1, , ,N,0,2,6,3,0,1,4,2,N,N,40 01:21.024,75 08:17.366,1545, ,1537,1,1,2,N, ,3,N, , , , ,846688, , , ,2,2,0,0,0,0,0,0,0,0,0,0,1,1,0,0,0,0,0,0,1,0,0,0,0,0,0,0,0,0,0,0,0,0,0,8,0,40.0225,-75.1381, , 
 ,73808,2011118159,6,67,67301,2011,10,5,1450,14,1,1,0,2,1, , ,N,1,2,0,3,0,2,2,2,N,N,40 02:35.649,75 03:08.136,1500, ,1457, ,0, ,N, ,3, , , , , ,846718, , , ,2,2,0,0,0,0,0,0,0,0,0,2,2,0,0,0,0,0,0,0,1,0,0,0,0,0,0,0,0,0,0,0,0,0,0,4,0,40.0432,-75.0523, , 
 ,73809,2011134213,6,67,67301,2011,11,5,2053,20,3,1,0,4,1, , ,N,2,0,0,3,0,1,3,2,N,N,40 02:45.772,75 07:58.519,2100, ,2055,3,1,3,N, ,0,N, , , , ,846730, , , ,2,1,1,0,0,0,0,0,0,0,0,0,1,1,0,0,0,0,0,0,0,0,0,0,0,0,0,0,0,0,0,0,0,0,0,8,0,40.046,-75.1329, , 
 ,73810,2012002013,6,67,67301,2011,11,3,647,6,1,2,1,4,1, , ,N,1,0,0,3,0,2,3,2,N,N,39 58:11.623,75 08:32.373,726, ,724, ,0, ,N, ,0, , , , , ,846733, , , ,2,0,0,0,0,0,1,1,0,0,0,2,2,0,0,0,0,0,0,1,0,1,0,0,0,0,0,0,0,0,0,0,0,0,0,4,0,39.9698,-75.1424, , 