wz_ln_closure,objectid_1,crn,district,county,municipality,crash_year,crash_month,day_of_week,time_of_day,hour_of_day,illumination,weather,road_condition,collision_type,relation_to_road,work_zone_type,work_zone_loc,work_zone_ind,intersect_type,tcd_type,location_type,urban_rural,fatal_count,injury_count,person_count,total_units,sch_bus_ind,sch_zone_ind,latitude,longitude,arrival_tm,cons_zone_spd_lim,dispatch_tm,est_hrs_closed,lane_closed,ln_close_dir,ntfy_hiwy_maint,spec_juris_cd,tcd_func_cd,tfc_detour_ind,workers_pres,wz_close_detour,wz_flagger,wz_law_offcr_ind,objectid,wz_moving,wz_other,wz_shlder_mdn,vehicle_count,automobile_count,motorcycle_count,bus_count,small_truck_count,heavy_truck_count,suv_count,van_count,bicycle_count,maj_inj_count,mod_inj_count,min_inj_count,tot_inj_count,unk_inj_deg_count,unk_inj_per_count,driver_count_16yr,driver_count_17yr,driver_count_18yr,driver_count_19yr,driver_count_20yr,driver_count_50_64yr,driver_count_65_74yr,driver_count_75plus,unbelted_occ_count,unb_death_count,unb_maj_inj_count,belted_death_count,belted_maj_inj_count,mcycle_death_count,mcycle_maj_inj_count,bicycle_death_count,bicycle_maj_inj_count,ped_count,ped_death_count,ped_maj_inj_count,max_severity_level,comm_veh_count,dec_lat,dec_long,rdwy_surf_type_cd,county_name
 ,74144,2011075793,6,67,67301,2011,6,5,2030,20,3,1,0,8,1, , ,N,1,0,0,3,0,1,2,2, , ,39 55:56.100,75 10:20.380,1627, ,1620, ,0, , , ,0, , , , , ,844488, , , ,1,1,0,0,0,0,0,0,0,0,0,0,1,1,1,0,0,0,0,0,0,0,0,1,0,0,0,0,0,0,0,0,1,0,0,8,0,39.9323,-75.1723, , 
 ,74145,2011132766,6,67,67301,2011,11,4,2350,23,3,1,0,8,6, , ,N,0,0,0,3,0,1,2,2,N,N,40 01:16.813,75 13:01.747,2353, ,2351, ,0, , , ,0, , , , , ,844532, , , ,1,1,0,0,0,0,0,0,0,0,0,1,1,0,0,0,0,0,0,0,0,0,0,0,0,0,0,0,0,0,0,0,1,0,0,4,0,40.0213,-75.2172, , 
 ,74146,2012004867,6,67,67301,2011,12,6,1430,14,1,7,0,4,1, , ,N,0,0,7,3,0,1,2,2,N,N,40 00:23.820,75 05:37.680,2147, ,1430, ,0, ,N, ,0, , , , , ,844540, , , ,2,1,0,0,1,0,0,0,0,0,0,1,1,0,0,0,0,0,0,0,0,1,0,0,0,0,0,0,0,0,0,0,0,0,0,4,0,40.0066,-75.0938, , 
 ,74147,2012010106,6,67,67301,2011,12,3,9999,99,3,1,0,7,2, , ,N,1,2,0,3,0,1,1,1,N,N,39 59:56.763,75 13:51.120,1115, ,1110, ,0, ,N, ,3, , , , , ,844541, , , ,1,1,0,0,0,0,0,0,0,0,0,1,1,0,0,0,0,0,0,0,0,0,0,0,0,0,0,0,0,0,0,0,0,0,0,4,0,39.9991,-75.2309, , 
 ,74148,2011038321,6,67,67301,2011,4,4,1430,14,1,1,0,7,2, , ,N,0,0,0,3,0,0,1,1,N,N,39 53:55.621,75 10:21.707,1600, ,1600, ,0, ,N, ,0, , , , , ,844561, , , ,1,1,0,0,0,0,0,0,0,0,0,0,0,0,0,0,0,0,0,0,0,0,0,0,0,0,0,0,0,0,0,0,0,0,0,0,0,39.8988,-75.1727, , 
 ,74149,2011064161,6,67,67301,2011,5,1,1740,17,1,1,0,8,6, , ,N,0,0,0,3,0,1,3,2, , ,39 56:19.194,75 13:55.056,1755, ,1742, ,0, , , ,0, , , , , ,844583, , , ,1,1,0,0,0,0,0,0,0,0,0,1,1,0,0,0,0,0,0,0,0,0,0,0,0,0,0,0,0,0,0,0,1,0,0,4,0,39.9387,-75.232, , 
 ,74150,2012010084,6,67,67301,2011,12,7,410,4,3,1,0,7,3, , ,N,2,0,0,3,0,1,1,1,N, ,40 01:13.570,75 09:24.724,412, ,410, ,0, , , ,0, , , , , ,844592, , , ,1,1,0,0,0,0,0,0,0,0,0,1,1,0,0,0,0,0,0,0,0,0,0,1,0,0,0,0,0,0,0,0,0,0,0,4,0,40.0204,-75.1569, , 
 ,74151,2012013635,6,67,67301,2011,12,6,500,5,3,2,1,7,2, , ,N,0,0,0,3,0,0,1,1,N,N,40 00:21.888,75 11:48.169,503, ,503,2,1,4,N, ,0,N, , , , ,844595, , , ,1,0,0,0,1,0,0,0,0,0,0,0,0,0,0,0,0,0,0,0,0,0,0,1,0,0,0,0,0,0,0,0,0,0,0,0,0,40.0061,-75.1967, , 
 ,74152,2012020968,6,67,67301,2011,1,6,1030,10,1,1,0,1,1, , ,N,0,0,0,3,0,1,2,2,N,N,39 59:02.685,75 15:39.490,0, ,0, ,0, ,N, ,0, , , , , ,844597, , , ,2,2,0,0,0,0,0,0,0,0,0,0,1,1,1,0,0,0,0,0,1,0,0,0,0,0,0,0,0,0,0,0,0,0,0,8,0,39.9841,-75.261, , 
 ,74153,2011115373,6,67,67301,2011,10,4,1618,16,1,1,0,4,1, , ,N,1,2,0,3,0,3,3,2,N, ,39 57:36.054,75 09:55.036,1627, ,1625, ,0, , , ,3, , , , , ,844626, , , ,2,2,0,0,0,0,0,0,0,0,1,2,3,0,0,0,0,0,0,0,0,0,0,0,0,0,0,0,0,0,0,0,0,0,0,3,0,39.96,-75.1653, , 
 ,74154,2011061821,6,67,67301,2011,5,2,1415,14,1,1,0,7,3, , ,N,0,0,1,3,0,1,1,1, , ,40 01:05.092,75 04:56.687,1555, ,1549,1,1,1, , ,0,N, , , , ,844646, , , ,1,1,0,0,0,0,0,0,0,0,0,0,1,1,0,0,0,0,0,0,0,0,0,0,0,0,0,0,0,0,0,0,0,0,0,8,0,40.0181,-75.0824, , 
 ,74155,2011132607,6,67,67301,2011,11,6,1905,19,3,1,0,8,1, , ,N,2,0,0,3,0,1,2,2,N,N,39 58:10.440,75 13:29.620,1914, ,1906, ,0, ,N, ,0, , , , , ,844659, , , ,1,1,0,0,0,0,0,0,0,0,0,1,1,0,1,0,0,0,0,0,0,0,0,1,0,0,0,0,0,0,0,0,1,0,0,4,0,39.9696,-75.2249, , 
 ,74156,2012000880,6,67,67301,2011,12,2,1854,18,3,1,0,1,1, , ,N,0,0,0,3,0,0,4,4,N,N,39 58:03.829,75 07:54.291,1902, ,1856, ,0, ,N, ,0, , , , , ,844663, , , ,4,3,0,0,0,0,0,0,0,0,0,0,0,0,1,0,0,0,0,0,0,0,0,1,0,0,0,0,0,0,0,0,0,0,0,9,0,39.9678,-75.1315, , 
 ,74157,2012002137,6,67,67301,2011,12,3,1905,19,3,1,0,7,5, , ,N,0,0,7,3,0,1,1,1,N,N,40 03:49.572,75 03:15.003,1910, ,1906, ,0, ,N, ,0, , , , , ,844664, , , ,1,1,0,0,0,0,0,0,0,0,0,0,1,1,0,0,0,0,0,0,0,0,0,0,0,0,0,0,0,0,0,0,0,0,0,8,0,40.0638,-75.0542, , 
 ,74158,2011102733,6,67,67301,2011,10,3,932,9,1,1,0,1,1, , ,N,0,0,0,3,0,0,4,4,N,N,39 57:36.708,75 08:25.105,949, ,935,1,1,1,N, ,0,N, , , , ,844667, , , ,4,4,0,0,0,0,0,0,0,0,0,0,0,0,0,0,0,0,0,0,1,0,0,0,0,0,0,0,0,0,0,0,0,0,0,0,0,39.9601,-75.1403, , 
 ,74159,2011132924,6,67,67301,2011,11,6,1905,19,3,1,0,4,1, , ,N,1,0,0,3,0,1,2,2,N,N,40 01:33.175,75 09:46.641,1920, ,1910, ,0, , , ,0, , , , , ,844695, , , ,2,2,0,0,0,0,0,0,0,0,1,0,1,0,1,0,0,0,0,0,0,0,0,1,0,0,0,0,0,0,0,0,0,0,0,3,0,40.0259,-75.163, , 
 ,74160,2011115353,6,67,67301,2011,10,2,1900,19,3,1,0,4,1, , ,N,1,2,0,3,0,3,3,2,N,N,40 00:45.131,75 04:23.853,1920, ,1909,1,1,2,N, ,3,Y, , , , ,844703, , , ,2,2,0,0,0,0,0,0,0,0,0,3,3,0,0,0,0,0,0,0,0,0,0,1,0,0,0,0,0,0,0,0,0,0,0,4,0,40.0125,-75.0733, , 
 ,74161,2011132959,6,67,67301,2011,11,1,9999,99,3,1,0,5,1, , ,N,0,0,0,3,0,1,1,3,N,N,39 59:18.594,75 10:49.570,9999, ,549,3,2,5,N, ,0,Y, , , , ,844721, , , ,3,2,0,0,1,0,0,0,0,0,0,1,1,0,0,0,0,0,0,0,1,0,0,0,0,0,0,0,0,0,0,0,0,0,0,4,0,39.9885,-75.1804, , 
 ,74162,2011095448,6,67,67301,2011,8,5,2200,22,3,2,1,7,5, , ,N,0,8,0,3,0,1,2,1,N,N,40 01:00.540,75 12:09.300,2216, ,2257, ,0, ,N, ,3, , , , , ,847639, , , ,1,1,0,0,0,0,0,0,0,0,0,1,1,0,0,0,0,0,0,0,0,0,0,0,0,0,0,0,0,0,0,0,0,0,0,4,0,40.0168,-75.2026, , 
 ,74163,2011079828,6,67,67301,2011,8,1,216,2,3,2,1,7,2, , ,N,0,0,2,3,0,0,3,1,N,N,39 57:35.637,75 10:49.977,225, ,219, ,0, ,N, ,0, , , , , ,847651, , , ,1,1,0,0,0,0,0,0,0,0,0,0,0,0,0,0,0,0,0,0,0,0,0,0,0,0,0,0,0,0,0,0,0,0,0,0,0,39.9599,-75.1805, , 
 ,74164,2011087686,6,67,67301,2011,8,3,1315,13,1,1,0,2,1, , ,N,2,2,0,3,0,1,2,2,N,N,40 00:00.415,75 13:43.355,1508, ,1443,1,1,1,N, ,3,N, , , , ,847659, , , ,2,0,0,0,0,0,2,0,0,0,0,1,1,0,0,0,0,0,0,0,1,0,0,1,0,0,0,0,0,0,0,0,0,0,0,4,0,40.0001,-75.2287, , 
 ,74165,2011108915,6,67,67301,2011,9,4,1457,14,1,1,0,8,1, , ,N,0,0,0,3,0,1,2,2,N, ,39 59:30.108,75 09:41.555,1705, ,1657, ,0, , , ,0, , , , , ,847681, , , ,1,1,0,0,0,0,0,0,0,0,0,1,1,0,0,0,0,0,0,0,0,0,0,0,0,0,0,0,0,0,0,0,1,0,0,4,0,39.9917,-75.1615, , 
 ,74166,2011112308,6,67,67301,2011,10,2,1315,13,1,1,0,1,1, , ,N,0,0,0,3,0,9,10,2,N,N,39 59:47.250,75 10:26.142,1323, ,1319,2,1,4,N, ,0,N, , , , ,847684, , , ,2,0,0,1,1,0,0,0,0,0,0,1,9,8,0,0,0,0,0,0,0,0,0,0,0,0,0,0,0,0,0,0,0,0,0,4,1,39.9965,-75.1739, , 
 ,74167,2011134803,6,67,67301,2011,12,4,2055,20,8,2,1,8,1, , ,N,0,0,0,3,0,1,3,2,N,N,40 01:50.352,75 02:08.173,2101, ,2101, ,0, ,N, ,0, , , , , ,847701, , , ,1,1,0,0,0,0,0,0,0,0,0,1,1,0,0,0,0,0,0,0,0,0,0,2,0,0,0,0,0,0,0,0,1,0,0,4,0,40.0307,-75.0356, , 
 ,74168,2011066237,6,67,67301,2011,6,1,255,2,3,1,0,5,1, , ,N,0,0,0,3,0,0,1,3,N,N,40 00:01.650,75 04:02.324,315, ,301, ,0, ,N, ,0, , , , , ,847706, , , ,3,0,0,0,1,0,2,0,0,0,0,0,0,0,0,0,0,0,0,0,0,0,0,0,0,0,0,0,0,0,0,0,0,0,0,0,0,40.0005,-75.0673, , 
 ,74169,2011070728,6,67,67301,2011,6,4,22,0,3,1,0,1,1, , ,N,0,0,0,3,0,1,2,2,N,N,39 59:50.388,75 11:46.320,35, ,25, ,0, ,N, ,0, , , , , ,847716, , , ,2,1,0,0,0,0,0,0,0,0,0,1,1,0,1,0,0,0,0,0,0,0,0,0,0,0,0,0,0,0,0,0,0,0,0,4,0,39.9973,-75.1962, , 
 ,74170,2011073196,6,67,67301,2011,5,7,1812,18,1,1,0,4,1, , ,N,1,2,0,3,0,1,2,2,N,N,40 03:17.072,75 00:17.300,1815, ,1812,2,2,3,N, ,3,Y, , , , ,847719, , , ,2,1,0,0,0,0,1,0,0,0,0,0,1,1,0,0,0,0,0,0,1,0,0,0,0,0,0,0,0,0,0,0,0,0,0,8,0,40.0547,-75.0048, , 
 ,74171,2011080819,6,67,67301,2011,6,4,650,6,1,1,0,4,1, , ,N,1,2,0,3,0,1,2,2,N,N,39 58:00.185,75 09:37.919,913, ,908, ,0, , , ,3, , , , , ,847751, , , ,2,2,0,0,0,0,0,0,0,0,0,1,1,0,1,0,0,0,0,0,0,0,0,0,0,0,0,0,0,0,0,0,0,0,0,4,0,39.9666,-75.1604, , 
 ,74172,2011085532,6,67,67301,2011,7,6,1134,11,1,1,0,8,2, , ,N,1,2,0,3,0,1,2,2,N,N,40 03:27.557,75 09:57.853,1140, ,1137, ,0, ,N, ,3, , , , , ,847755, , , ,1,0,0,0,1,0,0,0,0,0,0,0,1,1,1,0,0,0,0,0,0,0,0,0,0,0,0,0,0,0,0,0,1,0,0,8,0,40.0577,-75.1661, , 
 ,74173,2011098932,6,67,67301,2011,9,6,1637,16,1,1,0,1,1, , ,N,0,0,0,3,0,1,3,3,N,N,40 03:17.840,75 08:27.436,1652, ,1645, ,0, ,N, ,0, , , , , ,847770, , , ,3,3,0,0,0,0,0,0,0,0,0,1,1,0,0,0,0,0,0,0,0,0,0,1,0,0,0,0,0,0,0,0,0,0,0,4,0,40.055,-75.141, , 
 ,74174,2011132861,6,67,67301,2011,11,1,1635,16,1,1,0,1,1, , ,N,1,3,0,3,0,2,3,2,N,N,40 01:30.478,75 04:57.665,1645, ,1645, ,0, ,N, ,3, , , , , ,847785, , , ,2,1,0,0,0,0,1,0,0,0,0,2,2,0,1,0,0,0,0,0,0,0,0,1,0,0,0,0,0,0,0,0,0,0,0,4,0,40.0251,-75.0827, , 
 ,74175,2012004326,6,67,67301,2011,12,4,1708,17,3,2,1,8,3, , ,N,0,0,0,3,0,1,2,2,N, ,40 03:21.119,75 00:11.435,1715, ,1709, ,0, , , ,0, , , , , ,847791, , , ,1,1,0,0,0,0,0,0,0,0,0,1,1,0,0,0,0,0,0,0,1,0,0,0,0,0,0,0,0,0,0,0,1,0,0,4,0,40.0559,-75.0032, , 
 ,74176,2011118104,6,67,67301,2011,10,7,1427,14,1,1,0,1,1, , ,N,0,3,0,3,0,1,2,3,N,N,39 57:42.668,75 13:36.428,1510, ,1427,1,1,3,N, ,3,N, , , , ,847801, , , ,3,1,0,0,1,0,0,0,0,0,0,1,1,0,1,0,0,0,0,0,1,0,0,0,0,0,0,0,0,0,0,0,0,0,0,4,0,39.9619,-75.2268, , 
 ,74177,2012004315,6,67,67301,2011,12,4,9999,99,1,1,0,5,1, , ,N,0,0,0,3,0,0,6,2,N,N,40 00:41.465,75 11:34.543,1142, ,1140, ,0, ,N, ,0, , , , , ,847816, , , ,2,1,0,0,0,0,0,1,0,0,0,0,0,0,0,0,0,0,1,0,0,0,0,0,0,0,0,0,0,0,0,0,0,0,0,0,0,40.0115,-75.1929, , 
 ,74178,2012018344,6,67,67301,2011,1,5,1800,18,1,1,0,4,1, , ,N,1,9,0,3,0,1,2,2,N,N,40 01:24.796,75 07:59.561,0, ,0, ,0, ,N, ,9, , , , , ,847819, , , ,2,2,0,0,0,0,0,0,0,0,0,0,1,1,0,0,0,0,0,0,0,0,0,0,0,0,0,0,0,0,0,0,0,0,0,8,0,40.0235,-75.1334, , 
 ,74179,2011064075,6,67,67301,2011,5,5,1017,10,1,1,0,4,1, , ,N,1,2,0,3,0,2,2,2, , ,40 01:00.708,75 08:58.113,1025, ,1019, ,0, , , ,3, , , , , ,847823, , , ,2,2,0,0,0,0,0,0,0,0,0,2,2,0,0,0,0,0,0,0,0,1,0,0,0,0,0,0,0,0,0,0,0,0,0,4,0,40.0169,-75.1495, , 
 ,74180,2011108822,6,67,67301,2011,10,7,1920,19,3,1,0,0,1, , ,N,0,0,0,3,0,1,1,2,N, ,40 00:49.456,75 04:41.466,1922, ,1920,1,2,4, , ,0,Y, , , , ,853141, , , ,1,0,1,0,0,0,0,0,0,1,0,0,1,0,0,0,0,0,0,0,0,0,0,0,0,0,0,0,0,1,0,0,0,0,0,2,0,40.0137,-75.0782, , 
 ,74181,2011064398,6,67,67301,2011,6,6,2217,22,3,1,0,1,1, , ,N,2,2,0,3,0,2,3,2,N,N,40 04:35.407,75 01:57.021,2235, ,2218,2,1,7,N, ,3,Y, , , , ,853163, , , ,2,1,0,0,0,0,0,1,0,0,0,2,2,0,0,0,0,0,1,0,0,0,0,3,0,0,0,0,0,0,0,0,0,0,0,4,0,40.0765,-75.0327, , 
 ,74182,2011077325,6,67,67301,2011,7,5,1539,15,1,1,0,1,1, , ,N,6,0,2,3,0,1,6,3,N,N,39 58:05.918,75 07:47.272,1548, ,1542,2,2,2,N, ,0,N, , , , ,853180, , , ,3,3,0,0,0,0,0,0,0,0,0,0,1,1,0,0,0,0,0,0,0,0,0,0,0,0,0,0,0,0,0,0,0,0,0,8,0,39.9684,-75.1296, , 
 ,74183,2012004344,6,67,67301,2011,12,3,1255,12,1,2,1,8,4, , ,N,1,3,0,3,0,2,3,3,N,N,40 00:07.264,75 08:39.661,1308, ,1303, ,0, ,N, ,3, , , , , ,853189, , , ,1,1,0,0,0,0,0,0,0,0,2,0,2,0,1,0,0,0,0,0,0,0,0,0,0,0,0,0,0,0,0,0,2,0,0,3,0,40.0021,-75.1442, , 
 ,74184,2011126324,6,67,67301,2011,11,4,924,9,1,1,0,4,1, , ,N,1,3,0,3,0,1,2,2,N,N,40 02:24.910,75 11:10.647,1010, ,958, ,0, ,N, ,3, , , , , ,853202, , , ,2,2,0,0,0,0,0,0,0,0,0,0,1,1,1,0,0,0,0,0,1,0,0,1,0,0,0,0,0,0,0,0,0,0,0,8,0,40.0403,-75.1863, , 
 ,74185,2011134747,6,67,67301,2011,11,7,1831,18,3,1,0,4,1, , ,N,0,0,0,3,0,2,3,2,N,N,39 58:50.506,75 14:07.068,1844, ,1844,3,2,3,N, ,0,Y, , , , ,853206, , , ,2,1,0,0,1,0,0,0,0,0,0,2,2,0,0,0,0,0,0,0,0,0,0,0,0,0,0,0,0,0,0,0,0,0,0,4,0,39.9807,-75.2353, , 
 ,74186,2012004869,6,67,67301,2011,11,6,1810,18,3,1,0,2,1, , ,N,0,0,0,3,1,1,3,7,N,N,39 59:18.674,75 07:26.916,1818, ,1814,4,2,6,N,0,0,Y, , , , ,853208, , , ,6,4,0,0,1,0,1,0,1,0,1,0,1,0,0,0,0,0,0,0,1,0,0,0,0,0,0,0,0,0,1,0,0,0,0,1,0,39.9885,-75.1241,2, 
 ,74187,2012036818,6,67,67301,2011,3,4,1244,12,1,1,0,4,2, , ,N,0,0,7,3,0,4,4,2,N,N,40 00:16.043,75 11:14.676,1246, ,1244, ,0, ,N, ,0, , , , , ,853212, , , ,2,2,0,0,0,0,0,0,0,0,0,0,4,4,0,0,0,0,0,1,0,0,1,1,0,0,0,0,0,0,0,0,0,0,0,8,0,40.0045,-75.1874, , 
 ,74188,2011015906,6,67,67301,2011,1,1,1224,12,1,1,6,4,1, , ,N,1,3,0,3,0,3,3,2, , ,40 04:29.611,75 10:11.737,1231, ,1227,2,2,6, , ,3,Y, , , , ,853234, , , ,2,2,0,0,0,0,0,0,0,0,0,3,3,0,0,0,0,0,0,0,0,1,0,0,0,0,0,0,0,0,0,0,0,0,0,4,0,40.0749,-75.1699, , 
 ,74189,2011022974,6,67,67301,2011,1,3,1651,16,1,1,0,8,1, , ,N,0,0,0,3,0,1,2,2,N,N,39 59:34.581,75 13:03.299,1706, ,1658, ,0, ,N, ,0, , , , , ,853240, , , ,1,0,0,0,0,0,1,0,0,0,0,1,1,0,0,0,0,0,0,0,0,0,0,0,0,0,0,0,0,0,0,0,1,0,0,4,0,39.9929,-75.2176, , 
 ,74190,2011040633,6,67,67301,2011,3,7,1825,18,1,1,0,4,1, , ,N,1,2,0,3,1,0,4,2, , ,40 03:24.231,75 03:38.871,1828, ,1826,9,2,2, ,0,3,Y, , , , ,853252, , , ,2,0,1,0,0,0,1,0,0,0,0,0,0,0,0,0,0,1,1,0,0,0,0,0,0,0,0,0,1,0,0,0,0,0,0,1,0,40.0567,-75.0608,2, 
 ,74191,2011054310,6,67,67301,2011,4,4,1632,16,1,2,1,8,1, , ,N,2,3,0,3,0,1,2,2,N,N,40 00:57.240,75 11:22.920,1654, ,1642, ,0, ,N, ,3, , , , , ,853265, , , ,1,0,0,0,1,0,0,0,0,1,0,0,1,0,0,0,0,0,0,0,0,0,0,0,0,0,0,0,0,0,0,0,1,0,1,2,0,40.0159,-75.1897, , 
 ,74192,2011073312,6,67,67301,2011,6,6,1610,16,1,1,0,8,1, , ,N,1,3,0,3,0,1,2,2,N,Y,39 57:28.137,75 11:37.737,1616, ,1614, ,0, ,N, ,3, , , , , ,853285, , , ,1,1,0,0,0,0,0,0,0,0,0,1,1,0,0,0,0,0,0,0,0,0,0,0,0,0,0,0,0,0,0,0,1,0,0,4,0,39.9578,-75.1938, , 
 ,74193,2011087986,6,67,67301,2011,8,5,1917,19,1,1,0,5,1, , ,N,1,2,0,3,0,1,2,2,N,N,40 02:05.146,75 04:15.791,1917, ,1917,1,1,1,N, ,3,N, , , , ,853302, , , ,2,1,0,0,0,0,1,0,0,0,0,1,1,0,0,0,0,0,0,0,1,0,0,0,0,0,0,0,0,0,0,0,0,0,0,4,0,40.0348,-75.0711, , 
 ,74194,2011098111,6,67,67301,2011,8,4,9999,99,1,1,0,8,1, , ,N,0,0,0,3,0,1,2,2,N,N,40 03:40.014,75 00:54.057,928, ,922, ,0, ,N, ,0, , , , , ,853307, , , ,1,0,0,0,0,1,0,0,0,0,0,0,1,1,0,0,0,0,0,0,0,0,0,0,0,0,0,0,0,0,0,0,1,0,0,8,1,40.0611,-75.015, , 
 ,74195,2011098114,6,67,67301,2011,9,7,9999,99,3,1,0,1,1, , ,N,0,8,1,3,0,1,3,2,N, ,40 00:51.956,75 10:41.624,2245, ,2230,9,1,1, , ,3,N, , , , ,853308, , , ,2,2,0,0,0,0,0,0,0,0,0,1,1,0,0,0,0,0,0,0,1,0,0,2,0,0,0,0,0,0,0,0,0,0,0,4,0,40.0144,-75.1782, , 
 ,74196,2011103287,6,67,67301,2011,9,5,1330,13,1,1,0,1,1, , ,N,0,0,0,3,0,2,4,3,N, ,40 00:27.473,75 07:38.696,1345, ,1340, ,0, , , ,0, , , , , ,853318, , , ,3,2,0,0,0,0,1,0,0,0,0,0,2,2,1,0,0,0,0,0,0,0,0,0,0,0,0,0,0,0,0,0,0,0,0,8,0,40.0076,-75.1274, , 
 ,74197,2011118467,6,67,67301,2011,10,7,1055,10,1,2,1,4,1, , ,N,1,3,0,3,0,0,2,2,N,N,39 57:20.944,75 12:35.661,1105, ,1058, ,0, ,N, ,3, , , , , ,853327, , , ,2,2,0,0,0,0,0,0,0,0,0,0,0,0,0,0,0,0,0,0,0,0,0,0,0,0,0,0,0,0,0,0,0,0,0,0,0,39.9558,-75.2099, , 
 ,74198,2011064135,6,67,67301,2011,5,1,9999,99,1,1,0,4,1, , ,N,1,3,0,3,0,1,2,2,N,N,40 00:56.199,75 04:42.293,1839, ,1835, ,0, , , ,3, , , , , ,850911, , , ,1,1,0,0,0,0,0,0,1,0,0,1,1,0,0,0,0,0,0,0,0,0,0,0,0,0,0,0,0,0,0,0,0,0,0,4,0,40.0156,-75.0784, , 
 ,74199,2012002094,6,67,67301,2011,11,2,2140,21,3,1,0,5,1, , ,N,0,0,0,3,0,0,2,2,N,N,40 02:20.012,75 11:00.087,2203, ,2201, ,0, ,N, ,0, , , , , ,850932, , , ,2,0,0,0,0,0,2,0,0,0,0,0,0,0,0,0,0,0,0,0,1,0,0,0,0,0,0,0,0,0,0,0,0,0,0,0,0,40.0389,-75.1834, , 
 ,74200,2012004994,6,67,67301,2011,12,6,615,6,5,1,0,1,1, , ,N,1,2,0,3,0,1,5,3,N,N,40 02:03.258,75 04:17.332,623, ,618, ,0, ,N, ,3, , , , , ,850933, , , ,3,3,0,0,0,0,0,0,0,0,0,0,1,1,1,0,0,0,0,0,0,1,0,0,0,0,0,0,0,0,0,0,0,0,0,8,0,40.0342,-75.0714, , 
 ,74201,2011064056,6,67,67301,2011,5,4,1750,17,4,1,0,1,1, , ,N,0,0,3,3,0,1,2,2, , ,39 54:20.319,75 11:39.473,1810, ,1805,2,1,4, , ,0,N, , , , ,850946, , , ,2,1,0,0,0,0,1,0,0,0,0,1,1,0,0,0,0,0,0,0,0,0,0,0,0,0,0,0,0,0,0,0,0,0,0,4,0,39.9056,-75.1943, , 
 ,74202,2011044943,6,67,67301,2011,4,6,2145,21,2,1,1,1,1, , ,N,0,0,0,3,0,2,4,2,N,N,39 57:57.345,75 11:11.273,2150, ,2145, ,0, ,N, ,0, , , , , ,850971, , , ,2,0,0,0,0,0,1,1,0,0,2,0,2,0,0,0,0,0,0,0,0,0,0,0,0,0,0,0,0,0,0,0,0,0,0,3,0,39.9659,-75.1865, , 
 ,74203,2011047287,6,67,67301,2011,4,2,1400,14,1,1,0,5,5, , ,N,7,0,2,3,0,1,2,2,N,N,39 58:38.784,75 12:02.538,1806, ,1800, ,0, ,N, ,0, , , , , ,850974, , , ,2,1,0,0,1,0,0,0,0,0,1,0,1,0,1,0,0,0,0,0,1,0,0,0,0,0,0,0,0,0,0,0,0,0,0,3,0,39.9774,-75.2007, , 
 ,74204,2011115383,6,67,67301,2011,10,4,9999,99,1,1,0,7,1, , ,N,0,0,0,3,0,1,2,2,N, ,39 58:58.775,75 09:18.297,9999, ,9999, ,0, , , ,0, , , , , ,850987, , , ,1,1,0,0,0,0,0,0,0,0,1,0,1,0,1,0,0,0,0,0,0,0,0,0,0,0,0,0,0,0,0,0,1,0,0,3,0,39.983,-75.1551, , 
 ,74205,2011132811,6,67,67301,2011,11,3,700,7,1,1,0,5,1, , ,N,0,0,0,3,0,1,2,3,N, ,40 00:25.275,75 05:50.431,813, ,808, ,0, , , ,0, , , , , ,851004, , , ,3,3,0,0,0,0,0,0,0,0,0,1,1,0,1,0,0,0,0,0,0,0,0,1,0,0,0,0,0,0,0,0,0,0,0,4,0,40.007,-75.0973, , 
 ,74206,2011132844,6,67,67301,2011,11,2,1019,10,1,1,0,5,1, , ,N,2,2,0,3,0,0,3,2,N,N,40 01:56.965,75 04:51.304,1023, ,1019,1,1,3,N, ,3,N, , , , ,851018, , , ,2,2,0,0,0,0,0,0,0,0,0,0,0,0,0,0,0,0,0,0,0,0,0,0,0,0,0,0,0,0,0,0,0,0,0,0,0,40.0324,-75.0808, , 
 ,74207,2011118088,6,67,67301,2011,10,7,2035,20,3,2,1,8,1, , ,N,0,0,7,3,0,1,2,2,N,N,39 58:39.432,75 07:09.211,2047, ,2039, ,0, ,N, ,0, , , , , ,851023, , , ,1,0,0,0,1,0,0,0,0,0,0,0,1,1,0,0,0,0,0,0,0,0,0,0,0,0,0,0,0,0,0,0,1,0,0,8,0,39.977,-75.1195, , 
 ,74208,2011132708,6,67,67301,2011,11,4,1600,16,1,2,1,4,3, , ,N,0,0,7,3,0,1,2,2,N,N,40 00:41.850,75 07:58.710,1620, ,1612, ,0, ,N, ,0, , , , , ,851044, , , ,2,1,0,0,0,0,0,1,0,0,0,0,1,1,0,0,0,0,0,0,1,0,0,2,0,0,0,0,0,0,0,0,0,0,0,8,0,40.0116,-75.133, , 
 ,74209,2011132802,6,67,67301,2011,11,3,915,9,1,1,0,1,1, , ,N,5,2,0,3,0,1,3,2,N,N,40 03:18.419,75 09:27.809,925, ,921, ,0, ,N, ,3, , , , , ,851045, , , ,2,0,0,0,0,0,1,1,0,0,0,0,1,1,0,0,0,0,0,0,0,0,0,0,0,0,0,0,0,0,0,0,0,0,0,8,0,40.0551,-75.1577, , 