wz_ln_closure,objectid_1,crn,district,county,municipality,crash_year,crash_month,day_of_week,time_of_day,hour_of_day,illumination,weather,road_condition,collision_type,relation_to_road,work_zone_type,work_zone_loc,work_zone_ind,intersect_type,tcd_type,location_type,urban_rural,fatal_count,injury_count,person_count,total_units,sch_bus_ind,sch_zone_ind,latitude,longitude,arrival_tm,cons_zone_spd_lim,dispatch_tm,est_hrs_closed,lane_closed,ln_close_dir,ntfy_hiwy_maint,spec_juris_cd,tcd_func_cd,tfc_detour_ind,workers_pres,wz_close_detour,wz_flagger,wz_law_offcr_ind,objectid,wz_moving,wz_other,wz_shlder_mdn,vehicle_count,automobile_count,motorcycle_count,bus_count,small_truck_count,heavy_truck_count,suv_count,van_count,bicycle_count,maj_inj_count,mod_inj_count,min_inj_count,tot_inj_count,unk_inj_deg_count,unk_inj_per_count,driver_count_16yr,driver_count_17yr,driver_count_18yr,driver_count_19yr,driver_count_20yr,driver_count_50_64yr,driver_count_65_74yr,driver_count_75plus,unbelted_occ_count,unb_death_count,unb_maj_inj_count,belted_death_count,belted_maj_inj_count,mcycle_death_count,mcycle_maj_inj_count,bicycle_death_count,bicycle_maj_inj_count,ped_count,ped_death_count,ped_maj_inj_count,max_severity_level,comm_veh_count,dec_lat,dec_long,rdwy_surf_type_cd,county_name
 ,74276,2012012689,6,67,67301,2011,12,7,1507,15,1,1,0,4,1, , ,N,1,2,0,3,0,0,4,2,N, ,39 58:10.070,75 08:22.352,1532, ,1528,1,1,2, , ,3,N, , , , ,851120, , , ,2,1,0,0,0,0,0,1,0,0,0,0,0,0,1,0,0,0,0,0,0,1,0,0,0,0,0,0,0,0,0,0,0,0,0,9,0,39.9695,-75.1395, , 
 ,74277,2011132641,6,67,67301,2011,11,3,1325,13,1,2,1,8,1, , ,N,1,2,0,3,0,1,2,2,N, ,39 58:58.770,75 06:05.073,1340, ,1325, ,0, , , ,3, , , , , ,851132, , , ,1,1,0,0,0,0,0,0,0,0,0,1,1,0,1,0,0,0,0,0,0,0,0,0,0,0,0,0,0,0,0,0,1,0,0,4,0,39.983,-75.1014, , 
 ,74278,2012004069,6,67,67301,2011,12,2,1309,13,1,1,0,1,1, , ,N,6,4,2,3,0,3,10,3,N,N,39 53:35.717,75 13:42.269,1334, ,1316, ,0, ,N, ,3, , , , , ,851134, , , ,3,2,0,0,1,0,0,0,0,0,0,3,3,0,0,0,0,0,0,0,0,0,0,2,0,0,0,0,0,0,0,0,0,0,0,4,0,39.8933,-75.2284, , 
 ,74279,2012022579,6,67,67301,2011,7,1,1800,18,4,1,0,4,1, , ,N,1,2,0,3,0,1,2,2, , ,40 03:19.147,75 04:24.059,0, ,0, ,0, , , ,3, , , , , ,851136, , , ,2,1,0,0,0,0,1,0,0,0,0,0,1,1,0,0,0,0,0,0,0,1,0,0,0,0,0,0,0,0,0,0,0,0,0,8,0,40.0553,-75.0733, , 
 ,74280,2011132848,6,67,67301,2011,11,3,2206,22,3,2,1,4,1, , ,N,1,2,2,3,0,1,4,3,N,N,40 00:33.068,75 04:08.444,2212, ,2208, ,0, ,N, ,3, , , , , ,851171, , , ,3,1,0,0,0,0,1,1,0,0,1,0,1,0,0,0,0,0,0,0,1,0,0,0,0,0,0,0,0,0,0,0,0,0,0,3,0,40.0092,-75.069, , 
 ,74281,2012001940,6,67,67301,2011,11,7,545,5,5,1,0,4,1, , ,N,1,3,0,3,0,1,2,2,N,N,40 01:29.996,75 06:54.475,945, ,941, ,0, ,N, ,3, , , , , ,851178, , , ,2,2,0,0,0,0,0,0,0,0,0,1,1,0,1,0,0,0,0,0,0,0,0,0,0,0,0,0,0,0,0,0,0,0,0,4,0,40.025,-75.1151, , 
 ,74282,2011122725,6,67,67301,2011,10,6,1320,13,1,1,0,1,1, , ,N,1,2,0,3,0,2,3,2,N,N,40 01:47.943,75 06:11.321,1339, ,1332,1,1,4,N, ,3,Y, , , , ,851186, , , ,2,1,0,0,0,1,0,0,0,0,0,2,2,0,0,0,0,0,0,0,1,0,0,0,0,0,0,0,0,0,0,0,0,0,0,4,1,40.0299,-75.1032, , 
 ,74283,2011132792,6,67,67301,2011,11,5,1600,16,1,1,0,8,1, , ,N,0,0,0,3,0,1,3,2,N,N,40 00:00.000,75 06:41.734,1725, ,1725, ,0, ,N, ,0, , , , , ,851192, , , ,1,1,0,0,0,0,0,0,0,0,0,0,1,1,0,0,0,0,0,0,0,0,0,2,0,0,0,0,0,0,0,0,1,0,0,8,0,40,-75.1116, , 
 ,74284,2012001966,6,67,67301,2011,12,5,2000,20,2,1,0,5,1, , ,N,7,0,2,3,0,1,2,2,N,N,40 01:05.635,75 10:07.656,2003, ,2001,1,2,1,N, ,0,N, , , , ,851195, , , ,2,1,0,0,1,0,0,0,0,0,0,1,1,0,0,0,0,0,0,0,1,0,0,1,0,0,0,0,0,0,0,0,0,0,0,4,0,40.0182,-75.1688, , 
 ,74285,2012004767,6,67,67301,2011,12,6,19,0,3,1,0,4,1, , ,N,0,0,7,3,0,0,3,2,N,N,40 05:38.252,74 59:21.026,2015, ,2008, ,0, , , ,0, , , , , ,851204, , , ,2,1,0,0,0,0,0,1,0,0,0,0,0,0,0,0,0,0,1,0,0,0,0,0,0,0,0,0,0,0,0,0,0,0,0,0,0,40.094,-74.9892, , 
 ,74286,2011132960,6,67,67301,2011,11,2,2325,23,3,2,1,7,3, , ,N,0,0,0,3,0,1,1,1,N, ,39 55:14.731,75 11:49.385,2350, ,2325, ,0, ,N, ,0, , , , , ,851216, , , ,1,1,0,0,0,0,0,0,0,0,1,0,1,0,0,0,0,0,0,0,0,0,0,1,0,0,0,0,0,0,0,0,0,0,0,3,0,39.9211,-75.1949, , 
 ,74287,2011118041,6,67,67301,2011,10,4,702,7,8,2,1,8,2, , ,N,1,2,0,3,0,1,2,2,N,N,39 59:11.965,75 14:43.814,750, ,735, ,0, ,N, ,3, , , , , ,851249, , , ,1,1,0,0,0,0,0,0,0,0,0,1,1,0,0,0,0,0,0,0,1,0,0,0,0,0,0,0,0,0,0,0,1,0,0,4,0,39.9867,-75.2455, , 
 ,74288,2011132901,6,67,67301,2011,11,5,226,2,3,2,1,1,1, , ,N,0,0,0,3,0,0,2,2,N, ,39 56:00.589,75 09:12.049,228, ,226, ,0, , , ,0, , , , , ,851252, , , ,2,2,0,0,0,0,0,0,0,0,0,0,0,0,2,0,0,0,0,0,0,0,0,0,0,0,0,0,0,0,0,0,0,0,0,9,0,39.9335,-75.1533, , 
 ,74289,2011090496,6,67,67301,2011,8,2,2220,22,3,1,0,4,1, , ,N,1,2,0,3,0,7,7,2,N,N,40 03:00.396,75 03:51.268,2225, ,2223,3,2,7,N, ,3,Y, , , , ,851299, , , ,2,0,0,0,1,0,1,0,0,0,0,7,7,0,0,0,0,0,0,0,1,0,0,0,0,0,0,0,0,0,0,0,0,0,0,4,0,40.0501,-75.0642, , 
 ,74290,2011114842,6,67,67301,2011,10,1,459,4,3,8,5,7,3, , ,N,0,0,2,3,0,0,1,1,N,N,40 00:31.506,75 04:07.475,502, ,502,2,2,1,Y, ,0,N, , , , ,844930, , , ,1,1,0,0,0,0,0,0,0,0,0,0,0,0,0,0,0,0,0,0,0,0,0,0,0,0,0,0,0,0,0,0,0,0,0,0,0,40.0088,-75.0687, , 
 ,74291,2011115441,6,67,67301,2011,10,4,830,8,1,2,1,7,5, , ,N,0,0,0,3,0,1,1,1,N,N,39 59:47.050,75 11:58.530,840, ,830,9,1,4,N, ,0,N, , , , ,844931, , , ,1,1,0,0,0,0,0,0,0,0,0,1,1,0,0,0,0,0,0,0,1,0,0,0,0,0,0,0,0,0,0,0,0,0,0,4,0,39.9964,-75.1996, , 
 ,74292,2011118182,6,67,67301,2011,10,3,1830,18,4,1,0,1,1, , ,N,0,0,0,3,0,3,5,3,N,N,39 59:55.924,75 08:54.034,9999, ,1935,1,1,3,N, ,0,N, , , , ,844932, , , ,3,3,0,0,0,0,0,0,0,0,1,0,3,2,2,0,0,0,0,0,0,0,0,2,0,0,0,0,0,0,0,0,0,0,0,3,0,39.9989,-75.1483, , 
 ,74293,2011126379,6,67,67301,2011,11,4,108,1,3,1,0,1,2, , ,N,0,0,0,3,0,1,1,2,N,N,40 00:00.727,75 04:33.783,111, ,108, ,0, ,N, ,0, , , , , ,844944, , , ,2,2,0,0,0,0,0,0,0,0,0,1,1,0,0,0,0,0,0,1,0,0,0,0,0,0,0,0,0,0,0,0,0,0,0,4,0,40.0002,-75.0761, , 
 ,74294,2011135413,6,67,67301,2011,12,3,2000,20,3,1,0,7,4, , ,N,0,0,0,3,0,0,1,1,N,N,39 59:03.135,75 12:30.004,2015, ,2013, ,0, ,N, ,0, , , , , ,844966, , , ,1,1,0,0,0,0,0,0,0,0,0,0,0,0,0,0,0,0,0,0,0,0,0,1,0,0,0,0,0,0,0,0,0,0,0,0,0,39.9842,-75.2083, , 
 ,74295,2012001994,6,67,67301,2011,11,3,910,9,1,2,1,4,1, , ,N,1,3,0,3,0,0,2,2,N,N,40 03:11.455,75 09:24.155,945, ,940, ,0, ,N, ,3, , , , , ,844967, , , ,2,1,0,0,0,0,1,0,0,0,0,0,0,0,0,0,0,0,0,0,0,1,0,0,0,0,0,0,0,0,0,0,0,0,0,0,0,40.0532,-75.1567, , 
 ,74296,2012004938,6,67,67301,2011,11,2,800,8,1,1,0,4,1, , ,N,0,0,7,3,0,1,15,2,Y,N,40 06:34.558,75 01:31.179,809, ,801,3,1,5,N, ,0,N, , , , ,844968, , , ,2,1,0,1,0,0,0,0,0,0,0,1,1,0,0,0,0,0,0,0,2,0,0,0,0,0,0,0,0,0,0,0,0,0,0,4,1,40.1096,-75.0253, , 
 ,74297,2012008758,6,67,67301,2011,12,4,1836,18,3,1,0,1,1, , ,N,6,0,2,3,0,0,4,3,N,N,40 00:31.674,75 12:17.709,1852, ,1839,1,1,3,N, ,0,N, , , , ,844969, , , ,3,2,0,0,1,0,0,0,0,0,0,0,0,0,0,0,0,0,0,0,0,0,0,0,0,0,0,0,0,0,0,0,0,0,0,0,0,40.0088,-75.2049, , 
 ,74298,2011134725,6,67,67301,2011,12,6,748,7,1,1,0,2,1, , ,N,2,0,0,3,0,0,2,2,N,N,40 02:18.806,75 12:41.675,751, ,749,1,1,6,N, ,0,Y, , , , ,845037, , , ,2,2,0,0,0,0,0,0,0,0,0,0,0,0,0,0,0,0,0,0,0,0,0,0,0,0,0,0,0,0,0,0,0,0,0,0,0,40.0386,-75.2116, , 
 ,74299,2011106226,6,67,67301,2011,9,5,730,7,1,1,1,4,1, , ,N,3,3,0,3,1,1,2,2,N,N,40 00:01.828,75 05:47.284,740, ,738,3,1,3, ,0,3,Y, , , , ,845044, , , ,2,0,0,0,0,0,1,1,0,0,0,0,1,1,0,0,0,0,0,0,0,1,0,0,0,0,0,0,0,0,0,0,0,0,0,1,0,40.0005,-75.0965,2, 
 ,74300,2012010023,6,67,67301,2011,12,3,33,0,3,1,0,6,1, , ,N,0,0,0,3,0,0,5,2,N,N,40 02:22.721,75 13:26.198,35, ,34,1,1,1,N, ,0,Y, , , , ,845071, , , ,2,2,0,0,0,0,0,0,0,0,0,0,0,0,0,0,0,0,0,0,2,0,0,0,0,0,0,0,0,0,0,0,0,0,0,0,0,40.0396,-75.2239, , 
 ,74301,2011088561,6,67,67301,2011,8,6,1755,17,1,1,0,1,1, , ,N,0,0,0,3,0,0,3,3,N,N,39 59:07.521,75 05:37.077,1818, ,1759,1,1,1,N, ,0,N, , , , ,845089, , , ,3,3,0,0,0,0,0,0,0,0,0,0,0,0,0,0,0,0,0,0,0,0,0,0,0,0,0,0,0,0,0,0,0,0,0,0,0,39.9854,-75.0938, , 
 ,74302,2011093022,6,67,67301,2011,8,2,1548,15,1,1,0,4,1, , ,N,1,3,0,3,0,1,5,2,N, ,39 59:38.230,75 08:56.680,1315, ,1258, ,0, , , ,3, , , , , ,845092, , , ,2,2,0,0,0,0,0,0,0,0,0,1,1,0,1,0,0,0,0,0,0,0,0,5,0,0,0,0,0,0,0,0,0,0,0,4,0,39.994,-75.1491, , 
 ,74303,2011106650,6,67,67301,2011,9,5,818,8,1,2,1,8,1, , ,N,3,2,0,3,0,1,2,2,N,N,39 57:19.222,75 10:59.348,825, ,819, ,0, ,N, ,3, , , , , ,845110, , , ,1,1,0,0,0,0,0,0,0,0,0,0,1,1,0,0,0,0,0,0,0,0,0,0,0,0,0,0,0,0,0,0,1,0,0,8,0,39.9553,-75.1832, , 
 ,74304,2011108761,6,67,67301,2011,9,2,720,7,1,1,0,4,1, , ,N,1,3,0,3,0,1,3,2,N,N,39 55:09.076,75 10:44.536,725, ,723, ,0, ,N, ,2, , , , , ,845114, , , ,2,1,0,0,0,0,1,0,0,0,0,1,1,0,0,0,0,0,0,0,1,0,0,0,0,0,0,0,0,0,0,0,0,0,0,4,0,39.9192,-75.179, , 
 ,74305,2011114363,6,67,67301,2011,10,2,422,4,3,1,1,7,3, , ,N,0,0,0,3,0,0,2,1,N,N,39 57:35.684,75 10:44.754,437, ,437,1,1,3,N, ,0,N, , , , ,845123, , , ,1,1,0,0,0,0,0,0,0,0,0,0,0,0,0,0,0,0,0,0,0,0,0,0,0,0,0,0,0,0,0,0,0,0,0,0,0,39.9599,-75.1791, , 
 ,74306,2011115382,6,67,67301,2011,10,6,1306,13,1,1,1,4,1, , ,N,1,2,0,3,0,2,4,2,N,N,39 59:35.829,75 11:09.657,1315, ,1306, ,0, ,N, ,3, , , , , ,845125, , , ,2,1,0,0,0,0,1,0,0,0,0,2,2,0,0,0,0,0,0,0,1,0,0,0,0,0,0,0,0,0,0,0,0,0,0,4,0,39.9933,-75.186, , 
 ,74307,2011118087,6,67,67301,2011,10,4,1800,18,1,2,1,1,1, , ,N,0,2,0,3,0,0,4,3,N,N,40 02:17.372,75 03:40.991,1807, ,1803,1,1,2,N, ,3,N, , , , ,845129, , , ,3,3,0,0,0,0,0,0,0,0,0,0,0,0,0,0,0,0,0,0,0,0,0,0,0,0,0,0,0,0,0,0,0,0,0,0,0,40.0382,-75.0614, , 
 ,74308,2011118217,6,67,67301,2011,10,3,1712,17,1,1,0,7,1,1,4,Y,0,0,0,3,0,1,1,1,N, ,40 01:53.170,75 13:18.270,1720,99,1713, ,0, , , ,0, ,U, , ,U,845130, , , ,1,1,0,0,0,0,0,0,0,0,0,0,1,1,0,0,0,0,0,0,0,0,0,0,0,0,0,0,0,0,0,0,0,0,0,8,0,40.0314,-75.2217, , 
 ,74309,2012004301,6,67,67301,2011,12,4,1310,13,1,1,0,1,1, , ,N,1,2,0,3,0,1,3,2,N,N,39 59:29.442,75 08:10.101,1335, ,1330, ,0, ,N, ,3, , , , , ,848130, , , ,2,1,0,1,0,0,0,0,0,0,0,0,1,1,0,0,0,0,0,0,0,0,0,0,0,0,0,0,0,0,0,0,0,0,0,8,1,39.9915,-75.1361, , 
 ,74310,2012012624,6,67,67301,2011,10,5,1515,15,1,1,0,6,1, , ,N,5,2,0,3,0,7,8,3,N, ,40 06:50.539,74 59:15.391,1544, ,1524, ,0, , , ,3, , , , , ,848131, , , ,3,2,0,0,0,1,0,0,0,0,0,6,7,1,0,0,0,1,0,0,1,0,0,1,0,0,0,0,0,0,0,0,0,0,0,4,1,40.114,-74.9876, , 
 ,74311,2011131049,6,67,67301,2011,11,6,1716,17,1,1,0,4,1, , ,N,1,2,0,3,0,2,4,2,N,N,40 00:45.376,75 09:39.277,1724, ,1716, ,0, ,N, ,3, , , , , ,848143, , , ,2,2,0,0,0,0,0,0,0,0,0,0,2,2,0,0,0,0,0,0,1,0,0,3,0,0,0,0,0,0,0,0,0,0,0,8,0,40.0126,-75.1609, , 
 ,74312,2012002091,6,67,67301,2011,12,5,1345,13,1,1,0,8,1, , ,N,0,0,0,3,0,1,2,2,N,N,40 02:46.856,75 04:07.500,1610, ,1605, ,0, ,N, ,0, , , , , ,848150, , , ,1,0,0,0,0,0,1,0,0,0,0,1,1,0,1,0,0,0,0,0,0,0,0,0,0,0,0,0,0,0,0,0,1,0,0,4,0,40.0463,-75.0688, , 
 ,74313,2012004346,6,67,67301,2011,12,5,1730,17,3,2,1,4,1, , ,N,0,0,7,3,0,0,3,2,N,N,40 02:40.361,75 08:36.743,1833, ,1833, ,0, ,N, ,0, , , , , ,848151, , , ,2,2,0,0,0,0,0,0,0,0,0,0,0,0,1,0,0,0,0,1,0,0,0,0,0,0,0,0,0,0,0,0,0,0,0,9,0,40.0445,-75.1435, , 
 ,74314,2012042140,6,67,67301,2011,10,2,2241,22,3,1,0,4,2, , ,N,0,0,7,3,0,1,2,2,N, ,39 57:41.125,75 08:12.562,15, ,2328, ,0, , , ,0, , , , , ,848153, , , ,1,0,0,1,0,0,0,0,1,0,1,0,1,0,0,0,0,0,0,0,1,0,0,0,0,0,0,0,0,0,0,0,0,0,0,3,1,39.9614,-75.1368, , 
 ,74315,2012002048,6,67,67301,2011,12,5,1837,18,3,1,0,4,1, , ,N,2,3,0,3,0,1,4,2,N,N,39 57:48.060,75 09:46.616,2000, ,1841, ,0, , , ,3, , , , , ,848175, , , ,2,1,0,0,0,0,1,0,0,0,0,1,1,0,0,0,0,0,0,0,0,0,0,0,0,0,0,0,0,0,0,0,0,0,0,4,0,39.9634,-75.1629, , 
 ,74316,2012004302,6,67,67301,2011,12,6,300,3,3,1,0,7,2, , ,N,0,0,0,3,0,0,1,1,N,N,40 00:24.292,75 11:30.362,301, ,300,3,2,5,N, ,0,N, , , , ,848176, , , ,1,1,0,0,0,0,0,0,0,0,0,0,0,0,0,0,0,0,0,0,0,0,0,0,0,0,0,0,0,0,0,0,0,0,0,0,0,40.0067,-75.1918, , 
 ,74317,2011126350,6,67,67301,2011,11,5,1800,18,4,1,0,2,1, , ,N,1,3,0,3,0,3,3,2,N,N,40 03:52.970,75 10:39.784,1930, ,1927, ,0, ,N, ,3, , , , , ,848188, , , ,2,2,0,0,0,0,0,0,0,0,0,0,3,3,0,0,0,0,0,0,0,0,0,0,0,0,0,0,0,0,0,0,0,0,0,8,0,40.0647,-75.1777, , 
 ,74318,2011134768,6,67,67301,2011,12,2,1705,17,4,1,0,8,6, , ,N,0,0,0,3,0,1,1,2,N, ,39 55:15.130,75 10:31.410,1720, ,1705, ,0, , , ,0, , , , , ,848193, , , ,1,1,0,0,0,0,0,0,0,0,0,1,1,0,0,0,0,0,0,0,0,0,0,0,0,0,0,0,0,0,0,0,1,0,0,4,0,39.9209,-75.1754, , 
 ,74319,2012004254,6,67,67301,2011,12,5,9999,99,3,1,0,4,1, , ,N,1,3,0,3,0,0,2,4,N, ,39 58:29.830,75 07:22.258,9999, ,2145, ,0, , , ,3, , , , , ,848196, , , ,4,2,0,0,1,0,1,0,0,0,0,0,0,0,0,0,0,0,0,0,0,0,0,0,0,0,0,0,0,0,0,0,0,0,0,0,0,39.975,-75.1228, , 
 ,74320,2012010116,6,67,67301,2011,12,4,1103,11,1,1,1,5,1, , ,N,0,0,0,3,0,0,2,2,N,N,40 01:45.722,75 11:09.763,1105, ,1104, ,0, ,N, ,0, , , , , ,848197, , , ,2,1,0,0,0,1,0,0,0,0,0,0,0,0,0,0,0,0,0,0,0,0,0,0,0,0,0,0,0,0,0,0,0,0,0,0,0,40.0294,-75.1861, , 
 ,74321,2011066044,6,67,67301,2011,5,7,2235,22,3,1,0,8,1, , ,N,1,3,0,3,0,1,2,2,N,N,39 58:37.898,75 10:47.233,2240, ,2235, ,0, ,N, ,3, , , , , ,848200, , , ,1,1,0,0,0,0,0,0,0,0,0,1,1,0,0,0,0,0,0,0,0,1,0,0,0,0,0,0,0,0,0,0,1,0,0,4,0,39.9772,-75.1798, , 
 ,74322,2011088039,6,67,67301,2011,7,4,740,7,1,1,0,8,9, , ,N,2,0,0,3,0,1,2,2,N,N,39 57:55.771,75 14:36.873,805, ,747, ,0, ,N, ,0, , , , , ,848211, , , ,1,1,0,0,0,0,0,0,0,0,0,0,1,1,1,0,0,0,0,0,0,0,0,1,0,0,0,0,0,0,0,0,1,0,0,8,0,39.9655,-75.2436, , 
 ,74323,2011064051,6,67,67301,2011,5,1,1207,12,1,1,0,8,1, , ,N,5,2,0,3,0,1,2,2,N,N,40 00:24.105,75 08:35.066,1710, ,1708,9,2,1,N, ,3,N, , , , ,848239, , , ,1,1,0,0,0,0,0,0,0,0,0,1,1,0,0,0,0,0,0,1,0,0,0,0,0,0,0,0,0,0,0,0,1,0,0,4,0,40.0067,-75.1431, , 
 ,74324,2011066143,6,67,67301,2011,6,7,1434,14,1,1,0,4,1, , ,N,2,3,0,3,0,0,3,2,N,N,40 01:07.309,75 06:05.983,1441, ,1436, ,0, ,N, ,3, , , , , ,848242, , , ,2,2,0,0,0,0,0,0,0,0,0,0,0,0,0,0,0,0,0,1,0,0,0,0,0,0,0,0,0,0,0,0,0,0,0,0,0,40.0187,-75.1017, , 
 ,74325,2011090431,6,67,67301,2011,7,5,1952,19,4,1,0,1,1, , ,N,1,3,0,3,0,1,2,2,N,N,40 00:07.491,75 10:10.041,1955, ,1952, ,0, ,N, ,3, , , , , ,848259, , , ,2,0,1,0,1,0,0,0,0,1,0,0,1,0,1,0,0,0,0,1,0,0,0,1,0,0,0,0,0,1,0,0,0,0,0,2,0,40.0021,-75.1695, , 
 ,74326,2011132883,6,67,67301,2011,11,5,110,1,3,2,1,4,1, , ,N,1,3,1,3,0,1,2,2,N,N,39 56:43.724,75 13:13.472,115, ,113, ,0, ,N, ,3, , , , , ,848272, , , ,2,2,0,0,0,0,0,0,0,0,0,0,1,1,1,0,0,0,0,0,0,0,0,1,0,0,0,0,0,0,0,0,0,0,0,8,0,39.9455,-75.2204, , 
 ,74327,2011054324,6,67,67301,2011,4,4,1617,16,1,1,0,5,1, , ,N,0,2,0,3,0,2,2,2,N,N,39 56:37.244,75 11:47.447,1622, ,1619, ,0, ,N, ,3, , , , , ,853556, , , ,2,2,0,0,0,0,0,0,0,0,0,0,2,2,0,0,0,0,0,0,0,0,0,0,0,0,0,0,0,0,0,0,0,0,0,8,0,39.9437,-75.1965, , 
 ,74328,2011061870,6,67,67301,2011,5,3,2208,22,3,2,1,4,1, , ,N,0,0,7,3,0,3,4,2,N,N,39 56:03.170,75 13:19.440,2220, ,2210,1,1,4,N, ,0,N, , , , ,853565, , , ,2,0,0,0,1,0,1,0,0,0,0,3,3,0,0,0,0,0,0,0,0,0,0,0,0,0,0,0,0,0,0,0,0,0,0,4,0,39.9342,-75.2221, , 
 ,74329,2011095476,6,67,67301,2011,8,6,2110,21,3,1,0,4,1, , ,N,1,2,0,3,0,4,4,2,N,N,39 54:14.223,75 09:44.157,2115, ,2113, ,0, ,N, ,3, , , , , ,853580, , , ,2,2,0,0,0,0,0,0,0,0,0,4,4,0,0,0,1,0,0,0,0,1,0,0,0,0,0,0,0,0,0,0,0,0,0,4,0,39.904,-75.1623, , 
 ,74330,2011095506,6,67,67301,2011,8,7,9999,99,3,2,1,1,1, , ,N,1,0,0,3,0,1,2,2,N, ,39 59:40.045,75 10:15.934,9999, ,2153, ,0, , , ,0, , , , , ,853581, , , ,2,2,0,0,0,0,0,0,0,0,0,1,1,0,1,0,0,0,0,0,0,0,0,1,0,0,0,0,0,0,0,0,0,0,0,4,0,39.9945,-75.1711, , 
 ,74331,2011106235,6,67,67301,2011,9,5,225,2,3,1,1,7,1, , ,N,1,2,0,3,0,0,1,2,N,N,39 57:02.847,75 11:43.137,230, ,228, ,0, ,N, ,3, , , , , ,853588, , , ,1,1,0,0,0,0,0,0,0,0,0,0,0,0,0,0,0,0,0,0,0,0,0,0,0,0,0,0,0,0,0,0,0,0,0,0,0,39.9508,-75.1953, , 
 ,74332,2011114686,6,67,67301,2011,10,1,1200,12,1,1,0,8,1, , ,N,1,2,0,3,1,0,2,2,N,N,40 00:13.178,75 10:08.095,1230, ,1224, ,0, ,N,0,3, , , , , ,853597, , , ,1,1,0,0,0,0,0,0,0,0,0,0,0,0,0,0,0,0,0,0,1,0,0,0,0,0,0,0,0,0,0,0,1,1,0,1,0,40.0037,-75.1689,1, 
 ,74333,2011116707,6,46,46102,2011,11,7,1010,10,1,1,0,4,1, , ,N,1,2,2,3,0,2,4,2,N,N,40 03:42.744,75 08:12.512,1015, ,1014,1,1,2,N, ,3,N, , , , ,853600, , , ,2,1,0,0,0,0,0,1,0,0,0,0,2,2,0,0,0,0,0,0,0,0,0,0,0,0,0,0,0,0,0,0,0,0,0,8,0,40.0618,-75.1367, , 
 ,74334,2011118179,6,67,67301,2011,10,7,1518,15,1,1,0,4,1, , ,N,1,2,0,3,0,2,3,2,N,N,39 59:29.818,75 08:10.215,1541, ,1536,1,2,4,N, ,3,Y, , , , ,853601, , , ,2,1,0,0,0,0,1,0,0,0,0,0,2,2,0,0,0,0,0,0,1,0,0,0,0,0,0,0,0,0,0,0,0,0,0,8,0,39.9915,-75.1361, , 
 ,74335,2012001897,6,67,67301,2011,12,2,1145,11,1,1,0,8,1, , ,N,1,2,0,3,0,1,2,2,N,N,39 59:58.827,75 05:56.359,1149, ,1145, ,0, ,N, ,3, , , , , ,853611, , , ,1,1,0,0,0,0,0,0,0,0,0,1,1,0,0,0,0,0,0,0,1,0,0,0,0,0,0,0,0,0,0,0,1,0,0,4,0,39.9997,-75.099, , 
 ,74336,2012002004,6,67,67301,2011,12,5,1345,13,1,1,0,7,3, , ,N,1,2,1,3,0,1,2,1,N,N,40 00:25.549,75 05:38.543,1415, ,1400, ,0, ,N, ,3, , , , , ,853612, , , ,1,0,0,0,1,0,0,0,0,0,0,0,1,1,0,0,0,0,0,0,0,0,0,0,0,0,0,0,0,0,0,0,0,0,0,8,0,40.0071,-75.094, , 
 ,74337,2012002119,6,67,67301,2011,12,3,645,6,5,2,1,4,1, , ,N,2,3,0,3,0,2,3,2,N,N,40 02:12.495,75 08:00.167,659, ,659,1,2,6,N, ,3,Y, , , , ,853613, , , ,2,1,0,0,0,0,1,0,0,0,0,2,2,0,0,0,0,0,0,0,0,0,0,0,0,0,0,0,0,0,0,0,0,0,0,4,0,40.0368,-75.1334, , 
 ,74338,2012002087,6,67,67301,2011,12,6,150,1,3,1,0,7,5, , ,N,0,0,0,3,0,2,2,1,N,N,40 00:46.610,75 08:53.560,153, ,150, ,0, ,N, ,0, , , , , ,853628, , , ,1,1,0,0,0,0,0,0,0,0,0,0,2,2,0,0,0,0,0,0,0,0,0,0,0,0,0,0,0,0,0,0,0,0,0,8,0,40.0129,-75.1482, , 
 ,74339,2011118471,6,67,67301,2011,10,3,1730,17,1,1,0,1,1, , ,N,0,0,0,3,0,0,4,2,N,N,40 02:30.945,75 01:36.082,1746, ,1736, ,0, ,N, ,0, , , , , ,853640, , , ,2,2,0,0,0,0,0,0,0,0,0,0,0,0,4,0,0,0,0,0,0,0,0,1,0,0,0,0,0,0,0,0,0,0,0,9,0,40.0419,-75.0267, , 
 ,74340,2011132635,6,67,67301,2011,11,2,1615,16,1,1,0,8,1, , ,N,1,3,0,3,0,1,2,2,N,N,39 59:17.214,75 14:32.719,1635, ,1622, ,0, ,N, ,3, , , , , ,853654, , , ,1,0,0,0,0,0,1,0,0,0,0,0,1,1,0,0,0,0,0,0,1,0,0,0,0,0,0,0,0,0,0,0,1,0,0,8,0,39.9881,-75.2424, , 
 ,74341,2011132719,6,67,67301,2011,11,6,845,8,1,1,0,2,1, , ,N,0,0,3,3,0,1,3,2,N, ,40 04:31.562,75 03:20.350,850, ,848, ,0, , , ,0, , , , , ,853655, , , ,2,1,0,0,0,0,1,0,0,0,0,1,1,0,1,0,0,0,0,0,0,0,1,0,0,0,0,0,0,0,0,0,0,0,0,4,0,40.0754,-75.0557, , 
 ,74342,2011132746,6,67,67301,2011,11,4,1925,19,3,1,0,4,1, , ,N,0,0,0,3,0,1,5,2,N,N,39 55:29.659,75 10:10.639,1940, ,1932, ,0, ,N, ,0, , , , , ,853656, , , ,2,1,0,0,0,0,1,0,0,0,0,1,1,0,0,0,0,0,0,0,1,0,0,0,0,0,0,0,0,0,0,0,0,0,0,4,0,39.9249,-75.1696, , 