wz_ln_closure,objectid_1,crn,district,county,municipality,crash_year,crash_month,day_of_week,time_of_day,hour_of_day,illumination,weather,road_condition,collision_type,relation_to_road,work_zone_type,work_zone_loc,work_zone_ind,intersect_type,tcd_type,location_type,urban_rural,fatal_count,injury_count,person_count,total_units,sch_bus_ind,sch_zone_ind,latitude,longitude,arrival_tm,cons_zone_spd_lim,dispatch_tm,est_hrs_closed,lane_closed,ln_close_dir,ntfy_hiwy_maint,spec_juris_cd,tcd_func_cd,tfc_detour_ind,workers_pres,wz_close_detour,wz_flagger,wz_law_offcr_ind,objectid,wz_moving,wz_other,wz_shlder_mdn,vehicle_count,automobile_count,motorcycle_count,bus_count,small_truck_count,heavy_truck_count,suv_count,van_count,bicycle_count,maj_inj_count,mod_inj_count,min_inj_count,tot_inj_count,unk_inj_deg_count,unk_inj_per_count,driver_count_16yr,driver_count_17yr,driver_count_18yr,driver_count_19yr,driver_count_20yr,driver_count_50_64yr,driver_count_65_74yr,driver_count_75plus,unbelted_occ_count,unb_death_count,unb_maj_inj_count,belted_death_count,belted_maj_inj_count,mcycle_death_count,mcycle_maj_inj_count,bicycle_death_count,bicycle_maj_inj_count,ped_count,ped_death_count,ped_maj_inj_count,max_severity_level,comm_veh_count,dec_lat,dec_long,rdwy_surf_type_cd,county_name
 ,74409,2011083388,6,67,67301,2011,7,2,700,7,1,1,0,1,1, , ,N,3,3,0,3,0,1,3,2,N,N,39 57:30.992,75 12:28.771,2305, ,2300, ,0, ,N, ,3, , , , , ,829088, , , ,2,2,0,0,0,0,0,0,0,0,0,1,1,0,0,0,0,0,0,0,0,0,0,0,0,0,0,0,0,0,0,0,0,0,0,4,0,39.9586,-75.208, , 
 ,74410,2011112195,6,67,67301,2011,10,3,9999,99,3,1,0,1,1, , ,N,1,0,2,3,0,1,3,2,N,N,40 00:30.736,75 12:38.579,9999, ,9999, ,0, ,N, ,0, , , , , ,829094, , , ,2,1,0,0,0,0,1,0,0,0,0,1,1,0,0,0,0,0,0,0,0,0,0,0,0,0,0,0,0,0,0,0,0,0,0,4,0,40.0084,-75.211, , 
 ,74411,2011118093,6,67,67301,2011,10,7,1530,15,1,4,1,1,3, , ,N,0,0,0,3,0,1,1,2,N,N,39 58:05.511,75 09:36.272,1533, ,1533, ,0, ,N, ,0, , , , , ,829100, , , ,2,1,0,0,1,0,0,0,0,0,1,0,1,0,0,0,0,0,0,0,0,0,0,0,0,0,0,0,0,0,0,0,0,0,0,3,0,39.9682,-75.1601, , 
 ,74412,2011126302,6,67,67301,2011,11,4,650,6,5,1,0,8,1, , ,N,1,2,0,3,0,1,2,2,N,N,39 55:49.503,75 10:05.905,721, ,720, ,0, ,N, ,3, , , , , ,829107, , , ,1,1,0,0,0,0,0,0,0,0,0,1,1,0,0,0,0,0,0,0,0,0,0,0,0,0,0,0,0,0,0,0,1,0,0,4,0,39.9305,-75.1683, , 
 ,74413,2011126396,6,67,67301,2011,11,3,1414,14,1,1,0,4,1, , ,N,1,2,0,3,0,1,2,2,N,N,40 01:34.938,75 05:51.163,1433, ,1421,1,1,3,N, ,3,N, , , , ,829108, , , ,1,1,0,0,0,0,0,0,1,0,0,1,1,0,0,0,0,0,0,0,0,1,0,0,0,0,0,0,0,0,0,0,0,0,0,4,0,40.0264,-75.0975, , 
 ,74414,2011126450,6,67,67301,2011,11,2,836,8,1,1,0,1,1, , ,N,0,0,0,3,0,0,1,2,N,N,40 03:32.767,75 02:03.998,917, ,911, ,0, ,N, ,0, , , , , ,829109, , , ,2,2,0,0,0,0,0,0,0,0,0,0,0,0,0,0,0,0,0,0,0,0,1,0,0,0,0,0,0,0,0,0,0,0,0,0,0,40.0591,-75.0344, , 
 ,74415,2011109533,6,67,67301,2011,9,7,1643,16,1,1,0,7,3, , ,N,0,0,0,3,0,2,2,1,N,N,39 59:26.966,75 05:12.168,1654, ,1646,2,2,2,N, ,0,N, , , , ,829122, , , ,1,1,0,0,0,0,0,0,0,0,0,0,2,2,0,0,0,0,0,0,0,0,0,0,0,0,0,0,0,0,0,0,0,0,0,8,0,39.9909,-75.0867, , 
 ,74416,2011118098,6,67,67301,2011,10,2,1530,15,1,1,0,8,1, , ,N,1,2,0,3,0,1,2,2,N, ,40 02:01.052,75 02:48.431,1545, ,1541,1,1,1, , ,3,N, , , , ,829127, , , ,1,1,0,0,0,0,0,0,0,0,0,0,1,1,0,0,0,0,0,0,0,0,0,1,0,0,0,0,0,0,0,0,1,0,0,8,0,40.0336,-75.0468, , 
 ,74417,2011066166,6,67,67301,2011,6,4,2205,22,3,1,0,4,1, , ,N,1,3,0,3,0,1,2,4, , ,39 55:19.387,75 10:52.226,2215, ,2210, ,0, , , ,3, , , , , ,829143, , , ,4,4,0,0,0,0,0,0,0,0,0,1,1,0,0,0,0,0,0,0,0,0,0,0,0,0,0,0,0,0,0,0,0,0,0,4,0,39.9221,-75.1812, , 
 ,74418,2011082643,6,67,67301,2011,7,1,9999,99,1,1,0,1,1, , ,N,1,2,0,3,0,3,4,2,N,N,39 58:13.810,75 14:03.170,9999, ,9999, ,0, ,N, ,3, , , , , ,832286, , , ,2,2,0,0,0,0,0,0,0,0,1,2,3,0,0,0,0,0,0,0,0,0,0,0,0,0,0,0,0,0,0,0,0,0,0,3,0,39.9705,-75.2342, , 
 ,74419,2011083443,6,67,67301,2011,7,4,2055,20,3,1,0,1,1, , ,N,5,2,0,3,0,1,2,2,N,N,40 03:04.165,75 03:57.869,2110, ,2102, ,0, ,N, ,3, , , , , ,832287, , , ,2,2,0,0,0,0,0,0,0,0,0,1,1,0,1,0,0,0,0,0,0,0,0,0,0,0,0,0,0,0,0,0,0,0,0,4,0,40.0512,-75.0661, , 
 ,74420,2011066037,6,67,67301,2011,5,5,2029,20,1,1,0,1,4, , ,N,1,0,0,3,0,3,3,2,N,N,39 57:28.627,75 13:38.423,2031, ,2029, ,0, ,N, ,0, , , , , ,832300, , , ,2,2,0,0,0,0,0,0,0,0,0,1,3,2,0,0,0,0,0,0,0,0,0,1,0,0,0,0,0,0,0,0,0,0,0,4,0,39.958,-75.2273, , 
 ,74421,2011092955,6,67,67301,2011,8,7,9999,99,1,1,0,5,1, , ,N,0,0,0,3,0,1,2,2,N,N,40 03:21.858,75 00:10.362,1335, ,1320,2,1,1,N, ,0,Y, , , , ,832322, , , ,2,2,0,0,0,0,0,0,0,0,0,1,1,0,0,0,0,0,0,0,1,0,0,1,0,0,0,0,0,0,0,0,0,0,0,4,0,40.0561,-75.0029, , 
 ,74422,2011096426,6,67,67301,2011,9,2,1706,17,1,1,0,5,1, , ,N,0,0,0,3,0,0,2,2,N,N,39 53:56.725,75 10:42.270,1707, ,1707, ,0, ,N, ,0, , , , , ,832327, , , ,2,1,0,0,0,1,0,0,0,0,0,0,0,0,0,0,0,0,0,0,0,0,0,0,0,0,0,0,0,0,0,0,0,0,0,0,1,39.8991,-75.1784, , 
 ,74423,2011122781,6,67,67301,2011,11,3,1632,16,1,1,0,4,1, , ,N,2,2,0,3,0,1,2,2,N,N,39 59:15.615,75 13:29.927,1640, ,636,1,1,2,N, ,3,N, , , , ,832351, , , ,2,1,0,0,0,0,1,0,0,0,0,1,1,0,0,0,0,0,0,0,0,0,1,0,0,0,0,0,0,0,0,0,0,0,0,4,0,39.9877,-75.225, , 
 ,74424,2011126623,6,67,67301,2011,11,2,1345,13,1,1,0,1,1, , ,N,0,0,0,3,0,1,39,2,N,N,39 57:30.783,75 10:05.590,1356, ,1347, ,0, ,N, ,0, , , , , ,832354, , , ,2,1,0,1,0,0,0,0,0,0,0,0,1,1,0,0,0,0,0,0,2,0,0,0,0,0,0,0,0,0,0,0,0,0,0,8,1,39.9586,-75.1682, , 
 ,74425,2011066262,6,67,67301,2011,5,3,1200,12,1,1,0,4,1, , ,N,1,3,0,3,0,3,4,2,N,N,39 55:51.079,75 13:02.437,1220, ,1210,9,1,6,N, ,3,N, , , , ,832360, , , ,2,1,0,0,0,1,0,0,0,0,0,0,3,3,0,0,0,0,0,0,0,1,0,0,0,0,0,0,0,0,0,0,0,0,0,8,1,39.9309,-75.2173, , 
 ,74426,2011068734,6,67,67301,2011,6,6,9999,99,1,1,0,8,1, , ,N,0,0,0,3,0,1,2,2,N,N,39 58:53.994,75 08:32.827,2106, ,2105, ,0, , , ,0, , , , , ,832361, , , ,1,1,0,0,0,0,0,0,0,0,1,0,1,0,0,0,0,0,0,0,0,0,0,0,0,0,0,0,0,0,0,0,1,0,0,3,0,39.9817,-75.1425, , 
 ,74427,2011065531,6,67,67301,2011,5,4,9999,99,3,1,0,8,1, , ,N,0,0,0,3,0,1,2,2, , ,39 59:37.965,75 09:16.566,1238, ,1233, ,0, , , ,0, , , , , ,832369, , , ,1,1,0,0,0,0,0,0,0,0,0,1,1,0,0,0,0,0,0,0,0,0,0,0,0,0,0,0,0,0,0,0,1,0,0,4,0,39.9939,-75.1546, , 
 ,74428,2011073321,6,67,67301,2011,6,2,1750,17,1,1,0,8,1, , ,N,0,0,0,3,0,1,2,2, , ,40 01:22.742,75 03:38.066,1805, ,1800, ,0, , , ,0, , , , , ,832377, , , ,1,0,0,0,0,0,1,0,0,1,0,0,1,0,0,0,0,0,0,0,0,0,0,0,0,0,0,0,0,0,0,0,1,0,1,2,0,40.023,-75.0606, , 
 ,74429,2011082698,6,67,67301,2011,7,1,1605,16,1,1,0,4,1, , ,N,2,0,0,3,0,1,2,2,N, ,39 55:31.354,75 13:32.917,1616, ,1608, ,0, , , ,0, , , , , ,832381, , , ,2,1,0,0,0,0,1,0,0,0,0,1,1,0,0,0,0,0,0,0,0,0,0,2,0,0,0,0,0,0,0,0,0,0,0,4,0,39.9254,-75.2258, , 
 ,74430,2011083368,6,67,67301,2011,7,6,738,7,1,1,0,1,1, , ,N,0,0,7,3,0,0,2,2,N,N,40 05:37.756,75 01:52.243,741, ,740, ,0, , , ,0, , , , , ,832382, , , ,2,1,0,0,0,0,0,1,0,0,0,0,0,0,0,0,0,0,0,0,0,0,0,0,0,0,0,0,0,0,0,0,0,0,0,0,0,40.0938,-75.0312, , 
 ,74431,2011087819,6,67,67301,2011,8,3,1632,16,1,1,0,8,1, , ,N,1,3,0,3,0,3,4,5,N,N,40 00:10.868,75 07:39.525,1635, ,1633, ,0, ,N, ,3, , , , , ,832389, , , ,2,2,0,0,0,0,0,0,0,0,3,0,3,0,1,0,0,0,0,0,0,0,0,1,0,0,0,0,0,0,0,0,3,0,0,3,0,40.003,-75.1276, , 
 ,74432,2011088018,6,67,67301,2011,8,6,1320,13,1,1,0,4,1, , ,N,1,2,0,3,0,1,2,2,N,N,39 55:09.904,75 10:14.985,1355, ,1351, ,0, ,N, ,3, , , , , ,832390, , , ,2,1,0,0,0,0,1,0,0,0,0,1,1,0,0,0,0,0,0,0,1,0,1,0,0,0,0,0,0,0,0,0,0,0,0,4,0,39.9194,-75.1707, , 
 ,74433,2011100906,6,67,67301,2011,9,3,1635,16,1,1,0,8,1, , ,N,0,0,0,3,0,1,2,2,N,N,40 02:07.378,75 10:30.712,1640, ,1640, ,0, , , ,0, , , , , ,832402, , , ,1,1,0,0,0,0,0,0,0,0,0,0,1,1,0,0,0,0,0,0,1,0,0,0,0,0,0,0,0,0,0,0,1,0,0,8,0,40.0354,-75.1752, , 
 ,74434,2011056990,6,67,67301,2011,5,6,1615,16,1,1,0,0,3, , ,N,0,0,0,3,0,1,1,1,N,N,39 54:49.945,75 13:17.868,1615, ,1615, ,0, ,N, ,0, , , , , ,832414, , , ,1,1,0,0,0,0,0,0,0,0,0,1,1,0,0,0,0,0,1,0,0,0,0,1,0,0,0,0,0,0,0,0,0,0,0,4,0,39.9147,-75.2214, , 
 ,74435,2011090337,6,67,67301,2011,6,6,1700,17,1,9,0,1,1, , ,N,1,9,0,3,0,1,2,2,N,N,39 58:28.020,75 09:31.391,9999, ,1400, ,0, ,N, ,9, , , , , ,832448, , , ,2,1,0,0,0,0,0,1,0,0,0,0,1,1,1,0,0,0,0,1,0,0,0,0,0,0,0,0,0,0,0,0,0,0,0,8,0,39.9745,-75.1587, , 
 ,74436,2011088003,6,67,67301,2011,7,6,1840,18,1,1,0,4,1, , ,N,1,2,0,3,0,2,3,2,N,N,39 56:18.878,75 11:54.439,1843, ,1841, ,0, , , ,3, , , , , ,835643, , , ,2,2,0,0,0,0,0,0,0,0,0,2,2,0,0,0,0,0,0,0,0,0,0,0,0,0,0,0,0,0,0,0,0,0,0,4,0,39.9386,-75.1985, , 
 ,74437,2011083424,6,67,67301,2011,7,2,1145,11,1,1,0,4,1, , ,N,5,2,0,3,0,0,2,2,N,N,40 04:51.077,75 01:43.585,1150, ,1145,1,1,2,N, ,3,N, , , , ,835645, , , ,2,2,0,0,0,0,0,0,0,0,0,0,0,0,0,0,0,0,0,0,1,0,0,0,0,0,0,0,0,0,0,0,0,0,0,0,0,40.0809,-75.0288, , 
 ,74438,2011097326,6,67,67301,2011,9,6,1434,14,1,2,1,7,2, , ,N,0,0,0,3,0,0,1,1,N,N,40 01:26.708,75 01:54.281,1451, ,1435, ,0, ,Y, ,0, , , , , ,835660, , , ,1,1,0,0,0,0,0,0,0,0,0,0,0,0,0,0,0,0,0,0,0,0,0,0,0,0,0,0,0,0,0,0,0,0,0,0,0,40.0241,-75.0316, , 
 ,74439,2011118188,6,67,67301,2011,10,1,220,2,3,4,5,7,4, , ,N,1,0,0,3,0,2,3,1,N,N,40 05:38.581,75 01:51.296,225, ,220,3,2,1,N, ,0,Y, , , , ,835678, , , ,1,1,0,0,0,0,0,0,0,0,0,2,2,0,0,0,0,0,0,0,0,0,0,1,0,0,0,0,0,0,0,0,0,0,0,4,0,40.0941,-75.0309, , 
 ,74440,2011055715,6,67,67301,2011,5,5,1613,16,1,1,0,5,1, , ,N,0,0,0,3,0,1,3,2,N,N,39 56:26.820,75 08:35.201,1619, ,1616,2,1,1,N, ,0,N, , , , ,835679, , , ,2,0,1,0,1,0,0,0,0,0,1,0,1,0,0,0,0,0,0,0,1,0,0,0,0,0,0,0,0,0,0,0,0,0,0,3,0,39.9407,-75.1431, , 
 ,74441,2011057296,6,67,67301,2011,5,4,2124,21,3,1,0,4,1, , ,N,2,2,0,3,0,2,3,2,N,N,39 55:37.020,75 09:04.132,2124, ,2124, ,0, , , ,3, , , , , ,835683, , , ,2,1,0,0,0,0,1,0,0,0,0,0,2,2,1,0,0,0,0,0,0,0,0,0,0,0,0,0,0,0,0,0,0,0,0,8,0,39.927,-75.1511, , 
 ,74442,2011061181,6,67,67301,2011,6,6,2341,23,3,1,0,1,1, , ,N,0,0,0,3,0,1,4,2,N,N,40 02:12.225,75 00:50.810,2352, ,2343,1,1,1,N, ,0,N, , , , ,835685, , , ,2,2,0,0,0,0,0,0,0,0,0,1,1,0,0,0,0,0,0,0,0,0,0,0,0,0,0,0,0,0,0,0,0,0,0,4,0,40.0367,-75.0142, , 
 ,74443,2011068445,6,67,67301,2011,6,5,1244,12,1,1,0,5,1, , ,N,0,0,0,3,0,0,2,2,N,N,40 01:52.483,75 05:04.953,1830, ,1830, ,0, ,N, ,0, , , , , ,835690, , , ,2,2,0,0,0,0,0,0,0,0,0,0,0,0,1,0,0,0,0,0,0,0,0,0,0,0,0,0,0,0,0,0,0,0,0,9,0,40.0312,-75.0847, , 
 ,74444,2011096948,6,67,67301,2011,9,1,1357,13,1,1,0,5,1, , ,N,0,0,0,3,0,1,5,2,N,N,39 55:24.602,75 08:51.267,1411, ,1402, ,0, ,N, ,0, , , , , ,835751, , , ,2,2,0,0,0,0,0,0,0,0,0,1,1,0,0,0,0,0,0,0,0,0,0,0,0,0,0,0,0,0,0,0,0,0,0,4,0,39.9236,-75.1476, , 
 ,74445,2011114231,6,67,67301,2011,10,3,525,5,3,1,0,2,1, , ,N,2,3,0,3,0,1,1,3,N,N,39 55:37.231,75 14:36.560,527, ,526, ,0, , , ,3, , , , , ,835778, , , ,3,2,0,0,1,0,0,0,0,0,0,1,1,0,0,0,0,0,0,0,0,0,0,0,0,0,0,0,0,0,0,0,0,0,0,4,0,39.927,-75.2435, , 
 ,74446,2011114837,6,67,67301,2011,10,1,346,3,3,8,5,7,3, , ,N,0,0,0,3,0,0,1,1,N,N,40 01:44.837,75 01:22.230,422, ,403,2,1,2,Y, ,0,N, , , , ,835779, , , ,1,1,0,0,0,0,0,0,0,0,0,0,0,0,0,0,0,0,0,0,0,0,0,0,0,0,0,0,0,0,0,0,0,0,0,0,0,40.0292,-75.0227, , 
 ,74447,2011075753,6,67,67301,2011,6,7,1625,16,1,1,0,4,1, , ,N,5,2,0,3,0,1,10,3,N,N,40 04:28.594,75 02:06.267,1635, ,1628,2,2,2,N, ,3,Y, , , , ,835795, , , ,3,0,0,0,1,0,2,0,0,0,0,0,1,1,0,0,0,0,0,0,1,0,0,6,0,0,0,0,0,0,0,0,0,0,0,8,0,40.0745,-75.035, , 
 ,74448,2011085034,6,67,67301,2011,7,3,1600,16,1,1,0,1,1, , ,N,2,0,0,3,0,4,8,4,N, ,40 01:41.760,75 11:05.065,1607, ,1600, ,0, , , ,0, , , , , ,835802, , , ,4,4,0,0,0,0,0,0,0,0,0,4,4,0,0,0,0,0,1,0,0,0,0,8,0,0,0,0,0,0,0,0,0,0,0,4,0,40.0283,-75.1848, , 
 ,74449,2011085551,6,67,67301,2011,7,1,1435,14,1,2,1,4,1, , ,N,1,3,0,3,0,0,4,2,N,N,40 03:31.504,75 03:02.099,1537, ,1526, ,0, , , ,2, , , , , ,835803, , , ,2,2,0,0,0,0,0,0,0,0,0,0,0,0,0,0,0,0,0,0,0,1,0,0,0,0,0,0,0,0,0,0,0,0,0,0,0,40.0588,-75.0506, , 
 ,74450,2011089719,6,67,67301,2011,8,1,725,7,8,6,7,7,2, , ,N,0,0,0,3,0,0,1,1,N,N,40 01:35.759,75 01:36.069,809, ,809, ,0, ,N, ,0, , , , , ,835807, , , ,1,1,0,0,0,0,0,0,0,0,0,0,0,0,0,0,0,0,0,0,0,0,0,0,0,0,0,0,0,0,0,0,0,0,0,0,0,40.0267,-75.0265, , 
 ,74451,2011057003,6,67,67301,2011,5,7,2129,21,3,1,0,2,1, , ,N,0,0,0,3,0,1,3,2,N,N,39 56:30.303,75 12:32.358,2209, ,2129, ,0, ,N, ,0, , , , , ,835826, , , ,2,1,0,0,0,0,1,0,0,0,0,0,1,1,0,0,0,0,0,1,0,0,0,1,0,0,0,0,0,0,0,0,0,0,0,8,0,39.9418,-75.209, , 
 ,74452,2011064078,6,67,67301,2011,5,6,100,1,3,1,0,8,1, , ,N,1,2,0,3,0,1,1,2,N,N,39 59:43.623,75 07:47.693,9999, ,1115, ,0, ,N, ,3, , , , , ,835831, , , ,1,1,0,0,0,0,0,0,0,0,1,0,1,0,0,0,0,0,0,0,0,0,0,0,0,0,0,0,0,0,0,0,1,0,0,3,0,39.9955,-75.1299, , 
 ,74453,2011066062,6,67,67301,2011,6,1,1115,11,1,1,0,2,1, , ,N,1,2,0,3,0,1,3,2,N,N,40 01:33.654,75 08:48.101,1125, ,1120, ,0, ,N, ,1, , , , , ,835832, , , ,2,2,0,0,0,0,0,0,0,0,0,1,1,0,0,0,0,0,0,0,1,0,0,1,0,0,0,0,0,0,0,0,0,0,0,4,0,40.026,-75.1467, , 
 ,74454,2011073190,6,67,67301,2011,6,5,815,8,1,1,0,8,1, , ,N,0,0,0,3,0,1,2,2,N,N,39 55:42.668,75 10:56.895,817, ,817, ,0, ,N, ,0, , , , , ,835844, , , ,1,1,0,0,0,0,0,0,0,0,0,1,1,0,0,0,0,0,0,0,0,0,0,0,0,0,0,0,0,0,0,0,1,0,0,4,0,39.9285,-75.1825, , 
 ,74455,2011126385,6,67,67301,2011,11,7,9999,99,1,1,0,5,1, , ,N,0,0,0,3,0,1,2,2,N,N,40 01:59.970,75 06:25.214,1435, ,1427, ,0, ,N, ,0, , , , , ,838946, , , ,2,1,0,0,1,0,0,0,0,0,1,0,1,0,0,0,0,0,0,0,0,0,0,0,0,0,0,0,0,0,0,0,0,0,0,3,0,40.0333,-75.107, , 
 ,74456,2011129149,6,67,67301,2011,11,4,1145,11,1,1,0,1,1, , ,N,0,0,0,3,0,2,4,3,N,N,40 01:21.521,75 02:11.461,1149, ,1146,1,1,1,N, ,0,N, , , , ,838949, , , ,3,1,0,0,2,0,0,0,0,0,1,1,2,0,0,0,0,0,0,0,0,0,0,0,0,0,0,0,0,0,0,0,0,0,0,3,0,40.0226,-75.0366, , 
 ,74457,2011054031,6,67,67301,2011,4,7,1649,16,1,1,0,4,1, , ,N,5,2,2,3,0,0,3,2,N,N,39 57:28.586,75 09:50.892,1650, ,1649,1,1,2,N, ,3,N, , , , ,838950, , , ,2,1,0,0,0,0,1,0,0,0,0,0,0,0,0,0,0,0,0,0,1,0,0,0,0,0,0,0,0,0,0,0,0,0,0,0,0,39.9579,-75.1641, , 
 ,74458,2011056863,6,67,67301,2011,4,6,1325,13,1,1,0,1,1, , ,N,0,0,0,3,0,3,5,3, , ,39 58:09.964,75 09:35.810,1341, ,1331, ,0, , , ,0, , , , , ,838952, , , ,3,3,0,0,0,0,0,0,0,0,0,0,3,3,1,0,0,0,0,0,1,0,0,1,0,0,0,0,0,0,0,0,0,0,0,8,0,39.9694,-75.1599, , 
 ,74459,2011075635,6,67,67301,2011,6,1,1620,16,1,1,0,4,1, , ,N,1,2,0,3,0,1,2,2,N,N,40 02:50.956,75 05:30.725,1740, ,1735,3,1,3,N, ,3,N, , , , ,838964, , , ,2,1,0,0,0,0,1,0,0,0,0,1,1,0,0,0,0,0,0,0,1,0,0,1,0,0,0,0,0,0,0,0,0,0,0,4,0,40.0475,-75.0919, , 
 ,74460,2011064149,6,67,67301,2011,5,7,1500,15,1,1,0,8,1, , ,N,0,0,0,3,0,1,2,2, , ,40 00:26.053,75 06:29.732,1610, ,1607, ,0, , , ,0, , , , , ,838976, , , ,1,1,0,0,0,0,0,0,0,0,0,1,1,0,0,0,0,0,0,0,0,0,0,0,0,0,0,0,0,0,0,0,1,0,0,4,0,40.0072,-75.1083, , 
 ,74461,2011064179,6,67,67301,2011,5,6,1315,13,1,1,0,7,5, , ,N,1,2,0,3,0,1,1,1, , ,39 59:19.554,75 07:12.678,1325, ,1319, ,0, , , ,3, , , , , ,838977, , , ,1,0,0,0,1,0,0,0,0,0,0,1,1,0,0,0,0,0,0,0,0,0,0,0,0,0,0,0,0,0,0,0,0,0,0,4,0,39.9888,-75.1202, , 
 ,74462,2011075382,6,67,67301,2011,7,2,27,0,3,1,0,5,1, , ,N,0,0,0,3,0,0,2,2,N,N,39 57:56.362,75 08:11.246,32, ,28, ,0, ,N, ,0, , , , , ,838988, , , ,2,2,0,0,0,0,0,0,0,0,0,0,0,0,1,0,0,0,0,1,0,0,0,0,0,0,0,0,0,0,0,0,0,0,0,9,0,39.9655,-75.1366, , 
 ,74463,2011075799,6,67,67301,2011,6,6,1345,13,1,2,1,6,1, , ,N,1,2,0,3,0,1,7,2,N,N,40 00:38.808,75 07:35.921,1405, ,1358, ,0, ,N, ,3, , , , , ,838989, , , ,2,2,0,0,0,0,0,0,0,0,0,1,1,0,1,0,0,0,1,0,0,0,0,0,0,0,0,0,0,0,0,0,0,0,0,4,0,40.0108,-75.1266, , 
 ,74464,2011081704,6,67,67301,2011,8,7,1215,12,1,1,0,5,1, , ,N,0,0,0,3,0,2,4,2,N,N,39 56:10.144,75 11:58.315,1233, ,1221,2,1,4,N, ,0,Y, , , , ,838995, , , ,2,0,0,0,0,0,1,1,0,0,0,0,2,2,0,0,0,0,0,0,0,0,0,0,0,0,0,0,0,0,0,0,0,0,0,8,0,39.9362,-75.1995, , 
 ,74465,2011066230,6,67,67301,2011,6,1,1700,17,1,1,0,7,3, , ,N,1,2,0,3,0,2,5,1,N,N,40 00:24.030,75 05:41.333,1720, ,1715, ,0, ,N, ,3, , , , , ,839028, , , ,1,0,0,0,0,0,1,0,0,0,0,2,2,0,0,0,0,0,0,0,0,0,0,0,0,0,0,0,0,0,0,0,0,0,0,4,0,40.0067,-75.0948, , 
 ,74466,2011068512,6,67,67301,2011,6,1,920,9,1,1,0,4,1, , ,N,1,0,0,3,0,3,4,2,N,N,40 01:06.858,75 03:00.575,930, ,930, ,0, ,N, ,0, , , , , ,839030, , , ,2,1,0,0,1,0,0,0,0,0,0,3,3,0,0,0,0,0,0,0,0,1,0,0,0,0,0,0,0,0,0,0,0,0,0,4,0,40.0187,-75.0499, , 
 ,74467,2011076311,6,67,67301,2011,6,5,930,9,1,1,0,4,1, , ,N,1,2,0,3,0,1,4,2,N,N,40 01:56.128,75 02:44.077,936, ,932, ,0, ,N, ,3, , , , , ,839049, , , ,2,2,0,0,0,0,0,0,0,0,0,1,1,0,0,0,0,0,0,0,1,0,0,0,0,0,0,0,0,0,0,0,0,0,0,4,0,40.0323,-75.0456, , 
 ,74468,2011082412,6,67,67301,2011,7,6,1643,16,1,1,0,8,1, , ,N,0,0,0,3,0,1,2,2,N, ,40 00:16.211,75 07:26.441,1655, ,1650, ,0, , , ,0, , , , , ,839053, , , ,1,0,0,0,0,0,0,1,0,0,0,1,1,0,0,0,0,0,0,0,0,0,0,0,0,0,0,0,0,0,0,0,1,0,0,4,0,40.0045,-75.124, , 
 ,74469,2011082555,6,67,67301,2011,7,3,950,9,1,1,0,4,1, , ,N,0,0,0,3,0,1,3,2,N,N,40 04:31.681,75 02:08.137,950, ,950,4,1,4, , ,0,N, , , , ,839068, , , ,2,2,0,0,0,0,0,0,0,0,0,0,1,1,0,0,0,0,0,0,0,0,1,0,0,0,0,0,0,0,0,0,0,0,0,8,0,40.0755,-75.0356, , 
 ,74470,2011082581,6,67,67301,2011,7,7,1324,13,1,1,0,1,1, , ,N,1,0,2,3,0,1,2,2,N,N,40 00:29.331,75 04:20.880,1435, ,1424, ,0, ,N, ,0, , , , , ,839069, , , ,2,1,0,0,0,1,0,0,0,0,0,1,1,0,1,0,0,0,0,0,1,0,0,1,0,0,0,0,0,0,0,0,0,0,0,4,1,40.0081,-75.0725, , 
 ,74471,2011083350,6,67,67301,2011,7,2,1721,17,1,1,0,1,7, , ,N,1,0,0,3,0,1,3,2,N,N,39 53:50.506,75 15:07.793,1736, ,1731,1,1,3,N, ,0,N, , , , ,839070, , , ,2,1,0,1,0,0,0,0,0,0,0,0,1,1,0,0,0,0,0,0,0,1,0,0,0,0,0,0,0,0,0,0,0,0,0,8,1,39.8974,-75.2522, , 
 ,74472,2011083439,6,67,67301,2011,7,1,1630,16,1,1,0,4,1, , ,N,1,2,0,3,0,2,3,2,N, ,39 57:27.432,75 08:44.473,1700, ,1646, ,0, , , ,3, , , , , ,839071, , , ,2,1,0,0,0,0,0,1,0,0,0,2,2,0,1,0,0,0,0,0,0,0,0,0,0,0,0,0,0,0,0,0,0,0,0,4,0,39.9576,-75.1457, , 
 ,74473,2011066281,6,67,67301,2011,6,7,257,2,3,1,0,4,1, , ,N,1,3,0,3,0,2,6,2,N,N,39 57:02.394,75 14:49.973,310, ,257, ,0, ,N, ,3, , , , , ,829144, , , ,2,2,0,0,0,0,0,0,0,0,0,2,2,0,0,0,0,0,0,1,0,0,0,0,0,0,0,0,0,0,0,0,0,0,0,4,0,39.9507,-75.2472, , 
 ,74474,2011079427,6,67,67301,2011,8,6,757,7,1,1,0,1,1, , ,N,6,4,2,3,0,0,2,2,N,N,39 56:44.167,75 11:25.033,810, ,801,1,1,3,N, ,3,N, , , , ,829155, , , ,2,2,0,0,0,0,0,0,0,0,0,0,0,0,1,0,0,0,0,0,0,0,0,0,0,0,0,0,0,0,0,0,0,0,0,9,0,39.9456,-75.1903, , 