wz_ln_closure,objectid_1,crn,district,county,municipality,crash_year,crash_month,day_of_week,time_of_day,hour_of_day,illumination,weather,road_condition,collision_type,relation_to_road,work_zone_type,work_zone_loc,work_zone_ind,intersect_type,tcd_type,location_type,urban_rural,fatal_count,injury_count,person_count,total_units,sch_bus_ind,sch_zone_ind,latitude,longitude,arrival_tm,cons_zone_spd_lim,dispatch_tm,est_hrs_closed,lane_closed,ln_close_dir,ntfy_hiwy_maint,spec_juris_cd,tcd_func_cd,tfc_detour_ind,workers_pres,wz_close_detour,wz_flagger,wz_law_offcr_ind,objectid,wz_moving,wz_other,wz_shlder_mdn,vehicle_count,automobile_count,motorcycle_count,bus_count,small_truck_count,heavy_truck_count,suv_count,van_count,bicycle_count,maj_inj_count,mod_inj_count,min_inj_count,tot_inj_count,unk_inj_deg_count,unk_inj_per_count,driver_count_16yr,driver_count_17yr,driver_count_18yr,driver_count_19yr,driver_count_20yr,driver_count_50_64yr,driver_count_65_74yr,driver_count_75plus,unbelted_occ_count,unb_death_count,unb_maj_inj_count,belted_death_count,belted_maj_inj_count,mcycle_death_count,mcycle_maj_inj_count,bicycle_death_count,bicycle_maj_inj_count,ped_count,ped_death_count,ped_maj_inj_count,max_severity_level,comm_veh_count,dec_lat,dec_long,rdwy_surf_type_cd,county_name
 ,74475,2011082642,6,67,67301,2011,6,5,1045,10,1,9,0,1,1, , ,N,5,0,0,3,0,1,2,2,N,N,39 58:47.295,75 13:56.668,1350, ,9999, ,0, ,N, ,0, , , , , ,829158, , , ,2,1,0,0,0,0,1,0,0,0,1,0,1,0,1,0,0,0,0,0,0,0,0,0,0,0,0,0,0,0,0,0,0,0,0,3,0,39.9798,-75.2324, , 
 ,74476,2011085452,6,67,67301,2011,7,3,1329,13,1,1,0,8,1, , ,N,1,2,0,3,0,1,2,2,N, ,39 56:32.640,75 09:19.738,1329, ,1329, ,0, , , ,3, , , , , ,829163, , , ,1,0,0,0,1,0,0,0,0,0,1,0,1,0,0,0,0,0,0,0,0,0,0,0,0,0,0,0,0,0,0,0,1,0,0,3,0,39.9424,-75.1555, , 
 ,74477,2011094234,6,67,67301,2011,9,1,259,2,3,1,0,1,1, , ,N,1,2,0,3,0,1,3,2,N,N,40 05:05.544,75 01:30.616,303, ,301, ,0, ,N, ,3, , , , , ,829189, , , ,2,1,0,0,0,0,1,0,0,0,0,1,1,0,0,0,0,0,0,0,0,0,0,1,0,0,0,0,0,0,0,0,0,0,0,4,0,40.0847,-75.0251, , 
 ,74478,2011118196,6,67,67301,2011,10,6,1014,10,1,1,0,4,1, , ,N,2,2,0,3,0,1,3,3,N,N,39 54:50.094,75 14:00.567,1014, ,1014, ,0, ,N, ,3, , , , , ,829209, , , ,3,1,0,0,0,1,1,0,0,0,0,1,1,0,0,0,0,0,0,0,1,1,0,0,0,0,0,0,0,0,0,0,0,0,0,4,1,39.9139,-75.2335, , 
 ,74479,2011073639,6,67,67301,2011,7,2,1310,13,1,1,0,1,1, , ,N,0,0,0,3,0,0,3,2,N,N,39 57:29.964,75 09:55.443,1318, ,1318, ,0, ,N, ,0, , , , , ,829243, , , ,2,1,0,0,0,0,1,0,0,0,0,0,0,0,0,0,0,0,0,0,0,0,0,0,0,0,0,0,0,0,0,0,0,0,0,0,0,39.9583,-75.1654, , 
 ,74480,2011108876,6,67,67301,2011,9,5,0,0,3,2,1,7,5, , ,N,0,8,0,3,0,1,1,1,N,N,40 04:53.607,75 01:42.140,15, ,7,1,1,2,N, ,3,N, , , , ,829272, , , ,1,1,0,0,0,0,0,0,0,0,0,1,1,0,0,0,0,0,0,0,0,0,0,1,0,0,0,0,0,0,0,0,0,0,0,4,0,40.0816,-75.0284, , 
 ,74481,2011056780,6,67,67301,2011,5,7,1510,15,1,1,0,4,1, , ,N,1,2,0,3,0,3,6,3,N,N,40 02:36.502,75 07:25.564,1635, ,1630, ,0, ,N, ,3, , , , , ,829275, , , ,3,3,0,0,0,0,0,0,0,0,0,0,3,3,1,0,0,0,0,1,1,0,0,0,0,0,0,0,0,0,0,0,0,0,0,8,0,40.0435,-75.1238, , 
 ,74482,2011061774,6,67,67301,2011,5,7,1210,12,1,1,0,8,1, , ,N,0,0,0,3,0,1,3,2, , ,39 57:03.989,75 08:55.624,1223, ,1217, ,0, , , ,0, , , , , ,829284, , , ,1,1,0,0,0,0,0,0,0,0,0,1,1,0,0,0,0,0,0,0,0,1,0,0,0,0,0,0,0,0,0,0,1,0,0,4,0,39.9511,-75.1488, , 
 ,74483,2011066180,6,67,67301,2011,5,3,1245,12,1,1,0,1,1, , ,N,1,2,0,3,0,1,2,2,N,N,40 05:57.235,74 59:43.576,9999, ,9999, ,0, ,N, ,3, , , , , ,829287, , , ,2,2,0,0,0,0,0,0,0,0,0,1,1,0,1,0,0,0,0,0,0,0,0,0,0,0,0,0,0,0,0,0,0,0,0,4,0,40.0992,-74.9954, , 
 ,74484,2011080590,6,67,67301,2011,8,1,1522,15,1,2,1,7,2, , ,N,0,0,0,3,0,0,1,1,N,N,40 00:06.840,75 04:42.324,1533, ,1530,1,1,1,N, ,0,N, , , , ,829296, , , ,1,1,0,0,0,0,0,0,0,0,0,0,0,0,0,0,0,0,0,0,0,0,0,0,0,0,0,0,0,0,0,0,0,0,0,0,0,40.0018,-75.0785, , 
 ,74485,2011092996,6,67,67301,2011,8,4,15,0,3,1,1,1,1, , ,N,0,2,0,3,0,1,3,2,N,N,40 02:03.538,75 02:19.061,210, ,115, ,0, ,N, ,2, , , , , ,829305, , , ,2,1,0,0,0,0,1,0,0,0,0,1,1,0,0,0,0,0,0,0,0,0,0,2,0,0,0,0,0,0,0,0,0,0,0,4,0,40.0343,-75.0386, , 
 ,74486,2011093106,6,67,67301,2011,8,5,1330,13,1,9,0,4,1, , ,N,1,2,0,3,0,3,3,2,N,N,39 56:20.461,75 13:56.639,1554, ,1554, ,0, , , ,3, , , , , ,829306, , , ,2,0,0,0,1,0,0,1,0,0,0,3,3,0,0,0,0,0,0,0,1,0,0,0,0,0,0,0,0,0,0,0,0,0,0,4,0,39.939,-75.2324, , 
 ,74487,2011083479,6,67,67301,2011,7,7,1915,19,1,1,0,4,1, , ,N,2,0,0,3,0,1,3,2,N,Y,40 01:57.378,75 05:13.214,1925, ,1920, ,0, ,N, ,0, , , , , ,829344, , , ,2,1,0,0,0,0,1,0,0,0,0,1,1,0,0,0,0,1,0,1,0,0,0,0,0,0,0,0,0,0,0,0,0,0,0,4,0,40.0326,-75.087, , 
 ,74488,2011115456,6,67,67301,2011,10,7,2000,20,6,1,0,7,5, , ,N,1,3,0,3,0,1,1,1,N,N,40 00:22.129,75 10:14.757,2020, ,2015, ,0, , , ,3, , , , , ,829368, , , ,1,1,0,0,0,0,0,0,0,0,0,0,1,1,0,0,0,0,0,0,0,0,0,0,0,0,0,0,0,0,0,0,0,0,0,8,0,40.0061,-75.1708, , 
 ,74489,2011066152,6,67,67301,2011,6,5,1635,16,1,1,0,4,1, , ,N,0,8,0,3,0,0,5,2,N,N,40 05:16.296,74 57:52.570,1700, ,1650, ,0, ,N, ,3, , , , , ,829381, , , ,2,1,0,0,0,0,1,0,0,0,0,0,0,0,0,0,0,0,0,0,0,0,0,0,0,0,0,0,0,0,0,0,0,0,0,0,0,40.0879,-74.9646, , 
 ,74490,2011070738,6,67,67301,2011,7,7,50,0,3,1,0,1,1, , ,N,0,0,0,3,0,2,6,3,N,N,40 00:12.182,75 04:38.284,59, ,52, ,0, ,N, ,0, , , , , ,829393, , , ,3,2,0,0,0,0,1,0,0,0,0,0,2,2,0,0,0,0,0,0,0,0,0,0,0,0,0,0,0,0,0,0,0,0,0,8,0,40.0033,-75.0774, , 
 ,74491,2011090564,6,67,67301,2011,8,2,1835,18,1,1,0,7,4, , ,N,0,0,0,3,0,0,1,1,N,N,39 55:15.998,75 11:42.543,1845, ,1840, ,0, ,N, ,0, , , , , ,832449, , , ,1,1,0,0,0,0,0,0,0,0,0,0,0,0,0,0,0,0,0,0,1,0,0,0,0,0,0,0,0,0,0,0,0,0,0,0,0,39.9213,-75.1929, , 
 ,74492,2011073252,6,67,67301,2011,6,7,1315,13,1,1,0,4,1, , ,N,0,0,0,3,0,2,4,2,N,N,40 07:29.557,75 00:53.120,1325, ,1320, ,0, ,N, ,0, , , , , ,832464, , , ,2,0,0,0,0,0,1,1,0,0,0,1,2,1,0,0,0,0,0,0,0,0,0,0,0,0,0,0,0,0,0,0,0,0,0,4,0,40.1249,-75.0148, , 
 ,74493,2011075691,6,67,67301,2011,6,6,1149,11,1,1,0,1,1, , ,N,2,2,0,3,0,1,5,2,N,N,40 07:06.945,75 00:25.153,1256, ,1243, ,0, ,N, ,3, , , , , ,832467, , , ,2,2,0,0,0,0,0,0,0,0,0,1,1,0,3,0,0,0,0,0,1,0,0,0,0,0,0,0,0,0,0,0,0,0,0,4,0,40.1186,-75.007, , 
 ,74494,2011087684,6,67,67301,2011,8,1,1515,15,1,1,0,7,3, , ,N,7,0,2,3,0,0,1,1,N,N,39 58:05.311,75 07:41.257,1531, ,1525, ,0, ,Y, ,0, , , , , ,832485, , , ,1,1,0,0,0,0,0,0,0,0,0,0,0,0,0,0,0,0,0,0,0,0,0,0,0,0,0,0,0,0,0,0,0,0,0,0,0,39.9681,-75.1281, , 
 ,74495,2011087932,6,67,67301,2011,7,6,1411,14,1,1,0,4,1, , ,N,1,2,0,3,0,0,2,2,N,N,40 00:11.021,75 09:51.354,1411, ,1411, ,0, ,N, ,3, , , , , ,832486, , , ,2,2,0,0,0,0,0,0,0,0,0,0,0,0,0,0,0,0,0,0,0,0,0,0,0,0,0,0,0,0,0,0,0,0,0,0,0,40.0031,-75.1643, , 
 ,74496,2011088038,6,67,67301,2011,7,1,445,4,3,1,0,5,6, , ,N,0,0,0,3,0,1,1,2,N,N,39 59:37.978,75 14:09.801,449, ,447,3,2,5,N, ,0,Y, , , , ,832487, , , ,2,2,0,0,0,0,0,0,0,0,0,0,1,1,0,0,0,0,0,1,0,0,0,0,0,0,0,0,0,0,0,0,0,0,0,8,0,39.9939,-75.2361, , 
 ,74497,2011090540,6,67,67301,2011,7,5,9999,99,1,1,0,7,5, , ,N,0,2,0,3,0,1,1,1,N, ,39 54:32.789,75 14:31.699,9999, ,9999, ,0, , , ,3, , , , , ,832490, , , ,1,1,0,0,0,0,0,0,0,0,1,0,1,0,0,0,0,0,0,0,1,0,0,0,0,0,0,0,0,0,0,0,0,0,0,3,0,39.9091,-75.2421, , 
 ,74498,2011073185,6,67,67301,2011,6,3,1255,12,1,1,0,8,1, , ,N,0,0,0,3,0,1,3,3,N,N,39 57:08.724,75 09:19.315,1304, ,1259, ,0, ,N, ,0, , , , , ,832503, , , ,2,1,0,0,0,0,0,1,0,0,0,0,1,1,1,0,0,0,0,0,0,0,0,0,0,0,0,0,0,0,0,0,1,0,0,8,0,39.9524,-75.1554, , 
Y,74499,2011072429,6,67,67301,2011,7,5,729,7,1,1,0,1,1,2,4,Y,0,0,0,3,0,1,6,5,N,N,39 53:58.462,75 09:50.948,738,45,731,1,2,2,N, ,0,N,Y,N,N,N,832509,N,N,Y,5,5,0,0,0,0,0,0,0,0,0,1,1,0,0,0,0,0,0,0,0,0,0,0,0,0,0,0,0,0,0,0,0,0,0,4,0,39.8996,-75.1641, , 
 ,74500,2011075762,6,67,67301,2011,6,5,740,7,1,1,1,1,1, , ,N,1,2,0,3,0,1,2,2,Y,N,39 56:45.881,75 14:31.459,742, ,740, ,0, ,N, ,3, , , , , ,832515, , , ,2,1,0,0,0,0,1,0,0,0,0,1,1,0,0,0,0,0,0,0,0,0,0,0,0,0,0,0,0,0,0,0,0,0,0,4,0,39.9461,-75.2421, , 
 ,74501,2011076288,6,67,67301,2011,6,3,1142,11,1,1,1,4,1, , ,N,1,2,0,3,0,1,3,2,N,N,40 01:42.775,75 03:28.507,1146, ,1144, ,0, ,N, ,3, , , , , ,832517, , , ,2,2,0,0,0,0,0,0,0,0,0,0,1,1,0,0,0,0,0,0,1,0,0,3,0,0,0,0,0,0,0,0,0,0,0,8,0,40.0285,-75.0579, , 
 ,74502,2011075566,6,67,67301,2011,6,4,2059,20,3,1,0,4,1, , ,N,1,2,0,3,0,1,5,2,N,N,39 59:52.789,75 07:31.478,2105, ,2103, ,0, ,N, ,3, , , , , ,832562, , , ,2,2,0,0,0,0,0,0,0,0,0,1,1,0,0,0,0,0,0,0,0,0,0,2,0,0,0,0,0,0,0,0,0,0,0,4,0,39.998,-75.1254, , 
 ,74503,2011080592,6,67,67301,2011,8,4,1435,14,1,1,0,1,1, , ,N,0,0,0,3,0,0,2,2,N,N,39 57:35.911,75 10:42.928,1452, ,1439,1,1,4,N, ,0,N, , , , ,832569, , , ,2,2,0,0,0,0,0,0,0,0,0,0,0,0,0,0,0,0,0,1,0,0,0,0,0,0,0,0,0,0,0,0,0,0,0,0,0,39.96,-75.1786, , 
 ,74504,2011082595,6,67,67301,2011,6,5,1312,13,1,1,0,1,1, , ,N,2,2,0,3,0,1,3,2,N, ,40 01:32.331,75 07:20.187,1320, ,1316, ,0, , , ,3, , , , , ,832572, , , ,2,1,0,0,0,0,1,0,0,0,0,1,1,0,0,0,0,0,0,0,0,1,0,0,0,0,0,0,0,0,0,0,0,0,0,4,0,40.0256,-75.1223, , 
 ,74505,2011088042,6,67,67301,2011,8,2,915,9,1,1,0,4,1, , ,N,3,2,0,3,0,1,3,2,N,N,40 00:39.388,75 09:52.725,919, ,918, ,0, , , ,3, , , , , ,832579, , , ,2,1,0,1,0,0,0,0,0,0,0,1,1,0,0,0,0,0,0,0,1,0,0,1,0,0,0,0,0,0,0,0,0,0,0,4,1,40.0109,-75.1645, , 
 ,74506,2011095378,6,67,67301,2011,8,2,9999,99,3,1,0,2,1, , ,N,0,0,0,3,0,2,2,2,N,N,39 59:43.599,75 10:43.086,2025, ,1020,3,2,4, , ,0,Y, , , , ,832585, , , ,2,1,0,0,0,0,0,1,0,0,0,0,2,2,0,0,0,0,0,0,0,0,0,0,0,0,0,0,0,0,0,0,0,0,0,8,0,39.9954,-75.1786, , 
 ,74507,2011066282,6,67,67301,2011,6,1,302,3,3,1,0,4,1, , ,N,1,0,0,3,0,1,3,2,N,N,39 57:25.750,75 14:11.234,310, ,302, ,0, ,N, ,0, , , , , ,832593, , , ,2,2,0,0,0,0,0,0,0,0,0,0,1,1,0,0,0,0,0,0,0,0,0,0,0,0,0,0,0,0,0,0,0,0,0,8,0,39.9572,-75.2365, , 
 ,74508,2011073313,6,67,67301,2011,6,1,2105,21,3,1,0,8,1, , ,N,0,0,0,3,0,1,2,3,N,N,39 59:57.286,75 10:15.190,2108, ,2105, ,0, ,N, ,0, , , , , ,832600, , , ,2,2,0,0,0,0,0,0,0,0,0,1,1,0,1,0,0,0,0,0,0,0,0,1,0,0,0,0,0,0,0,0,1,0,0,4,0,39.9992,-75.1709, , 
 ,74509,2011082395,6,67,67301,2011,6,6,1551,15,1,1,1,1,1, , ,N,0,2,0,3,0,4,5,3,N,N,39 59:44.008,75 09:14.790,1636, ,1606, ,0, , , ,3, , , , , ,835853, , , ,3,2,0,0,0,0,1,0,0,0,0,0,4,4,0,0,0,1,0,0,0,0,0,2,0,0,0,0,0,0,0,0,0,0,0,8,0,39.9956,-75.1541, , 
 ,74510,2011082709,6,67,67301,2011,6,3,1744,17,1,1,0,4,1, , ,N,1,2,0,3,0,1,2,2,N,N,39 57:50.493,75 10:28.318,1748, ,1746, ,0, ,N, ,3, , , , , ,835854, , , ,1,1,0,0,0,0,0,0,1,0,1,0,1,0,0,0,0,0,0,0,0,0,0,0,0,0,0,0,0,0,0,0,0,0,0,3,0,39.964,-75.1745, , 
 ,74511,2011083334,6,67,67301,2011,7,1,1825,18,1,1,0,1,1, , ,N,2,3,0,3,0,2,4,3,N,N,40 02:53.445,75 08:38.668,1837, ,1835, ,0, ,N, ,3, , , , , ,835855, , , ,3,2,0,0,0,0,0,1,0,0,0,2,2,0,0,0,0,0,0,0,1,0,0,0,0,0,0,0,0,0,0,0,0,0,0,4,0,40.0482,-75.1441, , 
 ,74512,2011076294,6,67,67301,2011,6,1,9999,99,3,1,0,4,1, , ,N,0,0,0,3,0,0,4,2, , ,40 05:18.733,75 02:03.911,232, ,226,2,2,2, , ,0,N, , , , ,835876, , , ,2,2,0,0,0,0,0,0,0,0,0,0,0,0,0,0,0,0,1,0,0,0,0,0,0,0,0,0,0,0,0,0,0,0,0,0,0,40.0885,-75.0344, , 
 ,74513,2011085451,6,67,67301,2011,7,4,1802,18,1,1,0,1,1, , ,N,0,0,1,3,0,1,2,2,N,N,40 05:00.801,74 58:04.727,1808, ,1802, ,0, ,N, ,0, , , , , ,835906, , , ,2,0,0,0,1,0,1,0,0,0,0,1,1,0,0,0,0,0,0,0,1,0,0,0,0,0,0,0,0,0,0,0,0,0,0,4,0,40.0836,-74.968, , 
 ,74514,2011112169,6,67,67301,2011,10,3,2140,21,3,1,0,8,1, , ,N,1,2,0,3,0,1,2,2,N, ,40 00:31.666,75 08:51.441,2348, ,2347, ,0, , , ,3, , , , , ,835929, , , ,1,1,0,0,0,0,0,0,0,0,0,0,1,1,1,0,0,0,0,0,0,0,0,0,0,0,0,0,0,0,0,0,1,0,0,8,0,40.0088,-75.1476, , 
 ,74515,2011127091,6,67,67301,2011,11,4,1903,19,3,2,1,8,1, , ,N,1,2,0,3,0,1,2,2,N,N,40 01:39.104,75 08:47.126,1919, ,1919,1,1,2,N, ,3,N, , , , ,835941, , , ,1,1,0,0,0,0,0,0,0,0,1,0,1,0,0,0,0,0,0,0,1,0,0,0,0,0,0,0,0,0,0,0,1,0,0,3,0,40.0275,-75.1464, , 
 ,74516,2012021019,6,67,67301,2011,10,5,1359,13,1,1,0,4,1, , ,N,0,8,7,3,0,3,5,3,N,N,39 58:35.820,75 09:29.699,1401, ,1400, ,0, , , ,2, , , , , ,835951, , , ,3,2,0,0,1,0,0,0,0,0,0,0,3,3,0,0,0,0,0,0,0,0,0,0,0,0,0,0,0,0,0,0,0,0,0,8,0,39.9766,-75.1582, , 
 ,74517,2011029058,6,67,67301,2011,2,4,1438,14,1,1,0,8,1, , ,N,1,2,0,3,0,1,2,2,N,N,39 57:45.380,75 12:45.869,1439, ,1438, ,0, ,N, ,3, , , , , ,835976, , , ,1,1,0,0,0,0,0,0,0,0,0,1,1,0,0,0,0,0,0,0,0,0,0,1,0,0,0,0,0,0,0,0,1,0,0,4,0,39.9626,-75.2127, , 
 ,74518,2011083391,6,67,67301,2011,7,2,2359,23,3,1,0,1,1, , ,N,0,2,0,3,0,3,4,2,N,N,39 56:59.573,75 12:16.989,125, ,122, ,0, ,N, ,3, , , , , ,835980, , , ,2,1,0,0,0,0,1,0,0,0,0,3,3,0,0,0,0,0,0,0,1,0,0,0,0,0,0,0,0,0,0,0,0,0,0,4,0,39.9499,-75.2047, , 
 ,74519,2011087921,6,67,67301,2011,7,7,2115,21,3,1,0,5,6, , ,N,0,0,0,3,0,0,1,2,N,N,39 57:01.897,75 13:39.082,0, ,2115, ,0, ,N, ,0, , , , , ,835986, , , ,2,0,0,0,1,0,0,1,0,0,0,0,0,0,0,0,0,0,0,0,0,0,0,0,0,0,0,0,0,0,0,0,0,0,0,0,0,39.9505,-75.2275, , 
 ,74520,2011072655,6,67,67301,2011,5,4,1255,12,1,1,0,5,1, , ,N,0,0,0,3,1,1,3,2,N,N,39 58:20.380,75 11:23.853,1303, ,1301, ,0, ,N,0,0, , , , , ,836033, , , ,2,1,1,0,0,0,0,0,0,0,0,0,1,1,0,0,0,0,0,0,1,0,0,0,0,0,0,0,1,0,0,0,0,0,0,1,0,39.9722,-75.1899,2, 
 ,74521,2011075663,6,67,67301,2011,6,6,1830,18,1,1,0,8,1, , ,N,0,0,0,3,0,1,2,2,N,N,40 02:26.876,75 07:39.554,1842, ,1840, ,0, ,N, ,0, , , , , ,836035, , , ,1,1,0,0,0,0,0,0,0,0,0,0,1,1,0,0,0,0,0,0,0,0,0,0,0,0,0,0,0,0,0,0,1,0,0,8,0,40.0408,-75.1277, , 
 ,74522,2011075684,6,67,67301,2011,6,4,1123,11,1,1,0,1,6, , ,N,0,0,0,3,0,1,1,2,N,N,40 00:59.580,75 04:07.032,1128, ,1125, ,0, ,N, ,0, , , , , ,836036, , , ,2,2,0,0,0,0,0,0,0,0,0,0,1,1,0,0,0,0,0,0,0,1,0,0,0,0,0,0,0,0,0,0,0,0,0,8,0,40.0166,-75.0686, , 
 ,74523,2011083366,6,67,67301,2011,7,3,247,2,3,1,0,4,1, , ,N,1,2,0,3,0,1,2,2,N,N,40 02:20.942,75 06:36.006,248, ,248, ,0, ,N, ,3, , , , , ,836041, , , ,2,1,1,0,0,0,0,0,0,0,0,0,1,1,0,0,0,0,0,0,0,0,0,0,0,0,0,0,0,0,0,0,0,0,0,8,0,40.0392,-75.11, , 
 ,74524,2011085494,6,67,67301,2011,7,4,1926,19,1,1,0,4,1, , ,N,1,3,0,3,0,0,2,2,N, ,40 02:46.472,75 09:57.862,1929, ,1929, ,0, , , ,3, , , , , ,836043, , , ,2,1,0,0,0,0,0,1,0,0,0,0,0,0,1,0,0,0,1,0,1,0,0,2,0,0,0,0,0,0,0,0,0,0,0,9,0,40.0462,-75.1661, , 
 ,74525,2011106193,6,67,67301,2011,9,3,1455,14,1,1,0,4,1, , ,N,1,2,0,3,0,1,2,2,N,N,39 57:28.586,75 09:50.892,1501, ,1500, ,0, ,N, ,3, , , , , ,836064, , , ,2,2,0,0,0,0,0,0,0,0,0,1,1,0,0,0,0,0,0,0,1,0,0,0,0,0,0,0,0,0,0,0,0,0,0,4,0,39.9579,-75.1641, , 
 ,74526,2011056881,6,67,67301,2011,5,4,1415,14,1,2,1,8,1, , ,N,1,2,0,3,0,1,3,2,N,N,39 59:23.218,75 06:14.002,1425, ,1419,9,1,2,N, ,3,N, , , , ,836068, , , ,1,1,0,0,0,0,0,0,0,0,1,0,1,0,0,0,0,0,0,0,0,0,0,0,0,0,0,0,0,0,0,0,1,0,0,3,0,39.9898,-75.1039, , 
 ,74527,2011056896,6,67,67301,2011,5,3,1805,18,1,1,0,1,1, , ,N,0,0,6,3,0,1,3,2, , ,40 06:50.084,74 59:16.043,1812, ,1806,1,1,2, , ,0,N, , , , ,839095, , , ,2,2,0,0,0,0,0,0,0,0,0,1,1,0,0,0,0,0,0,0,2,0,0,0,0,0,0,0,0,0,0,0,0,0,0,4,0,40.1139,-74.9878, , 
 ,74528,2011060148,6,67,67301,2011,6,1,211,2,3,2,1,7,4, , ,N,0,8,0,3,0,0,2,1,N,N,39 57:27.079,75 08:49.283,211, ,211, ,0, ,N, ,3, , , , , ,839099, , , ,1,1,0,0,0,0,0,0,0,0,0,0,0,0,0,0,0,1,0,0,0,0,0,0,0,0,0,0,0,0,0,0,0,0,0,0,0,39.9575,-75.147, , 
 ,74529,2012023897,6,67,67301,2011,12,6,1930,19,6,9,8,5,1, , ,N,0,0,0,3,0,1,3,2, , ,40 01:13.916,75 04:26.841,0, ,0, ,0, , , ,0, , , , , ,839116, , , ,2,2,0,0,0,0,0,0,0,0,0,0,1,1,0,0,0,0,0,0,0,0,0,1,0,0,0,0,0,0,0,0,0,0,0,8,0,40.0205,-75.0741, , 
 ,74530,2011064061,6,67,67301,2011,5,4,1906,19,1,1,0,4,1, , ,N,0,0,0,3,0,2,2,2,N,N,40 01:08.058,75 08:21.868,1925, ,1920, ,0, ,N, ,0, , , , , ,839125, , , ,2,2,0,0,0,0,0,0,0,0,0,2,2,0,0,0,0,0,0,0,0,0,0,0,0,0,0,0,0,0,0,0,0,0,0,4,0,40.0189,-75.1394, , 
 ,74531,2011075626,6,67,67301,2011,6,5,1558,15,1,1,0,8,1, , ,N,1,0,0,3,0,1,3,2, ,N,39 56:35.023,75 08:42.392,1630, ,1623, ,0, ,N, ,0, , , , , ,839137, , , ,1,1,0,0,0,0,0,0,0,0,0,1,1,0,2,0,0,0,0,0,0,0,0,0,0,0,0,0,0,0,0,0,1,0,0,4,0,39.9431,-75.1451, , 
 ,74532,2011087910,6,67,67301,2011,8,2,1730,17,1,2,1,4,1, , ,N,1,3,0,3,0,6,8,2,N,N,40 01:29.668,75 08:17.030,9999, ,1810, ,0, ,N, ,3, , , , , ,839145, , , ,2,2,0,0,0,0,0,0,0,0,0,1,6,5,0,0,0,0,0,0,0,0,0,0,0,0,0,0,0,0,0,0,0,0,0,4,0,40.0249,-75.1381, , 
 ,74533,2011093073,6,67,67301,2011,8,5,1457,14,1,1,0,4,1, , ,N,1,2,0,3,0,1,3,2,N, ,40 02:07.796,75 10:43.589,1624, ,1619, ,0, , , ,3, , , , , ,839147, , , ,2,2,0,0,0,0,0,0,0,0,0,1,1,0,0,0,0,0,0,0,0,0,0,0,0,0,0,0,0,0,0,0,0,0,0,4,0,40.0355,-75.1788, , 
 ,74534,2011093898,6,67,67301,2011,9,7,25,0,3,1,0,4,1, , ,N,1,2,0,3,0,1,3,2,N,N,40 04:51.806,75 01:43.881,34, ,28,1,2,1,N, ,3,N, , , , ,839151, , , ,2,2,0,0,0,0,0,0,0,0,0,0,1,1,0,0,0,0,0,0,0,0,0,2,0,0,0,0,0,0,0,0,0,0,0,8,0,40.0811,-75.0289, , 
 ,74535,2011072007,6,67,67301,2011,7,6,1436,14,1,2,1,0,1, , ,N,0,0,3,3,0,1,2,1,N,N,39 53:51.484,75 12:43.311,1515, ,1501, ,0, ,N, ,0, , , , , ,839168, , , ,1,1,0,0,0,0,0,0,0,0,0,0,1,1,0,0,0,0,0,0,1,0,0,1,0,0,0,0,0,0,0,0,0,0,0,8,0,39.8976,-75.212, , 
 ,74536,2011092940,6,67,67301,2011,8,6,1930,19,3,2,1,1,1, , ,N,0,2,0,3,0,1,6,2,N,N,40 06:02.896,75 00:25.611,1937, ,1934, ,0, ,N, ,3, , , , , ,839187, , , ,2,2,0,0,0,0,0,0,0,0,0,1,1,0,0,0,0,0,1,0,0,0,0,0,0,0,0,0,0,0,0,0,0,0,0,4,0,40.1008,-75.0071, , 
 ,74537,2011103354,6,67,67301,2011,9,2,1625,16,1,1,0,0,1, , ,N,1,0,0,3,0,1,2,1,N,N,39 57:04.885,75 09:18.588,1633, ,1629, ,0, , , ,0, , , , , ,839196, , , ,1,0,0,1,0,0,0,0,0,1,0,0,1,0,0,0,0,0,0,0,0,0,0,0,0,0,0,0,0,0,0,0,0,0,0,2,1,39.9514,-75.1552, , 
 ,74538,2011082562,6,67,67301,2011,7,1,9999,99,1,1,0,4,1, , ,N,1,2,0,3,0,4,4,2,N,N,40 02:25.098,75 02:36.070,1215, ,1210, ,0, ,N, ,3, , , , , ,839209, , , ,2,1,0,0,0,0,1,0,0,0,3,1,4,0,0,1,0,0,0,0,1,0,0,0,0,0,0,0,0,0,0,0,0,0,0,3,0,40.0403,-75.0434, , 
 ,74539,2011070338,6,67,67301,2011,7,3,754,7,1,1,0,1,1, , ,N,6,0,2,3,0,1,2,2,N,N,39 56:44.167,75 11:25.033,804, ,759,1,1,4,N, ,0,N, , , , ,839244, , , ,2,2,0,0,0,0,0,0,0,0,0,0,1,1,1,0,0,0,0,0,1,0,0,0,0,0,0,0,0,0,0,0,0,0,0,8,0,39.9456,-75.1903, , 
 ,74540,2011076265,6,67,67301,2011,6,7,220,2,3,1,0,4,1, , ,N,2,3,0,3,0,0,3,2,N,N,40 02:57.211,75 11:02.114,237, ,229,3,2,5,N, ,3,Y, , , , ,839250, , , ,2,2,0,0,0,0,0,0,0,0,0,0,0,0,0,0,0,0,0,0,1,0,0,0,0,0,0,0,0,0,0,0,0,0,0,0,0,40.0492,-75.1839, , 
 ,74541,2011047310,6,67,67301,2011,3,1,21,0,3,1,0,5,6, , ,N,0,0,0,3,0,0,1,3,N,N,39 57:32.583,75 14:32.580,24, ,21, ,0, ,N, ,0, , , , , ,839259, , , ,3,2,0,0,0,0,1,0,0,0,0,0,0,0,0,0,0,0,0,0,0,0,0,0,0,0,0,0,0,0,0,0,0,0,0,0,0,39.9591,-75.2424, , 