wz_ln_closure,objectid_1,crn,district,county,municipality,crash_year,crash_month,day_of_week,time_of_day,hour_of_day,illumination,weather,road_condition,collision_type,relation_to_road,work_zone_type,work_zone_loc,work_zone_ind,intersect_type,tcd_type,location_type,urban_rural,fatal_count,injury_count,person_count,total_units,sch_bus_ind,sch_zone_ind,latitude,longitude,arrival_tm,cons_zone_spd_lim,dispatch_tm,est_hrs_closed,lane_closed,ln_close_dir,ntfy_hiwy_maint,spec_juris_cd,tcd_func_cd,tfc_detour_ind,workers_pres,wz_close_detour,wz_flagger,wz_law_offcr_ind,objectid,wz_moving,wz_other,wz_shlder_mdn,vehicle_count,automobile_count,motorcycle_count,bus_count,small_truck_count,heavy_truck_count,suv_count,van_count,bicycle_count,maj_inj_count,mod_inj_count,min_inj_count,tot_inj_count,unk_inj_deg_count,unk_inj_per_count,driver_count_16yr,driver_count_17yr,driver_count_18yr,driver_count_19yr,driver_count_20yr,driver_count_50_64yr,driver_count_65_74yr,driver_count_75plus,unbelted_occ_count,unb_death_count,unb_maj_inj_count,belted_death_count,belted_maj_inj_count,mcycle_death_count,mcycle_maj_inj_count,bicycle_death_count,bicycle_maj_inj_count,ped_count,ped_death_count,ped_maj_inj_count,max_severity_level,comm_veh_count,dec_lat,dec_long,rdwy_surf_type_cd,county_name
 ,74542,2011054148,6,67,67301,2011,4,6,2106,21,3,2,1,5,1, , ,N,0,0,0,3,0,1,1,2,N,N,39 56:07.641,75 14:05.607,2130, ,2122, ,0, ,N, ,0, , , , , ,839263, , , ,2,1,0,0,0,0,0,1,0,0,0,0,1,1,0,0,0,0,0,0,1,0,0,0,0,0,0,0,0,0,0,0,0,0,0,8,0,39.9355,-75.2349, , 
 ,74543,2011056974,6,67,67301,2011,5,7,2345,23,3,1,0,4,1, , ,N,1,2,0,3,0,1,2,2,N,N,39 57:19.443,75 10:16.111,2350, ,2349,1,2,2,N, ,3,Y, , , , ,839268, , , ,2,1,0,0,0,0,1,0,0,0,0,1,1,0,1,0,0,0,0,0,0,0,0,0,0,0,0,0,0,0,0,0,0,0,0,4,0,39.9554,-75.1711, , 
 ,74544,2011062014,6,67,67301,2011,3,7,9999,99,3,1,0,1,1, , ,N,1,2,0,3,0,2,4,3,N,N,39 55:16.112,75 11:37.750,220, ,217, ,0, ,N, ,3, , , , , ,839273, , , ,3,3,0,0,0,0,0,0,0,0,0,2,2,0,0,0,0,0,0,0,0,0,0,0,0,0,0,0,0,0,0,0,0,0,0,4,0,39.9211,-75.1938, , 
 ,74545,2011073157,6,67,67301,2011,6,1,234,2,3,1,0,7,5, , ,N,0,0,0,3,0,0,4,1,N,N,39 59:28.834,75 09:18.117,235, ,234, ,0, ,N, ,0, , , , , ,829396, , , ,1,1,0,0,0,0,0,0,0,0,0,0,0,0,1,0,0,0,1,0,0,0,0,1,0,0,0,0,0,0,0,0,0,0,0,9,0,39.9913,-75.155, , 
 ,74546,2011075596,6,67,67301,2011,6,7,2341,23,3,1,0,1,1, , ,N,0,2,0,3,0,2,9,4,N,N,39 55:41.999,75 08:40.360,2358, ,2357, ,0, , , ,3, , , , , ,829400, , , ,4,3,0,0,0,0,1,0,0,0,0,2,2,0,0,0,0,0,0,1,0,0,0,7,0,0,0,0,0,0,0,0,0,0,0,4,0,39.9283,-75.1445, , 
 ,74547,2011082915,6,67,67301,2011,7,7,958,9,1,1,0,1,1, , ,N,0,0,0,3,0,0,6,6,N,N,39 57:25.827,75 09:26.282,1002, ,1002, ,0, ,N, ,0, , , , , ,829407, , , ,6,4,0,0,0,0,1,1,0,0,0,0,0,0,0,0,0,0,0,1,0,0,0,0,0,0,0,0,0,0,0,0,0,0,0,0,0,39.9572,-75.1573, , 
 ,74548,2011061387,6,67,67301,2011,5,4,1330,13,1,2,1,8,1, , ,N,1,2,0,3,0,1,2,2,N,N,40 02:02.652,75 10:35.500,1338, ,1338, ,0, ,N, ,3, , , , , ,829417, , , ,1,1,0,0,0,0,0,0,0,0,0,1,1,0,0,0,0,0,0,0,1,0,0,0,0,0,0,0,0,0,0,0,1,0,0,4,0,40.0341,-75.1765, , 
 ,74549,2011075732,6,67,67301,2011,6,7,720,7,1,1,0,7,5, , ,N,2,3,0,3,0,0,1,1,N,N,40 02:17.703,75 08:40.703,730, ,727,1,1,3,N, ,3,N, , , , ,829435, , , ,1,1,0,0,0,0,0,0,0,0,0,0,0,0,0,0,0,0,0,0,0,0,0,0,0,0,0,0,0,0,0,0,0,0,0,0,0,40.0383,-75.1446, , 
 ,74550,2011083473,6,67,67301,2011,7,3,1840,18,1,1,0,4,1, , ,N,1,2,0,3,0,1,2,2,N,N,40 04:51.033,75 12:09.605,1854, ,1846,3,1,3,N, ,3,Y, , , , ,829440, , , ,2,1,0,1,0,0,0,0,0,0,0,0,1,1,0,0,0,0,0,0,1,0,0,0,0,0,0,0,0,0,0,0,0,0,0,8,1,40.0808,-75.2027, , 
 ,74551,2011086523,6,67,67301,2011,8,5,1009,10,1,1,0,1,1, , ,N,0,0,0,3,0,1,2,2,N,N,39 59:37.723,75 11:57.127,1026, ,1014, ,0, ,N, ,0, , , , , ,829443, , , ,2,1,0,0,0,1,0,0,0,0,0,1,1,0,0,0,0,0,0,0,1,0,0,0,0,0,0,0,0,0,0,0,0,0,0,4,1,39.9938,-75.1992, , 
 ,74552,2011098116,6,67,67301,2011,9,1,1400,14,1,1,0,4,1, , ,N,1,2,0,3,0,1,2,2,N, ,40 04:50.725,75 01:42.964,1432, ,1405,2,1,1,N, ,3,N, , , , ,829453, , , ,2,2,0,0,0,0,0,0,0,0,0,1,1,0,0,0,0,0,1,0,0,0,0,0,0,0,0,0,0,0,0,0,0,0,0,4,0,40.0808,-75.0284, , 
 ,74553,2011100715,6,67,67301,2011,9,6,1930,19,4,1,0,8,1, , ,N,0,0,0,3,0,1,2,2,N,N,40 01:21.156,75 07:12.606,1945, ,1938, ,0, ,N, ,0, , , , , ,829457, , , ,1,0,1,0,0,0,0,0,0,0,0,1,1,0,0,0,0,0,0,0,0,0,0,0,0,0,0,0,0,0,0,0,1,0,0,4,0,40.0225,-75.1202, , 
 ,74554,2011056826,6,67,67301,2011,5,3,1207,12,1,1,0,7,5, , ,N,10,3,0,3,0,1,5,1,N,N,39 53:25.191,75 14:48.101,1214, ,1208, ,0, ,N, ,3, , , , , ,829468, , , ,1,0,0,0,0,0,1,0,0,0,0,0,1,1,0,0,0,1,0,0,0,0,0,0,0,0,0,0,0,0,0,0,0,0,0,8,0,39.8903,-75.2467, , 
 ,74555,2011057308,6,67,67301,2011,5,6,1625,16,1,1,0,4,1, , ,N,1,2,0,3,0,2,5,2,N,N,40 01:46.026,75 03:22.176,1632, ,1630, ,0, ,N, ,3, , , , , ,829469, , , ,2,2,0,0,0,0,0,0,0,0,0,0,2,2,0,0,0,0,0,0,0,0,0,0,0,0,0,0,0,0,0,0,0,0,0,8,0,40.0294,-75.0561, , 
 ,74556,2011057917,6,67,67301,2011,6,5,1709,17,1,1,0,1,1, , ,N,0,0,0,3,0,0,2,2,N,N,39 55:39.301,75 11:44.585,1742, ,1722, ,0, ,N, ,0, , , , , ,829473, , , ,2,0,0,0,0,0,2,0,0,0,0,0,0,0,0,0,0,0,0,0,1,0,0,0,0,0,0,0,0,0,0,0,0,0,0,0,0,39.9276,-75.1957, , 
 ,74557,2011082740,6,67,67301,2011,7,4,1737,17,1,1,0,6,1, , ,N,2,0,0,3,0,1,2,2,N,N,40 00:54.612,75 06:41.439,2010, ,2006, ,0, ,N, ,0, , , , , ,829485, , , ,2,2,0,0,0,0,0,0,0,0,0,1,1,0,0,0,0,0,0,1,0,0,0,0,0,0,0,0,0,0,0,0,0,0,0,4,0,40.0152,-75.1115, , 
 ,74558,2011087997,6,67,67301,2011,7,2,1459,14,1,1,0,8,1, , ,N,1,2,0,3,0,1,2,2,N,N,39 59:53.719,75 07:38.507,1513, ,1511,1,2,3,N, ,2,Y, , , , ,829494, , , ,1,1,0,0,0,0,0,0,0,0,0,0,1,1,0,0,0,0,0,0,0,0,0,0,0,0,0,0,0,0,0,0,1,0,0,8,0,39.9983,-75.1274, , 
 ,74559,2011088030,6,67,67301,2011,8,4,1915,19,1,1,0,4,1, , ,N,1,2,0,3,0,1,2,2,N,N,39 57:49.307,75 13:10.512,1927, ,1916, ,0, ,N, ,3, , , , , ,829495, , , ,1,1,0,0,0,0,0,0,1,1,0,0,1,0,0,0,0,0,0,0,1,0,0,0,0,0,0,0,0,0,0,1,0,0,0,2,0,39.9637,-75.2196, , 
 ,74560,2011090412,6,67,67301,2011,8,2,830,8,1,1,0,8,1, , ,N,1,2,0,3,0,1,2,2,N,N,40 05:45.431,74 58:36.412,845, ,836, ,0, ,N, ,3, , , , , ,829497, , , ,1,0,0,0,0,0,1,0,0,0,1,0,1,0,0,0,0,0,0,0,0,0,0,0,0,0,0,0,0,0,0,0,1,0,0,3,0,40.096,-74.9768, , 
 ,74561,2011098923,6,67,67301,2011,8,2,1357,13,1,1,0,4,1, , ,N,1,2,0,3,0,0,2,2,N,N,40 03:06.246,75 07:37.696,1401, ,1401, ,0, ,N, ,3, , , , , ,829504, , , ,2,0,0,0,0,0,2,0,0,0,0,0,0,0,0,0,0,0,0,0,1,0,0,0,0,0,0,0,0,0,0,0,0,0,0,0,0,40.0517,-75.1271, , 
 ,74562,2011068513,6,67,67301,2011,6,2,1630,16,1,1,0,1,1, , ,N,1,2,0,3,0,1,3,3, , ,39 55:33.889,75 13:29.313,2200, ,1630, ,0, , , ,3, , , , , ,829516, , , ,3,2,0,0,0,0,0,1,0,0,0,0,1,1,1,0,0,0,0,0,0,0,0,0,0,0,0,0,0,0,0,0,0,0,0,8,0,39.9261,-75.2248, , 
 ,74563,2011076066,6,67,67301,2011,6,1,2315,23,3,1,0,1,9, , ,N,1,0,0,3,0,2,2,2, , ,39 56:32.233,75 11:04.153,45, ,30, ,0, , , ,0, , , , , ,832612, , , ,2,0,0,0,0,0,1,1,0,0,0,1,2,1,0,0,0,0,0,0,2,0,0,2,0,0,0,0,0,0,0,0,0,0,0,4,0,39.9423,-75.1845, , 
 ,74564,2011083349,6,67,67301,2011,7,3,1543,15,1,1,0,1,1, , ,N,0,0,0,3,0,2,2,3,N, ,39 56:17.286,75 09:17.384,1720, ,1719,1,1,1, , ,0,N, , , , ,832619, , , ,3,0,0,0,1,0,1,1,0,0,0,1,2,1,0,0,0,0,0,0,0,0,0,0,0,0,0,0,0,0,0,0,0,0,0,4,0,39.9381,-75.1548, , 
 ,74565,2011053457,6,67,67301,2011,4,7,220,2,3,2,1,4,1, , ,N,2,3,0,3,0,0,2,2,N,N,39 58:46.873,75 14:47.028,227, ,227,1,1,1,N, ,3,N, , , , ,832644, , , ,2,2,0,0,0,0,0,0,0,0,0,0,0,0,0,0,0,0,0,0,1,0,0,0,0,0,0,0,0,0,0,0,0,0,0,0,0,39.9797,-75.2463, , 
 ,74566,2011113289,6,67,67301,2011,10,1,233,2,3,2,1,4,1, , ,N,1,2,0,3,0,2,4,2,N,N,40 01:44.341,75 06:21.815,240, ,235, ,0, ,N, ,3, , , , , ,832656, , , ,2,1,0,0,0,0,0,1,0,0,2,0,2,0,0,0,0,0,0,0,0,0,0,2,0,0,0,0,0,0,0,0,0,0,0,3,0,40.029,-75.1061, , 
 ,74567,2011115323,6,67,67301,2011,10,4,1732,17,1,2,1,5,4, , ,N,0,0,0,3,0,1,2,2,N, ,39 55:52.212,75 09:34.329,1734, ,1733, ,0, , , ,0, , , , , ,832660, , , ,1,1,0,0,0,0,0,0,1,0,0,1,1,0,0,0,0,0,0,0,0,0,0,0,0,0,0,0,0,0,0,0,0,0,0,4,0,39.9312,-75.1595, , 
 ,74568,2011126344,6,67,67301,2011,11,3,804,8,1,1,0,1,1, , ,N,1,2,0,3,0,1,2,2,N,N,39 58:07.419,75 08:03.924,809, ,804, ,0, ,N, ,3, , , , , ,832668, , , ,2,2,0,0,0,0,0,0,0,0,0,1,1,0,1,0,0,0,0,0,0,0,0,0,0,0,0,0,0,0,0,0,0,0,0,4,0,39.9689,-75.1344, , 
 ,74569,2012001900,6,67,67301,2011,12,2,131,1,3,1,0,1,1, , ,N,1,2,0,3,0,4,5,2,N,N,39 57:36.149,75 13:29.566,134, ,132, ,0, ,N, ,3, , , , , ,832677, , , ,2,2,0,0,0,0,0,0,0,0,0,4,4,0,0,0,0,0,0,0,0,0,0,0,0,0,0,0,0,0,0,0,0,0,0,4,0,39.9599,-75.2249, , 
 ,74570,2012008086,6,9,9212,2011,9,3,1009,10,1,2,1,8,1, , ,N,1,2,0,3,0,1,2,2,N,N,40 08:03.616,75 00:33.107,1013, ,1011, ,0, ,N, ,3, , , , , ,832678, , , ,1,1,0,0,0,0,0,0,0,0,0,0,1,1,0,0,1,0,0,0,0,0,0,0,0,0,0,0,0,0,0,0,1,0,0,8,0,40.1343,-75.0091, , 
 ,74571,2011108858,6,67,67301,2011,9,4,700,7,5,8,1,7,2, , ,N,0,0,3,3,0,1,2,2,N, ,40 04:29.139,75 03:21.869,702, ,700,1,2,7,N, ,0,N, , , , ,832690, , , ,2,2,0,0,0,0,0,0,0,0,0,0,1,1,0,0,0,0,0,0,0,0,0,0,0,0,0,0,0,0,0,0,0,0,0,8,0,40.0748,-75.0561, , 
 ,74572,2011112122,6,67,67301,2011,10,1,500,5,3,1,0,1,1, , ,N,1,2,0,3,0,0,2,2,N,N,39 55:27.728,75 10:10.600,515, ,512,1,1,3, , ,3,N, , , , ,832698, , , ,2,1,0,0,1,0,0,0,0,0,0,0,0,0,0,0,0,0,0,0,1,0,0,0,0,0,0,0,0,0,0,0,0,0,0,0,0,39.9244,-75.1696, , 
 ,74573,2011082473,6,67,67301,2011,7,4,2322,23,3,1,0,8,1, , ,N,1,2,0,3,0,1,2,2,N,N,40 00:50.174,75 03:20.262,2324, ,2324,9,2,5,N, ,3,Y, , , , ,832707, , , ,1,1,0,0,0,0,0,0,0,1,0,0,1,0,0,0,0,0,0,1,0,0,0,0,0,0,0,0,0,0,0,0,1,0,1,2,0,40.0139,-75.0556, , 
 ,74574,2011082734,6,67,67301,2011,7,3,1727,17,1,1,0,8,6, , ,N,0,0,0,3,0,1,2,2,N,N,39 57:09.406,75 14:23.128,1738, ,1734, ,0, ,N, ,0, , , , , ,832708, , , ,1,1,0,0,0,0,0,0,0,0,0,1,1,0,0,0,0,0,0,0,0,0,0,0,0,0,0,0,0,0,0,0,1,0,0,4,0,39.9526,-75.2398, , 
 ,74575,2011092878,6,67,67301,2011,8,3,102,1,3,1,0,4,1, , ,N,2,2,0,3,0,3,5,2,N,N,39 58:16.449,75 09:26.207,107, ,104,2,1,6,N, ,3,N, , , , ,832720, , , ,2,1,0,0,0,0,0,1,0,0,0,0,3,3,0,0,0,0,0,0,1,0,0,0,0,0,0,0,0,0,0,0,0,0,0,8,0,39.9711,-75.1573, , 
 ,74576,2011059429,6,67,67301,2011,5,4,1813,18,1,1,0,1,1, , ,N,0,0,0,3,0,1,2,2,N,N,39 57:25.979,75 09:27.423,1830, ,1815, ,0, ,N, ,0, , , , , ,832741, , , ,2,1,0,0,0,0,1,0,0,0,0,0,1,1,0,0,0,0,0,0,0,0,0,0,0,0,0,0,0,0,0,0,0,0,0,8,0,39.9572,-75.1576, , 
 ,74577,2011073991,6,67,67301,2011,6,1,225,2,3,1,0,5,1, , ,N,1,2,0,3,0,1,2,2,N,N,40 08:03.425,75 00:32.780,230, ,226, ,0, , , ,3, , , , , ,832756, , , ,2,2,0,0,0,0,0,0,0,0,0,1,1,0,0,0,0,0,0,1,0,0,0,0,0,0,0,0,0,0,0,0,0,0,0,4,0,40.1343,-75.0091, , 
 ,74578,2011075614,6,67,67301,2011,6,3,230,2,3,1,0,4,1, , ,N,10,2,0,3,0,1,2,2,N,N,39 58:13.818,75 08:53.301,235, ,233, ,0, ,N, ,9, , , , , ,832759, , , ,2,1,0,0,0,0,1,0,0,0,0,1,1,0,0,0,0,0,0,0,0,0,0,0,0,0,0,0,0,0,0,0,0,0,0,4,0,39.9704,-75.1482, , 
 ,74579,2011085548,6,67,67301,2011,7,1,1112,11,1,1,0,5,1, , ,N,1,2,0,3,0,4,4,2,N,N,40 02:22.048,75 04:38.765,1119, ,1140, ,0, ,N, ,3, , , , , ,832770, , , ,2,2,0,0,0,0,0,0,0,0,0,4,4,0,0,0,0,0,0,0,0,0,0,0,0,0,0,0,0,0,0,0,0,0,0,4,0,40.0394,-75.0774, , 
 ,74580,2011057057,6,67,67301,2011,5,7,239,2,3,1,0,4,1, , ,N,1,2,99,3,0,1,5,2,N,N,39 57:12.138,75 10:17.635,244, ,239, ,0, ,N, ,3, , , , , ,832788, , , ,2,1,0,0,0,0,1,0,0,0,0,0,1,1,0,0,0,0,0,0,0,0,0,2,0,0,0,0,0,0,0,0,0,0,0,8,0,39.9534,-75.1715, , 
 ,74581,2011063641,6,67,67301,2011,6,4,1318,13,1,1,0,7,2, , ,N,0,0,0,3,0,0,1,1,N,N,39 57:05.829,75 08:27.615,1325, ,1323, ,0, ,N, ,0, , , , , ,836083, , , ,1,1,0,0,0,0,0,0,0,0,0,0,0,0,0,0,0,0,1,0,0,0,0,0,0,0,0,0,0,0,0,0,0,0,0,0,0,39.9515,-75.141, , 
 ,74582,2011054140,6,67,67301,2011,4,4,653,6,1,1,0,1,1, , ,N,1,3,0,3,0,13,13,2,N,N,39 56:42.224,75 12:54.989,655, ,653,2,2,4,N, ,3,N, , , , ,836115, , , ,2,0,0,0,0,0,1,0,0,0,0,0,13,13,0,0,0,0,0,0,0,0,0,1,0,0,0,0,0,0,0,0,0,0,0,8,0,39.9451,-75.2153, , 
 ,74583,2011054358,6,67,67301,2011,4,7,1638,16,1,1,0,7,5, , ,N,2,2,0,3,0,0,1,1,N,N,39 55:05.588,75 10:58.159,1640, ,1639, ,0, ,N, ,3, , , , , ,836116, , , ,1,0,0,0,0,0,1,0,0,0,0,0,0,0,1,0,0,0,0,0,0,0,0,0,0,0,0,0,0,0,0,0,0,0,0,9,0,39.9182,-75.1828, , 
 ,74584,2011090381,6,67,67301,2011,7,6,1200,12,1,1,0,4,1, , ,N,1,2,2,3,0,1,3,2,N,N,39 57:25.759,75 09:03.782,1215, ,1208, ,0, ,N, ,3, , , , , ,836126, , , ,2,1,0,0,0,0,1,0,0,0,0,0,1,1,0,0,0,0,0,0,0,0,0,0,0,0,0,0,0,0,0,0,0,0,0,8,0,39.9571,-75.1511, , 
 ,74585,2011092932,6,67,67301,2011,5,5,1605,16,1,1,0,1,1, , ,N,0,0,0,3,0,5,6,2,N,N,40 00:03.367,75 07:29.199,1610, ,1608, ,0, ,N, ,0, , , , , ,836129, , , ,2,0,0,0,2,0,0,0,0,0,0,5,5,0,0,0,0,0,0,0,0,0,0,0,0,0,0,0,0,0,0,0,0,0,0,4,0,40.0009,-75.1248, , 
 ,74586,2011100848,6,67,67301,2011,9,2,1750,17,1,1,0,1,1, , ,N,2,2,0,3,0,2,3,2,N,N,39 57:36.624,75 08:13.909,1856, ,1856, ,0, ,N, ,3, , , , , ,836134, , , ,2,0,1,0,1,0,0,0,0,0,0,2,2,0,0,0,0,0,0,0,1,0,0,0,0,0,0,0,0,0,0,0,0,0,0,4,0,39.9605,-75.137, , 
 ,74587,2011110707,6,67,67301,2011,10,2,1932,19,3,1,0,7,4, , ,N,0,0,0,3,0,0,1,1,N,N,39 55:10.663,75 08:53.372,1944, ,1934,2,1,2,N, ,0,N, , , , ,836141, , , ,1,1,0,0,0,0,0,0,0,0,0,0,0,0,0,0,0,0,0,0,0,0,0,0,0,0,0,0,0,0,0,0,0,0,0,0,0,39.9201,-75.1482, , 
 ,74588,2012001535,6,67,67301,2011,12,4,7,0,3,2,1,7,2, , ,N,0,0,0,3,0,0,3,1,N,N,39 57:35.648,75 10:44.468,34, ,9, ,0, ,N, ,0, , , , , ,836151, , , ,1,0,0,0,0,0,1,0,0,0,0,0,0,0,0,0,0,0,0,0,0,0,0,0,0,0,0,0,0,0,0,0,0,0,0,0,0,39.9599,-75.179, , 
 ,74589,2012001938,6,67,67301,2011,12,4,1605,16,2,2,1,7,4, , ,N,0,0,0,3,0,0,1,1,N,N,40 01:44.753,75 12:16.230,1620, ,1605,2,1,2,Y, ,0,N, , , , ,836152, , , ,1,1,0,0,0,0,0,0,0,0,0,0,0,0,0,0,0,0,0,0,1,0,0,0,0,0,0,0,0,0,0,0,0,0,0,0,0,40.0291,-75.2045, , 
 ,74590,2012018314,6,67,67301,2011,4,2,1835,18,4,1,0,1,1, , ,N,0,0,0,3,0,1,3,2,N,N,39 58:07.313,75 11:29.514,0, ,0, ,0, ,N, ,0, , , , , ,836153, , , ,2,1,0,0,0,0,0,1,0,0,0,1,1,0,0,0,0,0,0,0,0,0,0,0,0,0,0,0,0,0,0,0,0,0,0,4,0,39.9687,-75.1915, , 
 ,74591,2011056897,6,67,67301,2011,5,1,1609,16,1,1,0,1,1, , ,N,0,0,0,3,0,5,9,3, , ,40 05:05.943,75 01:30.235,1614, ,1611,1,1,2, , ,0,N, , , , ,836154, , , ,3,3,0,0,0,0,0,0,0,0,0,2,5,3,0,0,0,0,0,0,1,1,0,0,0,0,0,0,0,0,0,0,0,0,0,4,0,40.085,-75.0251, , 
 ,74592,2011061192,6,67,67301,2011,5,1,148,1,3,2,7,0,1, , ,N,0,0,0,3,0,1,2,1,N,N,39 59:09.547,75 05:33.191,200, ,149, ,0, ,N, ,0, , , , , ,836161, , , ,1,1,0,0,0,0,0,0,0,0,0,0,1,1,1,0,0,0,0,0,0,0,0,0,0,0,0,0,0,0,0,0,0,0,0,8,0,39.9859,-75.0927, , 
 ,74593,2011067930,6,67,67301,2011,7,1,2207,22,3,1,0,7,3, , ,N,0,0,0,3,0,1,1,1,N,N,40 01:59.315,75 01:13.207,2220, ,2211,1,1,1,N, ,0,N, , , , ,836169, , , ,1,0,1,0,0,0,0,0,0,0,0,1,1,0,0,0,0,0,0,0,0,0,0,0,0,0,0,0,0,0,0,0,0,0,0,4,0,40.0331,-75.0204, , 
 ,74594,2011106208,6,67,67301,2011,9,3,1029,10,1,2,1,4,1, , ,N,1,2,0,3,0,1,2,2,N,N,39 58:49.322,75 10:15.323,1031, ,1029, ,0, ,N, ,3, , , , , ,836180, , , ,2,1,0,0,1,0,0,0,0,0,0,0,1,1,0,0,0,0,0,0,1,0,0,0,0,0,0,0,0,0,0,0,0,0,0,8,0,39.9804,-75.1709, , 
 ,74595,2011066155,6,67,67301,2011,6,4,1309,13,1,1,0,7,1, , ,N,0,0,0,3,0,1,3,2,N,N,40 04:01.398,75 09:29.514,1500, ,1457, ,0, ,N, ,0, , , , , ,836182, , , ,2,1,0,0,0,0,1,0,0,0,0,0,1,1,0,0,0,0,0,0,1,0,0,0,0,0,0,0,0,0,0,0,0,0,0,8,0,40.0671,-75.1582, , 
 ,74596,2011114228,6,67,67301,2011,9,3,1507,15,1,1,0,1,1, , ,N,0,0,0,3,0,0,4,4,N,N,40 00:57.082,75 08:58.902,1830, ,1825,1,1,1,N, ,0,N, , , , ,836214, , , ,4,3,0,0,1,0,0,0,0,0,0,0,0,0,0,0,0,0,0,0,0,0,0,0,0,0,0,0,0,0,0,0,0,0,0,0,0,40.0159,-75.1497, , 
 ,74597,2011126035,6,67,67301,2011,12,1,1559,15,1,1,0,1,1, , ,N,0,0,0,3,0,1,3,2,N,N,39 58:25.565,75 07:10.801,1613, ,1602, ,0, ,N, ,0, , , , , ,836221, , , ,2,0,0,0,1,0,1,0,0,0,0,1,1,0,0,0,0,0,0,0,0,0,0,0,0,0,0,0,0,0,0,0,0,0,0,4,0,39.9738,-75.1196, , 
 ,74598,2011076302,6,67,67301,2011,6,6,1420,14,1,1,0,1,1, , ,N,1,2,0,3,0,1,2,2, , ,40 01:47.791,75 09:11.771,1445, ,1437, ,0, , , ,3, , , , , ,836240, , , ,2,2,0,0,0,0,0,0,0,0,0,1,1,0,0,0,0,0,0,0,0,1,0,2,0,0,0,0,0,0,0,0,0,0,0,4,0,40.0299,-75.1533, , 
 ,74599,2011100803,6,67,67301,2011,9,4,935,9,1,2,1,5,1, , ,N,0,0,0,3,0,1,1,2,N,N,40 01:37.912,75 08:18.679,1032, ,1030, ,0, ,N, ,0, , , , , ,836263, , , ,2,2,0,0,0,0,0,0,0,0,0,1,1,0,0,0,0,0,0,0,0,0,0,0,0,0,0,0,0,0,0,0,0,0,0,4,0,40.0272,-75.1385, , 
 ,74600,2011065513,6,67,67301,2011,5,6,1003,10,1,1,0,4,1, , ,N,2,3,7,3,0,1,2,2,N,N,39 57:43.840,75 08:47.720,1019, ,1016, ,0, ,N, ,3, , , , , ,839279, , , ,2,1,0,0,0,0,1,0,0,0,0,1,1,0,0,0,0,0,0,0,1,0,0,0,0,0,0,0,0,0,0,0,0,0,0,4,0,39.9622,-75.1466, , 
 ,74601,2011082617,6,67,67301,2011,6,7,1740,17,1,1,0,8,1, , ,N,0,0,0,3,0,1,3,2,N, ,39 59:24.140,75 11:07.472,1741, ,1740,3,2,6, , ,0,Y, , , , ,839286, , , ,1,1,0,0,0,0,0,0,0,1,0,0,1,0,0,0,0,0,0,0,0,0,0,2,0,0,0,0,0,0,0,0,1,0,1,2,0,39.99,-75.1854, , 
 ,74602,2011097736,6,67,67301,2011,9,2,1026,10,1,1,0,7,2, , ,N,0,0,0,3,0,0,1,1,N,N,40 02:39.260,75 00:08.663,1030, ,1030, ,0, ,N, ,0, , , , , ,839301, , , ,1,1,0,0,0,0,0,0,0,0,0,0,0,0,0,0,0,0,1,0,0,0,0,0,0,0,0,0,0,0,0,0,0,0,0,0,0,40.0441,-75.0025, , 
 ,74603,2011038359,6,67,67301,2011,3,5,1012,10,1,2,1,4,1, , ,N,2,3,0,3,0,1,2,2,N,N,39 57:28.627,75 13:38.423,1017, ,1014, ,0, ,N, ,3, , , , , ,839336, , , ,2,2,0,0,0,0,0,0,0,0,0,1,1,0,0,0,0,0,0,0,1,0,0,0,0,0,0,0,0,0,0,0,0,0,0,4,0,39.958,-75.2273, , 
 ,74604,2011062627,6,67,67301,2011,6,6,2152,21,3,2,1,0,1, , ,N,0,0,0,3,0,0,2,1,N,N,40 02:19.563,75 00:33.423,2215, ,2155, ,0, ,N, ,0, , , , , ,839348, , , ,1,0,0,0,0,0,0,1,0,0,0,0,0,0,0,0,0,0,0,0,0,0,0,0,0,0,0,0,0,0,0,0,0,0,0,0,0,40.0388,-75.0092, , 
 ,74605,2011068386,6,67,67301,2011,6,5,1325,13,1,1,0,4,1, , ,N,1,2,0,3,0,1,2,2,Y,N,39 59:14.079,75 06:31.807,1338, ,1333, ,0, ,N, ,3, , , , , ,839352, , , ,1,0,0,1,0,0,0,0,1,0,0,0,1,1,0,0,0,0,0,0,0,0,0,0,0,0,0,0,0,0,0,0,0,0,0,8,1,39.9872,-75.1088, , 
 ,74606,2011091223,6,67,67301,2011,9,3,1240,12,1,2,1,7,2, , ,N,0,0,0,3,0,0,2,2,N,N,39 53:17.510,75 12:11.563,1248, ,1245,1,2,1,N, ,0,N, , , , ,839357, , , ,2,1,0,0,0,0,1,0,0,0,0,0,0,0,0,0,0,0,0,1,0,0,0,0,0,0,0,0,0,0,0,0,0,0,0,0,0,39.8882,-75.2032, , 
 ,74607,2011100735,6,67,67301,2011,9,7,1430,14,1,1,0,4,1, , ,N,1,2,0,3,0,2,2,2,N, ,40 03:52.885,74 58:56.121,1610, ,1605,1,1,1, , ,3,N, , , , ,839367, , , ,2,2,0,0,0,0,0,0,0,0,0,2,2,0,0,0,0,0,0,0,1,0,1,0,0,0,0,0,0,0,0,0,0,0,0,4,0,40.0647,-74.9823, , 