wz_ln_closure,objectid_1,crn,district,county,municipality,crash_year,crash_month,day_of_week,time_of_day,hour_of_day,illumination,weather,road_condition,collision_type,relation_to_road,work_zone_type,work_zone_loc,work_zone_ind,intersect_type,tcd_type,location_type,urban_rural,fatal_count,injury_count,person_count,total_units,sch_bus_ind,sch_zone_ind,latitude,longitude,arrival_tm,cons_zone_spd_lim,dispatch_tm,est_hrs_closed,lane_closed,ln_close_dir,ntfy_hiwy_maint,spec_juris_cd,tcd_func_cd,tfc_detour_ind,workers_pres,wz_close_detour,wz_flagger,wz_law_offcr_ind,objectid,wz_moving,wz_other,wz_shlder_mdn,vehicle_count,automobile_count,motorcycle_count,bus_count,small_truck_count,heavy_truck_count,suv_count,van_count,bicycle_count,maj_inj_count,mod_inj_count,min_inj_count,tot_inj_count,unk_inj_deg_count,unk_inj_per_count,driver_count_16yr,driver_count_17yr,driver_count_18yr,driver_count_19yr,driver_count_20yr,driver_count_50_64yr,driver_count_65_74yr,driver_count_75plus,unbelted_occ_count,unb_death_count,unb_maj_inj_count,belted_death_count,belted_maj_inj_count,mcycle_death_count,mcycle_maj_inj_count,bicycle_death_count,bicycle_maj_inj_count,ped_count,ped_death_count,ped_maj_inj_count,max_severity_level,comm_veh_count,dec_lat,dec_long,rdwy_surf_type_cd,county_name
 ,74608,2011106176,6,67,67301,2011,9,3,1035,10,1,2,1,1,1, , ,N,0,0,0,3,0,1,2,2,N,N,39 57:14.884,75 10:09.447,1040, ,1035, ,0, ,N, ,0, , , , , ,839371, , , ,2,1,0,0,1,0,0,0,0,0,0,1,1,0,0,0,0,0,0,0,0,0,0,1,0,0,0,0,0,0,0,0,0,0,0,4,0,39.9541,-75.1693, , 
 ,74609,2011007672,6,67,67301,2011,1,7,1400,14,1,1,1,7,4, , ,N,0,0,2,3,0,0,1,1,N,N,40 02:45.522,75 00:02.329,1405, ,1405, ,0, ,N, ,0, , , , , ,839375, , , ,1,1,0,0,0,0,0,0,0,0,0,0,0,0,1,0,0,0,0,0,0,0,0,1,0,0,0,0,0,0,0,0,0,0,0,9,0,40.0466,-75.0007, , 
 ,74610,2011023258,6,67,67301,2011,1,7,140,1,3,1,0,8,1, , ,N,1,2,0,3,0,1,2,2,N,N,39 57:06.627,75 10:18.367,209, ,209, ,0, ,N, ,3, , , , , ,839388, , , ,1,1,0,0,0,0,0,0,0,0,0,0,1,1,0,0,0,0,0,0,0,0,0,0,0,0,0,0,0,0,0,0,1,0,0,8,0,39.9518,-75.1718, , 
 ,74611,2011031424,6,67,67301,2011,2,1,700,7,1,1,0,5,1, , ,N,0,0,0,3,0,0,1,3,N,N,40 00:17.488,75 09:50.130,900, ,854, ,0, ,N, ,0, , , , , ,839395, , , ,3,2,0,0,0,0,0,1,0,0,0,0,0,0,0,0,0,0,0,0,0,0,0,0,0,0,0,0,0,0,0,0,0,0,0,0,0,40.0049,-75.1639, , 
N,74612,2011067927,6,67,67301,2011,5,1,1,0,3,1,0,1,1,1,8,Y,0,0,0,3,0,2,2,2,N,N,39 53:56.154,75 10:22.414,20,55,8,1,2,2,N, ,0,N,N,N,N,N,839428,N,Y,N,2,1,0,0,1,0,0,0,0,0,0,2,2,0,0,0,0,0,0,0,0,0,0,0,0,0,0,0,0,0,0,0,0,0,0,4,0,39.8989,-75.1729, , 
 ,74613,2011090368,6,67,67301,2011,7,1,742,7,1,1,0,4,1, , ,N,1,2,0,3,0,3,5,2,N,N,39 59:40.373,75 09:33.635,810, ,808,1,1,3,N, ,3,N, , , , ,839449, , , ,2,1,0,1,0,0,0,0,0,0,0,3,3,0,0,0,0,0,0,0,1,0,0,0,0,0,0,0,0,0,0,0,0,0,0,4,1,39.9945,-75.1593, , 
 ,74614,2011098098,6,67,67301,2011,9,6,1209,12,1,1,0,4,1, , ,N,1,3,0,3,0,1,2,2,N,N,40 04:36.267,75 10:13.036,1233, ,1223, ,0, ,N, ,3, , , , , ,839459, , , ,1,0,0,0,0,0,1,0,1,0,0,1,1,0,0,0,0,0,0,0,1,0,0,0,0,0,0,0,0,0,0,0,0,0,0,4,0,40.0767,-75.1703, , 
 ,74615,2011102735,6,67,67301,2011,10,1,1518,15,1,1,0,5,1, , ,N,0,0,0,3,0,1,2,2,N,N,39 57:50.556,75 08:18.930,1530, ,1520,1,1,2,N, ,0,N, , , , ,839461, , , ,2,1,1,0,0,0,0,0,0,0,0,1,1,0,0,0,0,0,0,0,0,1,0,0,0,0,0,0,0,0,0,0,0,0,0,4,0,39.9642,-75.1385, , 
 ,74616,2011057300,6,67,67301,2011,5,4,1900,19,1,1,0,4,1, , ,N,1,2,0,3,0,2,2,2,N,N,40 02:25.414,75 07:27.069,2012, ,2010, ,0, ,N, ,3, , , , , ,839479, , , ,2,1,0,0,0,0,1,0,0,0,0,0,2,2,0,0,0,0,0,0,0,0,0,0,0,0,0,0,0,0,0,0,0,0,0,8,0,40.0404,-75.1242, , 
 ,74617,2011066083,6,67,67301,2011,6,7,325,3,3,1,0,1,1, , ,N,1,2,0,3,0,2,5,2,N,N,40 02:53.743,75 11:00.264,334, ,330, ,0, ,N, ,3, , , , , ,839486, , , ,2,1,0,1,0,0,0,0,0,0,0,2,2,0,0,0,0,0,0,0,0,0,0,0,0,0,0,0,0,0,0,0,0,0,0,4,1,40.0483,-75.1834, , 
 ,74618,2011064098,6,67,67301,2011,5,6,1800,18,1,1,0,4,1, , ,N,1,2,0,3,0,1,2,2, , ,39 57:11.260,75 09:40.449,1812, ,1808, ,0, , , ,3, , , , , ,829522, , , ,1,0,0,0,0,0,0,0,1,0,0,1,1,0,0,0,0,0,0,0,0,0,0,0,0,0,0,0,0,0,0,0,0,0,0,4,0,39.9531,-75.1612, , 
 ,74619,2011065280,6,67,67301,2011,3,4,1330,13,1,1,0,8,1, , ,N,1,2,0,3,0,2,3,3,N,N,39 59:38.150,75 09:16.063,9999, ,1250, ,0, , , ,3, , , , , ,829523, , , ,1,0,0,0,0,0,0,0,0,0,0,0,2,2,0,0,0,0,0,0,0,0,0,0,0,0,0,0,0,0,0,0,2,0,0,8,0,39.9939,-75.1545, , 
 ,74620,2011065504,6,67,67301,2011,5,3,2145,21,2,2,1,4,1, , ,N,1,3,0,3,0,1,3,2,N,N,39 58:51.733,75 09:50.180,2215, ,2210, ,0, ,N, ,3, , , , , ,829525, , , ,2,1,0,0,0,0,0,1,0,0,0,1,1,0,0,0,0,0,0,0,0,0,0,0,0,0,0,0,0,0,0,0,0,0,0,4,0,39.981,-75.1639, , 
 ,74621,2011068440,6,67,67301,2011,6,7,422,4,3,1,0,1,1, , ,N,1,2,0,3,0,1,3,2,N,N,40 07:53.956,75 00:43.926,422, ,422, ,0, ,N, ,3, , , , , ,829528, , , ,2,2,0,0,0,0,0,0,0,1,0,0,1,0,1,0,0,0,0,0,0,0,0,1,0,0,0,0,0,0,0,0,0,0,0,2,0,40.1317,-75.0122, , 
 ,74622,2011075714,6,67,67301,2011,7,6,1600,16,1,1,0,8,1, , ,N,0,0,0,3,0,1,2,3,N,N,39 59:17.171,75 09:20.688,1615, ,1615, ,0, ,N, ,0, , , , , ,829535, , , ,2,1,0,0,0,0,1,0,0,0,0,0,1,1,0,0,0,0,0,0,0,0,0,0,0,0,0,0,0,0,0,0,1,0,0,8,0,39.9881,-75.1557, , 
 ,74623,2011083426,6,67,67301,2011,7,5,28,0,3,1,0,4,1, , ,N,1,3,0,3,0,1,2,2,N,N,39 57:41.068,75 08:35.811,57, ,54,2,2,1,N, ,3,Y, , , , ,829542, , , ,2,2,0,0,0,0,0,0,0,0,1,0,1,0,0,0,0,0,0,0,0,0,0,0,0,0,0,0,0,0,0,0,0,0,0,3,0,39.9614,-75.1433, , 
 ,74624,2011093632,6,67,67301,2011,9,5,319,3,3,2,1,7,2, , ,N,0,0,3,3,0,0,1,1,N,N,39 53:37.229,75 11:44.752,332, ,332, ,0, ,N, ,0, , , , , ,829555, , , ,1,0,0,0,0,1,0,0,0,0,0,0,0,0,0,0,0,0,0,0,0,0,0,0,0,0,0,0,0,0,0,0,0,0,0,0,1,39.8937,-75.1958, , 
 ,74625,2011073184,6,67,67301,2011,6,5,1747,17,1,1,1,1,1, , ,N,0,0,1,3,0,2,5,4, , ,39 53:53.377,75 12:38.364,1758, ,1757, ,0, , , ,0, , , , , ,829573, , , ,4,4,0,0,0,0,0,0,0,1,1,0,2,0,0,0,0,0,0,0,0,0,0,0,0,0,0,0,0,0,0,0,0,0,0,2,0,39.8982,-75.2107, , 
 ,74626,2011073269,6,67,67301,2011,6,5,1515,15,1,1,0,4,1, , ,N,1,2,0,3,0,1,3,2,N,N,39 58:10.098,75 08:22.527,1521, ,1519,9,1,3, , ,3,Y, , , , ,829574, , , ,2,2,0,0,0,0,0,0,0,0,0,1,1,0,0,0,0,0,0,0,0,0,0,0,0,0,0,0,0,0,0,0,0,0,0,4,0,39.9695,-75.1395, , 
 ,74627,2011087850,6,67,67301,2011,7,7,1706,17,1,1,0,1,1, , ,N,0,0,0,3,0,1,2,2,N,N,40 03:25.107,75 09:39.531,1735, ,1728,1,1,2,N, ,0,N, , , , ,829588, , , ,2,1,0,0,1,0,0,0,0,0,0,1,1,0,0,0,0,0,0,0,0,0,0,0,0,0,0,0,0,0,0,0,0,0,0,4,0,40.057,-75.161, , 
 ,74628,2011098077,6,67,67301,2011,9,6,1415,14,1,1,0,4,1, , ,N,0,0,0,3,0,0,6,2,N,N,40 02:51.681,75 03:36.003,1600, ,1600, ,0, ,N, ,0, , , , , ,829599, , , ,2,2,0,0,0,0,0,0,0,0,0,0,0,0,0,0,0,0,1,0,0,0,0,0,0,0,0,0,0,0,0,0,0,0,0,0,0,40.0477,-75.06, , 
 ,74629,2011100890,6,67,67301,2011,6,1,100,1,3,9,0,1,6, , ,N,0,0,0,3,0,0,1,2,N, ,39 59:11.124,75 10:48.680,9999, ,1457, ,0, , , ,0, , , , , ,829603, , , ,2,2,0,0,0,0,0,0,0,0,0,0,0,0,1,0,0,0,0,0,0,0,0,1,0,0,0,0,0,0,0,0,0,0,0,9,0,39.9864,-75.1802, , 
 ,74630,2011072627,6,67,67301,2011,7,7,1111,11,1,1,0,1,1, , ,N,0,0,0,3,0,3,4,3,N,N,39 57:30.395,75 10:02.342,1120, ,1112,1,1,3,N, ,0,N, , , , ,829617, , , ,3,2,0,0,0,0,0,0,0,0,0,3,3,0,1,0,0,0,0,0,0,1,0,0,0,0,0,0,0,0,0,0,0,0,0,4,0,39.9584,-75.1673, , 
 ,74631,2011083303,6,67,67301,2011,7,1,1538,15,1,1,0,4,1, , ,N,2,3,0,3,0,3,6,2,N,N,40 04:22.889,75 02:11.768,1542, ,1538,1,1,2,N, ,3,N, , , , ,829623, , , ,2,2,0,0,0,0,0,0,0,0,0,3,3,0,0,0,0,0,0,0,1,0,0,4,0,0,0,0,0,0,0,0,0,0,0,4,1,40.073,-75.0366, , 
 ,74632,2011108880,6,67,67301,2011,9,3,1620,16,1,1,0,1,1, , ,N,1,2,0,3,0,2,3,2,N,N,40 00:54.079,75 08:06.611,9999, ,55, ,0, ,N, ,9, , , , , ,829642, , , ,2,2,0,0,0,0,0,0,0,0,0,2,2,0,0,0,0,0,0,0,1,0,0,0,0,0,0,0,0,0,0,0,0,0,0,4,0,40.015,-75.1352, , 
 ,74633,2011122828,6,67,67301,2011,10,5,1630,16,1,1,0,8,1, , ,N,1,2,0,3,0,1,2,2,N,N,39 57:28.628,75 14:00.595,9999, ,9999, ,0, ,N, ,9, , , , , ,829655, , , ,1,1,0,0,0,0,0,0,0,0,0,0,1,1,1,0,0,0,0,0,0,0,0,0,0,0,0,0,0,0,0,0,1,0,0,8,0,39.958,-75.2335, , 
 ,74634,2011066783,6,67,67301,2011,6,4,500,5,1,1,0,8,2, , ,N,0,0,0,3,0,1,2,2,N,N,40 01:54.836,75 08:40.005,502, ,500, ,0, ,N, ,0, , , , , ,829671, , , ,1,1,0,0,0,0,0,0,0,0,0,1,1,0,0,0,0,0,0,0,0,0,0,0,0,0,0,0,0,0,0,0,1,0,0,4,0,40.0319,-75.1444, , 
 ,74635,2011083409,6,67,67301,2011,7,1,2230,22,3,1,0,4,1, , ,N,1,0,0,3,0,1,2,2,N,N,40 01:45.219,75 02:23.330,324, ,322, ,0, ,N, ,0, , , , , ,829687, , , ,1,1,0,0,0,0,0,0,1,0,0,1,1,0,1,0,0,0,0,0,0,0,0,0,0,0,0,0,0,0,0,0,0,0,0,4,0,40.0292,-75.0398, , 
 ,74636,2011061831,6,67,67301,2011,5,5,2200,22,3,2,1,1,1, , ,N,0,2,0,3,0,0,3,3,N,N,40 01:06.633,75 08:57.209,2208, ,2204,1,1,2,N, ,3,Y, , , , ,832799, , , ,3,3,0,0,0,0,0,0,0,0,0,0,0,0,0,0,0,0,1,0,0,0,0,0,0,0,0,0,0,0,0,0,0,0,0,0,0,40.0184,-75.1492, , 
 ,74637,2011083370,6,67,67301,2011,7,5,1700,17,1,1,0,4,1, , ,N,10,2,0,3,0,1,2,2,N,N,39 57:22.453,75 11:38.974,1720, ,1716, ,0, ,N, ,3, , , , , ,832822, , , ,1,1,0,0,0,0,0,0,1,0,1,0,1,0,0,0,0,0,0,0,0,0,0,0,0,0,0,0,0,0,0,0,0,0,0,3,0,39.9562,-75.1941, , 
 ,74638,2011087894,6,67,67301,2011,8,5,9999,99,1,1,0,5,1, , ,N,0,0,6,3,0,5,5,3,N,N,40 04:04.198,75 02:24.479,9999, ,9999,1,1,1,Y, ,0,Y, , , , ,832825, , , ,3,1,0,0,0,0,1,1,0,0,0,3,5,2,0,0,0,0,0,0,1,1,0,0,0,0,0,0,0,0,0,0,0,0,0,4,0,40.0678,-75.0401, , 
 ,74639,2011087991,6,67,67301,2011,7,1,245,2,3,1,0,7,2, , ,N,0,0,0,3,0,0,1,1,N,N,40 00:57.949,75 12:19.403,315, ,300, ,0, , , ,0, , , , , ,832826, , , ,1,0,0,0,1,0,0,0,0,0,0,0,0,0,1,0,0,0,0,0,0,0,0,0,0,0,0,0,0,0,0,0,0,0,0,9,0,40.0161,-75.2054, , 
 ,74640,2011082425,6,67,67301,2011,7,7,1211,12,1,1,0,5,1, , ,N,2,0,0,3,0,1,1,2,N,N,39 56:26.073,75 12:56.753,1243, ,1239,1,1,3,N, ,0,N, , , , ,832856, , , ,2,2,0,0,0,0,0,0,0,0,0,1,1,0,0,0,0,0,0,0,0,0,0,0,0,0,0,0,0,0,0,0,0,0,0,4,0,39.9406,-75.2158, , 
 ,74641,2011089718,6,67,67301,2011,8,1,627,6,3,2,7,7,2, , ,N,0,0,0,3,0,1,1,1,N,N,39 57:43.844,75 08:22.041,641, ,627, ,0, ,N, ,0, , , , , ,832863, , , ,1,1,0,0,0,0,0,0,0,0,0,1,1,0,0,0,0,0,0,0,0,0,0,0,0,0,0,0,0,0,0,0,0,0,0,4,0,39.962,-75.1395, , 
 ,74642,2011061835,6,67,67301,2011,5,3,1415,14,1,1,0,2,1, , ,N,2,0,0,3,0,1,2,2, , ,40 02:35.030,75 13:38.065,1420, ,1418, ,0, , , ,0, , , , , ,832907, , , ,2,2,0,0,0,0,0,0,0,0,0,1,1,0,0,0,0,0,0,0,0,0,0,0,0,0,0,0,0,0,0,0,0,0,0,4,0,40.0431,-75.2272, , 
 ,74643,2011082509,6,67,67301,2011,5,4,1530,15,1,1,0,6,1, , ,N,2,3,0,3,0,0,2,2,N,N,39 57:22.503,75 12:48.657,1600, ,1600, ,0, ,N, ,3, , , , , ,832926, , , ,2,1,0,0,0,0,1,0,0,0,0,0,0,0,0,0,0,1,0,0,0,0,0,0,0,0,0,0,0,0,0,0,0,0,0,0,0,39.9563,-75.2135, , 
 ,74644,2011088017,6,67,67301,2011,8,5,900,9,1,1,1,5,1, , ,N,0,0,0,3,0,1,2,2,N,N,39 55:33.170,75 09:15.410,903, ,902, ,0, ,N, ,0, , , , , ,832934, , , ,1,0,0,0,0,0,0,1,1,0,0,1,1,0,0,0,0,0,0,0,1,0,0,0,0,0,0,0,0,0,0,0,0,0,0,4,0,39.9259,-75.1543, , 
 ,74645,2011090486,6,67,67301,2011,8,2,1420,14,1,2,1,5,1, , ,N,0,0,0,3,0,1,2,2,N,N,40 00:12.026,75 09:59.127,1428, ,1426, ,0, ,N, ,0, , , , , ,832936, , , ,2,1,0,0,1,0,0,0,0,0,0,0,1,1,1,0,0,0,0,0,1,0,0,2,0,0,0,0,0,0,0,0,0,0,0,8,0,40.0033,-75.1664, , 
 ,74646,2011095959,6,67,67301,2011,8,2,1720,17,1,1,0,8,1, , ,N,1,2,0,3,0,1,2,2,N,N,40 01:36.153,75 07:02.268,1725, ,1724,1,1,2,N, ,3,N, , , , ,832948, , , ,1,1,0,0,0,0,0,0,0,0,0,1,1,0,0,0,0,0,0,0,0,0,0,0,0,0,0,0,0,0,0,0,1,0,0,4,0,40.0267,-75.1173, , 
 ,74647,2011106123,6,67,67301,2011,9,3,855,8,1,2,1,4,1, , ,N,0,0,7,3,0,2,3,2,N,N,40 07:57.400,75 00:30.130,944, ,941,2,1,2,N, ,0,N, , , , ,832965, , , ,2,1,0,0,0,0,0,1,0,0,0,0,2,2,0,0,0,0,0,0,0,0,0,0,0,0,0,0,0,0,0,0,0,0,0,8,0,40.1326,-75.0084, , 
 ,74648,2011126280,6,67,67301,2011,11,6,720,7,1,1,0,4,1, , ,N,1,2,0,3,0,0,2,2,N, ,40 02:46.693,75 11:32.436,756, ,752, ,0, , , ,3, , , , , ,832977, , , ,2,2,0,0,0,0,0,0,0,0,0,0,0,0,2,0,0,0,0,0,1,0,0,0,0,0,0,0,0,0,0,0,0,0,0,9,0,40.0463,-75.1923, , 
 ,74649,2011076056,6,67,67301,2011,6,7,7,0,3,1,0,5,6, , ,N,0,0,0,3,0,1,1,4,N,N,40 03:20.037,75 04:53.612,17, ,16,3,2,5,N, ,0,Y, , , , ,833000, , , ,4,2,0,0,0,0,2,0,0,0,1,0,1,0,0,0,0,0,0,0,0,0,0,0,0,0,0,0,0,0,0,0,0,0,0,3,0,40.0556,-75.0816, , 
 ,74650,2011093057,6,67,67301,2011,8,3,9999,99,1,2,1,4,1, , ,N,1,2,0,3,0,1,4,3,N,N,40 01:01.180,75 11:17.957,1215, ,1210, ,0, ,N, ,3, , , , , ,833015, , , ,3,1,0,0,0,0,2,0,0,0,0,0,1,1,0,0,0,0,0,0,1,0,2,0,0,0,0,0,0,0,0,0,0,0,0,8,0,40.017,-75.1883, , 
 ,74651,2011093464,6,67,67301,2011,8,3,1709,17,1,1,0,8,1, , ,N,1,2,0,3,0,1,2,2,N, ,39 57:06.984,75 09:35.699,1712, ,1710, ,0, , , ,3, , , , , ,833017, , , ,1,1,0,0,0,0,0,0,1,0,0,0,1,1,1,0,0,0,0,0,0,0,0,1,0,0,0,0,0,0,0,0,0,0,0,8,0,39.9519,-75.1598, , 
 ,74652,2011100746,6,67,67301,2011,9,5,738,7,1,1,0,8,9, , ,N,1,3,0,3,0,1,2,2,N, ,40 02:35.030,75 13:38.065,740, ,738, ,0, , , ,3, , , , , ,833024, , , ,1,1,0,0,0,0,0,0,0,0,0,1,1,0,0,0,0,0,0,0,1,0,0,0,0,0,0,0,0,0,0,0,1,0,0,4,0,40.0431,-75.2272, , 
 ,74653,2011056802,6,67,67301,2011,4,7,510,5,3,1,0,1,1, , ,N,1,2,0,3,0,1,3,3, , ,40 03:58.061,75 03:46.964,513, ,512,3,2,5, , ,3,Y, , , , ,833034, , , ,3,3,0,0,0,0,0,0,0,0,0,1,1,0,1,0,0,0,0,0,0,0,0,1,0,0,0,0,0,0,0,0,0,0,0,4,0,40.0661,-75.063, , 
 ,74654,2011106179,6,67,67301,2011,9,2,1031,10,1,1,0,1,1, , ,N,0,0,0,3,0,1,2,2,N,N,40 04:19.638,75 02:12.990,1036, ,1033,1,1,1,N, ,0,N, , , , ,836282, , , ,2,0,0,0,1,0,1,0,0,0,0,1,1,0,0,0,0,0,0,0,0,1,0,0,0,0,0,0,0,0,0,0,0,0,0,4,0,40.0721,-75.0369, , 
 ,74655,2011110786,6,67,67301,2011,10,1,447,4,3,2,6,7,1, , ,N,2,1,3,3,0,0,1,1,N,N,39 59:38.268,75 04:47.939,447, ,447, ,0, ,N, ,3, , , , , ,836287, , , ,1,1,0,0,0,0,0,0,0,0,0,0,0,0,0,0,0,0,0,0,0,0,0,1,0,0,0,0,0,0,0,0,0,0,0,0,0,39.994,-75.08, , 
 ,74656,2011080274,6,67,67301,2011,7,4,757,7,1,1,0,1,1, , ,N,0,0,0,3,0,0,2,2,N,N,39 59:28.624,75 05:11.110,833, ,802, ,0, ,N, ,0, , , , , ,836311, , , ,2,1,0,0,0,0,1,0,0,0,0,0,0,0,0,0,0,0,0,0,1,0,0,0,0,0,0,0,0,0,0,0,0,0,0,0,0,39.9914,-75.0864, , 
 ,74657,2011054214,6,67,67301,2011,4,5,1325,13,1,1,0,8,1, , ,N,0,0,0,3,0,1,2,2,N, ,40 02:09.135,75 01:35.475,1331, ,1329, ,0, , , ,0, , , , , ,836321, , , ,1,1,0,0,0,0,0,0,0,0,0,1,1,0,0,0,0,0,0,0,1,0,0,0,0,0,0,0,0,0,0,0,1,0,0,4,0,40.0359,-75.0265, , 
 ,74658,2011068494,6,67,67301,2011,6,2,730,7,1,1,0,4,1, , ,N,1,2,0,3,0,1,2,2, , ,39 58:20.008,75 07:27.822,734, ,733, ,0, , , ,3, , , , , ,836346, , , ,1,1,0,0,0,0,0,0,1,0,0,1,1,0,0,0,0,0,0,0,0,0,0,0,0,0,0,0,0,0,0,0,0,0,0,4,0,39.9721,-75.1248, , 
 ,74659,2011085756,6,67,67301,2011,8,7,1154,11,1,1,0,1,1, , ,N,0,0,0,3,0,0,3,2,N,N,39 58:43.309,75 12:11.049,1159, ,1154, ,0, ,N, ,0, , , , , ,836356, , , ,2,2,0,0,0,0,0,0,0,0,0,0,0,0,0,0,0,0,0,0,0,0,0,0,0,0,0,0,0,0,0,0,0,0,0,0,0,39.9787,-75.2031, , 
 ,74660,2011095954,6,67,67301,2011,7,6,34,0,3,1,0,4,1, , ,N,2,3,0,3,0,2,7,2,N,N,39 58:09.757,75 12:16.372,36, ,35, ,0, ,N, ,3, , , , , ,836360, , , ,2,1,0,1,0,0,0,0,0,0,0,2,2,0,0,0,0,0,0,0,0,0,0,0,0,0,0,0,0,0,0,0,0,0,0,4,1,39.9694,-75.2045, , 
 ,74661,2011095416,6,67,67301,2011,8,4,2104,21,3,1,0,8,1, , ,N,2,2,0,3,0,2,2,2,N,N,39 57:22.741,75 14:23.794,2134, ,2124, ,0, ,N, ,3, , , , , ,836377, , , ,1,1,0,0,0,0,0,0,0,0,2,0,2,0,0,0,0,0,0,0,0,1,0,1,0,0,0,0,0,0,0,0,1,0,0,3,0,39.9563,-75.2399, , 
 ,74662,2011097248,6,67,67301,2011,8,5,1310,13,1,2,1,1,1, , ,N,1,2,0,3,0,3,5,4,N,N,39 57:41.457,75 09:10.609,1327, ,1320,2,2,4,N, ,3,Y, , , , ,836384, , , ,4,2,0,1,0,0,1,0,0,0,0,2,3,1,0,0,0,0,0,0,0,1,0,2,0,0,0,0,0,0,0,0,0,0,0,4,1,39.9615,-75.1529, , 
 ,74663,2011100840,6,67,67301,2011,9,6,900,9,1,1,0,4,1, , ,N,0,0,7,3,0,1,4,4,N,N,40 01:09.282,75 03:09.419,910, ,903, ,0, , , ,0, , , , , ,836390, , , ,4,4,0,0,0,0,0,0,0,0,0,0,1,1,0,0,0,0,0,0,1,0,0,0,0,0,0,0,0,0,0,0,0,0,0,8,0,40.0192,-75.0526, , 
 ,74664,2011056987,6,67,67301,2011,5,6,1055,10,1,1,0,8,1, , ,N,0,0,0,3,0,1,3,2,N,N,39 55:07.647,75 14:01.622,1148, ,1144, ,0, ,N, ,0, , , , , ,836393, , , ,1,1,0,0,0,0,0,0,0,0,0,1,1,0,0,0,0,0,0,0,0,0,0,0,0,0,0,0,0,0,0,0,1,0,0,4,0,39.9188,-75.2338, , 
 ,74665,2011057035,6,67,67301,2011,5,1,350,3,3,1,0,4,1, , ,N,2,2,0,3,0,0,6,2,N,N,40 02:40.305,75 03:15.922,355, ,350, ,0, ,N, ,3, , , , , ,836394, , , ,2,2,0,0,0,0,0,0,0,0,0,0,0,0,0,0,0,0,0,0,0,1,0,0,0,0,0,0,0,0,0,0,0,0,0,0,0,40.0445,-75.0544, , 
 ,74666,2011060846,6,67,67301,2011,6,6,1741,17,1,1,0,1,1, , ,N,0,0,0,3,0,1,11,3,N,N,39 57:28.866,75 09:46.743,1800, ,1747,1,2,4,N, ,0,N, , , , ,836400, , , ,3,0,0,0,0,0,1,2,0,0,0,1,1,0,0,0,0,0,0,0,0,0,0,0,0,0,0,0,0,0,0,0,0,0,0,4,0,39.958,-75.163, , 
 ,74667,2011061872,6,67,67301,2011,5,6,2221,22,3,1,0,4,1, , ,N,1,3,0,3,0,1,2,2, , ,39 56:23.870,75 13:51.772,2245, ,2221, ,0, , , ,3, , , , , ,836401, , , ,2,2,0,0,0,0,0,0,0,0,0,1,1,0,1,0,0,0,0,0,0,0,0,0,0,0,0,0,0,0,0,0,0,0,0,4,0,39.94,-75.231, , 
 ,74668,2011076289,6,67,67301,2011,6,6,536,5,1,1,1,2,1, , ,N,2,2,0,3,0,1,2,2,N,N,40 05:44.901,74 59:28.492,540, ,536,2,1,4,N, ,2,Y, , , , ,836409, , , ,2,1,0,0,0,1,0,0,0,0,0,1,1,0,0,0,0,0,0,0,0,0,0,0,0,0,0,0,0,0,0,0,0,0,0,4,1,40.0958,-74.9912, , 
 ,74669,2011082651,6,67,67301,2011,7,4,1220,12,1,1,0,1,1, , ,N,2,2,0,3,0,3,6,3,N,N,40 04:19.712,75 01:58.660,9999, ,1224, ,0, ,N, ,3, , , , , ,836422, , , ,3,3,0,0,0,0,0,0,0,0,0,3,3,0,0,0,0,0,0,0,0,0,1,0,0,0,0,0,0,0,0,0,0,0,0,4,0,40.0721,-75.033, , 
 ,74670,2011088014,6,67,67301,2011,8,2,1715,17,1,1,0,4,1, , ,N,1,2,0,3,0,1,2,2,N,N,40 02:49.750,75 04:51.470,1725, ,1720, ,0, , , ,2, , , , , ,836430, , , ,2,1,0,0,0,0,1,0,0,0,0,1,1,0,0,0,0,0,0,0,1,0,0,0,0,0,0,0,0,0,0,0,0,0,0,4,0,40.0472,-75.081, , 
 ,74671,2011088055,6,67,67301,2011,7,6,1236,12,1,1,0,5,1, , ,N,0,0,0,3,0,1,2,2,N,N,39 59:56.016,75 13:52.708,1252, ,1242, ,0, ,N, ,0, , , , , ,836431, , , ,2,2,0,0,0,0,0,0,0,0,0,1,1,0,0,0,0,0,0,0,0,0,0,0,0,0,0,0,0,0,0,0,0,0,0,4,0,39.9989,-75.2313, , 
 ,74672,2011073234,6,67,67301,2011,6,6,9999,99,3,2,1,1,1, , ,N,0,0,0,3,0,1,3,2,N,N,40 00:31.970,75 10:08.258,201, ,201, ,0, ,N, ,0, , , , , ,839901, , , ,2,1,0,0,0,0,1,0,0,0,0,1,1,0,0,0,0,1,0,0,1,0,0,0,0,0,0,0,0,0,0,0,0,0,0,4,0,40.0089,-75.169, , 
 ,74673,2011075736,6,67,67301,2011,6,5,2354,23,6,1,0,7,4, , ,N,0,0,0,3,0,1,1,1,N,N,39 59:29.214,75 05:05.859,2358, ,2355, ,0, ,N, ,0, , , , , ,839904, , , ,1,1,0,0,0,0,0,0,0,0,0,0,1,1,0,0,0,0,0,0,0,0,0,1,0,0,0,0,0,0,0,0,0,0,0,8,0,39.9914,-75.085, , 
 ,74674,2011087946,6,67,67301,2011,8,3,2215,22,3,1,0,1,4, , ,N,1,3,0,3,0,0,2,2,N, ,39 55:40.994,75 10:43.323,2220, ,2215, ,0, , , ,3, , , , , ,839918, , , ,2,1,0,0,0,0,1,0,0,0,0,0,0,0,0,0,0,0,0,0,0,0,0,0,0,0,0,0,0,0,0,0,0,0,0,0,0,39.9281,-75.1787, , 