wz_ln_closure,objectid_1,crn,district,county,municipality,crash_year,crash_month,day_of_week,time_of_day,hour_of_day,illumination,weather,road_condition,collision_type,relation_to_road,work_zone_type,work_zone_loc,work_zone_ind,intersect_type,tcd_type,location_type,urban_rural,fatal_count,injury_count,person_count,total_units,sch_bus_ind,sch_zone_ind,latitude,longitude,arrival_tm,cons_zone_spd_lim,dispatch_tm,est_hrs_closed,lane_closed,ln_close_dir,ntfy_hiwy_maint,spec_juris_cd,tcd_func_cd,tfc_detour_ind,workers_pres,wz_close_detour,wz_flagger,wz_law_offcr_ind,objectid,wz_moving,wz_other,wz_shlder_mdn,vehicle_count,automobile_count,motorcycle_count,bus_count,small_truck_count,heavy_truck_count,suv_count,van_count,bicycle_count,maj_inj_count,mod_inj_count,min_inj_count,tot_inj_count,unk_inj_deg_count,unk_inj_per_count,driver_count_16yr,driver_count_17yr,driver_count_18yr,driver_count_19yr,driver_count_20yr,driver_count_50_64yr,driver_count_65_74yr,driver_count_75plus,unbelted_occ_count,unb_death_count,unb_maj_inj_count,belted_death_count,belted_maj_inj_count,mcycle_death_count,mcycle_maj_inj_count,bicycle_death_count,bicycle_maj_inj_count,ped_count,ped_death_count,ped_maj_inj_count,max_severity_level,comm_veh_count,dec_lat,dec_long,rdwy_surf_type_cd,county_name
 ,74741,2011134811,6,67,67301,2011,12,2,1145,11,1,1,0,4,1, , ,N,1,2,0,3,0,1,2,2,N,N,40 03:45.914,75 03:27.576,1206, ,1205, ,0, , , ,3, , , , , ,836572, , , ,2,2,0,0,0,0,0,0,0,0,0,0,1,1,1,1,0,0,0,0,1,0,0,0,0,0,0,0,0,0,0,0,0,0,0,8,0,40.0628,-75.0577, , 
 ,74742,2011061726,6,67,67301,2011,5,7,1530,15,1,2,1,1,1, , ,N,0,0,0,3,0,1,2,2, , ,40 02:47.734,75 01:54.652,1540, ,1531, ,0, , , ,0, , , , , ,836575, , , ,2,2,0,0,0,0,0,0,0,0,0,0,1,1,0,0,0,0,0,0,1,0,0,0,0,0,0,0,0,0,0,0,0,0,0,8,0,40.0466,-75.0318, , 
 ,74743,2011075801,6,67,67301,2011,6,2,955,9,1,1,0,5,1, , ,N,0,0,0,3,0,3,4,2,N,N,39 58:27.157,75 12:10.957,1026, ,1020, ,0, ,N, ,0, , , , , ,836588, , , ,2,1,0,1,0,0,0,0,0,0,0,3,3,0,0,0,0,0,0,0,0,0,0,0,0,0,0,0,0,0,0,0,0,0,0,4,1,39.9742,-75.203, , 
 ,74744,2011085499,6,67,67301,2011,7,1,1735,17,1,1,0,4,1, , ,N,1,2,0,3,0,7,7,2,N, ,39 56:21.084,75 11:29.990,1750, ,1743, ,0, , , ,3, , , , , ,836595, , , ,2,2,0,0,0,0,0,0,0,2,0,0,7,5,0,0,0,0,0,0,0,0,0,0,0,0,0,2,0,0,0,0,0,0,0,2,0,39.9392,-75.1917, , 
 ,74745,2011068736,6,67,67301,2011,6,6,0,0,3,1,1,7,2, , ,N,0,0,4,3,0,1,1,1, , ,39 55:17.443,75 11:25.766,8, ,4, ,0, , , ,0, , , , , ,841492, , , ,1,1,0,0,0,0,0,0,0,0,0,0,1,1,0,0,0,0,0,0,1,0,0,0,0,0,0,0,0,0,0,0,0,0,0,8,0,39.9215,-75.1905, , 
 ,74746,2011134780,6,67,67301,2011,12,3,1250,12,1,2,1,4,1, , ,N,1,0,0,3,0,3,3,2,N,N,40 05:57.051,75 00:44.384,1310, ,1257, ,0, ,N, ,0, , , , , ,841503, , , ,2,2,0,0,0,0,0,0,0,0,2,1,3,0,0,0,0,0,0,0,1,0,1,0,0,0,0,0,0,0,0,0,0,0,0,3,0,40.0992,-75.0123, , 
 ,74747,2012001992,6,67,67301,2011,12,6,1530,15,1,1,0,1,1, , ,N,0,2,0,3,0,2,4,3,N,N,40 03:05.612,75 10:28.998,1200, ,1200, ,0, ,N, ,3, , , , , ,841508, , , ,3,3,0,0,0,0,0,0,0,0,0,2,2,0,0,0,0,0,0,0,0,0,0,0,0,0,0,0,0,0,0,0,0,0,0,4,0,40.0516,-75.1747, , 
 ,74748,2011112305,6,67,67301,2011,10,4,820,8,1,2,1,7,5, , ,N,0,0,7,3,0,1,1,1,N,N,40 06:29.394,75 02:29.324,824, ,821, ,0, ,N, ,0, , , , , ,841512, , , ,1,1,0,0,0,0,0,0,0,0,0,1,1,0,0,0,0,0,0,0,0,0,0,0,0,0,0,0,0,0,0,0,0,0,0,4,0,40.1082,-75.0415, , 
 ,74749,2011082472,6,67,67301,2011,7,3,1240,12,1,1,0,8,1, , ,N,0,0,0,3,0,1,2,2,N,N,39 59:11.792,75 10:16.730,1250, ,1245, ,0, ,N, ,0, , , , , ,841521, , , ,1,1,0,0,0,0,0,0,0,0,0,1,1,0,0,0,0,0,0,0,0,0,0,0,0,0,0,0,0,0,0,0,1,0,0,4,0,39.9866,-75.1713, , 
 ,74750,2011053472,6,67,67301,2011,4,2,44,0,3,1,0,4,1, , ,N,1,2,0,3,0,1,2,2,N, ,40 03:13.772,75 05:10.794,117, ,115,9,1,7,N, ,3,Y, , , , ,841551, , , ,2,1,0,0,1,0,0,0,0,0,0,1,1,0,1,0,0,0,0,0,0,0,0,0,0,0,0,0,0,0,0,0,0,0,0,4,0,40.0538,-75.0863, , 
 ,74751,2011053541,6,67,67301,2011,4,5,1327,13,1,1,0,2,1, , ,N,2,0,0,3,0,1,3,2,N, ,39 55:51.548,75 14:34.636,1330, ,1329,1,1,1, , ,0,N, , , , ,841552, , , ,2,1,0,0,0,0,1,0,0,0,0,0,1,1,0,0,0,0,0,0,0,0,0,0,0,0,0,0,0,0,0,0,0,0,0,8,0,39.931,-75.243, , 
 ,74752,2011054371,6,67,67301,2011,4,1,1645,16,1,1,0,7,5, , ,N,2,0,0,3,0,1,1,1,N,N,40 04:34.733,75 04:53.754,1705, ,1656,2,1,4,N, ,0,N, , , , ,841553, , , ,1,0,0,0,0,0,0,1,0,0,0,0,1,1,0,0,0,0,0,0,0,0,0,0,0,0,0,0,0,0,0,0,0,0,0,8,0,40.0763,-75.0816, , 
 ,74753,2011056964,6,67,67301,2011,4,1,1945,19,4,1,0,8,1, , ,N,0,0,0,3,0,1,3,2, , ,39 59:04.320,75 09:29.070,1950, ,9999, ,0, , , ,0, , , , , ,841554, , , ,1,0,0,0,0,0,1,0,0,0,1,0,1,0,0,0,0,0,0,0,0,0,0,0,0,0,0,0,0,0,0,0,1,0,0,3,0,39.9845,-75.1581, , 
 ,74754,2011065671,6,67,67301,2011,6,1,2346,23,3,1,0,7,2, , ,N,0,0,0,3,0,1,1,1,N,N,40 00:28.917,75 04:17.304,2349, ,2347,1,1,2,N, ,0,N, , , , ,841560, , , ,1,1,0,0,0,0,0,0,0,0,0,1,1,0,0,0,0,0,0,0,0,0,0,0,0,0,0,0,0,0,0,0,0,0,0,4,0,40.0081,-75.0713, , 
 ,74755,2011061784,6,67,67301,2011,5,7,1141,11,1,1,0,1,1, , ,N,0,0,0,3,0,1,2,2,N,N,40 02:27.236,75 03:58.978,1145, ,1144, ,0, ,N, ,0, , , , , ,841582, , , ,2,0,0,0,0,0,0,1,0,0,0,1,1,0,0,0,0,0,0,0,0,0,0,0,0,0,0,0,0,0,0,0,0,0,0,4,0,40.0409,-75.0664, , 
 ,74756,2011061868,6,67,67301,2011,5,3,1808,18,1,1,0,7,5, , ,N,0,0,0,3,0,1,1,1,N, ,39 56:36.386,75 14:18.331,1839, ,1817, ,0, , , ,0, , , , , ,841583, , , ,1,0,0,0,0,0,0,1,0,0,0,0,1,1,0,0,0,0,0,0,1,0,0,0,0,0,0,0,0,0,0,0,0,0,0,8,0,39.9434,-75.2384, , 
 ,74757,2011070051,6,67,67301,2011,6,2,1558,15,1,1,0,1,1, , ,N,0,0,0,3,0,2,4,3,N,N,39 57:28.551,75 09:44.265,1610, ,1604,1,1,4,N, ,0,N, , , , ,841591, , , ,3,3,0,0,0,0,0,0,0,0,1,1,2,0,0,0,0,0,0,0,0,0,0,0,0,0,0,0,0,0,0,0,0,0,0,3,0,39.9579,-75.1623, , 
 ,74758,2011082653,6,67,67301,2011,7,6,1008,10,1,1,0,4,1, , ,N,2,2,0,3,0,1,3,2,N,N,39 57:21.266,75 12:16.049,1016, ,1008, ,0, ,N, ,3, , , , , ,841618, , , ,2,1,0,0,0,1,0,0,0,0,0,1,1,0,0,0,0,0,0,1,0,0,0,3,0,0,0,0,0,0,0,0,0,0,0,4,1,39.9559,-75.2045, , 
 ,74759,2011053487,6,67,67301,2011,4,3,1940,19,4,1,0,8,5, , ,N,0,0,0,3,0,1,2,2,N,N,40 01:33.646,75 09:33.613,1952, ,1950, ,0, , , ,0, , , , , ,841653, , , ,1,0,0,0,0,0,0,1,0,0,1,0,1,0,1,0,0,0,0,0,0,0,0,0,0,0,0,0,0,0,0,0,1,0,0,3,0,40.026,-75.1593, , 
 ,74760,2011053612,6,67,67301,2011,4,7,9999,99,3,1,0,1,6, , ,N,0,0,0,3,0,0,1,2,N,N,39 59:05.420,75 11:10.250,9999, ,9999, ,0, , , ,0, , , , , ,841654, , , ,2,2,0,0,0,0,0,0,0,0,0,0,0,0,1,0,0,0,0,0,0,0,0,0,0,0,0,0,0,0,0,0,0,0,0,9,0,39.9848,-75.1862, , 
 ,74761,2011058169,6,67,67301,2011,5,2,316,3,3,2,1,7,4, , ,N,0,0,0,3,0,0,1,1,N,N,39 59:33.944,75 12:02.258,330, ,317,2,1,3,N, ,0,N, , , , ,841658, , , ,1,0,0,0,0,0,1,0,0,0,0,0,0,0,0,0,0,0,0,0,1,0,0,0,0,0,0,0,0,0,0,0,0,0,0,0,0,39.9928,-75.2006, , 
 ,74762,2011082560,6,67,67301,2011,7,4,1715,17,1,1,0,2,1, , ,N,1,2,0,3,0,1,3,3,N,N,40 01:50.672,75 11:15.838,1738, ,1716,2,2,1,N, ,3,Y, , , , ,841676, , , ,3,2,0,0,0,0,1,0,0,0,1,0,1,0,0,0,0,0,0,0,0,0,0,0,0,0,0,0,0,0,0,0,0,0,0,3,0,40.0308,-75.1878, , 
 ,74763,2011096578,6,67,67301,2011,9,7,1241,12,1,1,0,7,2, , ,N,0,0,2,3,0,1,1,1,N,N,39 54:38.798,75 08:55.417,1244, ,1242, ,0, ,N, ,0, , , , , ,829854, , , ,1,0,1,0,0,0,0,0,0,0,1,0,1,0,0,0,0,0,0,0,0,0,0,0,0,0,0,0,0,0,0,0,0,0,0,3,0,39.9108,-75.1487, , 
 ,74764,2011098930,6,67,67301,2011,8,6,1240,12,1,1,0,4,1, , ,N,0,1,0,3,0,1,1,2,N,N,40 00:49.089,75 07:27.303,1245, ,1245, ,0, ,N, ,9, , , , , ,829857, , , ,2,2,0,0,0,0,0,0,0,0,0,0,1,1,0,0,0,0,0,0,0,0,0,0,0,0,0,0,0,0,0,0,0,0,0,8,0,40.0136,-75.1243, , 
 ,74765,2011082463,6,67,67301,2011,7,5,1250,12,1,1,0,4,1, , ,N,1,2,0,3,0,3,4,2,N,N,40 00:52.185,75 07:52.121,1310, ,1300, ,0, ,N, ,3, , , , , ,829875, , , ,2,2,0,0,0,0,0,0,0,0,0,3,3,0,1,0,0,0,0,0,1,0,0,1,0,0,0,0,0,0,0,0,0,0,0,4,0,40.0145,-75.1311, , 
 ,74766,2011083357,6,67,67301,2011,7,2,1700,17,1,2,1,7,2, , ,N,0,0,0,3,0,0,1,1,N,N,40 00:34.623,75 11:15.426,1710, ,1708,1,1,2, , ,0,N, , , , ,829877, , , ,1,1,0,0,0,0,0,0,0,0,0,0,0,0,0,0,0,0,0,0,1,0,0,0,0,0,0,0,0,0,0,0,0,0,0,0,0,40.0096,-75.1876, , 
 ,74767,2011087943,6,67,67301,2011,8,4,943,9,1,1,0,8,1,8,8,Y,1,2,0,3,0,1,2,2,N,N,39 58:02.388,75 14:44.990,956,99,951,2,1,4, , ,3,N,U, , ,U,829884, , , ,1,0,0,0,0,0,1,0,0,0,1,0,1,0,0,0,0,0,0,0,0,0,1,0,0,0,0,0,0,0,0,0,1,0,0,3,0,39.9673,-75.2457, , 
 ,74768,2011093066,6,67,67301,2011,8,4,1315,13,1,1,0,4,1, , ,N,0,0,7,3,0,1,3,2,N,N,40 07:56.332,75 00:33.522,1318, ,1315, ,0, ,N, ,0, , , , , ,829888, , , ,2,2,0,0,0,0,0,0,0,0,0,1,1,0,0,0,0,0,0,0,1,0,0,0,0,0,0,0,0,0,0,0,0,0,0,4,0,40.1323,-75.0093, , 
 ,74769,2011084903,6,67,67301,2011,8,2,1307,13,1,1,0,1,1, , ,N,0,0,0,3,0,1,4,4,N,N,39 59:43.863,75 05:00.297,1311, ,1307,1,1,2,N, ,0,N, , , , ,829925, , , ,4,3,0,0,0,0,1,0,0,0,0,1,1,0,0,0,0,0,0,0,0,0,0,0,0,0,0,0,0,0,0,0,0,0,0,4,0,39.9956,-75.0833, , 
 ,74770,2011061382,6,67,67301,2011,3,1,412,4,3,1,0,7,5, , ,N,1,3,0,3,0,0,1,1, , ,39 55:28.999,75 09:45.464,415, ,415, ,0, , , ,3, , , , , ,829964, , , ,1,1,0,0,0,0,0,0,0,0,0,0,0,0,0,0,0,0,0,0,0,0,0,0,0,0,0,0,0,0,0,0,0,0,0,0,0,39.9247,-75.1626, , 
 ,74771,2011076268,6,67,67301,2011,6,4,1224,12,1,1,0,1,1, , ,N,0,0,0,3,0,0,1,3,N,N,40 04:15.682,75 04:16.096,1230, ,1226,3,2,1,N, ,0,Y, , , , ,829978, , , ,3,1,0,0,0,0,2,0,0,0,0,0,0,0,0,0,0,0,0,0,0,0,0,0,0,0,0,0,0,0,0,0,0,0,0,0,0,40.071,-75.0711, , 
 ,74772,2011068452,6,67,67301,2011,6,4,9999,99,3,1,0,1,1, , ,N,0,0,0,3,0,2,5,3,N,N,40 03:27.135,75 02:54.103,2145, ,2135, ,0, ,N, ,0, , , , , ,830001, , , ,3,3,0,0,0,0,0,0,0,0,0,2,2,0,0,0,0,0,0,0,1,0,0,0,0,0,0,0,0,0,0,0,0,0,0,4,0,40.0575,-75.0484, , 
 ,74773,2011106134,6,67,67301,2011,9,3,1230,12,1,2,1,4,1, , ,N,0,0,7,3,0,1,4,2,N, ,40 02:53.785,75 03:33.576,1243, ,1243, ,0, , , ,0, , , , , ,830011, , , ,2,1,0,0,0,0,1,0,0,0,0,1,1,0,0,0,0,0,0,0,0,0,0,1,0,0,0,0,0,0,0,0,0,0,0,4,0,40.0483,-75.0593, , 
 ,74774,2011068405,6,67,67301,2011,6,6,1307,13,1,1,0,2,1, , ,N,1,2,0,3,0,0,1,2,N,N,40 00:29.406,75 08:33.738,1334, ,1334, ,0, ,N, ,3, , , , , ,830018, , , ,2,0,0,0,1,0,1,0,0,0,0,0,0,0,0,0,0,0,0,0,1,0,0,1,0,0,0,0,0,0,0,0,0,0,0,0,0,40.0082,-75.1427, , 
 ,74775,2011095484,6,67,67301,2011,8,5,500,5,1,1,0,7,3, , ,N,2,0,2,3,0,1,2,2,N, ,39 57:14.500,75 08:22.454,558, ,554, ,0, , , ,0, , , , , ,830047, , , ,2,2,0,0,0,0,0,0,0,0,0,1,1,0,0,0,0,0,0,0,2,0,0,0,0,0,0,0,0,0,0,0,0,0,0,4,0,39.9542,-75.1395, , 
 ,74776,2011096577,6,67,67301,2011,9,7,839,8,1,1,0,7,2, , ,N,0,0,0,3,0,0,1,1,N,N,39 53:12.873,75 12:55.179,850, ,839,1,1,1,N, ,0,N, , , , ,830048, , , ,1,1,0,0,0,0,0,0,0,0,0,0,0,0,0,0,0,0,0,0,0,0,0,0,0,0,0,0,0,0,0,0,0,0,0,0,0,39.8869,-75.2153, , 
 ,74777,2011100769,6,67,67301,2011,9,4,9999,99,1,1,0,4,1, , ,N,1,2,0,3,0,2,3,2,N,N,40 01:57.777,75 10:27.832,1228, ,1225, ,0, ,Y, ,3, , , , , ,830051, , , ,2,2,0,0,0,0,0,0,0,0,0,0,2,2,0,0,0,0,0,0,0,0,0,0,0,0,0,0,0,0,0,0,0,0,0,8,0,40.0327,-75.1744, , 
 ,74778,2011100713,6,67,67301,2011,9,2,1520,15,1,1,0,7,4, , ,N,2,2,0,3,0,1,1,1,N, ,39 55:16.112,75 11:37.750,1540, ,1525, ,0, , , ,3, , , , , ,830060, , , ,1,1,0,0,0,0,0,0,0,0,0,0,1,1,0,0,0,0,0,0,0,0,0,0,0,0,0,0,0,0,0,0,0,0,0,8,0,39.9211,-75.1938, , 
 ,74779,2011112250,6,67,67301,2011,10,3,1600,16,1,1,0,8,1, , ,N,1,2,0,3,0,1,9,2,N,N,40 02:05.337,75 05:13.670,1615, ,1606,3,2,6,N, ,3,Y, , , , ,830071, , , ,1,0,0,1,0,0,0,0,0,0,0,1,1,0,0,0,0,0,0,0,1,0,0,0,0,0,0,0,0,0,0,0,1,0,0,4,1,40.0348,-75.0871, , 
 ,74780,2011115403,6,67,67301,2011,10,5,1132,11,1,1,0,4,1, , ,N,1,2,0,3,0,3,3,2,N,N,40 04:55.524,75 13:11.308,1153, ,1149,3,2,2,N, ,3,Y, , , , ,830076, , , ,2,2,0,0,0,0,0,0,0,0,0,3,3,0,0,0,0,0,0,0,0,1,0,0,0,0,0,0,0,0,0,0,0,0,0,4,0,40.0821,-75.2198, , 
 ,74781,2011065977,6,67,67301,2011,6,1,355,3,3,1,0,7,2, , ,N,0,0,0,3,0,1,2,2,N,N,40 00:36.435,75 03:50.044,411, ,357,1,1,2,Y, ,0,N, , , , ,833252, , , ,2,2,0,0,0,0,0,0,0,0,0,1,1,0,0,0,0,0,0,0,0,0,0,0,0,0,0,0,0,0,0,0,0,0,0,4,0,40.0102,-75.0638, , 
 ,74782,2011078426,6,67,67301,2011,7,3,917,9,1,1,0,1,1, , ,N,7,0,2,3,0,0,4,4,N,N,39 57:24.497,75 09:12.843,927, ,919,1,2,3,N, ,0,Y, , , , ,833265, , , ,4,1,0,0,0,1,2,0,0,0,0,0,0,0,0,0,0,0,0,0,2,0,0,0,0,0,0,0,0,0,0,0,0,0,0,0,1,39.9568,-75.1536, , 
 ,74783,2011082569,6,67,67301,2011,7,1,1900,19,1,1,0,1,1, , ,N,0,0,0,3,0,3,4,2,N,N,39 55:28.356,75 10:15.429,1915, ,1911, ,0, ,N, ,0, , , , , ,833270, , , ,2,1,0,0,0,0,1,0,0,0,0,3,3,0,0,0,0,0,0,0,0,0,0,0,0,0,0,0,0,0,0,0,0,0,0,4,0,39.9245,-75.171, , 
 ,74784,2011082724,6,67,67301,2011,6,4,1938,19,1,1,0,4,1, , ,N,1,2,0,3,0,0,2,2,N,N,39 57:11.460,75 10:12.185,1941, ,1939,1,1,3,N, ,3,N, , , , ,833271, , , ,2,2,0,0,0,0,0,0,0,0,0,0,0,0,0,0,0,0,0,0,1,0,0,0,0,0,0,0,0,0,0,0,0,0,0,0,0,39.9532,-75.17, , 
 ,74785,2011088075,6,67,67301,2011,7,3,1900,19,1,1,0,5,1, , ,N,0,0,0,3,0,1,2,2,N,N,39 57:18.444,75 12:38.281,1936, ,1931, ,0, ,N, ,0, , , , , ,833289, , , ,1,1,0,0,0,0,0,0,1,0,0,0,1,1,0,0,0,0,0,0,0,0,0,0,0,0,0,0,0,0,0,0,0,0,0,8,0,39.9551,-75.2106, , 
 ,74786,2011089872,6,67,67301,2011,9,7,354,3,3,1,0,7,2, , ,N,0,0,0,3,0,1,1,1,N,N,39 59:01.804,75 05:50.074,400, ,355,1,1,1,N, ,0,N, , , , ,833292, , , ,1,1,0,0,0,0,0,0,0,0,0,1,1,0,0,0,0,0,0,0,0,0,0,0,0,0,0,0,0,0,0,0,0,0,0,4,0,39.9839,-75.0971, , 
 ,74787,2011100828,6,67,67301,2011,9,6,1937,19,4,1,0,1,1, , ,N,1,2,0,3,0,2,6,4,N, ,39 58:10.964,75 07:53.800,1938, ,1938,3,1,4, , ,3,N, , , , ,833303, , , ,4,3,0,0,0,0,1,0,0,0,0,1,2,1,0,0,0,0,0,0,1,0,0,0,0,0,0,0,0,0,0,0,0,0,0,4,0,39.9697,-75.1317, , 
 ,74788,2011064132,6,67,67301,2011,5,3,1512,15,1,1,0,8,1, , ,N,0,0,0,3,0,1,16,2,Y,Y,39 59:50.244,75 04:44.216,1518, ,1516, ,0, ,N, ,0, , , , , ,833308, , , ,1,0,0,1,0,0,0,0,0,0,1,0,1,0,0,0,0,0,0,0,0,0,0,0,0,0,0,0,0,0,0,0,1,0,0,3,0,39.9973,-75.0789, , 
 ,74789,2011066774,6,67,67301,2011,5,2,2155,21,3,1,0,1,1, , ,N,0,0,0,3,0,1,3,3,N,N,40 00:37.083,75 11:07.830,2217, ,2203, ,0, ,N, ,0, , , , , ,833309, , , ,3,3,0,0,0,0,0,0,0,0,0,1,1,0,2,0,0,0,0,0,2,0,0,2,0,0,0,0,0,0,0,0,0,0,0,4,0,40.0103,-75.1855, , 
 ,74790,2011068395,6,67,67301,2011,6,6,1430,14,1,1,0,8,1, , ,N,1,2,0,3,0,1,2,2,N,N,39 56:37.090,75 09:56.008,1610, ,1600, ,0, ,N, ,3, , , , , ,833311, , , ,1,1,0,0,0,0,0,0,1,0,0,0,1,1,0,0,0,0,0,0,0,0,0,0,0,0,0,0,0,0,0,0,0,0,0,8,0,39.9437,-75.1654, , 
 ,74791,2011068462,6,67,67301,2011,6,2,1258,12,1,1,0,1,1, , ,N,2,2,0,3,0,10,11,2,N,N,40 00:00.803,75 11:12.959,1320, ,1258, ,0, ,Y, ,3, , , , , ,833312, , , ,2,0,0,0,0,0,0,2,0,0,0,0,10,10,0,0,0,0,0,0,1,0,0,0,0,0,0,0,0,0,0,0,0,0,0,8,0,40.0002,-75.1869, , 
 ,74792,2011082703,6,67,67301,2011,6,5,1623,16,1,1,0,1,1, , ,N,0,0,0,3,0,0,4,2,N,N,40 01:05.570,75 10:12.080,1630, ,1624,1,1,1,N, ,0,N, , , , ,833325, , , ,2,0,0,0,1,0,0,1,0,0,0,0,0,0,0,0,0,0,0,0,0,0,0,0,0,0,0,0,0,0,0,0,0,0,0,0,0,40.0182,-75.17, , 
 ,74793,2011092042,6,67,67301,2011,7,7,2355,23,3,1,0,4,6, , ,N,0,2,0,3,0,0,1,6,N,N,39 58:39.169,75 10:57.058,2359, ,2359,1,2,7,N, ,3,Y, , , , ,833391, , , ,6,5,0,0,0,0,1,0,0,0,0,0,0,0,1,0,0,0,0,0,0,0,0,0,0,0,0,0,0,0,0,0,0,0,0,9,0,39.9775,-75.1825, , 
 ,74794,2011098155,6,67,67301,2011,9,5,1100,11,1,1,0,1,1, , ,N,0,2,0,3,0,1,2,2,N,N,40 01:59.987,75 01:05.175,1110, ,1106,2,1,2,N, ,3,N, , , , ,833398, , , ,2,2,0,0,0,0,0,0,0,0,0,0,1,1,1,0,0,0,0,0,1,1,0,0,0,0,0,0,0,0,0,0,0,0,0,8,0,40.0333,-75.0181, , 
 ,74795,2011106188,6,67,67301,2011,8,6,1500,15,1,1,0,1,1, , ,N,1,0,0,3,0,0,3,3,N,N,39 57:31.392,75 09:44.125,1507, ,1505, ,0, , , ,0, , , , , ,833405, , , ,3,1,0,0,0,0,2,0,0,0,0,0,0,0,0,0,0,0,1,1,1,0,0,0,0,0,0,0,0,0,0,0,0,0,0,0,0,39.9587,-75.1621, , 
 ,74796,2011083444,6,67,67301,2011,7,6,2115,21,3,1,0,4,1, , ,N,1,2,0,3,0,0,5,2,N,N,39 57:51.288,75 13:19.081,2120, ,2118, ,0, ,N, ,3, , , , , ,833419, , , ,2,2,0,0,0,0,0,0,0,0,0,0,0,0,0,0,1,0,0,0,0,0,0,0,0,0,0,0,0,0,0,0,0,0,0,0,0,39.9642,-75.222, , 
 ,74797,2011084454,6,67,67301,2011,8,6,1938,19,1,1,0,1,1, , ,N,0,0,0,3,0,0,3,2,N,N,39 57:31.004,75 10:03.682,1938, ,1938,1,1,4,N, ,0,N, , , , ,833430, , , ,2,0,0,0,1,0,1,0,0,0,0,0,0,0,0,0,0,0,0,0,1,0,0,0,0,0,0,0,0,0,0,0,0,0,0,0,0,39.9586,-75.1677, , 
 ,74798,2011087992,6,67,67301,2011,7,4,1445,14,1,1,0,1,1, , ,N,5,2,0,3,0,1,3,3,N, ,40 01:36.505,75 05:50.523,1509, ,1449,1,1,2, , ,3,N, , , , ,833433, , , ,3,1,0,0,1,0,1,0,0,0,0,0,1,1,0,0,0,0,0,0,1,0,0,0,0,0,0,0,0,0,0,0,0,0,0,8,0,40.0268,-75.0974, , 
 ,74799,2011064106,6,67,67301,2011,5,3,1230,12,1,2,1,4,1, , ,N,1,2,0,3,0,0,2,2,N,N,39 58:40.465,75 09:46.832,1300, ,1255, ,0, ,N, ,3, , , , , ,833470, , , ,2,1,0,0,1,0,0,0,0,0,0,0,0,0,0,0,0,0,0,0,0,1,0,0,0,0,0,0,0,0,0,0,0,0,0,0,0,39.9779,-75.163, , 
 ,74800,2011092971,6,67,67301,2011,8,6,235,2,3,2,1,7,5, , ,N,0,0,0,3,0,1,2,1,N, ,39 58:27.683,75 11:41.308,239, ,237, ,0, , , ,0, , , , , ,836601, , , ,1,1,0,0,0,0,0,0,0,0,0,1,1,0,1,0,0,0,0,0,0,0,0,0,0,0,0,0,0,0,0,0,0,0,0,4,0,39.9744,-75.1948, , 
 ,74801,2011065506,6,67,67301,2011,5,4,9999,99,1,2,1,4,1, , ,N,1,2,0,3,0,2,2,2,N,N,39 57:09.072,75 12:33.310,702, ,701,3,2,7,N, ,3,Y, , , , ,836605, , , ,1,1,0,0,0,0,0,0,1,0,1,1,2,0,0,0,0,0,0,0,1,0,0,0,0,0,0,0,0,0,0,0,0,0,0,3,0,39.9525,-75.2093, , 
 ,74802,2011082556,6,67,67301,2011,7,6,2300,23,3,6,1,7,2, , ,N,0,8,0,3,0,1,1,1,N,N,39 59:41.847,75 11:31.648,2319, ,2303, ,0, , , ,3, , , , , ,836618, , , ,1,1,0,0,0,0,0,0,0,0,0,1,1,0,0,0,0,0,0,0,0,0,0,0,0,0,0,0,0,0,0,0,0,0,0,4,0,39.995,-75.1921, , 
 ,74803,2011083457,6,67,67301,2011,7,6,9999,99,4,1,0,7,5, , ,N,1,2,0,3,0,1,1,1,N, ,39 59:00.667,75 06:56.039,806, ,805, ,0, , , ,2, , , , , ,836619, , , ,1,1,0,0,0,0,0,0,0,0,0,0,1,1,0,0,0,0,0,0,0,0,0,1,0,0,0,0,0,0,0,0,0,0,0,8,0,39.9835,-75.1156, , 
 ,74804,2011106184,6,67,67301,2011,9,3,1308,13,1,1,0,4,1, , ,N,0,0,7,3,0,2,2,3,N,N,39 57:39.672,75 14:44.698,1412, ,1410, ,0, ,N, ,0, , , , , ,836640, , , ,3,3,0,0,0,0,0,0,0,0,0,2,2,0,0,0,0,0,0,0,0,0,0,0,0,0,0,0,0,0,0,0,0,0,0,4,0,39.961,-75.2458, , 
 ,74805,2011115500,6,67,67301,2011,8,1,1353,13,1,1,0,8,4, , ,N,1,0,0,3,0,1,2,2,N,N,40 03:22.338,75 08:58.185,1430, ,1417, ,0, ,N, ,0, , , , , ,836646, , , ,1,1,0,0,0,0,0,0,0,0,0,0,1,1,0,0,0,0,0,0,0,0,0,0,0,0,0,0,0,0,0,0,1,0,0,8,0,40.0562,-75.1495, , 
 ,74806,2011089717,6,67,67301,2011,8,1,534,5,3,6,7,7,2, , ,N,0,0,0,3,0,0,1,1,N,N,39 55:31.000,75 08:49.844,543, ,534, ,0, ,N, ,0, , , , , ,836664, , , ,1,1,0,0,0,0,0,0,0,0,0,0,0,0,0,0,0,0,0,0,0,0,0,0,0,0,0,0,0,0,0,0,0,0,0,0,0,39.9254,-75.1472, , 
 ,74807,2011106242,6,67,67301,2011,9,3,1215,12,1,1,0,8,1, , ,N,1,2,0,3,0,1,2,2,N,N,39 55:27.462,75 09:45.003,1220, ,1218,1,2,3,N, ,3,Y, , , , ,836674, , , ,1,1,0,0,0,0,0,0,0,0,0,0,1,1,0,0,0,0,0,0,0,0,0,1,0,0,0,0,0,0,0,0,1,0,0,8,0,39.9595,-75.2332, , 