wz_ln_closure,objectid_1,crn,district,county,municipality,crash_year,crash_month,day_of_week,time_of_day,hour_of_day,illumination,weather,road_condition,collision_type,relation_to_road,work_zone_type,work_zone_loc,work_zone_ind,intersect_type,tcd_type,location_type,urban_rural,fatal_count,injury_count,person_count,total_units,sch_bus_ind,sch_zone_ind,latitude,longitude,arrival_tm,cons_zone_spd_lim,dispatch_tm,est_hrs_closed,lane_closed,ln_close_dir,ntfy_hiwy_maint,spec_juris_cd,tcd_func_cd,tfc_detour_ind,workers_pres,wz_close_detour,wz_flagger,wz_law_offcr_ind,objectid,wz_moving,wz_other,wz_shlder_mdn,vehicle_count,automobile_count,motorcycle_count,bus_count,small_truck_count,heavy_truck_count,suv_count,van_count,bicycle_count,maj_inj_count,mod_inj_count,min_inj_count,tot_inj_count,unk_inj_deg_count,unk_inj_per_count,driver_count_16yr,driver_count_17yr,driver_count_18yr,driver_count_19yr,driver_count_20yr,driver_count_50_64yr,driver_count_65_74yr,driver_count_75plus,unbelted_occ_count,unb_death_count,unb_maj_inj_count,belted_death_count,belted_maj_inj_count,mcycle_death_count,mcycle_maj_inj_count,bicycle_death_count,bicycle_maj_inj_count,ped_count,ped_death_count,ped_maj_inj_count,max_severity_level,comm_veh_count,dec_lat,dec_long,rdwy_surf_type_cd,county_name
 ,74808,2011106665,6,67,67301,2011,9,2,1530,15,1,1,0,5,6, , ,N,0,0,0,3,0,1,1,2,N,N,40 01:59.680,75 02:28.300,1537, ,1535,9,2,1,N, ,0,Y, , , , ,836675, , , ,2,1,0,0,0,0,1,0,0,0,0,1,1,0,0,0,0,0,0,0,0,0,0,0,0,0,0,0,0,0,0,0,0,0,0,4,0,40.0332,-75.0412, , 
 ,74809,2011112108,6,67,67301,2011,10,4,1725,17,1,1,0,8,1, , ,N,0,0,0,3,0,1,2,2,N,N,40 03:11.009,75 09:14.932,1748, ,1725, ,0, ,N, ,0, , , , , ,836681, , , ,1,1,0,0,0,0,0,0,0,0,1,0,1,0,0,0,0,0,0,0,1,0,0,0,0,0,0,0,0,0,0,0,1,0,0,3,0,40.0531,-75.1541, , 
 ,74810,2011093017,6,67,67301,2011,8,1,256,2,3,1,0,4,1, , ,N,0,0,0,3,0,0,2,2,N,N,40 01:34.489,75 07:01.902,300, ,258,1,1,1,N, ,0,Y, , , , ,836697, , , ,2,1,0,0,1,0,0,0,0,0,0,0,0,0,0,0,0,0,0,0,0,0,0,0,0,0,0,0,0,0,0,0,0,0,0,0,0,40.0262,-75.1174, , 
 ,74811,2011093063,6,67,67301,2011,8,2,651,6,1,1,0,7,5, , ,N,0,0,0,3,0,0,1,1,N, ,40 06:24.200,75 02:09.360,728, ,724, ,0, , , ,0, , , , , ,836698, , , ,1,1,0,0,0,0,0,0,0,0,0,0,0,0,0,0,0,0,0,0,0,0,0,1,0,0,0,0,0,0,0,0,0,0,0,0,0,40.1067,-75.0359, , 
 ,74812,2011075653,6,67,67301,2011,6,3,1330,13,1,1,0,1,1, , ,N,0,0,0,3,0,2,3,3,N,N,40 04:40.891,75 01:25.479,1330, ,1330, ,0, , , ,0, , , , , ,836705, , , ,3,2,0,0,1,0,0,0,0,0,0,2,2,0,0,0,0,0,0,0,0,0,0,0,0,0,0,0,0,0,0,0,0,0,0,4,0,40.078,-75.0237, , 
 ,74813,2011084741,6,67,67301,2011,5,3,2210,22,3,1,0,7,4, , ,N,0,0,2,3,0,0,1,1,N,N,39 53:01.943,75 14:46.307,2302, ,2252, ,0, ,N, ,0, , , , , ,836713, , , ,1,1,0,0,0,0,0,0,0,0,0,0,0,0,0,0,0,0,0,0,0,0,0,0,0,0,0,0,0,0,0,0,0,0,0,0,0,39.8839,-75.2462, , 
 ,74814,2011085760,6,67,67301,2011,8,6,2011,20,3,2,1,7,2, , ,N,0,0,0,3,0,1,1,1,N,N,40 02:01.648,75 01:12.559,2029, ,2014,1,1,2,N, ,0,N, , , , ,836714, , , ,1,0,0,0,0,0,1,0,0,0,0,1,1,0,0,0,0,0,0,0,0,0,0,0,0,0,0,0,0,0,0,0,0,0,0,4,0,40.0339,-75.0201, , 
 ,74815,2011092838,6,67,67301,2011,8,2,1702,17,1,1,0,8,1, , ,N,1,3,0,3,0,1,2,2,N,N,39 56:12.858,75 09:00.809,1709, ,1707, ,0, ,N, ,3, , , , , ,836718, , , ,1,1,0,0,0,0,0,0,1,0,0,1,1,0,0,0,0,0,0,0,0,0,0,0,0,0,0,0,0,0,0,0,0,0,0,4,0,39.9369,-75.1502, , 
 ,74816,2011115377,6,67,67301,2011,10,3,32,0,3,1,0,4,1, , ,N,1,2,0,3,0,3,3,2,N,N,39 57:20.282,75 12:08.149,33, ,32, ,0, ,N, ,3, , , , , ,836737, , , ,2,2,0,0,0,0,0,0,0,0,0,0,3,3,0,0,0,0,0,0,1,0,0,0,0,0,0,0,0,0,0,0,0,0,0,8,0,39.9556,-75.2023, , 
 ,74817,2012022708,6,67,67301,2011,6,1,2030,20,6,1,0,8,1, , ,N,0,0,0,3,0,1,4,2,N,N,40 01:54.300,75 07:16.341,0, ,0, ,0, ,N, ,0, , , , , ,836748, , , ,1,1,0,0,0,0,0,0,0,0,0,0,1,1,1,0,0,0,0,0,0,0,0,0,0,0,0,0,0,0,0,0,1,0,0,8,0,40.0318,-75.1212, , 
 ,74818,2011134736,6,67,67301,2011,12,2,1520,15,1,1,0,8,1, , ,N,1,3,0,3,0,1,2,2,N,N,40 02:16.440,75 02:50.675,1525, ,1522,1,1,2,N, ,3,N, , , , ,836765, , , ,1,1,0,0,0,0,0,0,0,0,0,1,1,0,0,0,0,0,0,0,1,0,0,0,0,0,0,0,0,0,0,0,1,0,0,4,0,40.0379,-75.0474, , 
 ,74819,2011098079,6,67,67301,2011,8,2,2047,20,3,1,0,4,1, , ,N,5,2,0,3,0,2,2,2,N,N,40 05:08.497,75 12:40.489,2105, ,2052, ,0, ,N, ,3, , , , , ,840650, , , ,2,1,1,0,0,0,0,0,0,0,0,1,2,1,0,0,0,0,0,0,0,0,0,0,0,0,0,0,0,0,0,0,0,0,0,4,0,40.0857,-75.2112, , 
 ,74820,2011100660,6,67,67301,2011,9,4,1428,14,1,1,0,8,1, , ,N,0,0,0,3,0,1,2,2,Y,N,40 02:34.292,75 06:15.825,1630, ,1629, ,0, ,N, ,0, , , , , ,840657, , , ,1,0,0,0,0,0,1,0,0,0,0,1,1,0,0,0,0,0,0,0,1,0,0,0,0,0,0,0,0,0,0,0,1,0,0,4,0,40.0429,-75.1044, , 
 ,74821,2011112286,6,67,67301,2011,9,5,2155,21,3,1,0,4,1, , ,N,2,2,0,3,0,0,2,2,N,N,39 57:28.508,75 09:50.910,2205, ,2159, ,0, ,N, ,3, , , , , ,840661, , , ,2,1,0,0,1,0,0,0,0,0,0,0,0,0,0,0,0,0,0,0,1,0,0,0,0,0,0,0,0,0,0,0,0,0,0,0,0,39.9579,-75.1641, , 
 ,74822,2011122834,6,67,67301,2011,11,4,910,9,1,1,0,1,1, , ,N,1,2,0,3,0,1,2,2,N,N,39 57:53.673,75 13:28.432,1010, ,1004, ,0, ,N, ,3, , , , , ,840669, , , ,2,1,0,0,0,0,1,0,0,0,0,0,1,1,1,0,0,0,0,0,2,0,0,2,0,0,0,0,0,0,0,0,0,0,0,8,0,39.9649,-75.2246, , 
 ,74823,2011132944,6,67,67301,2011,11,5,1355,13,1,1,0,8,1, , ,N,0,0,0,3,0,1,2,2,N,N,39 57:01.105,75 13:32.664,2335, ,2333, ,0, ,N, ,0, , , , , ,840676, , , ,1,0,0,0,1,0,0,0,0,0,0,1,1,0,0,0,0,0,0,0,0,0,0,0,0,0,0,0,0,0,0,0,1,0,0,4,0,39.9503,-75.2257, , 
 ,74824,2011112084,6,67,67301,2011,10,5,915,9,1,1,0,8,1, , ,N,1,2,0,3,0,1,2,2,N,N,39 57:04.187,75 09:12.892,1001, ,938, ,0, ,N, ,3, , , , , ,840689, , , ,1,1,0,0,0,0,0,0,0,0,1,0,1,0,0,0,0,0,0,0,1,0,0,0,0,0,0,0,0,0,0,0,1,0,0,3,0,39.9512,-75.1536, , 
 ,74825,2011115472,6,67,67301,2011,10,6,1810,18,1,1,0,7,9, , ,N,1,3,0,3,0,1,1,1,N,N,39 58:57.882,75 09:54.629,1811, ,1810, ,0, ,N, ,3, , , , , ,840691, , , ,1,0,0,0,0,0,0,0,0,1,0,0,1,0,0,0,0,0,0,0,0,0,0,0,0,0,0,0,0,0,0,0,0,0,0,2,0,39.9827,-75.1652, , 
 ,74826,2011100664,6,67,67301,2011,8,4,1012,10,1,1,0,5,1, , ,N,0,0,0,3,0,1,2,3,N, ,39 55:35.530,75 14:16.150,1014, ,1013,1,1,1, , ,0,Y, , , , ,840721, , , ,3,2,0,0,0,0,0,1,0,0,0,1,1,0,0,0,0,0,0,0,1,0,0,1,0,0,0,0,0,0,0,0,0,0,0,4,0,39.9265,-75.2378, , 
 ,74827,2011112315,6,67,67301,2011,10,4,833,8,1,1,0,4,1, , ,N,1,0,0,3,0,2,3,2,N,N,39 54:59.875,75 13:52.175,941, ,936, ,0, ,N, ,0, , , , , ,840731, , , ,2,1,0,0,0,0,1,0,0,0,0,2,2,0,0,0,0,0,0,0,0,0,1,0,0,0,0,0,0,0,0,0,0,0,0,4,0,39.9166,-75.2312, , 
 ,74828,2011118890,6,67,67301,2011,10,6,1657,16,1,2,1,5,1, , ,N,0,0,0,3,0,3,7,2,Y,Y,39 57:59.631,75 08:07.726,1727, ,1700, ,0, ,Y, ,0, , , , , ,840743, , , ,2,2,0,0,0,0,0,0,0,0,0,3,3,0,0,0,0,0,0,0,0,0,0,0,0,0,0,0,0,0,0,0,0,0,0,4,0,39.9666,-75.1353, , 
 ,74829,2011113141,6,67,67301,2011,8,3,2358,23,3,1,0,1,1, , ,N,0,0,0,3,0,1,1,2,N,N,39 55:25.980,75 08:50.959,8, ,2359,2,2,2,N, ,0,N, , , , ,840771, , , ,2,0,0,0,1,0,1,0,0,0,0,1,1,0,0,0,0,0,0,0,0,0,0,0,0,0,0,0,0,0,0,0,0,0,0,4,0,39.924,-75.1475, , 
 ,74830,2011115250,6,67,67301,2011,10,6,1345,13,1,1,0,4,1, , ,N,0,0,0,3,0,1,2,2,N,N,39 57:35.362,75 09:49.489,1358, ,1353, ,0, ,N, ,0, , , , , ,840772, , , ,1,0,0,0,0,0,0,1,1,0,0,0,1,1,0,0,0,0,0,0,0,0,0,0,0,0,0,0,0,0,0,0,0,0,0,8,0,39.9598,-75.1637, , 
 ,74831,2011056806,6,67,67301,2011,5,3,900,9,1,1,0,4,1, , ,N,0,2,7,3,0,1,2,2,N,N,39 56:21.455,75 11:53.557,915, ,910, ,0, ,N, ,3, , , , , ,840777, , , ,2,1,0,0,1,0,0,0,0,0,0,0,1,1,0,0,0,0,0,0,0,0,0,0,0,0,0,0,0,0,0,0,0,0,0,8,0,39.9393,-75.1982, , 
 ,74832,2011066225,6,67,67301,2011,6,4,1409,14,1,1,0,4,1, , ,N,0,8,7,3,0,3,4,2,N,N,39 59:48.194,75 05:26.664,1418, ,1417, ,0, , , ,3, , , , , ,840783, , , ,2,1,0,0,0,0,0,1,0,0,2,1,3,0,0,0,0,0,0,0,1,0,0,0,0,0,0,0,0,0,0,0,0,0,0,3,0,39.9967,-75.0907, , 
 ,74833,2011068298,6,67,67301,2011,4,4,239,2,3,1,0,7,2, , ,N,7,0,2,3,0,1,1,1,N,N,39 58:23.355,75 11:37.454,244, ,242,1,1,3,Y, ,0,N, , , , ,840785, , , ,1,1,0,0,0,0,0,0,0,0,1,0,1,0,0,0,0,0,0,0,0,0,0,0,0,0,0,0,0,0,0,0,0,0,0,3,0,39.9732,-75.1937, , 
 ,74834,2011118210,6,67,67301,2011,10,2,830,8,1,1,0,5,1, , ,N,1,3,0,3,0,2,4,3,N, ,40 03:50.306,75 03:34.568,845, ,835, ,0, , , ,3, , , , , ,840809, , , ,3,3,0,0,0,0,0,0,0,0,0,2,2,0,1,0,0,0,0,0,1,0,0,1,0,0,0,0,0,0,0,0,0,0,0,4,0,40.064,-75.0596, , 
 ,74835,2012022614,6,67,67301,2011,11,2,1613,16,1,1,0,5,1, , ,N,1,2,0,3,0,1,3,3,N,N,39 53:40.603,75 14:12.181,1622, ,1613, ,0, ,N, ,3, , , , , ,840831, , , ,3,1,0,0,0,0,2,0,0,0,0,0,1,1,0,0,0,0,0,0,1,0,0,0,0,0,0,0,0,0,0,0,0,0,0,8,0,39.8946,-75.2367, , 
 ,74836,2012022999,6,67,67301,2011,6,2,1230,12,1,1,0,1,1, , ,N,1,2,0,3,0,2,3,2,N,N,39 56:48.468,75 14:09.053,0, ,0, ,0, ,N, ,3, , , , , ,840832, , , ,2,2,0,0,0,0,0,0,0,0,1,0,2,1,1,0,0,0,0,0,0,0,0,0,0,0,0,0,0,0,0,0,0,0,0,3,0,39.9468,-75.2358, , 
 ,74837,2011125512,6,67,67301,2011,12,5,615,6,5,1,0,1,1, , ,N,0,0,0,3,0,0,2,2,N,N,39 53:20.630,75 14:28.137,627, ,618,3,1,2,N, ,0,N, , , , ,830089, , , ,2,1,0,0,1,0,0,0,0,0,0,0,0,0,0,0,0,0,0,0,0,0,0,0,0,0,0,0,0,0,0,0,0,0,0,0,0,39.8891,-75.2411, , 
 ,74838,2011088006,6,67,67301,2011,8,3,2040,20,4,1,0,4,1, , ,N,0,0,0,3,0,1,3,2,N,N,39 55:15.673,75 13:44.113,2045, ,2040,2,1,6,N, ,0,Y, , , , ,830101, , , ,2,1,1,0,0,0,0,0,0,0,0,1,1,0,0,0,0,1,0,0,0,0,0,0,0,0,0,0,0,0,0,0,0,0,0,4,0,39.921,-75.2289, , 
 ,74839,2011066034,6,67,67301,2011,5,7,1333,13,1,1,0,4,4, , ,N,5,0,0,3,0,1,5,2,N,N,40 01:29.110,75 08:58.358,1340, ,1333, ,0, ,N, ,0, , , , , ,830125, , , ,2,1,1,0,0,0,0,0,0,0,1,0,1,0,0,0,0,0,0,0,0,0,0,0,0,0,0,0,0,0,0,0,0,0,0,3,0,40.0248,-75.1495, , 
 ,74840,2011070050,6,67,67301,2011,6,2,750,7,1,1,0,1,1, , ,N,0,0,0,3,0,2,4,3,N,N,39 56:48.976,75 11:16.982,759, ,752,1,1,4,N, ,0,N, , , , ,830129, , , ,3,3,0,0,0,0,0,0,0,0,0,2,2,0,0,0,0,0,0,0,0,0,0,1,0,0,0,0,0,0,0,0,0,0,0,4,0,39.9469,-75.1881, , 
 ,74841,2011082116,6,67,67301,2011,7,6,1412,14,1,1,0,1,1, , ,N,0,0,0,3,0,1,2,2,N,N,39 56:15.837,75 11:53.857,1430, ,1415,1,2,4,N, ,0,N, , , , ,830140, , , ,2,1,0,0,0,0,0,1,0,0,0,0,1,1,0,0,0,0,0,0,1,0,0,0,0,0,0,0,0,0,0,0,0,0,0,8,0,39.9368,-75.1991, , 
 ,74842,2011082552,6,67,67301,2011,7,3,2146,21,3,1,0,5,1, , ,N,1,0,0,3,0,0,3,3,N,N,40 06:15.759,75 00:08.105,2150, ,2147,1,1,2,N, ,0,N, , , , ,830141, , , ,3,2,0,0,0,0,0,1,0,0,0,0,0,0,0,0,0,0,1,0,0,0,0,0,0,0,0,0,0,0,0,0,0,0,0,0,0,40.1044,-75.0023, , 
 ,74843,2011090452,6,67,67301,2011,8,6,2100,21,3,1,0,7,5, , ,N,0,0,0,3,0,0,1,1,N,N,40 00:58.122,75 10:33.675,2136, ,2120, ,0, , , ,0, , , , , ,830148, , , ,1,1,0,0,0,0,0,0,0,0,0,0,0,0,0,0,0,0,0,0,0,0,0,0,0,0,0,0,0,0,0,0,0,0,0,0,0,40.0161,-75.176, , 
 ,74844,2011115438,6,67,67301,2011,10,4,600,6,3,2,1,0,9, , ,N,1,0,0,3,0,1,1,1,N,N,39 57:54.150,75 13:29.723,625, ,619, ,0, ,N, ,0, , , , , ,830153, , , ,1,0,1,0,0,0,0,0,0,0,1,0,1,0,0,0,0,0,0,0,1,0,0,0,0,0,0,0,0,0,0,0,0,0,0,3,0,39.9649,-75.2246, , 
 ,74845,2011115490,6,67,67301,2011,10,1,1013,10,1,1,0,4,1, , ,N,1,1,0,3,0,2,3,2,N,N,39 55:19.930,75 13:49.176,1111, ,1108,3,1,5,N, ,3,Y, , , , ,830154, , , ,2,1,0,0,0,0,0,1,0,1,1,0,2,0,0,0,0,0,0,0,0,1,0,0,0,0,0,0,0,0,0,0,0,0,0,2,0,39.9222,-75.2303, , 
 ,74846,2011080708,6,67,67301,2011,7,7,2025,20,3,1,0,7,2, , ,N,0,0,2,3,0,1,1,1,N,N,39 54:37.842,75 08:58.051,2032, ,2027,1,2,1,N, ,0,N, , , , ,830178, , , ,1,1,0,0,0,0,0,0,0,0,0,1,1,0,0,0,0,0,0,0,1,0,0,0,0,0,0,0,0,0,0,0,0,0,0,4,0,39.9105,-75.1495, , 
 ,74847,2011082459,6,67,67301,2011,7,5,1525,15,1,1,0,4,1, , ,N,1,2,0,3,0,2,2,2,N,N,40 04:15.522,75 02:16.209,1537, ,1526,1,2,1,N, ,3,N, , , , ,830183, , , ,2,1,0,0,0,0,1,0,0,0,0,2,2,0,0,0,0,0,0,0,0,0,0,0,0,0,0,0,0,0,0,0,0,0,0,4,0,40.0711,-75.038, , 
 ,74848,2011082622,6,67,67301,2011,6,4,845,8,1,1,0,4,1, , ,N,0,0,7,3,0,1,2,2,N,N,40 02:41.229,75 07:18.906,855, ,850,1,2,3,N, ,0,N, , , , ,830184, , , ,2,1,0,0,0,0,1,0,0,0,0,0,1,1,0,0,0,0,0,0,0,0,0,0,0,0,0,0,0,0,0,0,0,0,0,8,0,40.0448,-75.1219, , 
 ,74849,2011100706,6,67,67301,2011,9,4,1630,16,1,1,0,1,1, , ,N,2,3,7,3,0,3,4,2,N,N,39 59:37.571,75 09:11.648,1638, ,1630, ,0, , , ,3, , , , , ,830212, , , ,2,1,0,0,0,0,0,1,0,0,0,3,3,0,0,0,0,0,0,1,0,0,1,0,0,0,0,0,0,0,0,0,0,0,0,4,0,39.9938,-75.1532, , 
 ,74850,2011100836,6,67,67301,2011,9,3,1830,18,1,2,1,1,1, , ,N,1,2,0,3,0,1,2,2,N,N,40 02:54.851,75 05:13.124,1850, ,1834, ,0, , , ,3, , , , , ,830213, , , ,2,2,0,0,0,0,0,0,0,0,0,0,1,1,0,0,0,0,0,0,0,1,0,0,0,0,0,0,0,0,0,0,0,0,0,8,0,40.0486,-75.087, , 
 ,74851,2011061834,6,67,67301,2011,5,3,1210,12,1,2,1,4,1, , ,N,0,0,7,3,0,4,4,2,N,N,40 00:11.881,75 09:57.996,1230, ,1216, ,0, ,N, ,0, , , , , ,830233, , , ,2,2,0,0,0,0,0,0,0,0,0,3,4,1,0,0,0,0,0,0,0,0,0,0,0,0,0,0,0,0,0,0,0,0,0,4,0,40.0033,-75.1661, , 
 ,74852,2011064094,6,67,67301,2011,5,2,1935,19,1,1,0,4,1, , ,N,2,0,0,3,0,1,1,3,N,N,40 04:16.331,75 09:16.364,1938, ,1937, ,0, ,N, ,0, , , , , ,830234, , , ,3,3,0,0,0,0,0,0,0,0,0,1,1,0,0,0,0,0,0,0,0,0,0,0,0,0,0,0,0,0,0,0,0,0,0,4,0,40.0712,-75.1545, , 
 ,74853,2011066160,6,67,67301,2011,5,6,1424,14,1,1,0,4,1, , ,N,1,2,0,3,0,1,2,2,N,N,40 03:27.061,75 08:57.497,1429, ,1424, ,0, ,N, ,3, , , , , ,830237, , , ,2,2,0,0,0,0,0,0,0,0,0,1,1,0,0,0,0,0,0,0,0,0,0,0,0,0,0,0,0,0,0,0,0,0,0,4,0,40.0575,-75.1493, , 
 ,74854,2011085497,6,67,67301,2011,7,6,1420,14,1,1,0,5,1, , ,N,0,0,0,3,0,1,1,3,N,N,40 00:02.030,75 07:13.196,1423, ,1420, ,0, ,N, ,0, , , , , ,830257, , , ,3,2,1,0,0,0,0,0,0,0,0,1,1,0,0,0,0,0,0,1,0,0,0,0,0,0,0,0,0,0,0,0,0,0,0,4,0,40.0006,-75.1203, , 
 ,74855,2011087945,6,67,67301,2011,8,2,9999,99,1,1,0,4,1, , ,N,1,2,0,3,0,1,2,2,N, ,39 55:34.561,75 11:03.741,1640, ,1635, ,0, , , ,3, , , , , ,833476, , , ,1,0,0,0,1,0,0,0,1,0,0,1,1,0,0,0,0,0,0,0,0,0,0,1,0,0,0,0,0,0,0,0,0,0,0,4,0,39.9263,-75.1844, , 
 ,74856,2011047032,6,67,67301,2011,4,1,319,3,3,1,0,4,1, , ,N,1,2,0,3,0,5,5,2,N, ,39 59:42.186,75 09:47.474,325, ,321, ,0, ,N, ,3, , , , , ,833550, , , ,2,1,0,0,0,0,1,0,0,0,5,0,5,0,0,0,0,0,0,0,0,0,0,0,0,0,0,0,0,0,0,0,0,0,0,3,0,39.9951,-75.1632, , 
 ,74857,2011055744,6,67,67301,2011,4,7,2035,20,2,1,0,5,1, , ,N,0,0,6,3,0,4,5,2,N,N,40 01:30.832,75 07:26.981,2051, ,2039,1,1,1,N, ,0,N, , , , ,833566, , , ,2,1,0,0,0,0,0,1,0,0,0,4,4,0,0,0,0,0,0,0,0,0,0,0,0,0,0,0,0,0,0,0,0,0,0,4,0,40.0252,-75.1244, , 
 ,74858,2011092874,6,67,67301,2011,8,7,1150,11,1,1,0,4,1, , ,N,1,2,0,3,0,4,4,3,N,N,40 02:17.896,75 04:31.313,1158, ,1156, ,0, ,N, ,3, , , , , ,833574, , , ,3,3,0,0,0,0,0,0,0,0,0,0,4,4,0,0,0,0,0,1,0,0,0,0,0,0,0,0,0,0,0,0,0,0,0,8,0,40.0383,-75.0754, , 
 ,74859,2011093041,6,67,67301,2011,8,2,0,0,3,1,1,7,4, , ,N,0,8,1,3,0,0,1,1,N, ,40 00:00.047,75 11:21.414,210, ,155,6,2,5, , ,3,Y, , , , ,833575, , , ,1,0,0,0,0,1,0,0,0,0,0,0,0,0,0,0,0,0,0,0,0,0,0,0,0,0,0,0,0,0,0,0,0,0,0,0,1,40,-75.1893, , 
 ,74860,2011100885,6,67,67301,2011,9,4,2100,21,3,9,0,8,4, , ,N,1,0,0,3,0,1,2,2,N,N,40 01:21.651,75 08:45.815,1940, ,1933, ,0, ,N, ,0, , , , , ,833582, , , ,1,1,0,0,0,0,0,0,0,0,0,1,1,0,1,0,0,0,0,0,0,0,0,1,0,0,0,0,0,0,0,0,1,0,0,4,0,40.0227,-75.1461, , 
 ,74861,2011105660,6,67,67301,2011,10,3,50,0,3,1,0,1,1, , ,N,6,0,2,3,0,0,2,2,N,N,39 56:44.167,75 11:25.033,610, ,600,1,1,3,N, ,0,N, , , , ,833590, , , ,2,2,0,0,0,0,0,0,0,0,0,0,0,0,0,0,0,0,0,0,0,0,0,0,0,0,0,0,0,0,0,0,0,0,0,0,0,39.9456,-75.1903, , 
 ,74862,2011054275,6,67,67301,2011,4,3,1641,16,1,2,1,4,1, , ,N,1,2,0,3,0,1,3,2,N,N,40 03:34.246,75 03:07.165,1650, ,1641, ,0, ,N, ,3, , , , , ,833603, , , ,2,1,0,0,0,0,0,1,0,0,0,1,1,0,1,0,0,0,0,0,1,0,0,0,0,0,0,0,0,0,0,0,0,0,0,4,0,40.0595,-75.052, , 
 ,74863,2011060477,6,67,67301,2011,6,6,535,5,5,1,0,6,1, , ,N,1,2,0,3,0,0,2,2,N,N,40 03:16.326,75 01:40.889,615, ,540, ,0, ,N, ,3, , , , , ,833607, , , ,2,1,0,0,0,0,0,1,0,0,0,0,0,0,0,0,0,0,0,0,0,0,0,0,0,0,0,0,0,0,0,0,0,0,0,0,0,40.0545,-75.028, , 
 ,74864,2011057013,6,67,67301,2011,5,4,1900,19,1,1,1,8,1, , ,N,1,2,0,3,0,0,2,2,N,N,40 02:25.213,75 00:55.422,1959, ,1957, ,0, ,N, ,3, , , , , ,833615, , , ,1,1,0,0,0,0,0,0,0,0,0,0,0,0,1,0,0,0,0,0,0,0,0,0,0,0,0,0,0,0,0,0,1,0,0,9,0,40.0403,-75.0154, , 
 ,74865,2011073317,6,67,67301,2011,6,6,2135,21,3,1,0,1,1, , ,N,0,0,0,3,0,1,2,2,N,N,40 00:28.711,75 04:22.189,2155, ,2145, ,0, ,N, ,0, , , , , ,833637, , , ,2,0,1,0,0,0,1,0,0,1,0,0,1,0,1,0,0,0,0,0,1,0,0,0,0,0,0,0,0,1,0,0,0,0,0,2,0,40.008,-75.0728, , 
 ,74866,2011073319,6,67,67301,2011,6,5,1530,15,1,1,0,1,1, , ,N,2,2,0,3,0,1,3,2,N,N,40 04:32.860,75 00:03.437,1545, ,1538, ,0, ,N, ,3, , , , , ,833638, , , ,2,1,0,0,0,0,0,1,0,0,0,1,1,0,0,0,0,0,0,0,0,0,0,0,0,0,0,0,0,0,0,0,0,0,0,4,0,40.0758,-75.001, , 
 ,74867,2011082620,6,67,67301,2011,7,2,1720,17,1,1,0,2,1, , ,N,1,2,0,3,0,1,2,2,N, ,40 05:04.128,74 58:25.148,1722, ,1722, ,0, , , ,2, , , , , ,833646, , , ,2,2,0,0,0,0,0,0,0,0,0,0,1,1,0,0,0,1,0,0,0,0,0,0,0,0,0,0,0,0,0,0,0,0,0,8,0,40.0845,-74.9737, , 
 ,74868,2011075759,6,67,67301,2011,6,4,910,9,1,1,0,8,1, , ,N,0,0,0,3,0,1,2,2,N,N,39 57:02.865,75 12:20.808,930, ,915, ,0, ,N, ,0, , , , , ,833656, , , ,1,1,0,0,0,0,0,0,0,0,0,1,1,0,0,0,0,0,0,0,0,0,0,0,0,0,0,0,0,0,0,0,1,0,0,4,0,39.9508,-75.2058, , 
 ,74869,2011054037,6,67,67301,2011,4,7,641,6,5,2,1,7,4, , ,N,0,0,0,3,0,1,1,1,N,N,39 59:50.582,75 07:38.805,641, ,641, ,0, ,N, ,0, , , , , ,833675, , , ,1,1,0,0,0,0,0,0,0,0,0,0,1,1,0,0,0,0,0,0,0,0,0,1,0,0,0,0,0,0,0,0,0,0,0,8,0,39.9974,-75.1274, , 
 ,74870,2011064109,6,67,67301,2011,5,6,2255,22,3,1,0,4,1, , ,N,1,2,0,3,0,3,3,2,N,N,40 02:34.612,75 07:11.211,25, ,23,9,1,2,N, ,3,N, , , , ,833684, , , ,2,2,0,0,0,0,0,0,0,0,0,3,3,0,0,0,0,0,0,0,0,0,0,0,0,0,0,0,0,0,0,0,0,0,0,4,0,40.0429,-75.1198, , 
 ,74871,2011066185,6,67,67301,2011,6,7,1934,19,1,1,0,1,1, , ,N,0,2,0,3,0,3,9,6,N,N,40 01:34.609,75 07:15.082,1939, ,1936,2,2,4,N, ,3,Y, , , , ,833685, , , ,6,6,0,0,0,0,0,0,0,0,0,2,3,1,0,0,0,0,2,0,0,0,0,0,0,0,0,0,0,0,0,0,0,0,0,4,0,40.0263,-75.1206, , 
 ,74872,2011068507,6,67,67301,2011,6,1,1427,14,1,1,0,4,1, , ,N,1,0,0,3,0,2,2,2,N,N,40 02:22.401,75 05:03.893,1435, ,1430, ,0, , , ,0, , , , , ,833689, , , ,2,1,0,0,0,0,1,0,0,0,0,0,2,2,0,0,0,0,0,1,1,0,0,0,0,0,0,0,0,0,0,0,0,0,0,8,0,40.0396,-75.0844, , 
 ,74873,2012005016,6,67,67301,2011,12,6,201,2,3,1,0,1,2, , ,N,0,0,0,3,0,0,1,2,N, ,40 06:54.835,75 01:46.948,201, ,201, ,0, , , ,0, , , , , ,836768, , , ,2,2,0,0,0,0,0,0,0,0,0,0,0,0,0,0,0,0,0,0,0,0,0,0,0,0,0,0,0,0,0,0,0,0,0,0,0,40.1152,-75.0297, , 