wz_ln_closure,objectid_1,crn,district,county,municipality,crash_year,crash_month,day_of_week,time_of_day,hour_of_day,illumination,weather,road_condition,collision_type,relation_to_road,work_zone_type,work_zone_loc,work_zone_ind,intersect_type,tcd_type,location_type,urban_rural,fatal_count,injury_count,person_count,total_units,sch_bus_ind,sch_zone_ind,latitude,longitude,arrival_tm,cons_zone_spd_lim,dispatch_tm,est_hrs_closed,lane_closed,ln_close_dir,ntfy_hiwy_maint,spec_juris_cd,tcd_func_cd,tfc_detour_ind,workers_pres,wz_close_detour,wz_flagger,wz_law_offcr_ind,objectid,wz_moving,wz_other,wz_shlder_mdn,vehicle_count,automobile_count,motorcycle_count,bus_count,small_truck_count,heavy_truck_count,suv_count,van_count,bicycle_count,maj_inj_count,mod_inj_count,min_inj_count,tot_inj_count,unk_inj_deg_count,unk_inj_per_count,driver_count_16yr,driver_count_17yr,driver_count_18yr,driver_count_19yr,driver_count_20yr,driver_count_50_64yr,driver_count_65_74yr,driver_count_75plus,unbelted_occ_count,unb_death_count,unb_maj_inj_count,belted_death_count,belted_maj_inj_count,mcycle_death_count,mcycle_maj_inj_count,bicycle_death_count,bicycle_maj_inj_count,ped_count,ped_death_count,ped_maj_inj_count,max_severity_level,comm_veh_count,dec_lat,dec_long,rdwy_surf_type_cd,county_name
 ,74874,2012020979,6,67,67301,2011,1,6,1130,11,1,1,0,4,1, , ,N,1,2,0,3,0,1,2,2,N,N,40 00:52.790,75 07:51.570,0, ,0, ,0, ,N, ,3, , , , , ,836769, , , ,2,1,0,0,1,0,0,0,0,0,0,0,1,1,0,0,0,0,0,0,0,0,0,0,0,0,0,0,0,0,0,0,0,0,0,8,0,40.0147,-75.131, , 
 ,74875,2012032641,6,67,67301,2011,12,4,1737,17,3,1,0,2,1, , ,N,1,2,0,3,0,1,2,2,N,N,40 02:04.103,75 04:55.728,2012, ,2003, ,0, , , ,3, , , , , ,836772, , , ,2,2,0,0,0,0,0,0,0,0,0,1,1,0,0,0,0,0,0,0,0,0,0,1,0,0,0,0,0,0,0,0,0,0,0,4,0,40.0345,-75.0821, , 
 ,74876,2011073266,6,67,67301,2011,6,4,2040,20,2,1,0,1,1, , ,N,0,0,7,3,0,3,7,2,N,N,40 02:18.472,75 02:09.907,2134, ,2040, ,0, , , ,0, , , , , ,836820, , , ,2,2,0,0,0,0,0,0,0,0,0,0,3,3,0,0,0,0,0,0,0,1,0,0,0,0,0,0,0,0,0,0,0,0,0,8,0,40.0385,-75.0361, , 
 ,74877,2011075747,6,67,67301,2011,5,3,1140,11,1,1,0,4,1, , ,N,2,3,0,3,0,0,2,2,N,N,39 54:26.334,75 13:41.041,9999, ,1140, ,0, ,N, ,3, , , , , ,836823, , , ,2,1,0,0,1,0,0,0,0,0,0,0,0,0,2,0,0,0,0,0,0,0,1,0,0,0,0,0,0,0,0,0,0,0,0,9,0,39.9073,-75.2281, , 
 ,74878,2011075826,6,67,67301,2011,6,2,2332,23,3,1,0,4,1, , ,N,1,3,0,3,0,1,2,2,N,N,39 55:58.245,75 09:27.269,1, ,2352, ,0, ,N, ,3, , , , , ,836824, , , ,2,2,0,0,0,0,0,0,0,0,0,0,1,1,0,0,0,0,0,0,0,0,1,0,0,0,0,0,0,0,0,0,0,0,0,8,0,39.9328,-75.1576, , 
 ,74879,2011082662,6,67,67301,2011,7,7,1450,14,1,1,0,4,1, , ,N,1,2,0,3,0,0,2,2,N,N,39 55:05.700,75 12:32.987,1545, ,1541, ,0, ,N, ,3, , , , , ,836830, , , ,2,2,0,0,0,0,0,0,0,0,0,0,0,0,1,0,0,0,0,0,0,1,0,1,0,0,0,0,0,0,0,0,0,0,0,9,0,39.9181,-75.21, , 
 ,74880,2011090568,6,67,67301,2011,7,1,2113,21,3,1,0,1,1, , ,N,0,0,0,3,0,2,2,2,N,N,39 59:54.619,75 08:00.096,2113, ,2113, ,0, ,N, ,0, , , , , ,836834, , , ,2,1,0,0,0,0,0,1,0,0,0,1,2,1,0,0,0,0,0,0,0,0,0,0,0,0,0,0,0,0,0,0,0,0,0,4,0,39.9985,-75.1334, , 
 ,74881,2011090577,6,67,67301,2011,8,5,750,7,1,2,1,4,1, , ,N,1,2,0,3,0,4,4,2,N,N,40 01:53.151,75 09:17.114,755, ,753,1,1,3,N, ,3,N, , , , ,836835, , , ,2,2,0,0,0,0,0,0,0,0,0,4,4,0,0,0,0,0,0,0,0,0,0,0,0,0,0,0,0,0,0,0,0,0,0,4,0,40.0314,-75.1548, , 
 ,74882,2011134801,6,67,67301,2011,11,2,1400,14,1,1,0,7,3, , ,N,2,0,0,3,0,2,3,2,N,N,40 00:51.217,75 04:06.552,1430, ,9999, ,0, ,N, ,0, , , , , ,836859, , , ,2,1,0,0,0,0,1,0,0,0,1,1,2,0,0,0,0,0,0,0,1,0,0,0,0,0,0,0,0,0,0,0,0,0,0,3,0,40.0142,-75.0685, , 
 ,74883,2011115376,6,67,67301,2011,10,7,1608,16,1,1,0,8,1, , ,N,0,0,0,3,0,1,2,2,N,N,40 01:38.443,75 06:29.572,1721, ,1720, ,0, ,N, ,0, , , , , ,836890, , , ,1,1,0,0,0,0,0,0,0,0,0,0,1,1,0,0,0,0,0,0,0,0,0,0,0,0,0,0,0,0,0,0,1,0,0,8,0,40.0273,-75.1082, , 
 ,74884,2011117822,6,67,67301,2011,10,3,925,9,1,1,0,1,1, , ,N,3,2,0,3,0,1,2,2,N,N,39 56:58.586,75 11:58.815,933, ,930,9,2,7,N, ,3,Y, , , , ,836892, , , ,2,2,0,0,0,0,0,0,0,0,0,1,1,0,0,0,0,0,0,0,0,0,0,2,0,0,0,0,0,0,0,0,0,0,0,4,0,39.9496,-75.1997, , 
 ,74885,2011106751,6,67,67301,2011,9,3,1831,18,3,2,1,7,2, , ,N,0,0,0,3,0,2,2,2,N,N,40 02:31.817,75 00:14.303,1855, ,1835, ,0, ,N, ,0, , , , , ,836905, , , ,2,1,0,0,0,0,1,0,0,0,0,0,2,2,0,0,0,0,0,0,0,0,0,0,0,0,0,0,0,0,0,0,0,0,0,8,0,40.0422,-75.004, , 
 ,74886,2011112100,6,67,67301,2011,10,2,1744,17,1,1,0,4,1, , ,N,1,3,0,3,0,1,2,2,N,N,39 58:30.374,75 14:00.308,1840, ,1821, ,0, ,N, ,3, , , , , ,836917, , , ,2,1,0,0,0,0,0,1,0,0,0,0,1,1,0,0,0,0,0,0,0,0,0,0,0,0,0,0,0,0,0,0,0,0,0,8,0,39.9751,-75.2334, , 
 ,74887,2011056943,6,67,67301,2011,5,2,1905,19,1,1,0,4,1, , ,N,0,0,7,3,0,1,2,2, , ,40 01:53.405,75 06:21.420,1930, ,1915, ,0, , , ,0, , , , , ,836928, , , ,1,1,0,0,0,0,0,0,1,0,0,1,1,0,1,0,0,0,0,0,0,0,0,0,0,0,0,0,0,0,0,0,0,0,0,4,0,40.0315,-75.106, , 
 ,74888,2011068493,6,67,67301,2011,6,4,2000,20,1,1,0,8,1, , ,N,0,0,0,3,0,1,2,2,N,N,39 57:28.918,75 14:00.581,2114, ,2105, ,0, ,N, ,0, , , , , ,836933, , , ,1,1,0,0,0,0,0,0,0,0,1,0,1,0,0,0,0,0,0,0,0,0,0,0,0,0,0,0,0,0,0,0,1,0,0,3,0,39.958,-75.2335, , 
 ,74889,2011075807,6,67,67301,2011,6,6,1051,10,1,1,0,6,1, , ,N,1,3,0,3,0,1,4,2, , ,39 56:39.592,75 13:51.478,1052, ,1051, ,0, , , ,3, , , , , ,836939, , , ,2,1,0,0,1,0,0,0,0,0,0,1,1,0,0,0,0,0,0,1,0,0,0,0,0,0,0,0,0,0,0,0,0,0,0,4,0,39.9443,-75.231, , 
 ,74890,2011067278,6,67,67301,2011,6,5,1650,16,1,1,0,1,1, , ,N,0,0,0,3,0,0,2,2,N,N,40 00:51.990,75 03:18.581,1654, ,1654,1,1,1,N, ,0,N, , , , ,836960, , , ,2,2,0,0,0,0,0,0,0,0,0,0,0,0,0,0,0,0,1,0,0,0,0,0,0,0,0,0,0,0,0,0,0,0,0,0,0,40.0144,-75.0553, , 
 ,74891,2011122752,6,67,67301,2011,4,1,2130,21,3,1,0,8,1, , ,N,1,2,0,3,0,1,2,2,N,N,39 58:48.797,75 09:27.327,9999, ,9999, ,0, ,N, ,2, , , , , ,840835, , , ,1,1,0,0,0,0,0,0,0,0,1,0,1,0,0,0,0,0,0,0,0,0,0,1,0,0,0,0,0,0,0,0,1,0,0,3,0,39.9802,-75.1575, , 
 ,74892,2011122763,6,67,67301,2011,10,2,1035,10,1,1,0,1,1, , ,N,0,0,0,3,0,1,2,2,N, ,40 07:11.064,75 00:32.112,1050, ,1039, ,0, , , ,0, , , , , ,840836, , , ,2,2,0,0,0,0,0,0,0,0,0,0,1,1,0,0,0,0,0,0,1,0,0,0,0,0,0,0,0,0,0,0,0,0,0,8,0,40.1197,-75.0089, , 
 ,74893,2011127083,6,67,67301,2011,11,1,9999,99,3,1,0,1,1, , ,N,0,0,0,3,0,3,8,2,N,N,40 03:03.499,75 07:06.095,1850, ,1846, ,0, ,N, ,0, , , , , ,840839, , , ,2,1,0,0,0,0,0,1,0,0,0,3,3,0,0,0,0,0,0,0,0,0,0,0,0,0,0,0,0,0,0,0,0,0,0,4,0,40.051,-75.1184, , 
 ,74894,2011075757,6,67,67301,2011,6,2,1243,12,1,1,0,1,1, , ,N,1,2,0,3,0,2,5,3,N,N,40 02:02.361,75 04:27.863,1246, ,1243,1,1,4,N, ,3,N, , , , ,840850, , , ,3,1,0,0,0,0,1,1,0,0,0,1,2,1,3,0,0,0,0,0,0,0,0,0,0,0,0,0,0,0,0,0,0,0,0,4,0,40.034,-75.0744, , 
 ,74895,2011076590,6,67,67301,2011,6,3,1631,16,1,1,1,8,1, , ,N,2,0,0,3,0,1,2,2,N,N,39 59:53.728,75 06:22.827,1635, ,1632, ,0, , , ,0, , , , , ,840851, , , ,1,1,0,0,0,0,0,0,0,0,0,1,1,0,0,0,0,0,0,0,0,0,0,0,0,0,0,0,0,0,0,0,1,0,0,4,0,39.9983,-75.1063, , 
 ,74896,2011056924,6,67,67301,2011,5,1,249,2,3,2,1,7,2, , ,N,2,0,0,3,0,0,3,1,N,N,40 08:03.616,75 00:33.107,252, ,249, ,0, , , ,0, , , , , ,840854, , , ,1,1,0,0,0,0,0,0,0,0,0,0,0,0,0,0,0,0,0,0,0,0,0,0,0,0,0,0,0,0,0,0,0,0,0,0,0,40.1343,-75.0091, , 
 ,74897,2011066064,6,67,67301,2011,5,7,1359,13,1,1,0,4,1, , ,N,1,2,0,3,0,0,4,2, , ,39 57:28.586,75 09:50.892,1610, ,1608, ,0, , , ,3, , , , , ,840863, , , ,2,1,0,0,0,0,0,1,0,0,0,0,0,0,1,0,0,0,0,0,0,0,0,1,0,0,0,0,0,0,0,0,0,0,0,9,0,39.9579,-75.1641, , 
 ,74898,2011095517,6,67,67301,2011,8,5,1156,11,1,1,0,5,1, , ,N,0,0,0,3,0,1,2,2,N, ,39 57:06.056,75 09:55.662,1210, ,1156, ,0, , , ,0, , , , , ,840879, , , ,2,1,0,0,0,1,0,0,0,0,0,0,1,1,0,0,0,0,0,0,0,0,0,1,0,0,0,0,0,0,0,0,0,0,0,8,1,39.9517,-75.1655, , 
 ,74899,2011037925,6,67,67301,2011,3,2,1820,18,1,1,0,6,1, , ,N,1,3,0,3,0,1,2,2, , ,40 00:23.619,75 06:20.851,2220, ,2220, ,0, , , ,9, , , , , ,840892, , , ,2,1,0,0,0,0,1,0,0,0,0,0,1,1,0,0,0,0,0,0,0,0,0,0,0,0,0,0,0,0,0,0,0,0,0,8,0,40.0066,-75.1058, , 
 ,74900,2011109537,6,67,67301,2011,10,3,1055,10,1,1,0,1,1, , ,N,0,0,0,3,0,3,5,3,N,N,39 57:53.501,75 11:07.429,1105, ,1057,1,1,3,N, ,0,N, , , , ,840917, , , ,3,2,0,0,0,0,1,0,0,0,0,3,3,0,0,0,0,0,0,0,2,0,0,0,0,0,0,0,0,0,0,0,0,0,0,4,0,39.9649,-75.1854, , 
 ,74901,2011112221,6,67,67301,2011,10,6,1925,19,3,1,0,4,1, , ,N,1,2,0,3,0,1,5,2,N, ,40 02:08.240,75 04:13.971,1928, ,1928,1,1,2, , ,3,Y, , , , ,840919, , , ,2,1,0,1,0,0,0,0,0,0,0,0,1,1,0,0,0,0,0,0,0,0,1,0,0,0,0,0,0,0,0,0,0,0,0,8,1,40.0356,-75.0705, , 
 ,74902,2011093752,6,67,67301,2011,8,3,1420,14,1,1,0,4,1, , ,N,2,0,7,3,0,1,3,2,N,N,40 01:47.552,75 03:20.481,1425, ,1425, ,0, ,N, ,0, , , , , ,840942, , , ,2,1,0,0,0,0,1,0,0,0,0,1,1,0,1,0,0,0,0,0,0,0,0,0,0,0,0,0,0,0,0,0,0,0,0,4,0,40.0298,-75.0556, , 
 ,74903,2011095488,6,67,67301,2011,8,6,507,5,3,2,1,7,3, , ,N,2,1,0,3,0,1,1,3,N,N,39 57:17.817,75 11:01.772,510, ,507, ,0, ,N, ,3, , , , , ,840945, , , ,3,2,0,0,1,0,0,0,0,0,0,0,1,1,0,0,0,0,0,0,0,0,0,0,0,0,0,0,0,0,0,0,0,0,0,8,0,39.9549,-75.1838, , 
 ,74904,2011104092,6,67,67301,2011,9,1,1600,16,1,1,0,1,1, , ,N,0,0,0,3,0,1,8,5,N,N,39 56:09.752,75 11:58.871,1610, ,1603, ,0, ,N, ,0, , , , , ,840952, , , ,5,2,0,0,0,0,3,0,0,0,1,0,1,0,0,0,1,0,0,0,2,0,0,0,0,0,0,0,0,0,0,0,0,0,0,3,0,39.9345,-75.2, , 
 ,74905,2011104113,6,67,67301,2011,10,4,1843,18,3,2,1,1,1, , ,N,7,2,2,3,0,0,4,3,N,N,39 57:34.701,75 10:51.774,1854, ,1845,1,2,3,N, ,3,N, , , , ,840953, , , ,3,0,0,0,0,0,3,0,0,0,0,0,0,0,0,0,0,0,0,0,2,0,0,1,0,0,0,0,0,0,0,0,0,0,0,0,0,39.9596,-75.181, , 
 ,74906,2011068393,6,67,67301,2011,6,3,2035,20,1,1,0,1,1, , ,N,1,2,0,3,0,0,2,2,N,N,39 54:14.563,75 14:24.409,2111, ,2108, ,0, ,N, ,3, , , , , ,840956, , , ,2,2,0,0,0,0,0,0,0,0,0,0,0,0,0,0,0,0,0,1,0,0,0,0,0,0,0,0,0,0,0,0,0,0,0,0,0,39.904,-75.2401, , 
 ,74907,2011075633,6,67,67301,2011,6,1,1235,12,1,1,0,4,1, , ,N,2,3,0,3,0,1,2,2,Y,N,39 56:14.971,75 11:36.988,1237, ,1236, ,0, ,N, ,3, , , , , ,840968, , , ,1,0,0,1,0,0,0,0,1,0,0,1,1,0,1,0,0,0,0,0,0,0,0,0,0,0,0,0,0,0,0,0,0,0,0,4,1,39.9375,-75.1936, , 
 ,74908,2011075723,6,67,67301,2011,6,3,1540,15,1,1,0,4,1, , ,N,1,3,0,3,0,1,2,2, , ,39 58:56.426,75 07:36.268,1555, ,1546, ,0, , , ,3, , , , , ,840969, , , ,2,1,1,0,0,0,0,0,0,1,0,0,1,0,0,0,0,0,0,0,0,0,0,0,0,0,0,0,0,1,0,0,0,0,0,2,0,39.9823,-75.1267, , 
 ,74909,2011087923,6,67,67301,2011,7,7,1343,13,1,1,0,4,1, , ,N,0,0,0,3,0,1,2,2,N, ,40 02:06.669,75 14:06.486,1349, ,1345, ,0, , , ,0, , , , , ,830260, , , ,1,1,0,0,0,0,0,0,1,0,0,1,1,0,0,0,0,0,0,0,0,0,0,0,0,0,0,0,0,0,0,0,0,0,0,4,0,40.0352,-75.2351, , 
 ,74910,2011107717,6,67,67301,2011,10,5,2041,20,3,1,0,7,2, , ,N,0,0,0,3,0,1,1,1,N,N,39 58:49.037,75 06:16.902,2050, ,2046,1,1,1,N, ,0,N, , , , ,830274, , , ,1,0,0,0,0,0,1,0,0,0,0,0,1,1,0,0,0,0,0,0,0,0,0,0,0,0,0,0,0,0,0,0,0,0,0,8,0,39.9802,-75.1048, , 
 ,74911,2011122769,6,67,67301,2011,11,5,539,5,3,1,0,8,1, , ,N,1,2,0,3,0,1,2,2,N, ,40 00:03.096,75 06:37.169,541, ,539, ,0, , , ,3, , , , , ,830286, , , ,1,0,0,0,0,0,0,1,0,0,0,0,1,1,0,0,0,0,0,0,1,0,0,0,0,0,0,0,0,0,0,0,1,0,0,8,0,40.0009,-75.1103, , 
 ,74912,2011087928,6,67,67301,2011,8,4,2230,22,3,2,1,1,1, , ,N,1,2,0,3,0,1,2,2,N,N,40 01:59.306,75 04:48.302,125, ,120, ,0, , , ,3, , , , , ,830310, , , ,2,1,0,0,0,0,1,0,0,0,0,1,1,0,0,0,0,0,0,0,0,0,0,0,0,0,0,0,0,0,0,0,0,0,0,4,0,40.0331,-75.0801, , 
 ,74913,2011092895,6,67,67301,2011,8,7,1855,18,1,1,0,8,1, , ,N,0,0,0,3,0,1,2,2,N,N,39 55:30.360,75 13:38.175,1903, ,1901,1,2,4,N, ,0,Y, , , , ,830316, , , ,1,1,0,0,0,0,0,0,0,0,0,1,1,0,0,0,0,0,0,0,0,0,0,0,0,0,0,0,0,0,0,0,1,0,0,4,0,39.9251,-75.2273, , 
 ,74914,2011093004,6,67,67301,2011,8,6,1649,16,1,1,0,4,1, , ,N,1,3,0,3,0,1,3,2,N,N,40 05:12.325,75 01:55.012,1650, ,1650,3,2,7,N, ,3,Y, , , , ,830317, , , ,2,1,0,0,1,0,0,0,0,0,0,1,1,0,0,0,0,0,0,0,1,0,0,0,0,0,0,0,0,0,0,0,0,0,0,4,0,40.0868,-75.0319, , 
 ,74915,2011068355,6,67,67301,2011,6,1,1000,10,1,1,0,4,1, , ,N,1,2,0,3,0,3,3,2,N,N,39 57:32.141,75 14:29.004,1015, ,1006, ,0, ,N, ,3, , , , , ,830332, , , ,2,2,0,0,0,0,0,0,0,0,0,1,3,2,0,0,0,0,0,0,1,0,0,0,0,0,0,0,0,0,0,0,0,0,0,4,0,39.9589,-75.2414, , 
 ,74916,2011080710,6,67,67301,2011,8,7,1645,16,1,1,0,4,1, , ,N,0,0,0,3,0,1,4,2,N,N,39 54:00.457,75 09:34.808,1702, ,1648,3,1,1,N, ,0,N, , , , ,830360, , , ,2,1,0,0,0,0,0,1,0,0,0,1,1,0,0,0,0,0,0,0,2,0,0,0,0,0,0,0,0,0,0,0,0,0,0,4,0,39.9001,-75.1596, , 
 ,74917,2011090356,6,67,67301,2011,11,3,115,1,3,1,0,5,1, , ,N,0,0,0,3,0,0,1,2,N,N,39 59:33.590,75 09:23.677,117, ,116, ,0, ,N, ,0, , , , , ,830369, , , ,2,1,0,0,0,0,0,1,0,0,0,0,0,0,1,0,0,0,0,0,0,0,0,0,0,0,0,0,0,0,0,0,0,0,0,9,0,39.9927,-75.1566, , 
 ,74918,2011071422,6,67,67301,2011,7,2,1445,14,1,1,0,1,1, , ,N,6,0,2,3,0,2,4,2,N,N,39 57:33.373,75 10:37.750,1455, ,1451,1,2,3,N, ,0,N, , , , ,830388, , , ,2,2,0,0,0,0,0,0,0,0,0,2,2,0,0,0,0,0,0,0,0,0,0,3,0,0,0,0,0,0,0,0,0,0,0,4,0,39.9593,-75.1773, , 
 ,74919,2011082406,6,67,67301,2011,7,7,1635,16,1,1,0,1,1, , ,N,2,3,0,3,0,1,5,2,N,N,39 55:39.619,75 08:49.027,1645, ,1639, ,0, ,N, ,3, , , , , ,830406, , , ,2,2,0,0,0,0,0,0,0,0,0,1,1,0,1,0,0,0,0,0,0,0,0,0,0,0,0,0,0,0,0,0,0,0,0,4,0,39.9277,-75.147, , 
 ,74920,2011101853,6,67,67301,2011,10,5,1646,16,1,1,0,4,1, , ,N,0,0,0,3,0,0,2,2,N,N,39 58:48.343,75 06:18.910,1656, ,1649,1,1,1,N, ,0,N, , , , ,830420, , , ,2,2,0,0,0,0,0,0,0,0,0,0,0,0,0,0,0,0,1,0,0,0,0,0,0,0,0,0,0,0,0,0,0,0,0,0,0,39.9801,-75.1054, , 
 ,74921,2011106089,6,67,67301,2011,8,5,645,6,1,1,0,8,4, , ,N,1,0,0,3,0,1,2,2,N,N,39 57:39.668,75 13:58.310,730, ,700, ,0, ,N, ,0, , , , , ,830423, , , ,1,0,0,0,0,0,1,0,0,0,1,0,1,0,1,0,0,0,0,0,0,0,0,0,0,0,0,0,0,0,0,0,1,0,0,3,0,39.9609,-75.2329, , 
 ,74922,2011112335,6,67,67301,2011,9,6,117,1,3,1,0,4,1, , ,N,1,2,0,3,0,2,3,2,N,N,39 57:16.502,75 10:22.764,119, ,117,3,1,3,N, ,3,N, , , , ,830426, , , ,2,2,0,0,0,0,0,0,0,0,0,2,2,0,0,0,0,0,0,0,0,0,0,0,0,0,0,0,0,0,0,0,0,0,0,4,0,39.9546,-75.173, , 
 ,74923,2011064107,6,67,67301,2011,5,7,2340,23,3,1,0,1,1, , ,N,2,3,0,3,0,3,3,3, , ,40 00:34.246,75 08:26.775,2355, ,2350, ,0, , , ,9, , , , , ,830434, , , ,3,2,0,0,1,0,0,0,0,0,2,1,3,0,0,0,0,0,0,0,0,0,0,0,0,0,0,0,0,0,0,0,0,0,0,3,0,40.0095,-75.1408, , 
 ,74924,2011064113,6,67,67301,2011,5,7,304,3,3,8,1,7,2, , ,N,1,0,0,3,0,3,5,1,N,N,39 59:08.465,75 14:51.083,312, ,309, ,0, , , ,0, , , , , ,830435, , , ,1,1,0,0,0,0,0,0,0,0,0,0,3,3,0,0,0,0,0,0,0,0,0,0,0,0,0,0,0,0,0,0,0,0,0,8,0,39.9857,-75.2475, , 
 ,74925,2011063639,6,67,67301,2011,6,3,1606,16,1,1,0,0,1, , ,N,0,0,0,3,0,0,3,2,N,N,39 58:50.409,75 06:15.350,1618, ,1618, ,0, ,Y, ,0, , , , , ,830447, , , ,2,1,0,0,0,1,0,0,0,0,0,0,0,0,0,0,0,0,0,0,0,0,0,0,0,0,0,0,0,0,0,0,0,0,0,0,1,39.9807,-75.1042, , 
 ,74926,2011075761,6,67,67301,2011,6,4,1615,16,1,1,0,8,1, , ,N,0,0,0,3,0,1,2,2,N,N,39 57:02.075,75 13:40.087,1842, ,1840, ,0, ,N, ,0, , , , , ,830458, , , ,1,1,0,0,0,0,0,0,0,0,0,1,1,0,0,0,0,0,0,0,0,0,0,0,0,0,0,0,0,0,0,0,1,0,0,4,0,39.9506,-75.2278, , 
 ,74927,2011082464,6,67,67301,2011,7,5,1730,17,1,1,0,4,1, , ,N,2,2,0,3,0,1,2,2,N,N,40 01:08.421,75 08:50.014,9999, ,1739, ,0, ,N, ,3, , , , , ,833702, , , ,2,1,0,0,0,0,0,1,0,0,0,1,1,0,0,0,0,0,1,0,0,0,0,1,0,0,0,0,0,0,0,0,0,0,0,4,0,40.0189,-75.1471, , 
 ,74928,2011082541,6,67,67301,2011,7,7,1125,11,1,1,0,4,1, , ,N,1,2,0,3,0,1,2,2,N,N,39 58:35.983,75 14:01.359,1731, ,1729,1,1,3,N, ,3,N, , , , ,833703, , , ,1,0,0,0,0,0,1,0,1,0,1,0,1,0,0,0,0,1,0,0,0,0,0,0,0,0,0,0,0,0,0,0,0,0,0,3,0,39.9767,-75.2337, , 
 ,74929,2011056827,6,67,67301,2011,5,5,1140,11,1,1,0,4,1, , ,N,1,2,0,3,0,3,4,2,N,N,40 00:19.420,75 06:33.689,1153, ,1145, ,0, , , ,3, , , , , ,833725, , , ,2,0,0,0,1,0,1,0,0,0,0,3,3,0,1,0,0,0,0,1,0,0,0,0,0,0,0,0,0,0,0,0,0,0,0,4,0,40.0054,-75.1094, , 
 ,74930,2011057324,6,67,67301,2011,4,6,144,1,3,1,0,4,1, , ,N,1,2,0,3,0,1,3,5,N,N,39 58:02.632,75 10:43.087,158, ,153,2,2,1,N, ,3,Y, , , , ,833726, , , ,4,4,0,0,0,0,0,0,0,0,0,1,1,0,1,0,0,0,0,0,0,0,0,0,0,0,0,0,0,0,0,0,1,0,0,4,0,39.9674,-75.1786, , 
 ,74931,2011061807,6,67,67301,2011,5,7,1428,14,1,2,1,4,1, , ,N,5,0,0,3,0,1,2,2,N, ,39 57:51.271,75 10:47.201,1526, ,1526, ,0, , , ,0, , , , , ,833729, , , ,1,1,0,0,0,0,0,0,1,0,0,0,1,1,0,0,0,0,0,0,0,0,0,0,0,0,0,0,0,0,0,0,0,0,0,8,0,39.9642,-75.1798, , 
 ,74932,2011064083,6,67,67301,2011,5,5,2030,20,1,1,0,8,1, , ,N,1,2,0,3,0,1,2,2,N,N,40 01:17.505,75 03:06.381,1657, ,1650, ,0, ,N, ,3, , , , , ,833730, , , ,1,1,0,0,0,0,0,0,0,0,0,0,1,1,0,0,0,0,0,0,0,0,0,0,0,0,0,0,0,0,0,0,1,0,0,8,0,40.0215,-75.0518, , 
 ,74933,2011068404,6,67,67301,2011,6,6,1600,16,1,1,0,6,1, , ,N,1,3,0,3,0,1,4,2,N,N,40 04:10.070,75 09:35.945,300, ,9999, ,0, ,N, ,3, , , , , ,833734, , , ,2,2,0,0,0,0,0,0,0,0,0,1,1,0,1,0,0,0,0,0,0,0,0,0,0,0,0,0,0,0,0,0,0,0,0,4,0,40.0695,-75.16, , 
 ,74934,2011082730,6,67,67301,2011,7,6,1940,19,1,1,0,8,1, , ,N,1,2,0,3,0,1,2,2,N,N,39 59:09.189,75 13:54.821,2000, ,1947, ,0, ,N, ,3, , , , , ,833746, , , ,1,1,0,0,0,0,0,0,0,0,0,1,1,0,1,0,0,0,0,0,0,0,0,1,0,0,0,0,0,0,0,0,1,0,0,4,0,39.9859,-75.2319, , 
 ,74935,2011087906,6,67,67301,2011,8,5,1452,14,1,1,0,4,1, , ,N,0,0,0,3,0,1,2,2,N,N,40 01:24.626,75 02:52.624,1503, ,1500,3,2,1,N, ,0,Y, , , , ,833750, , , ,1,1,0,0,0,0,0,0,1,0,1,0,1,0,0,0,0,0,0,0,1,0,0,0,0,0,0,0,0,0,0,0,0,0,0,3,0,40.0235,-75.048, , 
 ,74936,2011087927,6,67,67301,2011,8,3,1857,18,3,2,1,1,1, , ,N,0,0,0,3,0,1,4,2,N, ,40 00:51.185,75 10:10.602,1910, ,1857, ,0, , , ,0, , , , , ,833751, , , ,2,2,0,0,0,0,0,0,0,0,0,1,1,0,0,0,1,0,0,0,0,0,0,0,0,0,0,0,0,0,0,0,0,0,0,4,0,40.0142,-75.1696, , 
 ,74937,2011064067,6,67,67301,2011,5,5,800,8,1,1,0,4,1, , ,N,1,0,0,3,0,1,6,2,N,N,39 59:43.335,75 08:27.045,810, ,808, ,0, ,N, ,0, , , , , ,833760, , , ,2,2,0,0,0,0,0,0,0,0,0,1,1,0,0,0,0,0,0,0,1,0,0,0,0,0,0,0,0,0,0,0,0,0,0,4,0,39.9954,-75.1408, , 
 ,74938,2011065518,6,67,67301,2011,5,6,1545,15,1,2,1,8,1, , ,N,1,2,0,3,0,1,3,2,N,N,39 59:29.442,75 08:10.101,1547, ,1546, ,0, ,N, ,3, , , , , ,833763, , , ,1,1,0,0,0,0,0,0,0,0,0,1,1,0,0,0,0,0,0,0,0,0,0,0,0,0,0,0,0,0,0,0,1,0,0,4,0,39.9915,-75.1361, , 
 ,74939,2011075774,6,67,67301,2011,6,1,9999,99,1,1,0,8,1, , ,N,0,0,0,3,0,1,2,2, , ,39 59:50.740,75 07:00.780,9999, ,9999, ,0, , , ,0, , , , , ,833776, , , ,1,0,0,0,0,0,0,1,0,0,1,0,1,0,0,0,0,0,0,0,0,0,0,0,0,0,0,0,0,0,0,0,1,0,0,3,0,39.9974,-75.1169, , 