wz_ln_closure,objectid_1,crn,district,county,municipality,crash_year,crash_month,day_of_week,time_of_day,hour_of_day,illumination,weather,road_condition,collision_type,relation_to_road,work_zone_type,work_zone_loc,work_zone_ind,intersect_type,tcd_type,location_type,urban_rural,fatal_count,injury_count,person_count,total_units,sch_bus_ind,sch_zone_ind,latitude,longitude,arrival_tm,cons_zone_spd_lim,dispatch_tm,est_hrs_closed,lane_closed,ln_close_dir,ntfy_hiwy_maint,spec_juris_cd,tcd_func_cd,tfc_detour_ind,workers_pres,wz_close_detour,wz_flagger,wz_law_offcr_ind,objectid,wz_moving,wz_other,wz_shlder_mdn,vehicle_count,automobile_count,motorcycle_count,bus_count,small_truck_count,heavy_truck_count,suv_count,van_count,bicycle_count,maj_inj_count,mod_inj_count,min_inj_count,tot_inj_count,unk_inj_deg_count,unk_inj_per_count,driver_count_16yr,driver_count_17yr,driver_count_18yr,driver_count_19yr,driver_count_20yr,driver_count_50_64yr,driver_count_65_74yr,driver_count_75plus,unbelted_occ_count,unb_death_count,unb_maj_inj_count,belted_death_count,belted_maj_inj_count,mcycle_death_count,mcycle_maj_inj_count,bicycle_death_count,bicycle_maj_inj_count,ped_count,ped_death_count,ped_maj_inj_count,max_severity_level,comm_veh_count,dec_lat,dec_long,rdwy_surf_type_cd,county_name
 ,74940,2011082589,6,67,67301,2011,7,1,200,2,3,1,0,7,5, , ,N,0,0,0,3,0,1,1,1,N, ,40 03:15.567,75 02:32.673,330, ,320, ,0, , , ,0, , , , , ,833808, , , ,1,1,0,0,0,0,0,0,0,0,1,0,1,0,0,0,0,0,0,0,0,1,0,0,0,0,0,0,0,0,0,0,0,0,0,3,0,40.0543,-75.0424, , 
 ,74941,2011090508,6,67,67301,2011,8,2,2323,23,3,1,0,4,1, , ,N,1,3,0,3,0,1,3,2,N,N,39 55:59.617,75 11:22.847,2324, ,2323,3,2,2,N, ,3,Y, , , , ,833815, , , ,2,2,0,0,0,0,0,0,0,0,0,0,1,1,0,0,0,0,0,0,1,0,0,0,0,0,0,0,0,0,0,0,0,0,0,8,0,39.9332,-75.1897, , 
 ,74942,2011100641,6,67,67301,2011,9,5,1530,15,1,1,0,8,1, , ,N,0,0,0,3,0,1,2,2,N,N,39 59:06.442,75 07:55.416,1815, ,1910, ,0, ,N, ,0, , , , , ,833824, , , ,1,0,0,0,0,0,0,0,0,0,0,1,1,0,0,0,0,0,0,0,0,0,0,0,0,0,0,0,0,0,0,0,1,0,0,4,0,39.9851,-75.1321, , 
Y,74943,2011055708,6,67,67301,2011,5,3,2306,23,3,1,0,7,2,2,4,Y,0,1,0,3,0,0,2,1,N,N,39 57:07.158,75 10:56.371,2321,50,2318,1,1,4,N, ,3,N,Y,N,N,N,833839,N,N,N,1,1,0,0,0,0,0,0,0,0,0,0,0,0,0,0,0,0,0,0,0,0,0,1,0,0,0,0,0,0,0,0,0,0,0,0,0,39.952,-75.1823, , 
 ,74944,2011073862,6,67,67301,2011,6,5,2300,23,3,2,1,8,1, , ,N,2,2,0,3,0,1,3,2,N,N,40 02:19.838,75 10:17.839,1716, ,1716, ,0, ,N, ,3, , , , , ,833855, , , ,1,1,0,0,0,0,0,0,0,0,0,1,1,0,0,0,0,0,0,1,0,0,0,0,0,0,0,0,0,0,0,0,1,0,0,4,0,40.0388,-75.1716, , 
 ,74945,2011082505,6,67,67301,2011,6,5,35,0,3,1,0,5,1, , ,N,2,2,0,3,0,2,5,2,N,N,39 57:19.263,75 11:59.801,38, ,35,1,1,1,N, ,3,N, , , , ,837003, , , ,2,1,0,0,0,0,1,0,0,0,0,2,2,0,3,0,0,0,0,0,0,0,0,2,0,0,0,0,0,0,0,0,0,0,0,4,0,39.9554,-75.2, , 
 ,74946,2011083294,6,67,67301,2011,7,2,1733,17,1,9,0,1,1, , ,N,1,2,0,3,0,2,3,3,N, ,39 56:29.824,75 13:12.602,1736, ,1735, ,0, , , ,3, , , , , ,837004, , , ,3,3,0,0,0,0,0,0,0,0,1,1,2,0,0,0,0,0,0,1,1,0,0,2,0,0,0,0,0,0,0,0,0,0,0,3,0,39.9416,-75.2202, , 
 ,74947,2011087970,6,67,67301,2011,8,2,2110,21,3,1,0,5,6, , ,N,0,0,0,3,0,0,1,2,N,N,40 02:51.738,75 07:40.987,2113, ,2113, ,0, ,N, ,0, , , , , ,837005, , , ,2,2,0,0,0,0,0,0,0,0,0,0,0,0,0,0,0,0,0,0,1,0,0,0,0,0,0,0,0,0,0,0,0,0,0,0,0,40.0477,-75.1281, , 
 ,74948,2011091040,6,67,67301,2011,8,6,1400,14,1,1,0,4,1, , ,N,1,3,0,3,0,2,3,3,N,N,40 01:52.906,75 03:21.682,1402, ,1400, ,0, ,N, ,3, , , , , ,837008, , , ,3,2,0,0,0,0,0,1,0,0,0,1,2,1,0,0,0,0,0,0,0,0,0,0,0,0,0,0,0,0,0,0,0,0,0,4,0,40.0314,-75.056, , 
 ,74949,2011093054,6,67,67301,2011,8,3,1650,16,1,1,0,5,1, , ,N,0,0,0,3,0,1,1,3,N, ,39 58:29.110,75 14:29.731,1659, ,1655,1,2,5, , ,0,N, , , , ,837009, , , ,3,2,0,0,0,0,1,0,0,0,1,0,1,0,0,0,0,0,0,0,0,0,0,0,0,0,0,0,0,0,0,0,0,0,0,3,0,39.9748,-75.2416, , 
 ,74950,2011100821,6,67,67301,2011,9,7,1158,11,1,1,0,4,1, , ,N,2,3,0,3,0,0,2,2,N,N,39 55:53.511,75 10:47.690,1202, ,1200, ,0, ,N, ,3, , , , , ,837016, , , ,2,1,0,0,0,0,1,0,0,0,0,0,0,0,0,0,0,0,0,0,0,0,0,0,0,0,0,0,0,0,0,0,0,0,0,0,0,39.9315,-75.1799, , 
 ,74951,2011108863,6,67,67301,2011,9,4,252,2,3,2,1,7,5, , ,N,0,0,0,3,0,0,1,1,N,N,40 01:38.900,75 06:46.095,258, ,255,1,1,2,N, ,0,N, , , , ,837023, , , ,1,1,0,0,0,0,0,0,0,0,0,0,0,0,0,0,0,0,0,0,0,0,0,0,0,0,0,0,0,0,0,0,0,0,0,0,0,40.0275,-75.1127, , 
 ,74952,2011118112,6,67,67301,2011,10,3,623,6,3,1,0,1,1, , ,N,2,2,0,3,0,1,2,2,N,N,39 59:05.157,75 07:00.015,623, ,623, ,0, ,N, ,3, , , , , ,837027, , , ,2,1,0,0,0,0,0,1,0,0,0,0,1,1,0,0,0,0,0,0,0,0,0,0,0,0,0,0,0,0,0,0,0,0,0,8,0,39.9848,-75.1167, , 
 ,74953,2011061820,6,67,67301,2011,5,1,9999,99,3,1,0,6,1, , ,N,1,2,0,3,0,2,7,3, , ,40 02:02.361,75 04:27.863,9999, ,9999,1,2,1, , ,3,Y, , , , ,837038, , , ,3,1,0,0,0,0,1,1,0,0,0,0,2,2,0,0,0,0,1,0,0,0,0,0,0,0,0,0,0,0,0,0,0,0,0,8,0,40.0339,-75.0742, , 
 ,74954,2011063862,6,67,67301,2011,6,7,1220,12,1,1,0,9,1, , ,N,0,0,0,3,0,0,1,1,N,N,39 58:13.264,75 07:30.629,1228, ,1227,1,1,1,N, ,0,N, , , , ,837039, , , ,1,0,0,0,0,0,0,1,0,0,0,0,0,0,0,0,0,0,0,0,0,0,0,0,0,0,0,0,0,0,0,0,0,0,0,0,0,39.9703,-75.1253, , 
 ,74955,2011073276,6,67,67301,2011,6,2,1608,16,1,1,0,8,1,8,8,Y,1,2,0,3,0,1,2,2,N,N,39 55:23.275,75 10:11.576,1615,99,1610, ,0, ,N, ,3, ,U, , ,U,837048, , , ,1,1,0,0,0,0,0,0,0,0,0,0,1,1,1,0,0,0,0,0,0,0,0,0,0,0,0,0,0,0,0,0,1,0,0,8,0,39.9231,-75.1699, , 
 ,74956,2011082600,6,67,67301,2011,7,5,1855,18,1,1,0,2,1, , ,N,2,2,0,3,0,2,2,2,N, ,39 56:16.296,75 13:14.721,1905, ,1901, ,0, , , ,3, , , , , ,837054, , , ,2,1,0,0,0,0,1,0,0,0,0,2,2,0,0,0,0,0,0,0,1,0,0,0,0,0,0,0,0,0,0,0,0,0,0,4,0,39.9379,-75.2208, , 
 ,74957,2011085546,6,67,67301,2011,7,1,2340,23,3,1,0,4,1, , ,N,10,0,0,3,0,1,2,2,N, ,39 54:45.057,75 08:17.157,2352, ,2347, ,0, , , ,0, , , , , ,837058, , , ,2,2,0,0,0,0,0,0,0,0,0,0,1,1,0,0,0,0,0,0,0,0,0,0,0,0,0,0,0,0,0,0,0,0,0,8,0,39.9125,-75.1381, , 
 ,74958,2011092931,6,67,67301,2011,8,5,1605,16,1,1,0,8,3, , ,N,2,0,0,3,0,1,2,2,N,N,39 59:56.202,75 07:55.686,1614, ,1611, ,0, ,N, ,0, , , , , ,837060, , , ,1,0,0,0,0,0,0,1,0,0,0,1,1,0,0,0,0,0,0,0,1,0,0,0,0,0,0,0,0,0,0,0,1,0,0,4,0,39.9989,-75.1322, , 
 ,74959,2011115367,6,67,67301,2011,10,2,1700,17,1,1,0,1,2, , ,N,0,0,0,3,0,1,1,2,N,N,40 03:45.166,75 10:06.665,1715, ,1708, ,0, ,N, ,0, , , , , ,837081, , , ,2,1,0,0,0,0,1,0,0,0,0,1,1,0,0,0,0,0,0,0,0,1,0,0,0,0,0,0,0,0,0,0,0,0,0,4,0,40.0625,-75.1685, , 
 ,74960,2011100849,6,67,67301,2011,9,7,9999,99,1,1,0,8,1, , ,N,0,0,0,3,0,2,3,3,N, ,39 57:05.531,75 09:24.491,1858, ,1853, ,0, , , ,0, , , , , ,837106, , , ,1,0,0,0,0,0,1,0,0,2,0,0,2,0,0,0,0,0,0,0,0,0,0,0,0,0,0,0,0,0,0,0,2,0,2,2,0,39.9515,-75.1568, , 
 ,74961,2011112210,6,67,67301,2011,10,1,315,3,3,2,1,5,1, , ,N,5,0,0,3,0,0,1,2,N,N,39 59:11.058,75 05:30.293,348, ,344, ,0, ,N, ,0, , , , , ,837122, , , ,2,1,0,0,0,0,0,0,0,0,0,0,0,0,0,0,0,0,0,0,0,0,0,0,0,0,0,0,0,0,0,0,0,0,0,0,0,39.9863,-75.0919, , 
 ,74962,2011126394,6,67,67301,2011,11,6,715,7,3,1,0,4,1, , ,N,1,2,0,3,0,1,3,2,N,N,40 00:46.713,75 07:09.797,730, ,725, ,0, ,N, ,3, , , , , ,837131, , , ,2,0,0,0,0,0,0,2,0,0,0,1,1,0,0,0,0,0,0,0,0,0,0,0,0,0,0,0,0,0,0,0,0,0,0,4,0,40.013,-75.1194, , 
 ,74963,2011088084,6,67,67301,2011,7,6,2016,20,3,2,1,4,1, , ,N,2,2,0,3,0,2,4,2,N, ,40 04:18.787,74 58:51.881,2019, ,2018, ,0, , , ,3, , , , , ,841680, , , ,2,1,0,0,0,0,1,0,0,0,0,1,2,1,0,0,0,0,0,0,1,0,0,0,0,0,0,0,0,0,0,0,0,0,0,4,0,40.0719,-74.9811, , 
 ,74964,2011098160,6,67,67301,2011,9,6,1730,17,1,1,0,4,4, , ,N,1,0,0,3,0,0,2,2,N,N,39 57:08.287,75 09:11.998,1846, ,1846, ,0, ,N, ,0, , , , , ,841688, , , ,2,2,0,0,0,0,0,0,0,0,0,0,0,0,0,0,0,0,0,0,0,0,0,1,0,0,0,0,0,0,0,0,0,0,0,0,0,39.9523,-75.1533, , 
 ,74965,2011100874,6,67,67301,2011,9,3,903,9,1,1,0,1,1, , ,N,2,2,0,3,0,1,2,2,N, ,39 58:33.009,75 09:30.309,904, ,903, ,0, , , ,3, , , , , ,841690, , , ,2,2,0,0,0,0,0,0,0,0,0,1,1,0,0,0,0,0,0,0,1,0,0,0,0,0,0,0,0,0,0,0,0,0,0,4,0,39.9758,-75.1584, , 
 ,74966,2011115409,6,67,67301,2011,10,4,1900,19,3,2,1,1,1, , ,N,1,2,0,3,0,0,2,2,N,N,40 02:23.373,75 08:40.028,1921, ,1918, ,0, ,N, ,3, , , , , ,841719, , , ,2,2,0,0,0,0,0,0,0,0,0,0,0,0,0,0,0,0,0,0,0,0,0,0,0,0,0,0,0,0,0,0,0,0,0,0,0,40.0398,-75.1445, , 
 ,74967,2011127071,6,67,67301,2011,11,7,1037,10,1,1,0,4,1, , ,N,1,2,0,3,0,1,4,2,N, ,39 55:41.214,75 13:09.799,1121, ,1120,1,1,4, , ,3,Y, , , , ,841735, , , ,2,2,0,0,0,0,0,0,0,0,0,0,1,1,0,0,0,0,0,1,0,0,0,3,0,0,0,0,0,0,0,0,0,0,0,8,0,39.928,-75.2193, , 
 ,74968,2012010123,6,67,67301,2011,12,3,1910,19,3,2,1,8,1, , ,N,0,0,0,3,0,1,2,2,N,N,40 03:31.356,75 09:39.373,1920, ,1915, ,0, ,N, ,0, , , , , ,841746, , , ,1,1,0,0,0,0,0,0,0,0,0,1,1,0,0,0,0,0,0,0,0,0,0,0,0,0,0,0,0,0,0,0,1,0,0,4,0,40.0587,-75.1609, , 
 ,74969,2011112181,6,67,67301,2011,9,5,1530,15,1,6,1,1,1, , ,N,2,2,0,3,0,0,2,2,N,N,40 01:10.243,75 08:56.039,1531, ,1530,9,1,5,N, ,3,N, , , , ,841748, , , ,2,1,0,0,0,0,1,0,0,0,0,0,0,0,0,0,0,0,1,0,0,0,0,0,0,0,0,0,0,0,0,0,0,0,0,0,0,40.0195,-75.1489, , 
 ,74970,2011122778,6,67,67301,2011,10,5,1400,14,1,2,1,1,1, , ,N,0,0,0,3,0,0,2,2,N,N,40 00:19.862,75 13:01.901,1423, ,1412,1,1,1,N, ,0,N, , , , ,841762, , , ,2,2,0,0,0,0,0,0,0,0,0,0,0,0,0,0,0,0,0,0,0,0,0,0,0,0,0,0,0,0,0,0,0,0,0,0,0,40.0055,-75.2172, , 
 ,74971,2011132892,6,67,67301,2011,11,7,2115,21,3,1,0,8,1, , ,N,0,0,0,3,0,1,2,2,N, ,40 02:42.595,75 13:54.068,2117, ,2117,2,1,1, , ,0,Y, , , , ,841777, , , ,1,1,0,0,0,0,0,0,0,1,0,0,1,0,0,0,0,0,0,0,0,0,0,0,0,0,0,0,0,0,0,0,1,0,1,2,0,40.0452,-75.2317, , 
 ,74972,2012002756,6,67,67301,2011,12,6,1719,17,3,1,0,1,1, , ,N,0,0,0,3,0,0,4,3,N,N,39 58:52.007,75 06:11.768,1726, ,1723,1,1,2,N, ,0,N, , , , ,841784, , , ,3,2,0,0,1,0,0,0,0,0,0,0,0,0,0,0,0,0,0,0,1,0,0,0,0,0,0,0,0,0,0,0,0,0,0,0,0,39.9811,-75.1032, , 
 ,74973,2012015840,6,67,67301,2011,12,6,1418,14,1,1,0,5,1, , ,N,2,2,0,3,0,1,3,2,N,N,40 01:47.921,75 06:15.655,1451, ,1445,2,1,2,N, ,3,N, , , , ,841785, , , ,2,1,0,1,0,0,0,0,0,0,0,0,1,1,0,0,0,0,0,1,0,0,0,0,0,0,0,0,0,0,0,0,0,0,0,8,1,40.0298,-75.1043, , 
 ,74974,2011093625,6,67,67301,2011,8,6,1346,13,1,1,0,7,2, , ,N,0,0,0,3,0,1,1,1,N,N,40 01:14.163,75 02:33.328,1350, ,1348,2,2,2,N, ,0,N, , , , ,841816, , , ,1,1,0,0,0,0,0,0,0,0,0,1,1,0,0,0,0,0,0,0,1,0,0,1,0,0,0,0,0,0,0,0,0,0,0,4,0,40.0205,-75.0428, , 
 ,74975,2011095472,6,67,67301,2011,8,7,1402,14,1,2,1,4,1, , ,N,1,3,0,3,0,1,3,2,N, ,40 02:56.310,75 04:01.689,1410, ,1407, ,0, , , ,3, , , , , ,841819, , , ,2,1,0,0,0,0,1,0,0,0,0,0,1,1,0,0,0,0,0,0,0,0,0,0,0,0,0,0,0,0,0,0,0,0,0,8,0,40.049,-75.0671, , 
 ,74976,2011101619,6,67,67301,2011,9,6,1545,15,1,1,0,8,1, , ,N,0,0,0,3,0,1,2,2,N,N,40 00:03.618,75 09:16.941,1600, ,1553, ,0, ,N, ,0, , , , , ,841825, , , ,1,1,0,0,0,0,0,0,0,0,0,0,1,1,0,0,0,0,0,0,0,0,0,0,0,0,0,0,0,0,0,0,1,0,0,8,0,40.001,-75.1547, , 
 ,74977,2011073231,6,67,67301,2011,6,1,1630,16,1,1,0,4,1, , ,N,1,2,0,3,0,0,5,2, , ,39 55:04.738,75 10:51.319,1657, ,1640, ,0, , , ,3, , , , , ,841851, , , ,2,1,0,0,1,0,0,0,0,0,0,0,0,0,0,0,0,0,1,0,0,1,0,5,0,0,0,0,0,0,0,0,0,0,0,0,0,39.918,-75.1809, , 
 ,74978,2011066787,6,67,67301,2011,5,4,1100,11,1,1,0,8,6, , ,N,0,0,0,3,0,1,2,2,N,N,39 56:56.155,75 12:32.832,1630, ,1623, ,0, ,N, ,0, , , , , ,841863, , , ,1,1,0,0,0,0,0,0,0,0,0,1,1,0,0,0,0,0,0,0,0,0,0,0,0,0,0,0,0,0,0,0,1,0,0,4,0,39.9489,-75.2091, , 
 ,74979,2011070052,6,67,67301,2011,7,6,157,1,3,1,0,7,3, , ,N,0,0,0,3,0,1,2,1,N,N,39 59:31.666,75 12:07.249,210, ,203,2,1,3,N, ,0,N, , , , ,841868, , , ,1,1,0,0,0,0,0,0,0,0,0,1,1,0,0,0,0,0,0,0,0,0,0,1,0,0,0,0,0,0,0,0,0,0,0,4,0,39.9921,-75.202, , 
 ,74980,2011075766,6,67,67301,2011,6,1,1015,10,1,1,0,4,1, , ,N,1,0,0,3,0,4,6,2,N,N,39 58:41.590,75 16:24.780,1102, ,1059, ,0, ,N, ,0, , , , , ,841872, , , ,2,2,0,0,0,0,0,0,0,0,0,4,4,0,2,0,0,0,0,0,1,1,0,0,0,0,0,0,0,0,0,0,0,0,0,4,0,39.9782,-75.2736, , 
 ,74981,2011075785,6,67,67301,2011,7,7,1937,19,1,1,0,4,2, , ,N,0,0,0,3,0,1,2,2,N,N,40 03:10.140,75 09:39.270,1941, ,1939, ,0, ,N, ,0, , , , , ,830459, , , ,1,0,0,0,0,0,1,0,1,0,0,0,1,1,0,0,0,0,0,0,0,0,0,0,0,0,0,0,0,0,0,0,0,0,0,8,0,40.0528,-75.1609, , 
 ,74982,2011083802,6,67,67301,2011,7,2,715,7,1,1,0,2,6, , ,N,0,0,0,3,0,1,1,2,N,N,40 01:12.163,75 11:08.859,722, ,719, ,0, , , ,0, , , , , ,830464, , , ,2,1,0,0,0,0,1,0,0,0,1,0,1,0,0,0,0,0,0,0,0,0,0,0,0,0,0,0,0,0,0,0,0,0,0,3,0,40.02,-75.1858, , 
 ,74983,2011106648,6,67,67301,2011,9,7,10,0,3,2,1,8,1, , ,N,1,2,0,3,0,1,2,2,N,N,39 57:10.095,75 11:31.530,17, ,15,9,1,2,N, ,3,N, , , , ,830485, , , ,1,1,0,0,0,0,0,0,0,0,0,1,1,0,0,0,0,0,0,0,1,0,0,0,0,0,0,0,0,0,0,0,1,0,0,4,0,39.9528,-75.1921, , 
 ,74984,2011033757,6,67,67301,2011,2,1,1940,19,3,1,0,8,1, , ,N,0,0,0,3,0,1,2,2,N,N,40 04:04.516,75 09:19.742,2000, ,1945, ,0, ,N, ,0, , , , , ,830497, , , ,1,1,0,0,0,0,0,0,0,0,1,0,1,0,0,0,0,0,0,0,0,0,0,0,0,0,0,0,0,0,0,0,1,0,0,3,0,40.0679,-75.1555, , 
 ,74985,2011040269,6,67,67301,2011,3,5,1840,18,1,1,0,8,1, , ,N,1,2,0,3,0,1,3,2,N,N,39 55:17.779,75 08:53.544,1845, ,1840, ,0, ,N, ,3, , , , , ,830502, , , ,1,0,0,0,1,0,0,0,0,1,0,0,1,0,0,0,0,0,0,0,0,0,0,0,0,0,0,0,0,0,0,0,1,0,1,2,0,39.9216,-75.1482, , 
 ,74986,2011082402,6,67,67301,2011,7,2,1905,19,1,1,0,4,1, , ,N,1,3,0,3,0,1,2,2,N, ,39 59:30.386,75 09:43.840,1920, ,1917, ,0, , , ,3, , , , , ,830531, , , ,2,1,1,0,0,0,0,0,0,0,1,0,1,0,0,0,0,1,0,0,0,0,0,0,0,0,0,0,0,0,0,0,0,0,0,3,0,39.9918,-75.1622, , 
 ,74987,2011068509,6,67,67301,2011,6,2,1542,15,1,1,0,1,1, , ,N,2,2,0,3,0,0,6,3,N,N,39 57:34.816,75 14:50.653,1701, ,1542, ,0, ,N, ,3, , , , , ,830536, , , ,3,1,0,0,0,0,2,0,0,0,0,0,0,0,6,0,0,0,0,0,1,0,0,0,0,0,0,0,0,0,0,0,0,0,0,9,0,39.9597,-75.2474, , 
 ,74988,2011100761,6,67,67301,2011,9,5,934,9,1,1,0,4,1, , ,N,2,3,0,3,0,3,4,2,N,N,40 01:38.150,75 07:57.039,935, ,934, ,0, ,N, ,3, , , , , ,830570, , , ,2,2,0,0,0,0,0,0,0,0,0,0,3,3,0,0,0,0,0,0,0,1,0,2,0,0,0,0,0,0,0,0,0,0,0,8,0,40.0273,-75.1325, , 
 ,74989,2011087884,6,67,67301,2011,7,7,2356,23,3,1,0,4,1, , ,N,1,2,0,3,0,3,3,2,N,N,39 59:49.334,75 14:06.912,9999, ,2356,2,2,7,N, ,3,N, , , , ,830587, , , ,2,2,0,0,0,0,0,0,0,0,0,3,3,0,0,0,0,0,1,0,0,0,0,0,0,0,0,0,0,0,0,0,0,0,0,4,0,39.997,-75.2353, , 
 ,74990,2011090579,6,67,67301,2011,8,6,1512,15,1,1,0,4,1, , ,N,2,3,0,3,0,1,2,2,N,N,40 06:32.230,74 58:49.209,1537, ,1534, ,0, , , ,3, , , , , ,830588, , , ,2,1,1,0,0,0,0,0,0,0,0,1,1,0,0,0,0,1,0,0,0,0,0,0,0,0,0,0,0,0,0,0,0,0,0,4,0,40.109,-74.9803, , 
 ,74991,2011093035,6,67,67301,2011,8,3,100,1,3,2,1,1,1, , ,N,1,2,0,3,0,1,2,2,N,N,40 00:30.736,75 12:38.579,9999, ,9999, ,0, ,N, ,3, , , , , ,830590, , , ,2,1,0,0,0,0,1,0,0,0,0,1,1,0,0,0,0,0,0,0,0,0,0,0,0,0,0,0,0,0,0,0,0,0,0,4,0,40.0085,-75.2107, , 
 ,74992,2011102730,6,67,67301,2011,9,4,1411,14,1,1,0,1,1, , ,N,0,0,0,3,0,0,7,3,N,N,39 53:38.243,75 11:43.367,1412, ,1412, ,0, ,N, ,0, , , , , ,830602, , , ,3,2,0,0,0,0,0,1,0,0,0,0,0,0,0,0,0,0,0,0,1,0,0,0,0,0,0,0,0,0,0,0,0,0,0,0,0,39.894,-75.1954, , 
 ,74993,2011064023,6,67,67301,2011,5,3,1000,10,1,2,1,7,2, , ,N,0,0,0,3,0,0,1,1,N,N,39 57:11.702,75 12:01.441,1000, ,1000,1,1,2,N, ,0,Y, , , , ,830609, , , ,1,0,0,0,0,0,1,0,0,0,0,0,0,0,0,0,0,0,0,0,1,0,0,0,0,0,0,0,0,0,0,0,0,0,0,0,0,39.9533,-75.2004, , 
 ,74994,2011134219,6,67,67301,2011,11,5,1520,15,1,1,0,8,6, , ,N,0,0,0,3,0,1,2,2,N,N,40 02:20.862,75 09:05.902,1521, ,1520, ,0, ,N, ,0, , , , , ,830634, , , ,1,1,0,0,0,0,0,0,0,0,1,0,1,0,0,0,0,0,0,0,0,0,0,0,0,0,0,0,0,0,0,0,1,0,0,3,0,40.0391,-75.1516, , 
 ,74995,2011134928,6,67,67301,2011,12,5,2310,23,3,1,0,5,1, , ,N,0,0,0,3,0,4,5,3,N,N,40 02:55.333,74 59:54.271,2327, ,2323,2,2,2,N, ,0,N, , , , ,830636, , , ,3,2,0,0,0,0,1,0,0,0,0,4,4,0,0,0,0,0,0,0,1,0,0,0,0,0,0,0,0,0,0,0,0,0,0,4,0,40.0487,-74.9984, , 
 ,74996,2012002118,6,67,67301,2011,12,2,220,2,3,1,0,7,5, , ,N,2,2,99,3,0,1,1,1,N,N,40 01:07.309,75 06:05.983,226, ,220,2,1,5,N, ,3,Y, , , , ,830638, , , ,1,0,0,0,0,0,1,0,0,0,0,0,1,1,0,0,0,0,0,0,0,0,0,0,0,0,0,0,0,0,0,0,0,0,0,8,0,40.0187,-75.1017, , 
 ,74997,2012005005,6,67,67301,2011,12,6,1820,18,3,1,0,4,1, , ,N,1,3,0,3,0,1,6,2,N,N,40 01:27.357,75 08:44.545,1850, ,1830, ,0, ,N, ,3, , , , , ,830640, , , ,2,2,0,0,0,0,0,0,0,0,0,0,1,1,0,0,0,0,1,0,1,0,0,0,0,0,0,0,0,0,0,0,0,0,0,8,0,40.0243,-75.1457, , 
 ,74998,2012010054,6,67,67301,2011,12,4,30,0,3,1,0,7,5, , ,N,0,0,0,3,0,0,1,1,N, ,39 57:16.200,75 09:27.360,35, ,32, ,0, , , ,0, , , , , ,830641, , , ,1,1,0,0,0,0,0,0,0,0,0,0,0,0,0,0,0,0,0,0,0,0,0,0,0,0,0,0,0,0,0,0,0,0,0,0,0,39.9545,-75.1576, , 
 ,74999,2011082461,6,67,67301,2011,7,4,1200,12,1,1,0,1,1, , ,N,1,2,0,3,0,1,2,2,N, ,40 02:12.142,75 02:27.052,1208, ,1207, ,0, , , ,3, , , , , ,833865, , , ,2,2,0,0,0,0,0,0,0,0,0,0,1,1,0,0,0,0,0,0,1,0,0,0,0,0,0,0,0,0,0,0,0,0,0,8,0,40.0368,-75.0407, , 
 ,75000,2011115264,6,67,67301,2011,10,6,1855,18,3,1,0,5,4, , ,N,1,2,0,3,0,1,3,2,N,N,39 57:14.857,75 12:09.311,1900, ,1857, ,0, ,N, ,3, , , , , ,833891, , , ,2,2,0,0,0,0,0,0,0,0,0,0,1,1,0,0,0,0,0,0,0,0,0,3,0,0,0,0,0,0,0,0,0,0,0,8,0,39.9541,-75.2026, , 
 ,75001,2011067170,6,67,67301,2011,7,7,1545,15,1,1,0,1,1, , ,N,6,0,2,3,0,3,3,2,N,N,39 56:50.335,75 11:14.886,1547, ,1545,2,1,3,N, ,0,N, , , , ,833900, , , ,2,1,0,0,0,0,1,0,0,0,1,2,3,0,0,0,0,0,0,0,0,0,0,0,0,0,0,0,0,0,0,0,0,0,0,3,0,39.9473,-75.1875, , 
 ,75002,2011073323,6,67,67301,2011,6,6,2206,22,3,1,0,6,1, , ,N,2,2,0,3,0,1,2,2,N,N,39 57:41.990,75 09:21.974,2208, ,2208,1,1,1,N, ,3,Y, , , , ,833907, , , ,1,1,0,0,0,0,0,0,1,0,1,0,1,0,0,0,0,0,0,0,0,0,0,0,0,0,0,0,0,0,0,0,0,0,0,3,0,39.9617,-75.1561, , 
 ,75003,2011075624,6,67,67301,2011,6,6,720,7,1,1,0,1,1, , ,N,0,0,0,3,0,2,3,2,N,N,40 01:55.833,75 05:30.523,740, ,736, ,0, ,N, ,0, , , , , ,833911, , , ,2,2,0,0,0,0,0,0,0,0,0,2,2,0,0,0,0,0,0,0,1,0,1,1,0,0,0,0,0,0,0,0,0,0,0,4,0,40.0322,-75.0918, , 
 ,75004,2011100826,6,67,67301,2011,9,6,1557,15,1,1,0,1,1, , ,N,1,2,0,3,0,3,3,3,N,N,39 57:17.817,75 11:01.772,1620, ,1612, ,0, ,N, ,3, , , , , ,833937, , , ,3,1,0,0,0,0,2,0,0,0,2,1,3,0,0,0,0,0,0,0,0,0,0,0,0,0,0,0,0,0,0,0,0,0,0,3,0,39.9549,-75.1838, , 
 ,75005,2011075572,6,67,67301,2011,6,3,1715,17,1,1,0,8,1, , ,N,2,0,0,3,0,1,2,2,N,N,39 57:01.439,75 10:21.841,1720, ,1715, ,0, , , ,0, , , , , ,833958, , , ,1,1,0,0,0,0,0,0,0,0,0,0,1,1,0,0,0,0,0,0,0,0,0,0,0,0,0,0,0,0,0,0,1,0,0,8,0,39.9504,-75.1727, , 
Y,75006,2011077096,6,67,67301,2011,7,4,1726,17,1,1,0,1,1,1,3,Y,6,3,3,3,0,0,2,2,N,N,39 59:51.544,75 04:53.645,1726,45,1726, ,0, ,N, ,3, ,N, , ,N,833963, , , ,2,1,0,0,0,0,1,0,0,0,0,0,0,0,0,0,0,0,0,0,1,0,0,0,0,0,0,0,0,0,0,0,0,0,0,0,0,39.9976,-75.0816, , 