wz_ln_closure,objectid_1,crn,district,county,municipality,crash_year,crash_month,day_of_week,time_of_day,hour_of_day,illumination,weather,road_condition,collision_type,relation_to_road,work_zone_type,work_zone_loc,work_zone_ind,intersect_type,tcd_type,location_type,urban_rural,fatal_count,injury_count,person_count,total_units,sch_bus_ind,sch_zone_ind,latitude,longitude,arrival_tm,cons_zone_spd_lim,dispatch_tm,est_hrs_closed,lane_closed,ln_close_dir,ntfy_hiwy_maint,spec_juris_cd,tcd_func_cd,tfc_detour_ind,workers_pres,wz_close_detour,wz_flagger,wz_law_offcr_ind,objectid,wz_moving,wz_other,wz_shlder_mdn,vehicle_count,automobile_count,motorcycle_count,bus_count,small_truck_count,heavy_truck_count,suv_count,van_count,bicycle_count,maj_inj_count,mod_inj_count,min_inj_count,tot_inj_count,unk_inj_deg_count,unk_inj_per_count,driver_count_16yr,driver_count_17yr,driver_count_18yr,driver_count_19yr,driver_count_20yr,driver_count_50_64yr,driver_count_65_74yr,driver_count_75plus,unbelted_occ_count,unb_death_count,unb_maj_inj_count,belted_death_count,belted_maj_inj_count,mcycle_death_count,mcycle_maj_inj_count,bicycle_death_count,bicycle_maj_inj_count,ped_count,ped_death_count,ped_maj_inj_count,max_severity_level,comm_veh_count,dec_lat,dec_long,rdwy_surf_type_cd,county_name
 ,75073,2011066051,6,67,67301,2011,5,7,249,2,3,1,0,5,1, , ,N,0,0,0,3,0,0,1,4,N,N,39 57:20.893,75 12:58.062,327, ,327, ,0, ,N, ,0, , , , , ,834133, , , ,4,3,0,0,0,0,1,0,0,0,0,0,0,0,0,0,0,0,0,0,0,0,0,0,0,0,0,0,0,0,0,0,0,0,0,0,0,39.9558,-75.2161, , 
 ,75074,2011057453,6,67,67301,2011,4,3,2250,22,3,1,0,7,4, , ,N,3,0,0,3,0,0,1,2, , ,40 03:27.637,75 01:44.507,2258, ,2254,2,2,6, , ,0,Y, , , , ,834145, , , ,2,2,0,0,0,0,0,0,0,0,0,0,0,0,0,0,0,0,0,0,0,0,0,0,0,0,0,0,0,0,0,0,0,0,0,0,0,40.0577,-75.029, , 
 ,75075,2011095351,6,67,67301,2011,8,6,1500,15,1,1,0,4,1, , ,N,0,0,0,3,0,1,3,2,N,N,39 56:14.234,75 09:43.890,928, ,925, ,0, ,N, ,0, , , , , ,834174, , , ,1,1,0,0,0,0,0,0,1,0,0,0,1,1,2,0,0,0,0,0,0,0,0,2,0,0,0,0,0,0,0,0,0,0,0,8,0,39.9373,-75.1622, , 
 ,75076,2011100697,6,67,67301,2011,9,6,630,6,1,1,0,1,1, , ,N,1,2,0,3,0,0,2,2,N,N,39 56:45.926,75 11:54.625,830, ,827,9,2,2,N, ,9,Y, , , , ,834177, , , ,2,2,0,0,0,0,0,0,0,0,0,0,0,0,0,0,0,0,0,0,0,0,0,2,0,0,0,0,0,0,0,0,0,0,0,0,0,39.9461,-75.1985, , 
 ,75077,2011076580,6,67,67301,2011,7,5,800,8,1,1,0,1,1, , ,N,0,0,0,3,0,1,6,4,N,N,39 59:03.135,75 12:30.004,802, ,801,1,1,3,N, ,0,N, , , , ,834235, , , ,4,3,0,0,0,0,1,0,0,0,0,1,1,0,0,0,0,0,0,0,0,0,0,0,0,0,0,0,0,0,0,0,0,0,0,4,0,39.9842,-75.2083, , 
Y,75078,2011078714,6,67,67301,2011,8,3,800,8,1,1,0,1,1,1,4,Y,0,0,0,3,0,0,5,4,N,N,39 53:56.518,75 10:06.713,819,55,806,1,2,2,N, ,0,N,Y,N,N,N,834251,N,N,N,4,2,0,0,1,0,1,0,0,0,0,0,0,0,0,0,0,0,0,0,0,0,0,0,0,0,0,0,0,0,0,0,0,0,0,0,0,39.899,-75.1685, , 
 ,75079,2011085512,6,67,67301,2011,7,7,1158,11,1,1,0,4,1, , ,N,0,0,0,3,0,1,3,2,N,N,39 54:49.678,75 14:37.101,1215, ,1205,2,1,2,N, ,0,N, , , , ,834254, , , ,2,1,0,0,0,0,1,0,0,0,0,0,1,1,0,0,0,0,0,0,0,0,0,0,0,0,0,0,0,0,0,0,0,0,0,8,0,39.9138,-75.2437, , 
 ,75080,2011066219,6,67,67301,2011,5,1,135,1,2,1,0,7,2, , ,N,0,0,0,3,0,0,1,1, , ,39 59:25.121,75 11:48.526,139, ,135, ,0, , , ,0, , , , , ,834286, , , ,1,1,0,0,0,0,0,0,0,0,0,0,0,0,0,0,0,0,0,0,0,0,0,0,0,0,0,0,0,0,0,0,0,0,0,0,0,39.9903,-75.1968, , 
 ,75081,2011082489,6,67,67301,2011,7,5,1758,17,1,1,0,4,1, , ,N,0,0,0,3,0,0,2,2,N,N,39 58:44.548,75 13:00.639,1800, ,1800, ,0, ,N, ,0, , , , , ,834298, , , ,2,2,0,0,0,0,0,0,0,0,0,0,0,0,0,0,0,0,0,0,1,0,0,0,0,0,0,0,0,0,0,0,0,0,0,0,0,39.979,-75.2168, , 
 ,75082,2011087861,6,67,67301,2011,6,4,530,5,1,1,0,5,1, , ,N,0,0,0,3,0,1,2,6,N,N,39 59:58.351,75 06:04.234,600, ,550,2,1,1,N, ,0,Y, , , , ,834304, , , ,6,4,0,0,0,0,1,1,0,0,0,0,1,1,1,0,0,0,0,0,0,0,0,0,0,0,0,0,0,0,0,0,0,0,0,8,0,39.9995,-75.1012, , 
 ,75083,2011095957,6,67,67301,2011,8,7,2320,23,3,1,0,4,2, , ,N,2,2,0,3,0,1,4,2,N, ,39 59:15.615,75 13:29.927,2335, ,2320,9,1,5, , ,3,N, , , , ,834312, , , ,2,2,0,0,0,0,0,0,0,0,0,0,1,1,0,0,0,0,0,0,0,0,0,2,0,0,0,0,0,0,0,0,0,0,0,8,0,39.9877,-75.225, , 
 ,75084,2011095965,6,67,67301,2011,8,2,20,0,3,1,1,4,1, , ,N,1,2,0,3,0,1,2,2,N,N,39 58:22.278,75 10:50.613,34, ,32, ,0, ,N, ,3, , , , , ,834313, , , ,1,0,0,0,0,0,1,0,1,0,0,0,1,1,1,0,0,0,0,0,0,0,0,1,0,0,0,0,0,0,0,0,0,0,0,8,0,39.9729,-75.1807, , 
 ,75085,2011062486,6,67,67301,2011,6,6,502,5,3,2,7,1,1, , ,N,0,0,0,3,0,0,3,3,N,N,39 57:21.922,75 10:50.485,515, ,505,1,1,3,N, ,0,N, , , , ,834343, , , ,3,1,0,0,0,1,1,0,0,0,0,0,0,0,0,0,0,0,0,0,0,0,0,0,0,0,0,0,0,0,0,0,0,0,0,0,1,39.9561,-75.1807, , 
 ,75086,2011068479,6,67,67301,2011,6,6,1130,11,1,1,0,1,1, , ,N,0,0,0,3,0,0,2,2,N,N,39 55:02.569,75 12:59.227,1150, ,1142, ,0, ,N, ,0, , , , , ,834346, , , ,2,1,0,0,0,0,1,0,0,0,0,0,0,0,0,0,0,0,0,0,0,0,0,0,0,0,0,0,0,0,0,0,0,0,0,0,0,39.9174,-75.2165, , 
 ,75087,2011068714,6,67,67301,2011,6,3,1315,13,1,1,0,1,1, , ,N,2,3,0,3,0,1,2,2, , ,39 55:06.420,75 14:19.888,1335, ,1330, ,0, , , ,3, , , , , ,834347, , , ,2,2,0,0,0,0,0,0,0,0,0,1,1,0,0,0,0,0,0,0,0,0,0,0,0,0,0,0,0,0,0,0,0,0,0,4,0,39.9185,-75.2389, , 
 ,75088,2011085513,6,67,67301,2011,7,5,549,5,5,1,0,1,1, , ,N,0,0,0,3,0,7,7,2,N,N,39 54:09.160,75 14:23.346,555, ,553,2,2,2,N, ,0,N, , , , ,834358, , , ,2,1,0,0,0,0,1,0,0,1,6,0,7,0,0,0,0,0,0,0,1,0,0,3,0,1,0,0,0,0,0,0,0,0,0,2,0,39.9025,-75.2398, , 
 ,75089,2011088077,6,67,67301,2011,7,7,210,2,3,1,1,4,1, , ,N,1,2,0,3,0,1,2,2,N,N,40 02:32.725,75 04:57.598,225, ,221, ,0, ,N, ,2, , , , , ,834361, , , ,2,2,0,0,0,0,0,0,0,0,0,1,1,0,1,0,0,1,0,0,0,0,0,0,0,0,0,0,0,0,0,0,0,0,0,4,0,40.0424,-75.0828, , 
 ,75090,2013029672,6,67,67301,2011,11,1,1220,12,1,1,0,8,1, , ,N,0,0,0,3,0,1,2,2,N,N,40 02:14.434,75 02:30.422,1227, ,1225,9,1,6,N, ,0,Y, , , , ,837296, , , ,1,1,0,0,0,0,0,0,0,1,0,0,1,0,0,0,0,0,0,0,0,0,0,0,0,0,0,0,0,0,0,0,1,0,1,2,0,40.0373,-75.0418, , 
 ,75091,2011028998,6,67,67301,2011,2,6,1400,14,1,1,0,1,1, , ,N,0,2,0,3,0,2,3,2,N,N,39 59:33.150,75 07:13.640,1414, ,1412, ,0, ,N, ,3, , , , , ,837315, , , ,2,1,0,0,1,0,0,0,0,0,0,2,2,0,0,0,0,0,0,0,0,0,0,0,0,0,0,0,0,0,0,0,0,0,0,4,0,39.9925,-75.1205, , 
 ,75092,2011038407,6,67,67301,2011,3,5,0,0,3,1,0,8,2, , ,N,0,0,0,3,0,1,2,2, , ,40 07:42.024,75 01:24.196,210, ,200,1,1,3, , ,0,N, , , , ,837321, , , ,1,1,0,0,0,0,0,0,0,0,0,1,1,0,0,0,0,0,0,0,0,0,0,0,0,0,0,0,0,0,0,0,1,0,0,4,0,40.1283,-75.0234, , 
 ,75093,2011038428,6,67,67301,2011,3,4,40,0,3,2,1,7,2, , ,N,0,0,3,3,0,0,1,1,N,N,39 55:13.034,75 11:58.570,48, ,44, ,0, ,N, ,0, , , , , ,837322, , , ,1,0,0,0,0,0,1,0,0,0,0,0,0,0,0,0,0,0,0,0,0,0,0,0,0,0,0,0,0,0,0,0,0,0,0,0,0,39.9203,-75.1995, , 
 ,75094,2011082492,6,67,67301,2011,7,3,1010,10,1,1,0,4,1, , ,N,1,2,0,3,0,1,2,2,N,N,39 55:31.449,75 10:39.476,1015, ,1010, ,0, ,N, ,9, , , , , ,837335, , , ,2,1,0,0,0,0,0,1,0,1,0,0,1,0,0,0,0,0,0,0,0,0,0,2,0,1,0,0,0,0,0,0,0,0,0,2,0,39.9254,-75.1776, , 
 ,75095,2011085552,6,67,67301,2011,7,5,1635,16,1,1,0,1,1, , ,N,1,2,0,3,0,2,4,2,N,N,40 00:21.451,75 05:35.746,1655, ,1648, ,0, ,N, ,3, , , , , ,837341, , , ,2,1,0,0,0,0,1,0,0,0,0,0,2,2,0,0,0,0,0,0,0,0,0,0,0,0,0,0,0,0,0,0,0,0,0,8,0,40.006,-75.0933, , 
 ,75096,2011092994,6,67,67301,2011,8,4,2113,21,3,1,0,4,1, , ,N,1,2,0,3,0,0,2,2,N,N,40 02:20.942,75 06:36.006,2120, ,2115, ,0, ,N, ,3, , , , , ,837349, , , ,2,2,0,0,0,0,0,0,0,0,0,0,0,0,0,0,0,0,0,0,0,0,0,0,0,0,0,0,0,0,0,0,0,0,0,0,0,40.0392,-75.11, , 
 ,75097,2011095465,6,67,67301,2011,8,2,1616,16,1,1,0,1,1, , ,N,0,0,0,3,0,2,4,2,N,N,39 58:19.718,75 14:50.028,1622, ,1621, ,0, ,N, ,0, , , , , ,837353, , , ,2,2,0,0,0,0,0,0,0,0,0,2,2,0,0,0,0,0,0,0,1,0,0,2,0,0,0,0,0,0,0,0,0,0,0,4,0,39.9721,-75.2472, , 
 ,75098,2011112130,6,67,67301,2011,10,6,9999,99,1,1,0,4,7, , ,N,0,0,0,3,0,5,6,2,N,N,40 00:09.043,75 09:36.102,1306, ,1230, ,0, ,N, ,0, , , , , ,837368, , , ,2,2,0,0,0,0,0,0,0,0,0,0,5,5,1,0,0,0,0,1,0,0,0,0,0,0,0,0,0,0,0,0,0,0,0,8,0,40.0025,-75.16, , 
 ,75099,2011114619,6,67,67301,2011,10,4,635,6,1,2,1,1,1, , ,N,0,0,0,3,0,0,2,2,N,N,40 00:35.105,75 03:54.063,820, ,758, ,0, ,N, ,0, , , , , ,837371, , , ,2,1,0,0,1,0,0,0,0,0,0,0,0,0,0,0,0,0,0,0,1,0,0,0,0,0,0,0,0,0,0,0,0,0,0,0,0,40.0098,-75.0649, , 
 ,75100,2011108809,6,67,67301,2011,9,1,1827,18,4,1,0,4,1, , ,N,1,3,0,3,0,6,6,2,N,N,40 04:34.334,75 10:14.923,1834, ,1834, ,0, ,N, ,3, , , , , ,837390, , , ,2,1,0,0,0,0,0,1,0,0,0,2,6,4,0,0,0,0,0,0,0,0,0,0,0,0,0,0,0,0,0,0,0,0,0,4,0,40.0762,-75.1708, , 
 ,75101,2011108844,6,67,67301,2011,10,7,1510,15,1,1,0,7,5, , ,N,0,0,6,3,0,1,2,2,N,N,40 04:34.271,75 02:00.805,1512, ,1511,1,1,2,N, ,0,N, , , , ,837391, , , ,1,0,0,0,0,0,1,0,0,0,0,1,1,0,0,0,0,0,0,0,0,0,1,0,0,0,0,0,0,0,0,0,0,0,0,4,0,40.0762,-75.0336, , 
 ,75102,2011073160,6,67,67301,2011,6,7,1350,13,1,1,0,4,1, , ,N,2,3,0,3,0,1,2,2, , ,39 58:25.888,75 11:01.024,1400, ,1358, ,0, , , ,3, , , , , ,837436, , , ,2,1,1,0,0,0,0,0,0,0,0,0,1,1,1,0,0,0,0,0,0,0,0,0,0,0,0,0,0,0,0,0,0,0,0,8,0,39.9739,-75.1836, , 
 ,75103,2011073310,6,67,67301,2011,6,4,1900,19,1,1,0,5,1, , ,N,1,3,0,3,0,1,2,2,N,N,40 01:01.160,75 08:15.536,1933, ,1930, ,0, ,N, ,3, , , , , ,837437, , , ,1,1,0,0,0,0,0,0,1,0,0,1,1,0,0,0,0,0,0,0,0,0,0,0,0,0,0,0,0,0,0,0,0,0,0,4,0,40.017,-75.1376, , 
 ,75104,2011056952,6,67,67301,2011,5,6,1657,16,1,1,0,4,1, , ,N,2,3,0,3,0,2,5,2,N,N,40 02:44.325,75 08:27.682,1710, ,1701, ,0, ,N, ,3, , , , , ,837485, , , ,2,1,0,0,0,0,1,0,0,0,0,2,2,0,0,0,0,0,0,0,0,0,0,0,0,0,0,0,0,0,0,0,0,0,0,4,0,40.0456,-75.141, , 
 ,75105,2011013137,6,67,67301,2011,1,4,1410,14,1,1,0,5,1, , ,N,0,0,0,3,0,1,2,2,N,N,40 02:10.878,75 00:54.429,1427, ,1420, ,0, ,N, ,0, , , , , ,837496, , , ,2,2,0,0,0,0,0,0,0,0,0,0,1,1,0,0,0,0,0,0,0,0,0,0,0,0,0,0,0,0,0,0,0,0,0,8,0,40.0363,-75.0152, , 
 ,75106,2011029427,6,67,67301,2011,1,2,1030,10,1,1,0,8,1, , ,N,0,0,0,3,0,1,2,2, , ,39 58:01.555,75 09:44.012,1125, ,1115, ,0, , , ,0, , , , , ,837508, , , ,1,0,0,0,0,0,1,0,0,0,0,1,1,0,1,0,0,0,0,0,0,0,0,0,0,0,0,0,0,0,0,0,1,0,0,4,0,39.9671,-75.1622, , 
 ,75107,2011033475,6,67,67301,2011,3,1,9999,99,2,1,0,1,1, , ,N,0,0,0,3,0,0,1,2,N,N,39 57:01.429,75 09:42.660,150, ,147, ,0, ,N, ,0, , , , , ,837514, , , ,2,2,0,0,0,0,0,0,0,0,0,0,0,0,0,0,0,0,0,0,0,0,0,1,0,0,0,0,0,0,0,0,0,0,0,0,0,39.9504,-75.1619, , 
 ,75108,2011115275,6,67,67301,2011,10,6,2300,23,3,1,1,3,1, , ,N,2,0,0,3,0,1,2,2,N,N,39 59:38.554,75 10:04.551,9999, ,9999, ,0, , , ,0, , , , , ,837522, , , ,2,1,1,0,0,0,0,0,0,1,0,0,1,0,0,0,0,0,0,0,0,0,0,0,0,0,0,0,0,1,0,0,0,0,0,2,0,39.994,-75.1679, , 
 ,75109,2011090499,6,67,67301,2011,8,1,300,3,3,2,0,6,1, , ,N,0,0,0,3,0,0,2,2,N,N,40 03:23.194,75 05:27.186,300, ,300, ,0, ,N, ,0, , , , , ,840980, , , ,2,2,0,0,0,0,0,0,0,0,0,0,0,0,0,0,0,0,0,0,0,0,0,0,0,0,0,0,0,0,0,0,0,0,0,0,0,40.0564,-75.0909, , 
 ,75110,2011088031,6,67,67301,2011,7,1,2035,20,2,2,1,1,1, , ,N,1,2,0,3,0,1,6,2,N,N,39 57:39.001,75 08:34.269,2100, ,2038, ,0, ,N, ,3, , , , , ,840990, , , ,2,2,0,0,0,0,0,0,0,0,0,1,1,0,0,0,0,0,0,0,0,0,0,0,0,0,0,0,0,0,0,0,0,0,0,4,0,39.9608,-75.1426, , 
 ,75111,2011068410,6,67,67301,2011,6,5,1900,19,1,1,0,5,1, , ,N,0,0,0,3,0,0,2,2,N,N,40 05:49.538,75 01:04.933,2033, ,1910,9,1,4, , ,0,N, , , , ,841029, , , ,2,1,0,0,0,0,0,1,0,0,0,0,0,0,0,0,0,0,0,0,0,0,0,0,0,0,0,0,0,0,0,0,0,0,0,0,0,40.0971,-75.018, , 
 ,75112,2011087114,6,67,67301,2011,7,1,132,1,3,1,0,7,3, , ,N,0,0,0,3,0,2,2,1,N,N,39 58:00.415,75 08:05.668,138, ,133,2,1,2,N, ,0,N, , , , ,841051, , , ,1,1,0,0,0,0,0,0,0,0,2,0,2,0,0,0,0,0,0,0,0,0,0,2,0,0,0,0,0,0,0,0,0,0,0,3,0,39.9668,-75.1348, , 
 ,75113,2011093021,6,67,67301,2011,8,1,2000,20,4,1,0,1,1, , ,N,0,0,0,3,0,0,1,2,N, ,40 00:49.928,75 08:07.468,9999, ,9999, ,0, , , ,0, , , , , ,841079, , , ,2,1,0,0,1,0,0,0,0,0,0,0,0,0,1,0,0,0,0,0,0,0,0,0,0,0,0,0,0,0,0,0,0,0,0,9,0,40.0139,-75.1354, , 
 ,75114,2011094109,6,67,67301,2011,9,5,357,3,3,2,1,7,2, , ,N,0,0,0,3,0,0,1,1,N,N,39 59:29.933,75 05:09.259,417, ,408, ,0, ,N, ,0, , , , , ,841080, , , ,1,1,0,0,0,0,0,0,0,0,0,0,0,0,0,0,0,0,0,0,0,0,0,0,0,0,0,0,0,0,0,0,0,0,0,0,0,39.9915,-75.086, , 
 ,75115,2011115330,6,67,67301,2011,10,1,2105,21,3,1,0,4,1, , ,N,1,3,0,3,0,0,2,2,N, ,39 57:53.172,75 10:27.371,2107, ,2107, ,0, , , ,3, , , , , ,841100, , , ,2,2,0,0,0,0,0,0,0,0,0,0,0,0,0,0,0,0,0,0,0,0,0,0,0,0,0,0,0,0,0,0,0,0,0,0,0,39.9648,-75.1743, , 
 ,75116,2011125729,6,67,67301,2011,11,7,848,8,1,1,0,1,1, , ,N,0,0,0,3,0,2,3,3,N,N,39 58:05.165,75 11:25.365,850, ,849,1,1,4,N, ,0,N, , , , ,841110, , , ,3,2,0,0,0,0,1,0,0,0,0,2,2,0,0,0,0,0,0,0,0,0,0,1,0,0,0,0,0,0,0,0,0,0,0,4,0,39.9681,-75.1904, , 
 ,75117,2011134721,6,67,67301,2011,11,3,958,9,8,2,1,4,1, , ,N,0,0,7,3,0,1,4,2,N,N,40 02:22.513,75 01:58.872,1002, ,959,1,1,1, , ,0,Y, , , , ,841115, , , ,2,1,0,0,0,0,1,0,0,0,0,1,1,0,0,0,0,0,0,0,1,0,0,0,0,0,0,0,0,0,0,0,0,0,0,4,0,40.0396,-75.033, , 
 ,75118,2011056790,6,67,67301,2011,2,3,1910,19,3,1,0,4,1, , ,N,2,3,0,3,0,1,2,2,N,N,39 55:44.151,75 11:07.850,1922, ,1920,3,2,3,N, ,3,Y, , , , ,841117, , , ,2,1,0,0,0,0,1,0,0,0,0,1,1,0,0,0,0,0,0,0,1,0,0,1,0,0,0,0,0,0,0,0,0,0,0,4,0,39.9289,-75.1855, , 
 ,75119,2011064889,6,67,67301,2011,6,1,931,9,1,1,0,7,2, , ,N,0,0,0,3,0,1,1,1,N,N,40 01:00.941,75 03:00.572,932, ,931, ,0, ,N, ,0, , , , , ,841122, , , ,1,1,0,0,0,0,0,0,0,0,0,1,1,0,0,0,0,0,0,1,0,0,0,0,0,0,0,0,0,0,0,0,0,0,0,4,0,40.0169,-75.0503, , 
 ,75120,2011069672,6,67,67301,2011,7,5,1615,16,1,1,0,1,1, , ,N,0,0,0,3,0,1,4,3,N,N,39 58:01.137,75 11:16.468,1631, ,1620,1,1,4,N, ,0,N, , , , ,841126, , , ,3,1,0,0,0,2,0,0,0,0,0,1,1,0,1,0,0,0,0,0,0,0,0,0,0,0,0,0,0,0,0,0,0,0,0,4,2,39.967,-75.1879, , 
 ,75121,2011072430,6,67,67301,2011,7,6,654,6,1,1,0,1,1, , ,N,6,0,2,3,0,0,2,2,N,N,39 56:42.200,75 11:27.000,706, ,700, ,0, ,N, ,0, , , , , ,841129, , , ,2,0,0,0,1,0,1,0,0,0,0,0,0,0,1,0,0,0,0,0,0,0,1,0,0,0,0,0,0,0,0,0,0,0,0,9,0,39.9451,-75.1908, , 
 ,75122,2011083446,6,67,67301,2011,7,6,1000,10,1,1,0,4,1, , ,N,2,3,0,3,0,1,2,2,N, ,39 57:20.206,75 08:33.025,1456, ,1456, ,0, , , ,3, , , , , ,841140, , , ,1,1,0,0,0,0,0,0,1,0,0,0,1,1,0,0,0,0,0,0,0,0,0,1,0,0,0,0,0,0,0,0,0,0,0,8,0,39.9556,-75.1425, , 
 ,75123,2011093026,6,67,67301,2011,8,2,1500,15,1,1,0,8,1, , ,N,1,2,0,3,0,1,2,2,N, ,39 58:43.987,75 09:33.954,1622, ,1620, ,0, , , ,3, , , , , ,841151, , , ,1,1,0,0,0,0,0,0,0,0,0,1,1,0,0,0,0,0,0,0,0,0,0,0,0,0,0,0,0,0,0,0,1,0,0,4,0,39.9789,-75.1594, , 
 ,75124,2011096571,6,67,67301,2011,9,2,1312,13,1,1,0,1,1, , ,N,0,0,3,3,0,1,2,2,N,N,39 56:32.667,75 11:36.869,1327, ,1316,1,1,4,N, ,0,N, , , , ,841156, , , ,2,2,0,0,0,0,0,0,0,0,0,1,1,0,1,0,0,0,0,0,1,0,0,0,0,0,0,0,0,0,0,0,0,0,0,4,0,39.9415,-75.1945, , 
 ,75125,2011122844,6,67,67301,2011,11,3,1210,12,1,1,0,4,1, , ,N,1,3,0,3,0,1,3,4,N, ,40 00:03.344,75 09:59.158,1220, ,1213, ,0, , , ,3, , , , , ,841234, , , ,4,4,0,0,0,0,0,0,0,0,0,0,1,1,0,0,0,0,0,0,0,1,0,2,0,0,0,0,0,0,0,0,0,0,0,8,0,40.0009,-75.1664, , 
 ,75126,2012004341,6,67,67301,2011,12,5,1105,11,1,1,0,8,6, , ,N,0,0,0,3,0,1,2,2,N,N,39 56:39.343,75 09:18.262,1116, ,1114, ,0, ,N, ,0, , , , , ,841249, , , ,1,0,0,0,1,0,0,0,0,0,0,1,1,0,0,0,0,0,0,0,1,0,0,1,0,0,0,0,0,0,0,0,1,0,0,4,0,39.9443,-75.1551, , 
 ,75127,2012006682,6,67,67301,2011,12,5,2205,22,3,1,0,1,1, , ,N,0,0,3,3,0,2,7,4,N,N,39 53:34.261,75 11:49.288,2217, ,2206,2,1,2,Y, ,0,N, , , , ,841250, , , ,4,4,0,0,0,0,0,0,0,0,1,1,2,0,0,0,0,0,0,0,1,0,0,0,0,0,0,0,0,0,0,0,0,0,0,3,0,39.8929,-75.197, , 
 ,75128,2011083412,6,67,67301,2011,7,4,623,6,1,1,0,4,1, , ,N,1,2,0,3,0,1,2,2,N,N,39 57:37.353,75 11:22.005,625, ,623, ,0, ,N, ,3, , , , , ,830842, , , ,1,1,0,0,0,0,0,0,1,0,0,1,1,0,0,0,0,0,0,0,0,0,0,0,0,0,0,0,0,0,0,0,0,0,0,4,0,39.9604,-75.1894, , 
 ,75129,2011088463,6,67,67301,2011,8,3,1555,15,1,9,0,8,1, , ,N,10,0,0,3,0,1,2,2,N,N,39 56:24.885,75 10:04.702,1641, ,1637, ,0, ,N, ,0, , , , , ,830887, , , ,1,0,0,0,1,0,0,0,0,1,0,0,1,0,0,0,0,0,0,0,0,0,0,1,0,0,0,0,0,0,0,0,1,0,1,2,0,39.9402,-75.168, , 
 ,75130,2011101636,6,67,67301,2011,9,3,126,1,3,2,1,4,1, , ,N,10,3,0,3,0,1,2,2,N,N,40 00:39.283,75 08:23.330,135, ,126, ,0, , , ,3, , , , , ,830902, , , ,2,2,0,0,0,0,0,0,0,0,0,1,1,0,1,0,0,0,0,0,0,0,0,0,0,0,0,0,0,0,0,0,0,0,0,4,0,40.0109,-75.1398, , 
 ,75131,2011054318,6,67,67301,2011,4,3,1259,12,1,1,0,1,1, , ,N,0,0,0,3,0,0,3,2,N,N,39 56:38.436,75 09:36.500,1303, ,1259, ,0, ,N, ,0, , , , , ,830919, , , ,2,1,0,0,0,0,1,0,0,0,0,0,0,0,0,0,0,0,0,0,0,0,0,0,0,0,0,0,0,0,0,0,0,0,0,0,0,39.944,-75.1601, , 
 ,75132,2011073210,6,67,67301,2011,6,1,1205,12,1,1,0,4,1, , ,N,1,2,0,3,0,1,2,2,N,N,40 01:24.018,75 10:44.495,1210, ,1207, ,0, , , ,3, , , , , ,830921, , , ,1,1,0,0,0,0,0,0,1,0,0,1,1,0,0,0,0,0,0,0,0,1,0,0,0,0,0,0,0,0,0,0,0,0,0,4,0,40.0233,-75.179, , 
 ,75133,2011082646,6,67,67301,2011,7,4,900,9,1,1,0,5,3, , ,N,0,0,0,3,0,2,5,2,N,N,39 59:59.577,75 13:10.134,925, ,917, ,0, ,N, ,0, , , , , ,830931, , , ,2,2,0,0,0,0,0,0,0,0,0,2,2,0,0,0,0,0,0,0,0,0,0,0,0,0,0,0,0,0,0,0,0,0,0,4,0,39.9999,-75.2195, , 
 ,75134,2011061183,6,67,67301,2011,6,1,222,2,3,1,0,7,2, , ,N,0,0,0,3,0,1,1,1,N,N,39 57:03.571,75 10:58.341,233, ,229, ,0, ,N, ,0, , , , , ,830970, , , ,1,1,0,0,0,0,0,0,0,0,1,0,1,0,0,0,0,0,0,0,1,0,0,0,0,0,0,0,0,0,0,0,0,0,0,3,0,39.951,-75.1829, , 
 ,75135,2011092972,6,67,67301,2011,8,3,850,8,1,1,0,4,1, , ,N,0,0,0,3,0,2,3,2,N, ,40 04:28.439,75 05:05.393,915, ,904, ,0, , , ,0, , , , , ,831000, , , ,2,1,0,0,0,0,1,0,0,0,0,0,2,2,0,0,0,0,0,0,0,1,0,0,0,0,0,0,0,0,0,0,0,0,0,8,0,40.0746,-75.0848, , 
 ,75136,2011106182,6,67,67301,2011,9,7,1743,17,1,1,0,8,1, , ,N,0,0,0,3,0,1,2,2,N,N,40 01:04.475,75 04:57.660,1745, ,1745, ,0, ,N, ,0, , , , , ,831044, , , ,1,0,0,1,0,0,0,0,0,0,0,1,1,0,0,0,0,0,0,0,0,0,0,0,0,0,0,0,0,0,0,0,1,0,0,4,1,40.0179,-75.0827, , 
 ,75137,2011068465,6,67,67301,2011,6,4,1500,15,1,1,0,4,1, , ,N,1,3,0,3,0,1,2,2,N,N,40 02:57.051,75 07:47.013,1552, ,1546, ,0, ,N, ,3, , , , , ,831059, , , ,2,1,0,0,1,0,0,0,0,0,0,1,1,0,0,0,0,0,0,0,0,0,0,2,0,0,0,0,0,0,0,0,0,0,0,4,0,40.0492,-75.1297, , 
 ,75138,2011061824,6,67,67301,2011,5,6,1845,18,1,1,0,4,1, , ,N,1,2,0,3,0,1,2,2,N,N,39 55:36.272,75 10:08.761,1853, ,1849, ,0, ,N, ,3, , , , , ,831065, , , ,2,1,1,0,0,0,0,0,0,0,1,0,1,0,1,0,0,0,0,0,0,0,0,0,0,0,0,0,0,0,0,0,0,0,0,3,0,39.9268,-75.1691, , 
 ,75139,2011066269,6,67,67301,2011,5,3,1630,16,1,1,0,1,1, , ,N,1,0,0,3,0,1,2,2,N,N,39 56:50.600,75 10:04.875,1638, ,1635, ,0, ,N, ,0, , , , , ,831070, , , ,2,2,0,0,0,0,0,0,0,0,0,0,1,1,0,0,0,0,0,0,0,0,0,0,0,0,0,0,0,0,0,0,0,0,0,8,0,39.9474,-75.168, , 