wz_ln_closure,objectid_1,crn,district,county,municipality,crash_year,crash_month,day_of_week,time_of_day,hour_of_day,illumination,weather,road_condition,collision_type,relation_to_road,work_zone_type,work_zone_loc,work_zone_ind,intersect_type,tcd_type,location_type,urban_rural,fatal_count,injury_count,person_count,total_units,sch_bus_ind,sch_zone_ind,latitude,longitude,arrival_tm,cons_zone_spd_lim,dispatch_tm,est_hrs_closed,lane_closed,ln_close_dir,ntfy_hiwy_maint,spec_juris_cd,tcd_func_cd,tfc_detour_ind,workers_pres,wz_close_detour,wz_flagger,wz_law_offcr_ind,objectid,wz_moving,wz_other,wz_shlder_mdn,vehicle_count,automobile_count,motorcycle_count,bus_count,small_truck_count,heavy_truck_count,suv_count,van_count,bicycle_count,maj_inj_count,mod_inj_count,min_inj_count,tot_inj_count,unk_inj_deg_count,unk_inj_per_count,driver_count_16yr,driver_count_17yr,driver_count_18yr,driver_count_19yr,driver_count_20yr,driver_count_50_64yr,driver_count_65_74yr,driver_count_75plus,unbelted_occ_count,unb_death_count,unb_maj_inj_count,belted_death_count,belted_maj_inj_count,mcycle_death_count,mcycle_maj_inj_count,bicycle_death_count,bicycle_maj_inj_count,ped_count,ped_death_count,ped_maj_inj_count,max_severity_level,comm_veh_count,dec_lat,dec_long,rdwy_surf_type_cd,county_name
 ,75140,2011068380,6,67,67301,2011,6,3,1220,12,1,1,0,7,4, , ,N,0,0,0,3,0,1,1,1,N,N,40 04:42.232,75 02:34.891,1235, ,1226, ,0, ,N, ,0, , , , , ,831071, , , ,1,1,0,0,0,0,0,0,0,0,0,0,1,1,0,0,0,0,0,0,1,0,0,0,0,0,0,0,0,0,0,0,0,0,0,8,0,40.0784,-75.043, , 
 ,75141,2011070724,6,67,67301,2011,6,4,227,2,3,1,0,7,4, , ,N,6,0,2,3,0,0,3,1,N,N,39 57:26.940,75 08:48.293,250, ,229,2,1,3,N, ,0,N, , , , ,831073, , , ,1,1,0,0,0,0,0,0,0,0,0,0,0,0,0,0,0,1,0,0,0,0,0,0,0,0,0,0,0,0,0,0,0,0,0,0,0,39.9575,-75.1467, , 
 ,75142,2011076298,6,67,67301,2011,6,2,123,1,3,1,0,4,1, , ,N,1,3,0,3,0,0,2,2,N,N,39 59:28.347,75 08:01.614,152, ,123, ,0, ,N, ,3, , , , , ,831077, , , ,2,1,0,0,0,0,1,0,0,0,0,0,0,0,2,0,0,0,0,0,0,0,0,2,0,0,0,0,0,0,0,0,0,0,0,9,0,39.9912,-75.1338, , 
 ,75143,2011088020,6,67,67301,2011,8,1,1920,19,3,1,0,1,1, , ,N,0,4,6,3,0,1,2,2,N,N,40 03:02.512,75 03:03.348,1934, ,1931, ,0, ,N, ,3, , , , , ,831088, , , ,2,1,0,0,1,0,0,0,0,0,0,0,1,1,0,0,0,0,0,0,0,0,0,0,0,0,0,0,0,0,0,0,0,0,0,8,0,40.0507,-75.0509, , 
 ,75144,2011053614,6,67,67301,2011,4,4,1220,12,1,1,0,4,1, , ,N,1,1,0,3,0,3,5,3,N,N,39 55:23.512,75 10:11.995,1240, ,1233, ,0, ,N, ,2, , , , , ,831103, , , ,3,3,0,0,0,0,0,0,0,0,0,3,3,0,0,0,0,0,1,0,0,0,0,0,0,0,0,0,0,0,0,0,0,0,0,4,0,39.9231,-75.1699, , 
 ,75145,2011073176,6,67,67301,2011,2,4,830,8,1,1,0,8,1, , ,N,1,3,0,3,0,1,2,2,N,N,39 58:06.618,75 10:30.489,850, ,842,3,2,4,N, ,3,Y, , , , ,831112, , , ,1,0,0,0,0,0,1,0,0,0,1,0,1,0,0,0,0,0,0,0,1,0,0,0,0,0,0,0,0,0,0,0,1,0,0,3,0,39.9685,-75.1751, , 
 ,75146,2011100791,6,67,67301,2011,9,6,815,8,1,1,0,4,1, , ,N,1,3,0,3,0,5,6,2,N,N,40 04:28.167,75 10:21.014,825, ,820, ,0, ,N, ,3, , , , , ,834375, , , ,2,1,0,0,0,0,1,0,0,0,0,0,5,5,1,0,0,0,0,0,0,0,0,1,0,0,0,0,0,0,0,0,0,0,0,8,0,40.0745,-75.1725, , 
 ,75147,2011108928,6,67,67301,2011,9,5,1736,17,1,1,0,5,1, , ,N,0,0,0,3,0,1,1,2,N,N,40 02:21.678,75 07:23.793,1745, ,1740, ,0, ,N, ,0, , , , , ,834383, , , ,2,1,0,0,0,0,1,0,0,0,0,1,1,0,0,0,0,0,1,0,0,0,0,0,0,0,0,0,0,0,0,0,0,0,0,4,0,40.0394,-75.1233, , 
 ,75148,2011118151,6,67,67301,2011,10,6,1905,19,2,1,0,8,1, , ,N,0,0,0,3,0,1,2,2,N,N,40 02:05.598,75 05:21.064,1911, ,1908, ,0, ,N, ,0, , , , , ,834443, , , ,1,0,0,0,1,0,0,0,0,0,0,0,1,1,0,0,0,0,0,0,0,0,0,0,0,0,0,0,0,0,0,0,1,0,0,8,0,40.0349,-75.0892, , 
 ,75149,2012004310,6,67,67301,2011,12,1,335,3,3,1,0,7,5, , ,N,0,0,0,3,0,1,1,1,N,Y,39 54:26.222,75 14:45.636,345, ,339,4,2,5,N, ,0,Y, , , , ,834460, , , ,1,1,0,0,0,0,0,0,0,0,0,1,1,0,0,0,0,0,0,0,0,0,0,0,0,0,0,0,0,0,0,0,0,0,0,4,0,39.9073,-75.246, , 
 ,75150,2012010081,6,67,67301,2011,12,5,1730,17,3,1,0,8,1, , ,N,1,2,0,3,0,1,2,2,N,N,40 01:04.608,75 08:57.650,1736, ,1735, ,0, ,N, ,3, , , , , ,834464, , , ,1,1,0,0,0,0,0,0,0,0,0,0,1,1,0,0,0,0,0,0,1,0,0,1,0,0,0,0,0,0,0,0,1,0,0,8,0,40.0179,-75.1493, , 
 ,75151,2011068458,6,67,67301,2011,6,2,1332,13,1,1,1,1,1, , ,N,0,0,0,3,0,1,4,3,N,N,39 57:21.551,75 11:34.043,1340, ,1334, ,0, , , ,0, , , , , ,834495, , , ,3,2,0,0,0,0,1,0,0,0,1,0,1,0,0,0,0,0,0,0,0,0,0,0,0,0,0,0,0,0,0,0,0,0,0,3,0,39.956,-75.1928, , 
 ,75152,2011082506,6,67,67301,2011,6,1,2030,20,3,1,0,7,4, , ,N,0,0,0,3,0,1,1,1,N,N,40 01:40.054,75 11:03.048,2100, ,2055,1,1,1,N, ,0,N, , , , ,834507, , , ,1,1,0,0,0,0,0,0,0,0,0,1,1,0,0,0,0,0,0,0,0,0,0,0,0,0,0,0,0,0,0,0,0,0,0,4,0,40.0278,-75.1842, , 
 ,75153,2011082648,6,67,67301,2011,7,4,1700,17,1,1,0,4,1, , ,N,0,0,0,3,0,1,3,2,N,N,39 55:46.599,75 10:06.960,1718, ,1713, ,0, ,N, ,0, , , , , ,834508, , , ,1,1,0,0,0,0,0,0,1,0,0,0,1,1,0,0,0,0,0,0,0,0,0,0,0,0,0,0,0,0,0,0,0,0,0,8,0,39.9297,-75.1686, , 
 ,75154,2011087975,6,67,67301,2011,8,4,2159,21,3,2,1,7,5, , ,N,0,0,0,3,0,1,1,1,N, ,40 07:06.490,75 00:24.800,2210, ,2201, ,0, , , ,0, , , , , ,834511, , , ,1,1,0,0,0,0,0,0,0,0,0,0,1,1,0,0,0,0,0,0,0,0,0,0,0,0,0,0,0,0,0,0,0,0,0,8,0,40.1185,-75.0069, , 
 ,75155,2011095505,6,67,67301,2011,8,5,1032,10,1,2,1,4,1, , ,N,1,2,0,3,0,2,4,2,N,N,39 58:20.959,75 10:02.615,1052, ,1034, ,0, , , ,1, , , , , ,834518, , , ,2,1,0,0,0,0,0,1,0,0,0,1,2,1,0,0,0,0,0,0,0,0,0,0,0,0,0,0,0,0,0,0,0,0,0,4,0,39.9725,-75.1674, , 
 ,75156,2011064144,6,67,67301,2011,5,3,2053,20,3,1,0,8,9, , ,N,0,0,0,3,0,1,2,2, , ,39 59:06.781,75 10:21.057,2109, ,2105, ,0, , , ,0, , , , , ,834527, , , ,1,0,1,0,0,0,0,0,0,0,1,0,1,0,0,0,0,0,0,0,0,0,0,0,0,0,0,0,0,0,0,0,1,0,0,3,0,39.9852,-75.1725, , 
 ,75157,2011061837,6,67,67301,2011,5,1,1648,16,1,1,0,5,1, , ,N,1,2,0,3,0,2,3,2,N,N,40 01:36.847,75 13:37.905,1700, ,1659, ,0, ,N, ,3, , , , , ,834533, , , ,2,1,0,0,0,0,0,1,0,0,0,2,2,0,0,0,0,0,0,0,0,0,0,0,0,0,0,0,0,0,0,0,0,0,0,4,0,40.0269,-75.2272, , 
 ,75158,2011064140,6,67,67301,2011,5,7,1416,14,1,1,0,7,5, , ,N,0,0,0,3,0,0,1,1,N,N,39 58:27.332,75 09:49.651,1421, ,1418,2,2,2,N, ,0,Y, , , , ,834535, , , ,1,0,0,0,0,0,1,0,0,0,0,0,0,0,0,0,0,0,0,0,0,0,0,0,0,0,0,0,0,0,0,0,0,0,0,0,0,39.9743,-75.1638, , 
 ,75159,2011068377,6,67,67301,2011,6,1,450,4,3,1,0,7,5, , ,N,0,0,0,3,0,0,3,1,N,N,39 59:30.207,75 13:48.019,500, ,453,4,2,6,N, ,0,Y, , , , ,834539, , , ,1,1,0,0,0,0,0,0,0,0,0,0,0,0,1,0,0,0,0,0,0,0,0,0,0,0,0,0,0,0,0,0,0,0,0,9,0,39.9917,-75.23, , 
 ,75160,2011076279,6,67,67301,2011,6,1,1745,17,1,1,0,4,6, , ,N,0,0,7,3,0,1,5,2,N,N,40 03:02.224,75 00:36.504,1751, ,1749, ,0, , , ,0, , , , , ,834545, , , ,1,0,0,0,0,0,1,0,1,0,0,1,1,0,0,0,0,0,0,0,0,0,0,0,0,0,0,0,0,0,0,0,0,0,0,4,0,40.0506,-75.0101, , 
 ,75161,2011087886,6,67,67301,2011,7,7,1725,17,1,1,0,4,1, , ,N,2,0,0,3,0,1,1,2,N,N,39 55:29.269,75 09:47.447,1735, ,1730, ,0, ,N, ,0, , , , , ,834552, , , ,2,2,0,0,0,0,0,0,0,0,0,1,1,0,0,0,0,0,0,0,0,0,0,0,0,0,0,0,0,0,0,0,0,0,0,4,0,39.9248,-75.1632, , 
 ,75162,2011088004,6,67,67301,2011,7,6,1223,12,1,1,0,4,5, , ,N,0,0,7,3,0,1,2,2,N, ,39 59:55.723,75 06:33.051,1230, ,1225, ,0, , , ,0, , , , , ,834553, , , ,1,1,0,0,0,0,0,0,1,0,0,1,1,0,0,0,0,0,0,0,0,0,0,0,0,0,0,0,0,0,0,0,0,0,0,4,0,39.9988,-75.1092, , 
 ,75163,2011088033,6,67,67301,2011,8,5,1758,17,1,1,0,7,5, , ,N,0,3,0,3,0,1,1,1,N,N,39 58:08.030,75 09:15.840,1805, ,1804, ,0, ,N, ,3, , , , , ,834554, , , ,1,0,0,0,1,0,0,0,0,0,1,0,1,0,0,0,0,0,0,0,1,0,0,0,0,0,0,0,0,0,0,0,0,0,0,3,0,39.9689,-75.1544, , 
 ,75164,2011132979,6,67,67301,2011,11,7,0,0,3,1,0,4,1, , ,N,0,0,0,3,0,1,2,2,N,Y,39 57:48.431,75 10:48.131,16, ,14, ,0, ,N, ,0, , , , , ,837542, , , ,1,0,0,0,0,0,1,0,1,0,0,1,1,0,0,0,0,0,0,0,0,1,0,0,0,0,0,0,0,0,0,0,0,0,0,4,0,39.9635,-75.18, , 
 ,75165,2012002084,6,67,67301,2011,12,6,1545,15,1,1,0,1,1, , ,N,2,0,0,3,0,1,2,2,N,N,39 58:13.075,75 12:50.092,1605, ,1550, ,0, ,N, ,0, , , , , ,837551, , , ,2,1,1,0,0,0,0,0,0,0,0,0,1,1,1,0,0,0,0,0,1,0,0,0,0,0,0,0,0,0,0,0,0,0,0,8,0,39.9703,-75.2139, , 
 ,75166,2011064148,6,67,67301,2011,5,6,1915,19,1,1,0,8,1, , ,N,0,0,0,3,0,1,2,2, , ,39 59:51.337,75 06:07.752,1930, ,1925,2,2,7, , ,0,Y, , , , ,837555, , , ,1,1,0,0,0,0,0,0,0,0,0,1,1,0,0,0,0,0,0,0,0,0,0,1,0,0,0,0,0,0,0,0,1,0,0,4,0,39.9976,-75.1022, , 
 ,75167,2011082683,6,67,67301,2011,7,2,827,8,1,1,0,1,1, , ,N,0,0,0,3,0,2,2,2,N,N,40 02:13.396,75 03:43.010,835, ,828,1,1,1,N, ,0,N, , , , ,837577, , , ,2,2,0,0,0,0,0,0,0,0,2,0,2,0,0,0,0,0,0,1,1,0,0,0,0,0,0,0,0,0,0,0,0,0,0,3,0,40.0371,-75.0619, , 
 ,75168,2011095409,6,67,67301,2011,7,3,1519,15,1,1,0,4,6, , ,N,0,0,0,3,0,1,1,4,N,N,39 55:19.878,75 10:42.163,1523, ,1521,3,2,2,N, ,0,Y, , , , ,837585, , , ,4,4,0,0,0,0,0,0,0,0,0,1,1,0,0,0,0,0,0,0,0,0,1,1,0,0,0,0,0,0,0,0,0,0,0,4,0,39.9222,-75.1784, , 
 ,75169,2011095511,6,67,67301,2011,8,2,810,8,1,1,0,1,1, , ,N,0,0,0,3,0,1,2,2,N,N,39 55:42.969,75 08:41.038,817, ,815, ,0, ,N, ,0, , , , , ,837586, , , ,2,0,0,1,0,0,1,0,0,0,1,0,1,0,0,0,0,0,0,0,1,0,0,0,0,0,0,0,0,0,0,0,0,0,0,3,1,39.9286,-75.1447, , 
 ,75170,2011108846,6,67,67301,2011,10,2,1748,17,1,1,0,7,5, , ,N,0,0,0,3,0,1,1,1,N,N,40 05:43.272,75 00:54.176,1749, ,1748,1,1,2,Y, ,0,N, , , , ,837605, , , ,1,1,0,0,0,0,0,0,0,0,0,1,1,0,0,0,0,0,0,0,0,0,0,0,0,0,0,0,0,0,0,0,0,0,0,4,0,40.0953,-75.0151, , 
 ,75171,2011098117,6,67,67301,2011,8,2,1425,14,1,1,0,4,2, , ,N,0,2,0,3,0,1,3,2,N,N,39 56:51.266,75 10:10.475,1432, ,1430, ,0, ,N, ,3, , , , , ,837639, , , ,1,0,0,0,0,0,1,0,1,0,0,0,1,1,0,0,0,0,0,0,0,1,0,1,0,0,0,0,0,0,0,0,0,0,0,8,0,39.9476,-75.1696, , 
 ,75172,2011053556,6,67,67301,2011,4,3,1227,12,1,1,0,8,1, , ,N,1,3,0,3,0,1,2,2,N, ,40 00:32.490,75 06:46.166,1238, ,1228, ,0, , , ,3, , , , , ,837656, , , ,1,0,0,0,0,0,1,0,0,0,1,0,1,0,0,0,0,0,0,0,0,0,0,0,0,0,0,0,0,0,0,0,1,0,0,3,0,40.009,-75.1128, , 
 ,75173,2011077044,6,67,67301,2011,7,5,2009,20,2,1,0,7,2, , ,N,0,0,0,3,0,1,1,1,N,N,39 59:07.365,75 05:38.726,2017, ,2011,1,1,2,N, ,0,N, , , , ,837708, , , ,1,1,0,0,0,0,0,0,0,1,0,0,1,0,0,0,0,0,0,0,0,0,0,0,0,0,0,1,0,0,0,0,0,0,0,2,0,39.9854,-75.094, , 
 ,75174,2011132784,6,67,67301,2011,11,2,1954,19,3,1,0,8,1, , ,N,1,2,0,3,0,1,2,2,N,N,39 58:48.567,75 10:09.473,2050, ,2050, ,0, ,N, ,3, , , , , ,837720, , , ,1,1,0,0,0,0,0,0,0,0,1,0,1,0,0,0,0,0,0,0,1,0,0,0,0,0,0,0,0,0,0,0,1,0,0,3,0,39.9802,-75.1693, , 
 ,75175,2011015995,6,67,67301,2011,1,2,1114,11,1,1,0,1,1, , ,N,2,0,0,3,0,1,4,3,N,N,40 00:53.355,75 09:06.285,1119, ,1114, ,0, ,N, ,0, , , , , ,837730, , , ,3,3,0,0,0,0,0,0,0,0,1,0,1,0,0,0,0,0,0,0,0,0,0,0,0,0,0,0,0,0,0,0,0,0,0,3,0,40.0148,-75.1517, , 
 ,75176,2011023029,6,67,67301,2011,1,3,1210,12,1,1,0,4,1, , ,N,2,3,0,3,0,1,2,2,N,N,39 59:05.211,75 10:57.539,1215, ,1210, ,0, ,N, ,3, , , , , ,837738, , , ,2,1,0,0,1,0,0,0,0,0,0,1,1,0,0,0,0,0,0,0,0,0,0,0,0,0,0,0,0,0,0,0,0,0,0,4,0,39.9848,-75.1826, , 
 ,75177,2011033565,6,67,67301,2011,3,6,9999,99,3,1,0,8,1, , ,N,1,2,0,3,0,1,2,2, , ,40 02:35.350,75 02:41.899,2050, ,2045, ,0, , , ,3, , , , , ,837748, , , ,1,0,0,0,1,0,0,0,0,0,1,0,1,0,0,0,0,0,0,0,1,0,0,1,0,0,0,0,0,0,0,0,1,0,0,3,0,40.0432,-75.045, , 
 ,75178,2011034359,6,46,46102,2011,3,1,1421,14,1,1,0,4,1, , ,N,1,2,0,3,0,0,2,2,N,N,40 03:55.027,75 05:25.289,1429, ,1421, ,0, ,N, ,3, , , , , ,837749, , , ,2,1,0,0,1,0,0,0,0,0,0,0,0,0,1,0,0,0,0,0,2,0,0,0,0,0,0,0,0,0,0,0,0,0,0,9,0,40.0653,-75.0904, , 
 ,75179,2011106660,6,67,67301,2011,9,7,45,0,3,1,0,5,6, , ,N,0,0,0,3,0,0,1,2,N,N,39 58:47.158,75 14:46.786,239, ,212,9,1,2,N, ,0,N, , , , ,837761, , , ,2,1,0,0,0,0,1,0,0,0,0,0,0,0,1,0,0,0,0,0,0,0,0,1,0,0,0,0,0,0,0,0,0,0,0,9,0,39.9798,-75.2463, , 
 ,75180,2011112099,6,67,67301,2011,10,7,405,4,3,1,0,5,2, , ,N,0,0,0,3,0,0,1,3,N, ,39 59:57.060,75 05:59.046,421, ,410, ,0, , , ,0, , , , , ,837769, , , ,3,2,0,0,0,0,1,0,0,0,0,0,0,0,0,0,0,0,0,0,0,0,0,0,0,0,0,0,0,0,0,0,0,0,0,0,0,39.9992,-75.0997, , 
 ,75181,2011065507,6,67,67301,2011,5,7,1321,13,1,1,0,4,1, , ,N,5,2,0,3,0,1,2,2,N,N,40 02:53.422,75 01:33.866,1321, ,1321,2,1,1,N, ,3,N, , , , ,837777, , , ,2,0,1,0,0,0,1,0,0,0,0,0,1,1,0,1,0,0,0,0,1,0,0,0,0,0,0,0,0,0,0,0,0,0,0,8,0,40.0482,-75.0261, , 
 ,75182,2011134792,6,67,67301,2011,12,7,1351,13,1,1,0,6,1, , ,N,0,2,0,3,0,0,1,4,N,N,39 57:23.831,75 12:36.641,1400, ,1351, ,0, ,N, ,3, , , , , ,840209, , , ,4,2,0,0,0,0,2,0,0,0,0,0,0,0,1,0,0,0,0,0,0,0,0,0,0,0,0,0,0,0,0,0,0,0,0,9,0,39.9566,-75.2102, , 
 ,75183,2011106116,6,67,67301,2011,9,1,430,4,3,1,0,6,1, , ,N,1,2,0,3,0,2,5,2,N,N,39 57:48.568,75 10:09.794,440, ,435, ,0, ,N, ,3, , , , , ,840256, , , ,2,2,0,0,0,0,0,0,0,0,0,2,2,0,0,0,0,0,0,0,0,0,0,0,0,0,0,0,0,0,0,0,0,0,0,4,0,39.9634,-75.1694, , 
 ,75184,2011100643,6,67,67301,2011,9,4,1304,13,1,2,1,4,1, , ,N,10,2,0,3,0,0,4,2,N,N,39 57:09.072,75 12:33.310,1307, ,1304, ,0, ,N, ,3, , , , , ,840286, , , ,2,2,0,0,0,0,0,0,0,0,0,0,0,0,0,0,0,0,0,0,1,0,0,1,0,0,0,0,0,0,0,0,0,0,0,0,0,39.9525,-75.2093, , 
 ,75185,2011104951,6,67,67301,2011,10,6,710,7,1,1,0,1,1, , ,N,0,0,0,3,0,3,5,4,N,N,40 00:49.466,75 03:25.275,729, ,717, ,0, ,N, ,0, , , , , ,840293, , , ,4,2,0,0,0,0,2,0,0,0,0,0,3,3,0,1,0,0,0,0,0,0,0,0,0,0,0,0,0,0,0,0,0,0,0,8,0,40.0138,-75.0569, , 
 ,75186,2011083436,6,67,67301,2011,7,4,1213,12,1,1,0,4,1, , ,N,2,2,0,3,0,2,2,2,N, ,39 57:09.508,75 10:41.403,1218, ,1215, ,0, , , ,3, , , , , ,840322, , , ,2,1,0,0,1,0,0,0,0,0,2,0,2,0,0,0,0,0,0,0,0,1,0,1,0,0,0,0,0,0,0,0,0,0,0,3,0,39.9526,-75.1782, , 
 ,75187,2011093072,6,67,67301,2011,8,3,1323,13,1,1,0,1,1, , ,N,2,2,0,3,0,0,2,2,N,N,40 01:15.608,75 08:23.307,1340, ,1326,1,1,3,N, ,3,N, , , , ,840332, , , ,2,1,0,0,0,0,0,1,0,0,0,0,0,0,0,0,0,0,0,0,2,0,0,0,0,0,0,0,0,0,0,0,0,0,0,0,0,40.021,-75.1399, , 
 ,75188,2012002014,6,67,67301,2011,12,2,2153,21,3,2,1,8,1, , ,N,1,3,0,3,0,1,2,2,N,N,39 55:55.218,75 11:23.827,2155, ,2155, ,0, ,N, ,3, , , , , ,840361, , , ,1,1,0,0,0,0,0,0,0,0,0,1,1,0,1,0,0,0,0,0,0,0,0,0,0,0,0,0,0,0,0,0,1,0,0,4,0,39.932,-75.19, , 
 ,75189,2011040243,6,67,67301,2011,3,5,9,0,3,2,1,8,1, , ,N,0,0,0,3,0,1,2,2,N,N,39 59:26.535,75 06:08.159,1230, ,1219, ,0, ,N, ,0, , , , , ,840368, , , ,1,1,0,0,0,0,0,0,0,0,1,0,1,0,1,0,0,0,0,0,0,0,0,0,0,0,0,0,0,0,0,0,1,0,0,3,0,39.9907,-75.1023, , 
 ,75190,2011040388,6,67,67301,2011,3,6,630,6,1,1,0,7,4, , ,N,2,2,0,3,0,1,2,1,N,N,40 01:58.068,75 12:51.988,704, ,658, ,0, ,N, ,3, , , , , ,840369, , , ,1,1,0,0,0,0,0,0,0,0,0,1,1,0,0,0,0,0,0,0,0,0,0,0,0,0,0,0,0,0,0,0,0,0,0,4,0,40.0328,-75.2144, , 
 ,75191,2011054131,6,67,67301,2011,4,4,652,6,1,2,1,1,1, , ,N,1,2,0,3,0,1,3,2,N,N,40 04:15.522,75 02:16.209,704, ,652, ,0, ,N, ,3, , , , , ,840383, , , ,2,1,0,0,0,0,1,0,0,0,0,1,1,0,0,0,0,0,0,0,1,0,0,0,0,0,0,0,0,0,0,0,0,0,0,4,0,40.071,-75.0378, , 
 ,75192,2011073640,6,67,67301,2011,7,3,1542,15,1,1,0,1,1, , ,N,0,0,0,3,0,3,7,3,N,N,39 57:28.146,75 09:43.610,1548, ,1543,1,1,3,N, ,0,N, , , , ,840396, , , ,3,0,0,0,1,0,1,0,0,0,0,0,3,3,1,0,0,0,0,0,0,0,0,0,0,0,0,0,0,0,0,0,0,0,0,8,0,39.9578,-75.1621, , 
 ,75193,2011075813,6,67,67301,2011,6,6,1545,15,1,1,0,1,1, , ,N,0,0,0,3,0,1,2,2,N, ,39 59:33.412,75 08:38.004,1616, ,1548, ,0, ,N, ,0, , , , , ,840398, , , ,2,1,0,0,0,0,1,0,0,0,0,1,1,0,0,0,0,0,0,0,1,0,0,0,0,0,0,0,0,0,0,0,0,0,0,4,0,39.9926,-75.1439, , 
 ,75194,2011098153,6,67,67301,2011,9,1,1340,13,1,1,0,5,1, , ,N,0,0,0,3,0,0,1,2,N,N,39 57:04.597,75 11:25.974,1348, ,1342, ,0, ,N, ,0, , , , , ,840417, , , ,2,1,0,0,1,0,0,0,0,0,0,0,0,0,0,0,0,0,0,0,0,0,0,0,0,0,0,0,0,0,0,0,0,0,0,0,0,39.9513,-75.1905, , 
 ,75195,2011112158,6,67,67301,2011,10,4,759,7,1,1,0,1,1, , ,N,1,2,0,3,0,4,22,2,Y,N,40 01:36.580,75 05:52.985,811, ,805,1,1,1,N, ,3,N, , , , ,840429, , , ,2,1,0,1,0,0,0,0,0,0,0,3,4,1,17,0,0,0,0,0,0,0,0,0,0,0,0,0,0,0,0,0,0,0,0,4,1,40.0268,-75.0981, , 
 ,75196,2011115825,6,67,67301,2011,11,6,1441,14,1,1,0,1,1, , ,N,0,0,0,3,0,0,4,3,N,N,39 57:29.373,75 09:53.776,1530, ,1519, ,0, ,N, ,0, , , , , ,840434, , , ,3,1,0,0,0,0,2,0,0,0,0,0,0,0,0,0,0,0,0,1,0,0,0,0,0,0,0,0,0,0,0,0,0,0,0,0,0,39.9582,-75.1649, , 
 ,75197,2011108943,6,67,67301,2011,9,2,821,8,1,1,1,5,1, , ,N,10,3,0,3,0,3,5,4,N,N,40 02:52.901,75 05:34.215,841, ,836, ,0, ,N, ,3, , , , , ,840437, , , ,4,4,0,0,0,0,0,0,0,0,0,3,3,0,0,0,0,0,0,0,1,0,0,1,0,0,0,0,0,0,0,0,0,0,0,4,0,40.048,-75.0928, , 
 ,75198,2011118187,6,67,67301,2011,10,7,2221,22,3,3,4,2,1, , ,N,2,0,0,3,0,1,1,3,N,N,40 07:02.186,75 02:27.242,2245, ,2240, ,0, ,N, ,0, , , , , ,840448, , , ,3,1,0,0,2,0,0,0,0,0,0,1,1,0,0,0,0,0,0,0,0,0,0,0,0,0,0,0,0,0,0,0,0,0,0,4,0,40.1173,-75.0409, , 
 ,75199,2011122764,6,67,67301,2011,11,6,1945,19,3,1,0,8,1, , ,N,0,0,0,3,0,1,2,2,N, ,40 07:16.579,75 00:41.482,2010, ,1950, ,0, , , ,0, , , , , ,840452, , , ,1,1,0,0,0,0,0,0,0,0,0,0,1,1,0,0,0,0,0,0,1,0,0,0,0,0,0,0,0,0,0,0,1,0,0,8,0,40.1213,-75.0115, , 
 ,75200,2011082429,6,67,67301,2011,7,1,1330,13,1,1,0,2,1, , ,N,2,0,0,3,0,1,3,2,N,N,39 57:59.536,75 08:12.911,1340, ,1338,3,2,5,N, ,0,Y, , , , ,831125, , , ,2,1,1,0,0,0,0,0,0,0,1,0,1,0,0,0,0,0,0,0,0,0,0,0,0,0,0,0,0,0,0,0,0,0,0,3,0,39.9665,-75.1369, , 
 ,75201,2011090451,6,67,67301,2011,8,6,1420,14,1,1,0,1,1, , ,N,0,0,0,3,0,1,1,4,N,N,40 01:33.831,75 07:20.349,1446, ,1428,1,1,4,N, ,0,N, , , , ,831136, , , ,4,3,0,0,0,0,0,1,0,0,1,0,1,0,0,0,0,0,0,0,1,0,0,0,0,0,0,0,0,0,0,0,0,0,0,3,0,40.0261,-75.122, , 
 ,75202,2011095380,6,67,67301,2011,8,7,952,9,1,1,0,4,1, , ,N,5,2,99,3,0,0,2,2,N,N,40 01:50.025,75 08:47.329,952, ,952, ,0, ,N, ,3, , , , , ,831144, , , ,2,1,0,1,0,0,0,0,0,0,0,0,0,0,0,0,0,0,0,0,1,0,0,0,0,0,0,0,0,0,0,0,0,0,0,0,1,40.0306,-75.1465, , 
 ,75203,2011108851,6,67,67301,2011,9,7,1347,13,1,1,0,8,2, , ,N,2,2,0,3,0,1,3,2,N,N,40 04:40.775,75 01:25.271,1355, ,1349, ,0, ,N, ,3, , , , , ,831153, , , ,1,1,0,0,0,0,0,0,0,0,0,1,1,0,0,0,0,0,0,0,0,0,0,0,0,0,0,0,0,0,0,0,1,0,0,4,0,40.078,-75.0237, , 
 ,75204,2011108875,6,67,67301,2011,10,2,1320,13,1,1,0,4,1, , ,N,1,2,0,3,0,2,2,2,N,N,40 01:03.302,75 03:54.743,1341, ,1339, ,0, , , ,3, , , , , ,831154, , , ,2,2,0,0,0,0,0,0,0,0,0,0,2,2,0,0,0,0,0,0,0,1,0,0,0,0,0,0,0,0,0,0,0,0,0,8,0,40.0176,-75.065, , 
 ,75205,2011085508,6,67,67301,2011,7,7,1127,11,1,1,0,5,1, , ,N,0,0,0,3,0,0,3,2,N,N,40 03:54.488,75 02:28.911,1130, ,1129,3,1,5,Y, ,0,N, , , , ,831166, , , ,2,2,0,0,0,0,0,0,0,0,0,0,0,0,0,0,0,0,0,0,0,0,0,0,0,0,0,0,0,0,0,0,0,0,0,0,0,40.0651,-75.0414, , 