wz_ln_closure,objectid_1,crn,district,county,municipality,crash_year,crash_month,day_of_week,time_of_day,hour_of_day,illumination,weather,road_condition,collision_type,relation_to_road,work_zone_type,work_zone_loc,work_zone_ind,intersect_type,tcd_type,location_type,urban_rural,fatal_count,injury_count,person_count,total_units,sch_bus_ind,sch_zone_ind,latitude,longitude,arrival_tm,cons_zone_spd_lim,dispatch_tm,est_hrs_closed,lane_closed,ln_close_dir,ntfy_hiwy_maint,spec_juris_cd,tcd_func_cd,tfc_detour_ind,workers_pres,wz_close_detour,wz_flagger,wz_law_offcr_ind,objectid,wz_moving,wz_other,wz_shlder_mdn,vehicle_count,automobile_count,motorcycle_count,bus_count,small_truck_count,heavy_truck_count,suv_count,van_count,bicycle_count,maj_inj_count,mod_inj_count,min_inj_count,tot_inj_count,unk_inj_deg_count,unk_inj_per_count,driver_count_16yr,driver_count_17yr,driver_count_18yr,driver_count_19yr,driver_count_20yr,driver_count_50_64yr,driver_count_65_74yr,driver_count_75plus,unbelted_occ_count,unb_death_count,unb_maj_inj_count,belted_death_count,belted_maj_inj_count,mcycle_death_count,mcycle_maj_inj_count,bicycle_death_count,bicycle_maj_inj_count,ped_count,ped_death_count,ped_maj_inj_count,max_severity_level,comm_veh_count,dec_lat,dec_long,rdwy_surf_type_cd,county_name
 ,75272,2011072270,6,67,67301,2011,7,7,1906,19,1,1,0,7,3, , ,N,0,0,0,3,0,0,1,1,N,N,39 58:08.659,75 07:38.012,1917, ,1909,1,1,1,N, ,0,N, , , , ,839899, , , ,1,1,0,0,0,0,0,0,0,0,0,0,0,0,0,0,0,0,0,0,0,0,0,0,0,0,0,0,0,0,0,0,0,0,0,0,0,39.969,-75.1273, , 
 ,75273,2011078076,6,67,67301,2011,7,7,859,8,1,1,0,0,1, , ,N,0,0,8,3,0,1,1,1,N,N,39 57:24.113,75 08:30.637,900, ,900,4,1,3,Y, ,0,Y, , , , ,831372, , , ,1,0,0,0,0,1,0,0,0,0,0,0,1,1,0,0,0,0,0,0,0,0,0,0,0,0,0,0,0,0,0,0,0,0,0,8,1,39.9567,-75.1418, , 
 ,75274,2011082580,6,67,67301,2011,7,1,1321,13,1,1,0,6,1, , ,N,1,2,0,3,0,2,4,2,N,N,40 02:25.098,75 02:36.070,1350, ,125,1,1,7,N, ,1,N, , , , ,831376, , , ,2,2,0,0,0,0,0,0,0,0,0,0,2,2,0,0,0,0,0,0,0,0,0,0,0,0,0,0,0,0,0,0,0,0,0,8,0,40.0403,-75.0434, , 
 ,75275,2011087924,6,67,67301,2011,7,7,410,4,3,1,0,4,6, , ,N,0,0,0,3,0,0,1,3,N,N,40 06:51.771,75 01:57.968,419, ,413, ,0, ,N, ,0, , , , , ,831385, , , ,3,3,0,0,0,0,0,0,0,0,0,0,0,0,0,0,0,0,0,0,0,0,0,0,0,0,0,0,0,0,0,0,0,0,0,0,0,40.1144,-75.0328, , 
 ,75276,2011093455,6,67,67301,2011,8,7,1848,18,1,1,0,8,1, , ,N,1,0,0,3,0,1,2,2,N,N,40 01:33.441,75 04:50.476,1852, ,1848,1,1,6,N, ,0,N, , , , ,831391, , , ,1,1,0,0,0,0,0,0,0,0,0,0,1,1,0,0,0,0,0,0,0,0,0,0,0,0,0,0,0,0,0,0,1,0,0,8,0,40.026,-75.0807, , 
 ,75277,2011073152,6,67,67301,2011,5,7,1513,15,1,1,0,8,1, , ,N,2,0,7,3,0,1,2,2,N,N,39 57:20.397,75 12:41.644,1734, ,1515, ,0, ,N, ,0, , , , , ,831407, , , ,1,0,0,0,0,0,1,0,0,0,1,0,1,0,0,0,0,0,0,0,0,0,0,0,0,0,0,0,0,0,0,0,1,0,0,3,0,39.9557,-75.2116, , 
 ,75278,2011090505,6,67,67301,2011,7,1,127,1,3,1,0,5,1, , ,N,0,0,0,3,0,1,5,2,N,N,40 01:13.522,75 09:35.749,136, ,130, ,0, ,N, ,0, , , , , ,831423, , , ,2,2,0,0,0,0,0,0,0,0,0,1,1,0,2,0,0,0,0,0,0,0,0,3,0,0,0,0,0,0,0,0,0,0,0,4,0,40.0204,-75.1599, , 
 ,75279,2011075667,6,67,67301,2011,6,1,1446,14,1,1,0,4,1, , ,N,0,0,0,3,0,0,3,4, , ,39 57:19.591,75 09:22.996,1449, ,1446, ,0, , , ,0, , , , , ,831446, , , ,3,2,0,0,1,0,0,0,0,0,0,0,0,0,0,0,0,0,0,0,0,0,0,0,0,0,0,0,0,0,0,0,1,0,0,0,0,39.9554,-75.1564, , 
 ,75280,2011081947,6,46,46102,2011,8,3,1238,12,1,2,1,4,1, , ,N,0,0,7,3,0,2,3,2,N,N,40 04:25.993,75 09:28.900,1241, ,1238,1,1,4,N, ,0,N, , , , ,831450, , , ,2,1,0,0,0,0,0,1,0,0,2,0,2,0,0,0,0,0,0,0,0,0,0,0,0,0,0,0,0,0,0,0,0,0,0,3,0,40.0738,-75.1579, , 
 ,75281,2011075746,6,67,67301,2011,6,5,1140,11,1,1,0,1,1, , ,N,1,2,0,3,0,1,5,3, , ,39 56:22.436,75 13:13.011,1146, ,1142, ,0, , , ,3, , , , , ,831456, , , ,3,2,0,0,1,0,0,0,0,0,0,1,1,0,0,0,0,0,0,0,0,0,2,0,0,0,0,0,0,0,0,0,0,0,0,4,0,39.9396,-75.2203, , 
 ,75282,2011082713,6,67,67301,2011,7,3,2125,21,3,1,0,1,1, , ,N,2,2,0,3,0,1,4,3,N,N,40 02:48.569,75 00:53.502,2141, ,2135, ,0, ,N, ,3, , , , , ,831463, , , ,3,1,0,0,1,0,1,0,0,0,0,1,1,0,0,0,0,0,0,0,1,0,0,0,0,0,0,0,0,0,0,0,0,0,0,4,0,40.0468,-75.0149, , 
 ,75283,2011098105,6,67,67301,2011,9,4,1320,13,1,1,0,8,1, , ,N,1,2,0,3,0,1,2,2,N, ,40 01:11.588,75 10:29.885,1327, ,1322,1,1,2, , ,3,Y, , , , ,831476, , , ,1,0,0,0,1,0,0,0,0,0,0,0,1,1,0,0,0,0,0,0,1,0,0,0,0,0,0,0,0,0,0,0,1,0,0,8,0,40.0199,-75.175, , 
 ,75284,2011108745,6,67,67301,2011,9,3,2247,22,3,1,0,4,1, , ,N,1,2,0,3,0,1,2,2,N, ,39 55:25.798,75 14:12.901,2247, ,2247, ,0, , , ,3, , , , , ,831536, , , ,2,2,0,0,0,0,0,0,0,0,0,0,1,1,0,0,0,0,0,0,0,0,0,2,0,0,0,0,0,0,0,0,0,0,0,8,0,39.9238,-75.2369, , 
 ,75285,2011057032,6,67,67301,2011,4,7,1850,18,1,1,0,4,1, , ,N,1,3,0,3,0,1,2,2, , ,40 01:46.491,75 04:51.013,1858, ,1855, ,0, , , ,3, , , , , ,831560, , , ,2,0,0,0,0,0,1,0,0,0,0,1,1,0,1,0,0,0,0,0,0,0,1,0,0,0,0,0,0,0,0,0,0,0,0,4,0,40.0296,-75.0808, , 
 ,75286,2011073288,6,67,67301,2011,6,4,9999,99,1,1,0,6,1, , ,N,0,0,0,3,0,4,4,3,N,N,39 59:53.059,75 08:16.814,912, ,910, ,0, ,N, ,0, , , , , ,831574, , , ,3,2,0,0,0,0,0,1,0,0,0,4,4,0,0,0,0,0,0,0,0,0,0,0,0,0,0,0,0,0,0,0,0,0,0,4,0,39.9981,-75.138, , 
 ,75287,2011082430,6,67,67301,2011,7,6,23,0,3,1,0,8,1, , ,N,1,2,0,3,0,1,4,2,N,N,39 57:09.072,75 12:33.310,25, ,24, ,0, ,N, ,3, , , , , ,831588, , , ,1,1,0,0,0,0,0,0,1,0,0,0,1,1,0,0,0,0,0,0,0,0,0,0,0,0,0,0,0,0,0,0,0,0,0,8,0,39.9525,-75.2093, , 
 ,75288,2011075652,6,67,67301,2011,6,3,1617,16,2,1,0,1,2, , ,N,0,0,0,3,0,0,1,2,N,N,40 05:37.014,74 58:33.823,1619, ,1617, ,0, ,N, ,0, , , , , ,831622, , , ,2,2,0,0,0,0,0,0,0,0,0,0,0,0,0,0,0,0,0,0,0,0,0,1,0,0,0,0,0,0,0,0,0,0,0,0,0,40.0936,-74.9761, , 
 ,75289,2011083313,6,67,67301,2011,7,2,2020,20,3,1,0,8,1, , ,N,1,2,0,3,0,1,2,2,N,N,40 02:44.514,75 01:53.568,2207, ,2155, ,0, ,N, ,3, , , , , ,831627, , , ,1,1,0,0,0,0,0,0,0,0,0,1,1,0,0,0,0,0,0,0,0,0,0,0,0,0,0,0,0,0,0,0,1,0,0,4,0,40.0457,-75.0315, , 
 ,75290,2011115349,6,67,67301,2011,10,2,1640,16,1,1,0,4,1, , ,N,1,2,0,3,0,1,4,2,N,N,40 00:07.931,75 09:27.517,1640, ,1636, ,0, ,N, ,3, , , , , ,831639, , , ,2,2,0,0,0,0,0,0,0,0,0,1,1,0,0,0,0,0,0,0,1,0,0,0,0,0,0,0,0,0,0,0,0,0,0,4,0,40.0022,-75.1576, , 
 ,75291,2011057291,6,67,67301,2011,4,3,1600,16,1,1,0,4,1, , ,N,1,2,0,3,0,1,2,2,N,N,39 58:03.012,75 10:47.758,1645, ,1640, ,0, ,N, ,3, , , , , ,834688, , , ,2,2,0,0,0,0,0,0,0,0,0,1,1,0,0,0,0,0,0,0,0,0,1,0,0,0,0,0,0,0,0,0,0,0,0,4,0,39.9675,-75.1799, , 
 ,75292,2011073305,6,67,67301,2011,6,5,800,8,1,1,0,8,1, , ,N,1,2,0,3,0,1,2,2,N, ,40 05:36.611,74 58:48.599,1525, ,1522, ,0, , , ,3, , , , , ,834695, , , ,1,0,0,0,0,0,0,0,0,0,1,0,1,0,0,0,0,0,0,0,0,0,0,0,0,0,0,0,0,0,0,0,1,0,0,3,0,40.0935,-74.9802, , 
 ,75293,2011100795,6,67,67301,2011,9,7,1833,18,1,1,0,4,1, , ,N,1,2,0,3,0,1,2,2,N, ,40 05:04.128,74 58:25.148,1835, ,1833, ,0, , , ,3, , , , , ,834711, , , ,2,2,0,0,0,0,0,0,0,0,0,1,1,0,1,0,0,0,0,0,0,0,0,0,0,0,0,0,0,0,0,0,0,0,0,4,0,40.0845,-74.9737, , 
 ,75294,2011118083,6,67,67301,2011,10,6,9999,99,1,1,0,4,1, , ,N,2,3,0,3,0,1,2,2,N,N,39 59:48.375,75 09:49.460,9999, ,9999, ,0, ,N, ,9, , , , , ,834720, , , ,2,1,0,0,0,0,0,1,0,0,0,0,1,1,1,0,0,0,0,0,2,0,0,0,0,0,0,0,0,0,0,0,0,0,0,8,0,39.9968,-75.1637, , 
 ,75295,2011098124,6,67,67301,2011,9,1,1841,18,1,1,0,8,1, , ,N,2,3,0,3,0,1,2,2,N,N,40 02:14.229,75 05:01.571,1848, ,1842, ,0, , , ,2, , , , , ,834726, , , ,1,1,0,0,0,0,0,0,0,0,0,1,1,0,1,0,0,0,0,0,0,0,0,1,0,0,0,0,0,0,0,0,1,0,0,4,0,40.0373,-75.0838, , 
 ,75296,2011061688,6,67,67301,2011,6,2,818,8,1,1,0,7,2, , ,N,0,0,1,3,0,3,5,3,N,N,39 57:30.443,75 10:49.021,837, ,827,1,1,4,N, ,0,N, , , , ,834749, , , ,3,2,0,0,1,0,0,0,0,0,0,3,3,0,0,0,0,0,0,0,0,0,0,0,0,0,0,0,0,0,0,0,0,0,0,4,0,39.9585,-75.1803, , 
 ,75297,2011064137,6,67,67301,2011,5,7,1050,10,1,1,0,2,1, , ,N,1,1,0,3,0,1,3,2,N, ,39 58:49.670,75 13:41.343,1100, ,1054, ,0, , , ,1, , , , , ,834751, , , ,2,2,0,0,0,0,0,0,0,0,0,0,1,1,0,0,0,0,0,0,0,0,0,0,0,0,0,0,0,0,0,0,0,0,0,8,0,39.9805,-75.2282, , 
 ,75298,2011085542,6,67,67301,2011,7,1,320,3,3,1,0,3,1, , ,N,2,3,0,3,0,1,5,2,N, ,39 56:10.582,75 10:25.240,322, ,320, ,0, , , ,3, , , , , ,834771, , , ,2,2,0,0,0,0,0,0,0,0,0,1,1,0,0,0,0,0,0,0,0,0,0,1,0,0,0,0,0,0,0,0,0,0,0,4,0,39.9363,-75.1737, , 
 ,75299,2011093086,6,67,67301,2011,8,7,113,1,3,1,0,5,1, , ,N,2,0,0,3,0,0,3,2,N, ,40 02:02.317,75 10:19.396,113, ,113,2,2,5, , ,0,Y, , , , ,834773, , , ,2,1,0,0,0,0,0,1,0,0,0,0,0,0,0,0,0,0,0,0,1,0,0,0,0,0,0,0,0,0,0,0,0,0,0,0,0,40.034,-75.1721, , 
 ,75300,2011083282,6,67,67301,2011,7,5,1740,17,1,1,0,8,1, , ,N,2,2,0,3,0,1,2,2,N,N,39 57:12.163,75 10:17.838,1758, ,1757, ,0, ,N, ,3, , , , , ,834823, , , ,1,0,0,0,0,0,1,0,0,0,0,0,1,1,0,0,0,0,0,0,0,0,0,0,0,0,0,0,0,0,0,0,1,0,0,8,0,39.9534,-75.1716, , 
 ,75301,2011093049,6,67,67301,2011,8,5,1700,17,1,1,0,4,1, , ,N,1,2,0,3,0,1,2,2,N, ,39 57:39.001,75 08:34.269,1710, ,1700, ,0, , , ,3, , , , , ,834831, , , ,1,0,0,0,1,0,0,0,1,0,0,1,1,0,0,0,0,0,0,0,0,0,0,1,0,0,0,0,0,0,0,0,0,0,0,4,0,39.9608,-75.1426, , 
 ,75302,2011098104,6,67,67301,2011,9,2,15,0,3,1,0,7,4, , ,N,0,0,0,3,0,0,1,3,N,N,40 00:18.988,75 09:25.044,1225, ,1220, ,0, ,N, ,0, , , , , ,834836, , , ,3,3,0,0,0,0,0,0,0,0,0,0,0,0,0,0,0,0,0,0,0,0,0,0,0,0,0,0,0,0,0,0,0,0,0,0,0,40.0053,-75.157, , 
 ,75303,2011033582,6,67,67301,2011,2,4,1500,15,1,1,0,4,1, , ,N,0,0,7,3,0,1,3,2,N,N,39 54:59.905,75 13:02.069,1605, ,1555, ,0, , , ,0, , , , , ,834889, , , ,2,0,0,0,1,0,1,0,0,0,0,1,1,0,0,0,0,0,1,0,1,0,0,0,0,0,0,0,0,0,0,0,0,0,0,4,0,39.9162,-75.2198, , 
 ,75304,2011037971,6,67,67301,2011,3,1,2119,21,3,1,0,1,1, , ,N,1,3,0,3,0,2,3,2,N,N,40 00:19.778,75 09:30.995,2130, ,2124, ,0, , , ,3, , , , , ,834895, , , ,2,2,0,0,0,0,0,0,0,0,0,0,2,2,0,0,0,0,0,0,1,1,0,0,0,0,0,0,0,0,0,0,0,0,0,8,0,40.0055,-75.1586, , 
 ,75305,2011038356,6,67,67301,2011,3,7,745,7,1,1,0,8,1, , ,N,1,2,0,3,0,1,2,2,N,N,39 58:43.230,75 09:28.092,800, ,755, ,0, ,N, ,3, , , , , ,834896, , , ,1,1,0,0,0,0,0,0,0,0,0,1,1,0,0,0,0,0,0,0,0,0,0,0,0,0,0,0,0,0,0,0,1,0,0,4,0,39.9787,-75.1578, , 
 ,75306,2011053540,6,67,67301,2011,4,6,1618,16,1,1,0,6,1, , ,N,2,3,0,3,0,2,3,2,N,N,39 57:26.863,75 13:24.193,1629, ,1629, ,0, ,N, ,3, , , , , ,834910, , , ,2,1,0,0,1,0,0,0,0,0,0,0,2,2,1,0,0,0,0,0,1,0,0,0,0,0,0,0,0,0,0,0,0,0,0,8,0,39.9575,-75.2234, , 
 ,75307,2011064006,6,67,67301,2011,5,6,2300,23,3,1,0,4,1, , ,N,2,2,2,3,0,1,3,2,N,N,39 58:29.031,75 11:53.718,2311, ,2306, ,0, ,N, ,3, , , , , ,834913, , , ,2,2,0,0,0,0,0,0,0,0,1,0,1,0,1,0,0,0,0,0,0,0,0,0,0,0,0,0,0,0,0,0,0,0,0,3,0,39.9747,-75.1983, , 
 ,75308,2011064018,6,67,67301,2011,5,6,800,8,1,1,0,8,1, , ,N,2,3,0,3,0,1,2,2,N,N,39 58:20.512,75 09:33.019,820, ,819,3,2,3,N, ,3,Y, , , , ,834914, , , ,1,0,0,0,0,0,1,0,0,0,0,1,1,0,0,0,0,0,0,0,1,0,0,0,0,0,0,0,0,0,0,0,1,0,0,4,0,39.9724,-75.1592, , 
 ,75309,2011106663,6,67,67301,2011,9,1,800,8,1,1,0,1,1, , ,N,10,9,0,3,0,1,5,2,N, ,39 58:43.230,75 09:28.092,937, ,934, ,0, , , ,9, , , , , ,838021, , , ,2,2,0,0,0,0,0,0,0,0,0,0,1,1,4,0,0,0,0,0,0,0,0,4,0,0,0,0,0,0,0,0,0,0,0,8,0,39.9787,-75.1578, , 
 ,75310,2011112096,6,67,67301,2011,10,1,1214,12,1,1,0,4,1, , ,N,1,3,0,3,0,0,2,3,N,N,40 00:50.713,75 08:25.529,1246, ,1241,1,2,6,N, ,3,Y, , , , ,838029, , , ,3,2,0,0,0,0,1,0,0,0,0,0,0,0,0,0,0,0,0,0,0,0,0,2,0,0,0,0,0,0,0,0,0,0,0,0,0,40.0141,-75.1404, , 
 ,75311,2011066139,6,67,67301,2011,5,5,805,8,1,1,0,8,1, , ,N,1,2,2,3,0,1,2,2, , ,39 57:33.096,75 10:31.926,813, ,813, ,0, , , ,3, , , , , ,838043, , , ,1,1,0,0,0,0,0,0,0,0,0,1,1,0,0,0,0,0,0,0,1,0,0,0,0,0,0,0,0,0,0,0,1,0,0,4,0,39.9592,-75.1757, , 
 ,75312,2011106187,6,67,67301,2011,9,5,1717,17,1,1,0,4,1, , ,N,2,3,0,3,0,0,4,2,N,N,40 00:53.049,75 12:21.765,1725, ,1717,1,1,6,N, ,3,N, , , , ,838083, , , ,2,1,0,0,0,0,1,0,0,0,0,0,0,0,0,0,0,0,0,0,0,0,0,0,0,0,0,0,0,0,0,0,0,0,0,0,0,40.015,-75.2061, , 
 ,75313,2011104101,6,67,67301,2011,10,6,1532,15,1,1,0,1,1, , ,N,0,0,0,3,0,1,11,3,N,N,39 57:26.484,75 09:28.720,1546, ,1532,1,1,4,N, ,0,N, , , , ,838103, , , ,3,2,0,0,0,0,0,1,0,0,1,0,1,0,0,0,0,0,0,0,1,0,0,0,0,0,0,0,0,0,0,0,0,0,0,3,0,39.9574,-75.158, , 
 ,75314,2011118194,6,67,67301,2011,10,4,9999,99,1,1,0,6,1, , ,N,0,0,0,3,0,1,2,2,N,N,39 53:02.080,75 13:50.140,9999, ,9999, ,0, ,N, ,0, , , , , ,838120, , , ,2,1,0,0,1,0,0,0,0,0,0,1,1,0,0,0,0,0,0,0,0,0,0,0,0,0,0,0,0,0,0,0,0,0,0,4,0,39.8839,-75.2306, , 
 ,75315,2011066210,6,67,67301,2011,6,7,1718,17,1,1,0,8,1, , ,N,1,2,0,3,0,1,2,2, , ,39 57:20.134,75 09:26.942,1725, ,1720,1,2,1, , ,3,Y, , , , ,838155, , , ,1,0,0,0,0,0,1,0,0,0,0,1,1,0,0,0,0,0,0,0,0,0,0,0,0,0,0,0,0,0,0,0,1,0,0,4,0,39.9556,-75.1575, , 
 ,75316,2011067928,6,67,67301,2011,6,3,1615,16,1,1,0,1,1, , ,N,0,0,0,3,0,0,2,2,N,N,39 55:03.427,75 08:51.277,1652, ,1621,3,1,1,N, ,0,N, , , , ,838158, , , ,2,1,0,0,0,0,1,0,0,0,0,0,0,0,0,0,0,0,0,0,0,0,0,0,0,0,0,0,0,0,0,0,0,0,0,0,0,39.9175,-75.1476, , 
 ,75317,2011075681,6,67,67301,2011,6,2,105,1,3,1,0,8,1, , ,N,1,9,0,3,0,1,2,2,N,N,40 01:43.550,75 07:55.833,112, ,110, ,0, ,N, ,9, , , , , ,838166, , , ,1,1,0,0,0,0,0,0,0,0,0,0,1,1,1,0,0,0,0,0,0,0,0,0,0,0,0,0,0,0,0,0,1,0,0,8,0,40.0288,-75.1322, , 
 ,75318,2011085138,6,67,67301,2011,8,4,1357,13,1,1,0,1,1, , ,N,0,0,2,3,0,0,2,2,N,N,39 53:32.850,75 14:00.032,1426, ,1405, ,0, ,N, ,0, , , , , ,838170, , , ,2,2,0,0,0,0,0,0,0,0,0,0,0,0,0,0,0,0,0,0,0,1,0,0,0,0,0,0,0,0,0,0,0,0,0,0,0,39.8925,-75.2333, , 
 ,75319,2011098921,6,67,67301,2011,6,1,2143,21,3,1,0,4,1, , ,N,1,2,0,3,0,1,2,2,N,N,39 59:20.443,75 08:27.250,2146, ,2143,3,2,7,N, ,3,Y, , , , ,838179, , , ,2,2,0,0,0,0,0,0,0,0,0,0,1,1,0,0,0,0,0,0,1,0,0,0,0,0,0,0,0,0,0,0,0,0,0,8,0,39.989,-75.1409, , 
 ,75320,2011061365,6,67,67301,2011,4,3,2312,23,3,2,1,4,1, , ,N,0,0,7,3,0,1,3,2,N,N,40 01:35.355,75 02:31.883,2313, ,2312,2,1,2,N, ,0,N, , , , ,838194, , , ,2,1,0,0,1,0,0,0,0,0,0,0,1,1,0,0,0,1,0,0,0,0,0,0,0,0,0,0,0,0,0,0,0,0,0,8,0,40.0265,-75.0422, , 
 ,75321,2011108804,6,67,67301,2011,9,2,1317,13,1,1,0,8,1, , ,N,3,2,0,3,0,1,2,2,N,N,40 00:02.558,75 08:36.255,1330, ,1321, ,0, , , ,9, , , , , ,838206, , , ,1,1,0,0,0,0,0,0,1,0,0,1,1,0,0,0,0,0,0,0,0,0,1,1,0,0,0,0,0,0,0,0,0,0,0,4,0,40.0008,-75.1434, , 
 ,75322,2011118117,6,67,67301,2011,10,7,1330,13,1,1,0,4,1, , ,N,2,2,0,3,0,2,2,2,N,N,40 01:47.237,75 03:36.393,1336, ,1333,1,1,4,N, ,3,N, , , , ,838216, , , ,2,0,0,0,0,0,1,1,0,0,0,2,2,0,0,0,0,0,0,0,0,1,0,0,0,0,0,0,0,0,0,0,0,0,0,4,0,40.0298,-75.0601, , 
 ,75323,2011134660,6,67,67301,2011,11,4,1704,17,3,1,0,4,1, , ,N,0,0,7,3,0,1,3,2,N,N,39 57:29.352,75 12:35.054,1925, ,1925,1,1,3,N, ,0,N, , , , ,838226, , , ,2,1,0,0,0,0,0,1,0,0,0,1,1,0,0,0,0,0,0,0,0,0,0,0,0,0,0,0,0,0,0,0,0,0,0,4,0,39.9582,-75.2097, , 
 ,75324,2011064178,6,67,67301,2011,5,2,2120,21,2,1,0,4,1, , ,N,2,3,0,3,0,1,2,2, , ,39 59:42.753,75 04:39.315,2135, ,2130, ,0, , , ,3, , , , , ,838230, , , ,2,1,0,0,1,0,0,0,0,0,0,1,1,0,0,0,0,0,1,0,0,0,0,0,0,0,0,0,0,0,0,0,0,0,0,4,0,39.9952,-75.0776, , 
 ,75325,2011073156,6,67,67301,2011,6,3,1630,16,1,1,0,8,1, , ,N,1,2,0,3,0,1,2,2,N,N,39 56:57.192,75 09:02.555,1647, ,1645, ,0, ,N, ,3, , , , , ,838249, , , ,1,1,0,0,0,0,0,0,0,0,0,1,1,0,0,0,0,0,0,0,0,0,0,0,0,0,0,0,0,0,0,0,1,0,0,4,0,39.9492,-75.1508, , 
 ,75326,2011100829,6,67,67301,2011,8,7,250,2,3,1,0,7,5, , ,N,2,0,0,3,0,2,2,1,N,N,39 54:26.330,75 08:19.784,257, ,252,3,1,2,N, ,0,Y, , , , ,838276, , , ,1,1,0,0,0,0,0,0,0,1,0,0,2,1,0,0,0,0,0,0,0,0,0,1,0,0,0,0,0,0,0,0,0,0,0,2,0,39.9073,-75.1388, , 
 ,75327,2011023176,6,67,67301,2011,2,4,125,1,3,4,3,5,1, , ,N,0,0,0,3,0,0,1,5,N,N,40 03:02.440,75 07:31.566,130, ,126,3,2,5,N, ,0,Y, , , , ,841259, , , ,5,3,0,0,0,0,2,0,0,0,0,0,0,0,0,0,0,0,0,0,0,0,0,0,0,0,0,0,0,0,0,0,0,0,0,0,0,40.0507,-75.1254, , 
 ,75328,2011029092,6,67,67301,2011,2,7,450,4,3,1,0,7,2, , ,N,2,3,0,3,0,1,1,1,N,N,40 03:16.012,74 59:39.101,500, ,457, ,0, ,N, ,3, , , , , ,841261, , , ,1,1,0,0,0,0,0,0,0,0,0,0,1,1,0,0,0,0,0,0,0,0,0,0,0,0,0,0,0,0,0,0,0,0,0,8,0,40.0544,-74.9942, , 
 ,75329,2011033577,6,67,67301,2011,2,2,423,4,3,2,1,7,5, , ,N,2,3,0,3,0,0,1,1,N,N,40 03:13.255,75 01:43.348,424, ,424, ,0, ,N, ,3, , , , , ,841265, , , ,1,1,0,0,0,0,0,0,0,0,0,0,0,0,1,0,0,0,0,0,0,0,0,1,0,0,0,0,0,0,0,0,0,0,0,9,0,40.0537,-75.0287, , 
 ,75330,2012022589,6,67,67301,2011,12,4,9999,99,3,2,1,8,1, , ,N,1,2,0,3,0,1,2,2,N,N,39 59:01.026,75 14:49.382,2231, ,2226, ,0, ,N, ,3, , , , , ,841276, , , ,1,1,0,0,0,0,0,0,0,0,0,0,1,1,0,0,0,0,0,0,0,0,0,0,0,0,0,0,0,0,0,0,1,0,0,8,0,39.9836,-75.2471, , 
 ,75331,2011044602,6,67,67301,2011,4,1,1945,19,3,1,0,4,1, , ,N,1,2,0,3,0,1,2,2,N,N,39 54:42.148,75 10:20.534,1955, ,1950, ,0, ,N, ,3, , , , , ,841315, , , ,2,2,0,0,0,0,0,0,0,0,1,0,1,0,0,0,0,0,1,0,0,0,0,0,0,0,0,0,0,0,0,0,0,0,0,3,0,39.9117,-75.1724, , 
 ,75332,2011115246,6,67,67301,2011,9,6,2215,22,3,2,1,4,1, , ,N,0,0,7,3,0,1,2,2,N,N,40 02:34.878,75 03:06.788,2304, ,2252, ,0, ,N, ,0, , , , , ,841345, , , ,2,1,0,0,1,0,0,0,0,0,0,1,1,0,0,0,0,0,0,0,1,0,0,0,0,0,0,0,0,0,0,0,0,0,0,4,0,40.043,-75.0519, , 
 ,75333,2011061892,6,67,67301,2011,5,5,1017,10,1,1,0,5,1, , ,N,1,2,0,3,0,0,2,2,N,N,39 57:28.508,75 09:50.910,1023, ,1021, ,0, ,N, ,3, , , , , ,841367, , , ,2,2,0,0,0,0,0,0,0,0,0,0,0,0,0,0,0,0,0,0,0,0,0,0,0,0,0,0,0,0,0,0,0,0,0,0,0,39.9579,-75.1641, , 
 ,75334,2011064157,6,67,67301,2011,5,2,1335,13,1,1,0,1,1, , ,N,2,0,0,3,0,1,3,2, , ,39 59:17.419,75 07:42.725,1341, ,1340,1,1,2, , ,0,N, , , , ,841369, , , ,2,2,0,0,0,0,0,0,0,0,0,0,1,1,0,0,0,0,0,0,2,0,0,2,0,0,0,0,0,0,0,0,0,0,0,8,0,39.9882,-75.1285, , 
 ,75335,2011066040,6,67,67301,2011,5,1,1658,16,1,1,0,4,1, , ,N,1,2,0,3,0,3,3,2, , ,40 01:32.257,75 09:15.145,1724, ,1719, ,0, , , ,3, , , , , ,841371, , , ,2,2,0,0,0,0,0,0,0,0,0,3,3,0,0,0,0,0,0,0,0,1,0,0,0,0,0,0,0,0,0,0,0,0,0,4,0,40.0256,-75.1542, , 
 ,75336,2011035646,6,67,67301,2011,3,6,1918,19,4,1,0,1,1, , ,N,0,0,0,3,0,0,4,3,N,N,39 58:47.579,75 06:23.687,1924, ,1920,1,2,2,N, ,0,Y, , , , ,841373, , , ,3,2,0,0,0,0,1,0,0,0,0,0,0,0,0,0,0,0,1,0,1,0,0,0,0,0,0,0,0,0,0,0,0,0,0,0,0,39.9799,-75.1065, , 
 ,75337,2011056844,6,67,67301,2011,3,5,1737,17,4,9,8,6,1, , ,N,1,2,0,3,0,1,3,2,N,N,40 07:43.802,75 00:49.406,1800, ,1738, ,0, ,N, ,3, , , , , ,841391, , , ,2,1,0,0,0,0,1,0,0,0,0,0,1,1,0,0,0,0,0,0,0,0,0,0,0,0,0,0,0,0,0,0,0,0,0,8,0,40.1288,-75.0137, , 
 ,75338,2011057293,6,67,67301,2011,4,3,1909,19,1,1,0,5,1, , ,N,0,2,0,3,0,1,3,3,N,N,39 59:54.613,75 07:45.261,1915, ,1909, ,0, , , ,3, , , , , ,841392, , , ,3,1,1,0,0,0,1,0,0,0,1,0,1,0,0,0,0,0,0,0,0,1,0,0,0,0,0,0,0,0,0,0,0,0,0,3,0,39.9985,-75.1292, , 