wz_ln_closure,objectid_1,crn,district,county,municipality,crash_year,crash_month,day_of_week,time_of_day,hour_of_day,illumination,weather,road_condition,collision_type,relation_to_road,work_zone_type,work_zone_loc,work_zone_ind,intersect_type,tcd_type,location_type,urban_rural,fatal_count,injury_count,person_count,total_units,sch_bus_ind,sch_zone_ind,latitude,longitude,arrival_tm,cons_zone_spd_lim,dispatch_tm,est_hrs_closed,lane_closed,ln_close_dir,ntfy_hiwy_maint,spec_juris_cd,tcd_func_cd,tfc_detour_ind,workers_pres,wz_close_detour,wz_flagger,wz_law_offcr_ind,objectid,wz_moving,wz_other,wz_shlder_mdn,vehicle_count,automobile_count,motorcycle_count,bus_count,small_truck_count,heavy_truck_count,suv_count,van_count,bicycle_count,maj_inj_count,mod_inj_count,min_inj_count,tot_inj_count,unk_inj_deg_count,unk_inj_per_count,driver_count_16yr,driver_count_17yr,driver_count_18yr,driver_count_19yr,driver_count_20yr,driver_count_50_64yr,driver_count_65_74yr,driver_count_75plus,unbelted_occ_count,unb_death_count,unb_maj_inj_count,belted_death_count,belted_maj_inj_count,mcycle_death_count,mcycle_maj_inj_count,bicycle_death_count,bicycle_maj_inj_count,ped_count,ped_death_count,ped_maj_inj_count,max_severity_level,comm_veh_count,dec_lat,dec_long,rdwy_surf_type_cd,county_name
 ,75339,2011064115,6,67,67301,2011,5,4,1150,11,1,1,0,4,1, , ,N,0,0,0,3,0,1,2,2,N,N,40 03:55.108,75 03:19.166,1154, ,1152, ,0, ,N, ,0, , , , , ,841400, , , ,2,2,0,0,0,0,0,0,0,0,0,0,1,1,0,0,0,0,0,0,1,0,1,1,0,0,0,0,0,0,0,0,0,0,0,8,0,40.0653,-75.0553, , 
 ,75340,2011073208,6,67,67301,2011,6,3,1810,18,1,1,0,4,1, , ,N,1,3,0,3,0,1,2,2,N,N,39 55:49.785,75 10:41.426,1819, ,1819, ,0, , , ,3, , , , , ,841418, , , ,1,1,0,0,0,0,0,0,1,0,0,1,1,0,0,0,0,0,0,0,0,0,1,0,0,0,0,0,0,0,0,0,0,0,0,4,0,39.9305,-75.1782, , 
 ,75341,2011106236,6,67,67301,2011,9,2,657,6,1,1,0,1,1, , ,N,0,0,0,3,0,1,2,2,N,N,40 01:19.712,75 02:21.913,847, ,837, ,0, ,N, ,0, , , , , ,841421, , , ,2,1,0,0,1,0,0,0,0,0,0,1,1,0,1,0,0,0,0,0,0,0,0,1,0,0,0,0,0,0,0,0,0,0,0,4,0,40.0221,-75.0394, , 
 ,75342,2011093069,6,67,67301,2011,8,2,425,4,3,8,1,7,5, , ,N,0,0,0,3,0,2,2,1,N,N,40 04:38.180,75 02:38.333,437, ,433,2,2,2,N, ,0,N, , , , ,841453, , , ,1,1,0,0,0,0,0,0,0,0,2,0,2,0,0,0,0,1,0,0,0,0,0,2,0,0,0,0,0,0,0,0,0,0,0,3,0,40.0773,-75.044, , 
 ,75343,2011033571,6,67,67301,2011,3,5,1031,10,1,1,0,7,2, , ,N,0,0,0,3,0,1,1,1,N,N,40 01:11.694,75 08:59.183,1037, ,1031,3,2,4,N, ,0,N, , , , ,841468, , , ,1,1,0,0,0,0,0,0,0,0,1,0,1,0,0,0,0,0,1,0,0,0,0,0,0,0,0,0,0,0,0,0,0,0,0,3,0,40.0199,-75.1498, , 
 ,75344,2011047084,6,67,67301,2011,4,2,900,9,1,1,0,6,1, , ,N,2,3,0,3,0,0,2,2,N,N,40 01:46.558,75 12:22.846,905, ,901, ,0, ,N, ,3, , , , , ,841478, , , ,2,1,0,0,0,0,1,0,0,0,0,0,0,0,0,0,0,0,0,0,1,0,0,0,0,0,0,0,0,0,0,0,0,0,0,0,0,40.0296,-75.2063, , 
 ,75345,2011108754,6,67,67301,2011,9,1,1,0,3,1,0,4,1, , ,N,1,2,0,3,0,1,2,2,N,N,39 55:06.715,75 13:33.263,4, ,0,1,1,3,N, ,3,N, , , , ,831658, , , ,2,2,0,0,0,0,0,0,0,0,0,1,1,0,0,0,0,0,0,0,0,0,0,0,0,0,0,0,0,0,0,0,0,0,0,4,0,39.9185,-75.2259, , 
 ,75346,2011114358,6,67,67301,2011,10,1,1318,13,1,1,0,1,1, , ,N,0,0,0,3,0,0,6,2,N,N,39 59:56.799,75 04:49.769,1318, ,1318, ,0, ,N, ,0, , , , , ,831663, , , ,2,1,0,0,1,0,0,0,0,0,0,0,0,0,0,0,0,0,0,0,0,0,0,0,0,0,0,0,0,0,0,0,0,0,0,0,0,39.999,-75.0806, , 
 ,75347,2011100692,6,67,67301,2011,9,2,1600,16,1,1,0,8,4, , ,N,0,0,0,3,0,1,2,2,N,N,40 01:11.586,75 07:41.318,1640, ,2030, ,0, , , ,0, , , , , ,831701, , , ,1,0,0,0,0,0,1,0,0,0,1,0,1,0,1,0,0,0,0,0,0,0,0,1,0,0,0,0,0,0,0,0,1,0,0,3,0,40.0199,-75.1281, , 
 ,75348,2011100865,6,67,67301,2011,9,2,1000,10,1,1,0,1,1, , ,N,2,2,0,3,0,1,4,2,N,N,40 06:43.694,74 59:26.387,1026, ,1004, ,0, ,N, ,3, , , , , ,831702, , , ,2,2,0,0,0,0,0,0,0,0,0,1,1,0,0,0,0,0,0,0,0,0,0,2,0,0,0,0,0,0,0,0,0,0,0,4,0,40.1121,-74.9907, , 
 ,75349,2011054357,6,67,67301,2011,4,1,1601,16,1,1,0,8,1, , ,N,0,0,0,3,0,1,2,2,N,N,39 58:08.205,75 13:50.160,1608, ,1606,2,2,6,N, ,0,Y, , , , ,831719, , , ,1,1,0,0,0,0,0,0,0,0,1,0,1,0,0,0,0,0,0,0,1,0,0,0,0,0,0,0,0,0,0,0,1,0,0,3,0,39.9689,-75.2306, , 
 ,75350,2011056962,6,67,67301,2011,4,5,2121,21,3,1,0,4,1, , ,N,1,2,0,3,0,1,2,2,N,N,39 59:11.288,75 08:42.126,2135, ,2121, ,0, ,N, ,3, , , , , ,831721, , , ,2,0,1,0,0,0,1,0,0,0,1,0,1,0,0,0,1,0,0,0,0,0,0,0,0,0,0,0,0,0,0,0,0,0,0,3,0,39.9865,-75.145, , 
 ,75351,2011068492,6,67,67301,2011,6,7,2100,21,3,9,0,4,2, , ,N,0,0,0,3,0,1,2,2,N,N,39 55:29.814,75 13:39.515,1232, ,1232, ,0, ,N, ,0, , , , , ,831736, , , ,1,0,0,0,0,0,0,1,1,0,0,1,1,0,0,0,0,0,0,0,0,0,0,0,0,0,0,0,0,0,0,0,0,0,0,4,0,39.9249,-75.2276, , 
 ,75352,2011087853,6,67,67301,2011,7,5,2043,20,3,1,1,8,1, , ,N,1,3,0,3,0,1,2,2,N,N,39 59:26.764,75 08:33.007,2057, ,2051, ,0, ,N, ,3, , , , , ,831752, , , ,1,1,0,0,0,0,0,0,0,0,1,0,1,0,1,0,0,0,0,0,0,0,0,0,0,0,0,0,0,0,0,0,1,0,0,3,0,39.9908,-75.1425, , 
 ,75353,2011088034,6,67,67301,2011,8,3,1745,17,1,2,1,1,1, , ,N,1,2,0,3,0,1,2,2,N,N,39 57:03.480,75 09:07.134,1850, ,1844, ,0, ,N, ,3, , , , , ,831753, , , ,2,2,0,0,0,0,0,0,0,0,0,0,1,1,0,0,0,0,0,0,0,0,0,0,0,0,0,0,0,0,0,0,0,0,0,8,0,39.9509,-75.152, , 
 ,75354,2011093087,6,67,67301,2011,8,2,725,7,1,1,0,5,1, , ,N,0,0,0,3,0,1,2,2,N,N,39 56:59.880,75 09:37.140,734, ,730,1,1,2,N, ,0,N, , , , ,831759, , , ,1,0,0,0,0,0,0,1,1,0,0,1,1,0,0,0,0,0,0,0,0,0,0,0,0,0,0,0,0,0,0,0,0,0,0,4,0,39.95,-75.1603, , 
 ,75355,2011103358,6,67,67301,2011,9,4,1405,14,1,1,0,1,1, , ,N,0,0,0,3,0,1,3,2,N, ,40 02:40.880,75 05:12.561,1410, ,1410, ,0, , , ,0, , , , , ,831769, , , ,2,2,0,0,0,0,0,0,0,0,0,1,1,0,0,0,0,0,0,0,0,0,0,0,0,0,0,0,0,0,0,0,0,0,0,4,0,40.0447,-75.0868, , 
 ,75356,2011063988,6,67,67301,2011,6,7,1610,16,1,1,0,1,1, , ,N,0,0,0,3,0,1,5,2,N,N,39 57:29.111,75 09:51.581,1624, ,1620, ,0, ,N, ,0, , , , , ,831771, , , ,2,2,0,0,0,0,0,0,0,0,0,0,1,1,0,0,0,0,0,0,0,0,0,0,0,0,0,0,0,0,0,0,0,0,0,8,0,39.9581,-75.1643, , 
 ,75357,2011068506,6,67,67301,2011,6,7,347,3,3,1,0,7,5, , ,N,1,3,0,3,0,0,1,1,N,N,40 00:56.199,75 04:42.293,355, ,348, ,0, ,N, ,3, , , , , ,831773, , , ,1,1,0,0,0,0,0,0,0,0,0,0,0,0,1,0,0,0,0,0,0,0,0,0,0,0,0,0,0,0,0,0,0,0,0,9,0,40.0156,-75.0784, , 
 ,75358,2011073218,6,67,67301,2011,6,3,1742,17,1,2,1,1,1, , ,N,0,0,0,3,0,1,2,2,N,N,40 06:06.432,75 00:22.890,1752, ,1746,1,1,2,N, ,0,N, , , , ,831781, , , ,2,2,0,0,0,0,0,0,0,0,0,1,1,0,0,0,0,0,0,0,0,0,0,0,0,0,0,0,0,0,0,0,0,0,0,4,0,40.1018,-75.0064, , 
 ,75359,2011082405,6,67,67301,2011,7,7,2005,20,1,1,0,4,1, , ,N,1,3,0,3,0,1,3,2,N, ,39 55:39.201,75 08:45.913,2005, ,2005, ,0, , , ,3, , , , , ,831797, , , ,1,1,0,0,0,0,0,0,1,0,0,0,1,1,0,0,0,0,0,0,1,0,0,0,0,0,0,0,0,0,0,0,0,0,0,8,0,39.9276,-75.1461, , 
 ,75360,2011083302,6,67,67301,2011,7,7,715,7,1,1,0,4,1, , ,N,1,3,0,3,0,1,2,2,N,N,40 02:58.563,75 03:22.323,723, ,720, ,0, ,N, ,3, , , , , ,831799, , , ,1,1,0,0,0,0,0,0,1,0,0,0,1,1,0,0,0,0,0,1,0,0,0,0,0,0,0,0,0,0,0,0,0,0,0,8,0,40.0496,-75.0562, , 
 ,75361,2011083352,6,67,67301,2011,7,6,1148,11,1,1,0,1,1, , ,N,0,2,0,3,0,1,3,3,N,N,40 01:44.208,75 05:24.849,1157, ,1151,1,1,2,N, ,3,N, , , , ,831800, , , ,3,3,0,0,0,0,0,0,0,0,0,1,1,0,0,0,0,0,0,0,0,1,0,0,0,0,0,0,0,0,0,0,0,0,0,4,0,40.0289,-75.0902, , 
 ,75362,2011054099,6,67,67301,2011,4,3,1710,17,1,1,0,8,1, , ,N,1,2,0,3,0,1,5,2,N,N,39 56:51.762,75 09:03.936,1723, ,1719, ,0, , , ,3, , , , , ,831832, , , ,1,1,0,0,0,0,0,0,0,0,0,0,1,1,0,0,0,0,0,0,1,0,0,0,0,0,0,0,0,0,0,0,1,0,0,8,0,39.9477,-75.1511, , 
 ,75363,2011092879,6,67,67301,2011,8,6,1855,18,4,2,1,4,1, , ,N,10,3,0,3,0,1,3,3,N,N,39 58:42.420,75 07:17.759,1903, ,1858, ,0, ,N, ,3, , , , , ,834931, , , ,3,3,0,0,0,0,0,0,0,0,0,1,1,0,0,0,0,0,0,0,0,0,0,2,0,0,0,0,0,0,0,0,0,0,0,4,0,39.9785,-75.1216, , 
 ,75364,2011106172,6,67,67301,2011,6,1,158,1,3,1,0,4,1, , ,N,1,2,0,3,0,1,2,2,N,N,39 57:20.098,75 14:02.378,200, ,200, ,0, ,N, ,3, , , , , ,834947, , , ,2,0,1,0,0,0,1,0,0,0,0,0,1,1,0,0,0,0,0,0,0,0,0,0,0,0,0,0,0,0,0,0,0,0,0,8,0,39.9556,-75.234, , 
 ,75365,2011068505,6,67,67301,2011,6,3,233,2,3,1,0,5,1, , ,N,0,2,0,3,0,1,4,2,N,N,39 58:26.044,75 12:23.014,235, ,234,3,1,7,N, ,3,Y, , , , ,834971, , , ,2,0,0,0,1,0,1,0,0,0,0,1,1,0,0,0,0,0,0,0,0,0,1,3,0,0,0,0,0,0,0,0,0,0,0,4,0,39.9739,-75.2064, , 
 ,75366,2011076009,6,67,67301,2011,7,7,2213,22,3,1,0,7,4, , ,N,0,0,0,3,0,0,1,1,N,N,39 53:11.929,75 14:34.514,2224, ,2218, ,0, ,N, ,0, , , , , ,834973, , , ,1,1,0,0,0,0,0,0,0,0,0,0,0,0,0,0,0,0,0,0,0,0,0,0,0,0,0,0,0,0,0,0,0,0,0,0,0,39.8866,-75.2429, , 
 ,75367,2011082534,6,67,67301,2011,7,2,1104,11,1,1,0,1,1, , ,N,1,0,0,3,0,1,2,2,N,N,40 00:16.318,75 07:55.437,1129, ,1128, ,0, ,N, ,0, , , , , ,834979, , , ,2,2,0,0,0,0,0,0,0,0,0,1,1,0,0,0,0,0,0,0,0,1,0,0,0,0,0,0,0,0,0,0,0,0,0,4,0,40.0045,-75.1321, , 
 ,75368,2011082722,6,67,67301,2011,7,4,1939,19,1,1,0,1,1, , ,N,1,2,0,3,0,3,7,2,N, ,39 55:33.806,75 10:57.867,1955, ,1950, ,0, , , ,3, , , , , ,834980, , , ,2,2,0,0,0,0,0,0,0,0,0,3,3,0,0,0,0,0,0,0,0,0,0,0,0,0,0,0,0,0,0,0,0,0,0,4,0,39.9261,-75.1827, , 
 ,75369,2011087899,6,67,67301,2011,7,6,30,0,3,2,1,4,1, , ,N,5,2,0,3,0,3,4,2,N,N,39 58:25.603,75 15:29.678,36, ,32,3,2,7,N, ,3,Y, , , , ,834986, , , ,2,0,0,1,0,0,1,0,0,1,1,0,3,1,0,0,0,0,0,0,1,0,0,0,0,0,0,0,0,0,0,0,0,0,0,2,1,39.9738,-75.2582, , 
 ,75370,2011082627,6,67,67301,2011,7,7,1528,15,1,1,0,1,1, , ,N,1,3,0,3,0,1,2,2,N, ,40 01:40.501,75 10:45.508,1532, ,1531, ,0, , , ,3, , , , , ,835014, , , ,2,1,0,0,1,0,0,0,0,0,0,1,1,0,0,0,0,0,0,0,0,1,0,0,0,0,0,0,0,0,0,0,0,0,0,4,0,40.0279,-75.1793, , 
 ,75371,2011090562,6,67,67301,2011,7,1,138,1,3,1,0,7,2, , ,N,0,0,0,3,0,2,2,1,N,N,39 54:53.772,75 08:15.996,150, ,141,9,2,2,N, ,0,Y, , , , ,835020, , , ,1,0,1,0,0,0,0,0,0,1,1,0,2,0,0,0,0,0,0,0,0,0,0,0,0,0,0,0,0,1,0,0,0,0,0,2,0,39.9149,-75.1378, , 
 ,75372,2011098094,6,67,67301,2011,8,5,1725,17,1,1,0,8,1, , ,N,1,2,0,3,0,1,2,2,N,N,40 04:50.031,75 10:20.992,1740, ,1733, ,0, ,N, ,3, , , , , ,835026, , , ,1,1,0,0,0,0,0,0,0,0,0,0,1,1,1,0,0,0,0,0,0,0,0,0,0,0,0,0,0,0,0,0,1,0,0,8,0,40.0806,-75.1725, , 
 ,75373,2011106167,6,67,67301,2011,9,1,2004,20,3,1,0,8,6, , ,N,0,0,0,3,0,1,2,2,N, ,40 01:13.108,75 04:30.334,2012, ,2004, ,0, , , ,0, , , , , ,835037, , , ,1,1,0,0,0,0,0,0,0,0,0,0,1,1,1,0,0,0,0,0,0,0,0,1,0,0,0,0,0,0,0,0,1,0,0,8,0,40.0203,-75.0751, , 
 ,75374,2011106225,6,67,67301,2011,9,6,148,1,3,1,0,6,1, , ,N,1,2,0,3,0,1,2,2,N,N,40 00:35.396,75 10:00.737,155, ,152, ,0, ,N, ,3, , , , , ,835038, , , ,2,1,0,1,0,0,0,0,0,0,0,1,1,0,1,0,0,0,0,0,0,0,0,0,0,0,0,0,0,0,0,0,0,0,0,4,1,40.0098,-75.1669, , 
 ,75375,2011108799,6,67,67301,2011,10,3,1250,12,1,1,0,4,1, , ,N,1,2,0,3,0,0,3,2,N, ,39 57:32.806,75 09:29.825,1302, ,1255, ,0, , , ,3, , , , , ,835039, , , ,2,2,0,0,0,0,0,0,0,0,0,0,0,0,0,0,0,0,0,0,0,0,0,0,0,0,0,0,0,0,0,0,0,0,0,0,0,39.9591,-75.1583, , 
 ,75376,2011109912,6,67,67301,2011,10,7,1733,17,1,1,0,1,1, , ,N,0,0,0,3,1,4,8,3,N,N,39 59:46.203,75 11:49.055,1734, ,1734,2,1,4,N,0,0,N, , , , ,835041, , , ,3,3,0,0,0,0,0,0,0,0,2,2,4,0,0,0,0,0,0,0,1,0,0,0,0,0,1,0,0,0,0,0,0,0,0,1,0,39.9962,-75.197,2, 
 ,75377,2011108824,6,67,67301,2011,10,7,5,0,3,2,1,6,1, , ,N,1,2,0,3,0,5,7,2,N,N,39 55:44.943,75 11:13.894,10, ,10, ,0, ,N, ,3, , , , , ,835061, , , ,2,2,0,0,0,0,0,0,0,0,0,5,5,0,0,0,0,0,0,0,0,0,0,0,0,0,0,0,0,0,0,0,0,0,0,4,0,39.9292,-75.1872, , 
 ,75378,2011061878,6,67,67301,2011,5,3,1456,14,1,1,0,1,1, , ,N,1,2,0,3,0,2,4,4,N,N,40 02:10.346,75 03:51.114,1502, ,1459,1,1,1,N, ,3,N, , , , ,835067, , , ,4,2,0,0,0,0,2,0,0,0,0,2,2,0,0,0,0,0,0,0,1,0,0,0,0,0,0,0,0,0,0,0,0,0,0,4,0,40.0363,-75.0643, , 
 ,75379,2011073282,6,67,67301,2011,6,6,1304,13,1,1,0,2,1, , ,N,2,3,7,3,0,0,3,2,N,N,40 03:30.253,75 02:34.859,1338, ,1328, ,0, ,N, ,3, , , , , ,835076, , , ,2,1,0,0,1,0,0,0,0,0,0,0,0,0,0,0,0,0,0,0,0,1,0,0,0,0,0,0,0,0,0,0,0,0,0,0,0,40.0584,-75.0431, , 
 ,75380,2011082454,6,67,67301,2011,7,3,720,7,1,1,0,4,1, , ,N,1,2,0,3,0,2,3,2,N,N,39 54:14.619,75 14:25.049,800, ,748, ,0, ,N, ,3, , , , , ,835084, , , ,2,0,0,0,1,0,0,0,0,0,2,0,2,0,0,0,0,0,0,0,0,0,0,0,0,0,0,0,0,0,0,0,0,0,0,3,0,39.904,-75.2401, , 
 ,75381,2011057312,6,67,67301,2011,5,2,1125,11,1,1,0,1,1, , ,N,1,2,0,3,0,1,23,2,N,N,40 00:25.593,75 12:49.352,1220, ,1215, ,0, ,N, ,3, , , , , ,838287, , , ,2,1,0,1,0,0,0,0,0,0,0,0,1,1,0,0,0,0,0,0,0,0,0,0,0,0,0,0,0,0,0,0,0,0,0,8,1,40.0071,-75.2137, , 
 ,75382,2011038641,6,67,67301,2011,3,5,2020,20,3,2,1,8,1, , ,N,1,2,0,3,0,1,2,2,N,N,40 02:32.725,75 04:57.598,2035, ,2025, ,0, ,N, ,3, , , , , ,838297, , , ,1,1,0,0,0,0,0,0,0,0,0,0,1,1,0,0,0,0,0,0,0,0,0,0,0,0,0,0,0,0,0,0,1,0,0,8,0,40.0424,-75.0827, , 
 ,75383,2011066875,6,67,67301,2011,6,6,1757,17,1,1,0,1,1, , ,N,0,0,0,3,0,0,5,3,N,N,39 56:46.279,75 08:32.887,1801, ,1800, ,0, ,N, ,0, , , , , ,838317, , , ,3,2,0,0,0,0,0,1,0,0,0,0,0,0,0,0,0,0,0,0,0,0,0,0,0,0,0,0,0,0,0,0,0,0,0,0,0,39.9462,-75.1425, , 
 ,75384,2011126309,6,67,67301,2011,11,5,2115,21,3,2,1,4,1, , ,N,1,3,0,3,0,2,4,2,N,N,40 06:25.621,74 58:40.177,2128, ,2127, ,0, ,N, ,9, , , , , ,838337, , , ,2,2,0,0,0,0,0,0,0,0,1,0,2,1,0,0,0,1,0,0,0,0,0,0,0,0,0,0,0,0,0,0,0,0,0,3,0,40.1071,-74.9778, , 
 ,75385,2011057307,6,67,67301,2011,4,5,1330,13,1,1,0,8,1, , ,N,0,0,7,3,0,1,2,2,N,N,40 02:06.070,75 07:03.070,958, ,953, ,0, ,N, ,0, , , , , ,838358, , , ,1,0,0,0,0,0,0,1,0,0,0,0,1,1,0,0,0,0,0,0,1,0,0,0,0,0,0,0,0,0,0,0,1,0,0,8,0,40.035,-75.1175, , 
 ,75386,2011074785,6,67,67301,2011,7,6,1851,18,1,1,0,1,1, , ,N,0,0,0,3,0,0,2,2,N,N,40 00:40.279,75 03:42.128,1910, ,1855, ,0, ,N, ,0, , , , , ,838369, , , ,2,2,0,0,0,0,0,0,0,0,0,0,0,0,0,0,0,0,0,0,0,0,0,0,0,0,0,0,0,0,0,0,0,0,0,0,0,40.0112,-75.0616, , 
 ,75387,2011075554,6,67,67301,2011,7,2,1939,19,1,1,0,8,1, , ,N,1,2,0,3,0,1,2,2,N,N,39 57:25.867,75 12:07.023,1942, ,1940, ,0, ,N, ,3, , , , , ,838371, , , ,1,1,0,0,0,0,0,0,0,0,1,0,1,0,1,0,0,0,0,0,0,0,0,0,0,0,0,0,0,0,0,0,1,0,0,3,0,39.9572,-75.202, , 
 ,75388,2011122806,6,67,67301,2011,10,1,925,9,1,1,6,4,1, , ,N,1,3,0,3,0,1,2,2,N,N,40 03:05.713,75 11:49.095,1000, ,944, ,0, ,N, ,3, , , , , ,838392, , , ,2,1,0,0,1,0,0,0,0,0,0,0,1,1,0,0,0,0,0,0,1,0,0,0,0,0,0,0,0,0,0,0,0,0,0,8,0,40.0516,-75.197, , 
 ,75389,2011132769,6,67,67301,2011,11,3,615,6,5,1,0,4,1, , ,N,1,2,0,3,0,0,2,2,N,N,40 03:59.367,75 11:46.819,628, ,622, ,0, ,N, ,3, , , , , ,838403, , , ,2,1,0,0,1,0,0,0,0,0,0,0,0,0,0,0,0,0,0,0,1,0,0,0,0,0,0,0,0,0,0,0,0,0,0,0,0,40.0665,-75.1963, , 
Y,75390,2011101478,6,67,67301,2011,10,7,29,0,3,2,1,1,1,2,4,Y,0,0,0,3,0,0,4,3,N,N,39 54:25.288,75 08:59.148,56,55,56, ,0, ,N, ,0, ,Y,N,N,Y,838450,N,N,N,3,2,0,0,1,0,0,0,0,0,0,0,0,0,0,0,0,0,0,0,0,0,0,0,0,0,0,0,0,0,0,0,0,0,0,0,0,39.9071,-75.1497, , 
 ,75391,2011108897,6,67,67301,2011,10,1,300,3,3,2,1,6,6, , ,N,0,0,0,3,0,1,1,4,N,N,39 58:25.332,75 12:27.307,400, ,355, ,0, ,N, ,0, , , , , ,838460, , , ,4,3,0,0,0,0,0,1,0,0,0,1,1,0,0,0,0,0,0,0,0,0,0,0,0,0,0,0,0,0,0,0,0,0,0,4,0,39.9737,-75.2076, , 
 ,75392,2011090361,6,67,67301,2011,8,2,1730,17,1,1,0,5,1, , ,N,1,2,0,3,0,1,2,2,N,N,39 57:32.561,75 13:01.166,1930, ,1921, ,0, ,N, ,3, , , , , ,838478, , , ,1,1,0,0,0,0,0,0,1,0,0,1,1,0,1,0,0,0,0,0,0,0,0,0,0,0,0,0,0,0,0,0,0,0,0,4,0,39.959,-75.217, , 
 ,75393,2011092945,6,67,67301,2011,8,4,801,8,1,1,0,4,1, , ,N,1,2,0,3,0,2,2,2,N, ,39 57:23.708,75 09:08.591,803, ,801, ,0, , , ,3, , , , , ,838480, , , ,2,1,0,0,1,0,0,0,0,0,0,0,2,2,0,0,0,0,0,0,1,0,0,0,0,0,0,0,0,0,0,0,0,0,0,8,0,39.9566,-75.1524, , 
 ,75394,2011104112,6,67,67301,2011,10,4,1643,16,1,1,0,1,1, , ,N,6,0,2,3,0,0,2,2,N,N,39 54:46.596,75 08:53.994,1700, ,1649,1,2,1,N, ,0,N, , , , ,838508, , , ,2,1,0,0,0,0,1,0,0,0,0,0,0,0,0,0,0,0,0,0,0,0,0,0,0,0,0,0,0,0,0,0,0,0,0,0,0,39.9129,-75.1484, , 
 ,75395,2011118201,6,67,67301,2011,10,6,725,7,1,1,0,8,1, , ,N,1,3,0,3,0,1,2,2,N,N,39 55:55.923,75 11:29.482,735, ,730, ,0, ,N, ,3, , , , , ,838521, , , ,1,0,0,0,0,0,0,1,0,0,0,0,1,1,0,0,0,0,0,0,0,0,0,0,0,0,0,0,0,0,0,0,1,0,0,8,0,39.9322,-75.1915, , 
 ,75396,2011053536,6,67,67301,2011,4,1,450,4,3,1,0,7,2, , ,N,0,0,2,3,0,0,1,1,N,N,39 56:04.747,75 11:58.157,506, ,456, ,0, ,N, ,0, , , , , ,838528, , , ,1,1,0,0,0,0,0,0,0,0,0,0,0,0,1,0,0,0,0,0,0,0,0,0,0,0,0,0,0,0,0,0,0,0,0,9,0,39.9347,-75.1995, , 
 ,75397,2011100745,6,67,67301,2011,9,4,630,6,1,2,1,8,1, , ,N,1,2,0,3,0,2,3,3,N,N,40 02:05.288,75 02:40.904,720, ,718, ,0, ,N, ,3, , , , , ,838557, , , ,1,0,0,0,1,0,0,0,0,0,0,0,2,2,0,0,0,0,0,0,0,0,0,0,0,0,0,0,0,0,0,0,2,0,0,8,0,40.0347,-75.0446, , 
 ,75398,2011108872,6,67,67301,2011,9,6,2043,20,3,1,1,4,1, , ,N,1,2,0,3,0,0,5,2,N,N,40 02:57.481,75 04:04.310,2248, ,2243, ,0, ,N, ,3, , , , , ,838566, , , ,2,1,0,0,0,0,1,0,0,0,0,0,0,0,0,0,0,0,0,0,1,0,0,0,0,0,0,0,0,0,0,0,0,0,0,0,0,40.0493,-75.0679, , 
 ,75399,2011126370,6,67,67301,2011,11,3,945,9,1,1,0,7,4, , ,N,0,0,0,3,0,1,1,1,N, ,40 01:00.393,75 09:15.536,957, ,954, ,0, , , ,0, , , , , ,840456, , , ,1,1,0,0,0,0,0,0,0,0,0,1,1,0,0,0,0,0,0,0,0,0,0,0,0,0,0,0,0,0,0,0,0,0,0,4,0,40.0168,-75.1543, , 
 ,75400,2011087864,6,67,67301,2011,7,6,1658,16,1,1,0,4,1, , ,N,1,2,0,3,0,2,3,2,N,N,40 01:28.740,75 07:25.247,1703, ,1701, ,0, ,N, ,3, , , , , ,840465, , , ,2,2,0,0,0,0,0,0,0,0,0,2,2,0,0,0,0,0,0,0,0,0,0,0,0,0,0,0,0,0,0,0,0,0,0,4,0,40.0247,-75.1237, , 
 ,75401,2011118211,6,67,67301,2011,10,1,320,3,3,2,1,4,1, , ,N,1,3,0,3,0,2,4,2,N,N,39 57:30.672,75 08:37.985,326, ,324, ,0, , , ,3, , , , , ,840488, , , ,2,2,0,0,0,0,0,0,0,0,0,2,2,0,0,0,0,0,0,0,0,0,0,0,0,0,0,0,0,0,0,0,0,0,0,4,0,39.9585,-75.1439, , 
 ,75402,2011112188,6,67,67301,2011,10,1,1700,17,1,1,0,4,1, , ,N,2,2,0,3,0,0,3,2,N,N,39 55:19.535,75 11:18.930,1705, ,1702, ,0, ,N, ,3, , , , , ,840509, , , ,2,1,0,0,0,0,0,1,0,0,0,0,0,0,0,0,0,0,0,1,0,0,0,0,0,0,0,0,0,0,0,0,0,0,0,0,0,39.9222,-75.1881, , 
 ,75403,2011088067,6,67,67301,2011,7,3,1130,11,1,1,0,4,1, , ,N,2,2,0,3,0,2,3,2,N,N,40 03:05.871,75 11:38.664,1238, ,1220, ,0, ,N, ,3, , , , , ,840526, , , ,2,2,0,0,0,0,0,0,0,0,0,2,2,0,1,0,0,0,0,0,0,0,1,0,0,0,0,0,0,0,0,0,0,0,0,4,0,40.0516,-75.1941, , 
 ,75404,2011093103,6,67,67301,2011,8,1,1517,15,1,2,1,4,1, , ,N,2,3,0,3,0,2,6,2,N, ,40 02:56.310,75 04:01.689,1532, ,1517, ,0, , , ,3, , , , , ,840531, , , ,2,2,0,0,0,0,0,0,0,0,0,2,2,0,0,0,0,0,0,0,0,0,0,0,0,0,0,0,0,0,0,0,0,0,0,4,0,40.049,-75.0671, , 