wz_ln_closure,objectid_1,crn,district,county,municipality,crash_year,crash_month,day_of_week,time_of_day,hour_of_day,illumination,weather,road_condition,collision_type,relation_to_road,work_zone_type,work_zone_loc,work_zone_ind,intersect_type,tcd_type,location_type,urban_rural,fatal_count,injury_count,person_count,total_units,sch_bus_ind,sch_zone_ind,latitude,longitude,arrival_tm,cons_zone_spd_lim,dispatch_tm,est_hrs_closed,lane_closed,ln_close_dir,ntfy_hiwy_maint,spec_juris_cd,tcd_func_cd,tfc_detour_ind,workers_pres,wz_close_detour,wz_flagger,wz_law_offcr_ind,objectid,wz_moving,wz_other,wz_shlder_mdn,vehicle_count,automobile_count,motorcycle_count,bus_count,small_truck_count,heavy_truck_count,suv_count,van_count,bicycle_count,maj_inj_count,mod_inj_count,min_inj_count,tot_inj_count,unk_inj_deg_count,unk_inj_per_count,driver_count_16yr,driver_count_17yr,driver_count_18yr,driver_count_19yr,driver_count_20yr,driver_count_50_64yr,driver_count_65_74yr,driver_count_75plus,unbelted_occ_count,unb_death_count,unb_maj_inj_count,belted_death_count,belted_maj_inj_count,mcycle_death_count,mcycle_maj_inj_count,bicycle_death_count,bicycle_maj_inj_count,ped_count,ped_death_count,ped_maj_inj_count,max_severity_level,comm_veh_count,dec_lat,dec_long,rdwy_surf_type_cd,county_name
 ,75472,2011068497,6,67,67301,2011,6,2,323,3,3,1,0,4,1, , ,N,5,2,1,3,0,4,7,2, , ,40 00:01.004,75 06:23.097,327, ,325, ,0, , , ,3, , , , , ,828815, , , ,2,1,0,1,0,0,0,0,0,0,0,0,4,4,0,0,0,0,0,0,1,0,0,1,0,0,0,0,0,0,0,0,0,0,0,8,1,40.0003,-75.1064, , 
 ,75473,2011093098,6,67,67301,2011,8,5,1133,11,1,1,0,6,1, , ,N,0,0,0,3,0,1,2,2,N,N,40 02:43.951,75 02:56.608,1138, ,1134, ,0, ,N, ,0, , , , , ,828834, , , ,2,2,0,0,0,0,0,0,0,0,0,0,1,1,0,0,0,0,0,0,0,0,1,0,0,0,0,0,0,0,0,0,0,0,0,8,0,40.0455,-75.0491, , 
 ,75474,2011099142,6,67,67301,2011,9,6,1010,10,1,2,1,1,1, , ,N,0,0,0,3,0,1,2,2,N,N,39 59:01.015,75 05:51.825,1015, ,1015,1,1,2,N, ,0,N, , , , ,828840, , , ,2,1,0,0,0,0,0,1,0,0,0,0,1,1,0,0,0,0,0,0,0,0,0,0,0,0,0,0,0,0,0,0,0,0,0,8,0,39.9837,-75.0976, , 
 ,75475,2011053606,6,67,67301,2011,4,3,1706,17,1,2,1,8,1, , ,N,1,3,0,3,0,1,2,2,N,N,39 56:30.224,75 09:26.103,1708, ,1706, ,0, ,N, ,3, , , , , ,828843, , , ,1,1,0,0,0,0,0,0,0,0,0,0,1,1,0,0,0,0,0,0,0,0,1,0,0,0,0,0,0,0,0,0,1,0,0,8,0,39.9417,-75.1573, , 
 ,75476,2011054322,6,67,67301,2011,4,3,1730,17,1,9,8,1,1, , ,N,1,2,0,3,0,4,5,2,N, ,39 56:29.356,75 14:06.041,1625, ,1615, ,0, , , ,3, , , , , ,828844, , , ,2,2,0,0,0,0,0,0,0,0,0,3,4,1,0,0,0,0,0,0,0,0,0,0,0,0,0,0,0,0,0,0,0,0,0,4,0,39.9415,-75.235, , 
 ,75477,2011075825,6,67,67301,2011,6,4,1900,19,1,1,0,1,1, , ,N,0,0,0,3,0,1,2,2,N,N,40 05:14.610,74 58:18.497,2015, ,2010, ,0, ,N, ,0, , , , , ,828849, , , ,2,0,0,0,0,0,1,0,0,0,0,0,1,1,0,0,0,0,0,0,0,0,0,0,0,0,0,0,0,0,0,0,0,0,0,8,0,40.0874,-74.9718, , 
 ,75478,2011081705,6,67,67301,2011,8,7,1611,16,1,1,0,7,3, , ,N,0,0,0,3,0,1,1,2,N,N,39 58:32.932,75 06:55.540,1617, ,1613,2,1,1,N, ,0,N, , , , ,828856, , , ,1,0,0,0,0,0,1,0,0,0,0,0,1,1,0,0,0,0,0,0,0,0,0,1,0,0,0,0,0,0,0,0,0,0,0,8,0,39.9757,-75.1156, , 
 ,75479,2011112213,6,67,67301,2011,10,2,1625,16,1,1,0,1,1, , ,N,1,2,0,3,0,1,4,2,N,N,40 01:12.653,75 08:55.513,1700, ,1700, ,0, , , ,3, , , , , ,828870, , , ,2,2,0,0,0,0,0,0,0,0,0,0,1,1,0,0,0,0,0,0,0,0,0,0,0,0,0,0,0,0,0,0,0,0,0,8,0,40.0202,-75.1488, , 
 ,75480,2011122724,6,67,67301,2011,5,3,1545,15,1,1,0,1,1, , ,N,2,2,2,3,0,1,3,2,N,N,39 57:35.399,75 10:42.496,1551, ,1550, ,0, ,N, ,3, , , , , ,828885, , , ,2,1,0,0,0,1,0,0,0,0,0,1,1,0,0,0,0,0,0,0,0,0,0,0,0,0,0,0,0,0,0,0,0,0,0,4,1,39.9598,-75.1785, , 
 ,75481,2011056941,6,67,67301,2011,5,2,107,1,3,1,0,7,4, , ,N,2,0,0,3,0,2,5,1,N,N,39 59:00.223,75 14:35.758,125, ,120, ,0, ,N, ,0, , , , , ,828890, , , ,1,1,0,0,0,0,0,0,0,0,0,2,2,0,0,0,0,0,0,0,0,0,0,0,0,0,0,0,0,0,0,0,0,0,0,4,0,39.9834,-75.2433, , 
 ,75482,2011056992,6,67,67301,2011,5,7,2,0,3,1,0,4,1, , ,N,2,2,0,3,0,7,7,2,N,N,39 59:17.962,75 08:07.915,58, ,2, ,0, ,N, ,3, , , , , ,828900, , , ,2,0,0,0,0,0,0,2,0,0,0,0,7,7,0,0,0,0,0,0,0,0,0,0,0,0,0,0,0,0,0,0,0,0,0,8,0,39.9883,-75.1355, , 
 ,75483,2011061907,6,67,67301,2011,5,3,1500,15,1,1,1,4,1, , ,N,3,0,0,3,0,0,3,3, , ,40 01:45.748,75 06:17.490,1543, ,1523,1,1,1, , ,0,N, , , , ,828906, , , ,3,3,0,0,0,0,0,0,0,0,0,0,0,0,0,0,0,1,0,0,2,0,0,0,0,0,0,0,0,0,0,0,0,0,0,0,0,40.0294,-75.1049, , 
 ,75484,2011073223,6,67,67301,2011,6,1,300,3,3,1,0,5,1, , ,N,0,0,0,3,0,0,1,2,N,N,39 58:38.920,75 16:04.188,1038, ,1034, ,0, ,N, ,0, , , , , ,828915, , , ,2,2,0,0,0,0,0,0,0,0,0,0,0,0,0,0,0,0,0,0,0,0,0,0,0,0,0,0,0,0,0,0,0,0,0,0,0,39.9775,-75.2678, , 
 ,75485,2011073285,6,67,67301,2011,5,5,2254,22,3,1,0,1,1, , ,N,2,2,0,3,0,0,2,2, , ,39 54:48.261,75 13:37.916,2256, ,2254, ,0, , , ,3, , , , , ,828916, , , ,2,1,1,0,0,0,0,0,0,0,0,0,0,0,1,0,0,0,0,0,0,0,0,0,0,0,0,0,0,0,0,0,0,0,0,9,0,39.9134,-75.2272, , 
 ,75486,2011083318,6,67,67301,2011,7,7,615,6,1,1,0,1,6, , ,N,0,0,0,3,0,0,2,2,N,N,39 59:48.545,75 10:02.272,702, ,700, ,0, ,N, ,0, , , , , ,828923, , , ,2,1,0,0,0,0,0,1,0,0,0,0,0,0,0,0,0,0,0,0,0,0,0,2,0,0,0,0,0,0,0,0,0,0,0,0,0,39.9968,-75.1673, , 
 ,75487,2011098920,6,67,67301,2011,8,3,902,9,1,1,0,4,1, , ,N,1,2,0,3,0,2,3,2,N,N,40 00:13.665,75 08:22.783,930, ,927, ,0, ,N, ,3, , , , , ,828936, , , ,2,1,0,0,0,0,1,0,0,0,0,0,2,2,0,0,0,0,0,0,1,0,0,0,0,0,0,0,0,0,0,0,0,0,0,8,0,40.0038,-75.1397, , 
 ,75488,2011099588,6,67,67301,2011,9,6,1221,12,1,2,1,4,1, , ,N,0,0,0,3,0,1,2,2,N,N,39 59:16.359,75 05:20.841,1245, ,1222,2,2,1,N, ,0,N, , , , ,828937, , , ,2,2,0,0,0,0,0,0,0,0,0,1,1,0,0,0,0,0,0,0,0,0,0,0,0,0,0,0,0,0,0,0,0,0,0,4,0,39.9878,-75.0892, , 
 ,75489,2011095479,6,67,67301,2011,8,2,1500,15,1,1,0,4,1, , ,N,1,2,0,3,0,2,2,2,N,N,39 58:01.657,75 09:49.449,1517, ,1514,1,1,1, , ,3,N, , , , ,832005, , , ,2,2,0,0,0,0,0,0,0,0,0,0,2,2,0,0,0,0,0,0,0,0,0,0,0,0,0,0,0,0,0,0,0,0,0,8,0,39.9671,-75.1637, , 
 ,75490,2011095500,6,67,67301,2011,8,2,1617,16,1,1,0,0,1, , ,N,2,0,0,3,0,1,1,2,N, ,40 04:44.742,75 02:12.368,1619, ,1617, ,0, , , ,0, , , , , ,832006, , , ,1,0,1,0,0,0,0,0,0,0,0,1,1,0,0,0,0,0,0,0,0,0,0,0,0,0,0,0,0,0,0,0,0,0,0,4,0,40.0791,-75.0368, , 
 ,75491,2011108920,6,67,67301,2011,9,3,1640,16,1,1,0,4,1, , ,N,0,0,7,3,0,0,2,2,N, ,39 54:51.721,75 13:16.881,1656, ,1648, ,0, ,N, ,0, , , , , ,832015, , , ,2,2,0,0,0,0,0,0,0,0,0,0,0,0,0,0,0,0,0,0,0,0,0,0,0,0,0,0,0,0,0,0,0,0,0,0,0,39.9131,-75.2217, , 
 ,75492,2011115379,6,67,67301,2011,10,7,2305,23,3,1,0,4,1, , ,N,1,2,0,3,0,4,4,2,N,N,40 04:01.164,75 09:22.593,2308, ,2306,9,2,7,N, ,3,Y, , , , ,832021, , , ,2,1,0,0,0,0,1,0,0,0,3,1,4,0,0,0,0,0,0,0,1,0,0,0,0,0,0,0,0,0,0,0,0,0,0,3,0,40.067,-75.1563, , 
 ,75493,2011115440,6,67,67301,2011,10,7,200,2,3,1,0,1,6, , ,N,0,0,0,3,0,0,2,4,N,N,39 58:05.444,75 12:58.374,243, ,212, ,0, ,N, ,0, , , , , ,832022, , , ,4,3,0,0,0,0,1,0,0,0,0,0,0,0,0,0,0,0,0,0,0,0,0,0,0,0,0,0,0,0,0,0,0,0,0,0,0,39.9682,-75.2162, , 
 ,75494,2011104725,6,67,67301,2011,8,6,249,2,3,2,1,7,5, , ,N,0,0,0,3,0,1,1,1,N,N,39 55:55.943,75 11:59.811,301, ,252,2,1,4,Y, ,0,N, , , , ,832048, , , ,1,0,0,0,0,1,0,0,0,0,1,0,1,0,0,0,0,0,0,0,1,0,0,0,0,0,0,0,0,0,0,0,0,0,0,3,1,39.9322,-75.1999, , 
 ,75495,2011106129,6,67,67301,2011,9,4,1620,16,1,1,0,8,1, , ,N,0,0,0,3,0,1,2,2,N,Y,40 02:56.840,75 09:19.880,1650, ,1635, ,0, ,N, ,0, , , , , ,832049, , , ,1,1,0,0,0,0,0,0,0,0,0,1,1,0,0,0,0,0,0,0,0,0,0,0,0,0,0,0,0,0,0,0,1,0,0,4,0,40.0491,-75.1555, , 
 ,75496,2011068441,6,67,67301,2011,6,3,1310,13,1,1,0,8,1, , ,N,0,0,7,3,0,1,2,2,N,N,40 06:40.433,75 01:27.568,9999, ,1630, ,0, ,N, ,0, , , , , ,832062, , , ,1,0,0,0,0,0,1,0,0,0,0,1,1,0,0,0,0,0,0,0,0,0,0,0,0,0,0,0,0,0,0,0,1,0,0,4,0,40.1112,-75.0243, , 
 ,75497,2011087940,6,67,67301,2011,7,1,2210,22,3,1,0,7,5, , ,N,0,0,0,3,0,0,1,1,N,N,39 57:22.359,75 11:10.175,2225, ,2220, ,0, ,N, ,0, , , , , ,832092, , , ,1,1,0,0,0,0,0,0,0,0,0,0,0,0,0,0,0,0,0,0,0,0,0,0,0,0,0,0,0,0,0,0,0,0,0,0,0,39.9562,-75.1862, , 
 ,75498,2011115325,6,67,67301,2011,10,1,1930,19,2,1,0,8,1, , ,N,1,2,0,3,0,1,2,2,N,N,40 01:01.180,75 11:17.957,1934, ,1933, ,0, ,N, ,3, , , , , ,832114, , , ,1,0,0,0,0,0,1,0,0,1,0,0,1,0,0,0,0,0,0,0,0,0,0,0,0,0,0,0,0,0,0,0,1,0,1,2,0,40.017,-75.1883, , 
 ,75499,2012001952,6,67,67301,2011,12,5,653,6,5,1,1,4,1, , ,N,1,0,0,3,0,0,2,2,N,N,39 58:39.309,75 12:39.283,720, ,709, ,0, ,N, ,0, , , , , ,832184, , , ,2,2,0,0,0,0,0,0,0,0,0,0,0,0,0,0,0,0,0,1,0,0,0,0,0,0,0,0,0,0,0,0,0,0,0,0,0,39.9776,-75.2109, , 
 ,75500,2011075706,6,67,67301,2011,6,3,846,8,1,1,0,5,1, , ,N,2,2,0,3,0,3,32,2,N,N,39 58:28.546,75 11:58.192,1004, ,1006, ,0, ,N, ,3, , , , , ,832195, , , ,1,1,0,0,0,0,0,0,0,0,0,3,3,0,0,0,0,0,0,0,0,0,0,0,0,0,0,0,0,0,0,0,0,0,0,4,0,39.9746,-75.1995, , 
 ,75501,2011095414,6,67,67301,2011,8,1,1938,19,3,1,1,4,1, , ,N,1,2,0,3,0,2,4,2,N,N,39 57:45.942,75 14:48.128,1951, ,1942, ,0, ,N, ,3, , , , , ,832214, , , ,2,2,0,0,0,0,0,0,0,0,0,0,2,2,2,0,0,0,0,0,0,0,0,2,0,0,0,0,0,0,0,0,0,0,0,8,0,39.9627,-75.2467, , 
 ,75502,2011075645,6,67,67301,2011,6,3,1840,18,1,1,0,8,1, , ,N,0,0,0,3,0,1,3,2,N,N,39 55:39.345,75 09:21.510,1845, ,1842, ,0, , , ,0, , , , , ,832223, , , ,1,0,0,0,0,0,1,0,0,0,0,1,1,0,0,0,0,0,0,0,0,0,0,0,0,0,0,0,0,0,0,0,1,0,0,4,0,39.9276,-75.156, , 
 ,75503,2011085515,6,67,67301,2011,7,1,9999,99,1,1,0,8,1, , ,N,1,9,0,3,0,1,2,2,N, ,39 55:23.077,75 13:44.693,9999, ,9999, ,0, , , ,3, , , , , ,832232, , , ,1,0,0,0,0,0,0,0,0,0,0,0,1,1,1,0,0,0,0,0,0,0,0,0,0,0,0,0,0,0,0,0,1,0,0,8,0,39.9231,-75.2291, , 
 ,75504,2011088021,6,67,67301,2011,7,5,1925,19,1,1,1,8,1, , ,N,0,0,0,3,0,1,2,2,N,N,39 56:58.331,75 14:39.877,1927, ,1925, ,0, ,N, ,0, , , , , ,832236, , , ,1,1,0,0,0,0,0,0,0,1,0,0,1,0,0,0,0,0,0,0,0,0,0,0,0,0,0,0,0,0,0,0,1,0,1,2,0,39.9495,-75.2444, , 
 ,75505,2011100794,6,67,67301,2011,9,2,1706,17,1,1,0,8,1, , ,N,1,3,0,3,0,1,2,2,N,N,40 02:09.495,75 10:21.831,1718, ,1714,1,1,4,N, ,3,N, , , , ,832246, , , ,1,1,0,0,0,0,0,0,0,0,0,1,1,0,0,0,0,0,0,0,1,0,0,0,0,0,0,0,0,0,0,0,1,0,0,4,0,40.036,-75.1727, , 
 ,75506,2011082498,6,67,67301,2011,7,7,9999,99,3,1,0,0,1, , ,N,0,0,0,3,0,1,2,1,N,N,39 57:14.556,75 13:48.023,9999, ,9999, ,0, , , ,0, , , , , ,832285, , , ,1,1,0,0,0,0,0,0,0,1,0,0,1,0,1,0,0,0,0,0,0,0,0,0,0,0,0,1,0,0,0,0,0,0,0,2,0,39.954,-75.23, , 
 ,75507,2011134678,6,67,67301,2011,12,5,1700,17,3,1,0,4,1, , ,N,2,0,0,3,0,4,4,2,N,N,39 58:31.037,75 10:05.801,1711, ,1707,2,2,7,N, ,0,Y, , , , ,835251, , , ,2,2,0,0,0,0,0,0,0,0,0,0,4,4,0,0,0,0,0,0,0,0,0,0,0,0,0,0,0,0,0,0,0,0,0,8,0,39.9753,-75.1683, , 
 ,75508,2012002020,6,67,67301,2011,10,1,914,9,1,1,0,7,3, , ,N,0,0,0,3,0,1,1,1,N,N,40 03:22.733,75 02:47.656,918, ,914,3,2,1,N, ,0,Y, , , , ,835255, , , ,1,1,0,0,0,0,0,0,0,1,0,0,1,0,0,0,0,0,0,0,0,0,0,1,0,1,0,0,0,0,0,0,0,0,0,2,0,40.0563,-75.0466, , 
 ,75509,2011100708,6,67,67301,2011,9,5,1925,19,3,1,0,8,1, , ,N,0,0,0,3,0,1,2,2,N, ,40 07:44.695,75 01:28.956,1935, ,1927, ,0, , , ,0, , , , , ,835259, , , ,1,1,0,0,0,0,0,0,0,0,0,0,1,1,0,0,0,0,0,0,0,1,0,0,0,0,0,0,0,0,0,0,1,0,0,8,0,40.1291,-75.0247, , 
N,75510,2011032873,6,67,67301,2011,3,6,1412,14,1,1,0,5,1,1,4,Y,0,0,0,3,0,1,2,2,N,N,40 01:25.496,75 01:58.808,1446,55,1423, ,0, ,N, ,0, ,N,N,N,N,835294,N,N,Y,2,1,0,0,0,1,0,0,0,0,0,0,1,1,0,0,0,0,0,0,0,0,0,0,0,0,0,0,0,0,0,0,0,0,0,8,1,40.0238,-75.0329, , 
 ,75511,2011085504,6,67,67301,2011,7,2,2320,23,3,1,1,4,1, , ,N,2,2,0,3,0,1,6,2,N,N,39 56:36.552,75 14:48.306,2336, ,2334, ,0, ,N, ,3, , , , , ,835323, , , ,2,2,0,0,0,0,0,0,0,0,1,0,1,0,2,0,0,0,0,0,0,0,0,0,0,0,0,0,0,0,0,0,0,0,0,3,0,39.9435,-75.2468, , 
 ,75512,2011085517,6,67,67301,2011,7,7,1200,12,1,1,0,7,2, , ,N,0,0,0,3,0,1,1,1,N,N,40 00:29.024,75 08:22.568,1210, ,1200, ,0, ,N, ,0, , , , , ,835324, , , ,1,1,0,0,0,0,0,0,0,0,0,1,1,0,0,0,0,0,0,0,0,0,0,0,0,0,0,0,0,0,0,0,0,0,0,4,0,40.0081,-75.1396, , 
 ,75513,2011115234,6,67,67301,2011,10,3,1415,14,1,1,0,6,1, , ,N,0,0,0,3,0,1,4,2,N,N,40 03:40.618,75 08:23.582,1535, ,1530, ,0, ,N, ,0, , , , , ,835346, , , ,2,0,0,0,0,0,2,0,0,0,0,1,1,0,0,0,0,0,0,0,0,0,0,0,0,0,0,0,0,0,0,0,0,0,0,4,0,40.0613,-75.1399, , 
 ,75514,2011116057,6,67,67301,2011,10,7,2345,23,2,1,1,7,2, , ,N,0,0,2,3,0,1,1,1,N,N,39 56:38.419,75 08:32.890,7, ,2347, ,0, ,N, ,0, , , , , ,835347, , , ,1,1,0,0,0,0,0,0,0,0,0,1,1,0,0,0,0,0,0,0,0,0,0,0,0,0,0,0,0,0,0,0,0,0,0,4,0,39.944,-75.1425, , 
 ,75515,2011088094,6,67,67301,2011,8,4,9999,99,1,2,1,1,1, , ,N,2,3,0,3,0,2,3,2,N,N,40 02:49.493,75 10:58.104,1718, ,1707, ,0, ,N, ,9, , , , , ,835366, , , ,2,0,0,0,1,0,1,0,0,0,0,0,2,2,0,0,0,0,0,0,0,0,0,0,0,0,0,0,0,0,0,0,0,0,0,8,0,40.0471,-75.1828, , 
 ,75516,2011098566,6,67,67301,2011,9,3,1708,17,1,2,1,1,3, , ,N,0,0,0,3,0,4,6,2,N,N,39 59:24.722,75 09:19.023,1730, ,1726, ,0, , , ,0, , , , , ,835374, , , ,2,1,0,0,0,0,1,0,0,0,0,0,4,4,0,0,0,0,0,1,0,0,0,0,0,0,0,0,0,0,0,0,0,0,0,8,0,39.9902,-75.1553, , 
 ,75517,2011100871,6,67,67301,2011,9,4,950,9,1,2,1,1,1, , ,N,1,2,0,3,0,1,3,3,N,N,40 01:01.180,75 11:17.957,1057, ,1055, ,0, ,N, ,3, , , , , ,835377, , , ,3,2,0,0,0,0,0,0,0,0,0,0,1,1,1,0,0,0,0,0,0,0,0,0,0,0,0,0,0,0,0,0,0,0,0,8,0,40.017,-75.1883, , 
 ,75518,2011073221,6,67,67301,2011,6,5,1410,14,1,1,0,8,1, , ,N,1,0,0,3,0,1,2,2,Y,N,40 07:01.041,75 01:52.013,1450, ,1441, ,0, ,N, ,0, , , , , ,835388, , , ,1,0,0,0,0,0,0,0,0,0,0,0,1,1,0,0,0,0,0,0,0,0,0,0,0,0,0,0,0,0,0,0,1,0,0,8,0,40.117,-75.0311, , 
 ,75519,2011083348,6,67,67301,2011,7,3,1908,19,1,1,0,5,1, , ,N,0,0,0,3,0,1,3,2,N,N,39 56:24.374,75 12:59.068,1935, ,1928, ,0, , , ,0, , , , , ,835391, , , ,2,2,0,0,0,0,0,0,0,0,0,1,1,0,0,0,0,0,0,0,0,0,0,0,0,0,0,0,0,0,0,0,0,0,0,4,0,39.9401,-75.2164, , 
 ,75520,2011083361,6,67,67301,2011,7,3,900,9,1,1,0,8,1, , ,N,1,3,0,3,0,1,2,2,N,N,39 58:08.778,75 14:51.154,920, ,915, ,0, ,N, ,4, , , , , ,835392, , , ,1,0,0,0,0,0,0,0,0,0,0,1,1,0,0,0,0,0,0,0,0,0,0,0,0,0,0,0,0,0,0,0,1,0,0,4,0,39.9691,-75.2475, , 
 ,75521,2011096022,6,67,67301,2011,9,4,2010,20,3,1,0,0,1, , ,N,0,0,0,3,0,1,2,2,N,N,39 53:36.031,75 13:46.618,2228, ,2222,1,1,2,N, ,0,N, , , , ,835401, , , ,2,2,0,0,0,0,0,0,0,0,0,1,1,0,0,0,0,0,0,0,0,0,0,0,0,0,0,0,0,0,0,0,0,0,0,4,0,39.8933,-75.2296, , 
 ,75522,2011100786,6,67,67301,2011,9,3,1544,15,1,2,1,1,1, , ,N,1,2,0,3,0,0,2,2,N, ,40 06:43.184,74 59:26.035,1555, ,1545,3,1,1, , ,3,N, , , , ,835430, , , ,2,1,0,0,1,0,0,0,0,0,0,0,0,0,0,0,0,0,0,0,1,0,0,0,0,0,0,0,0,0,0,0,0,0,0,0,0,40.112,-74.9906, , 
 ,75523,2011047080,6,67,67301,2011,4,6,1215,12,1,2,1,4,1, , ,N,3,2,0,3,0,2,5,2, , ,39 58:38.507,75 13:37.478,9999, ,1215, ,0, , , ,3, , , , , ,835444, , , ,2,1,0,0,0,0,0,0,0,0,0,0,2,2,0,0,0,0,0,0,1,0,0,0,0,0,0,0,0,0,0,0,0,0,0,8,0,39.9774,-75.2271, , 
 ,75524,2011047222,6,67,67301,2011,5,6,1559,15,1,1,0,1,1, , ,N,1,2,0,3,0,1,2,2,N,N,40 01:38.505,75 05:56.834,1621, ,1600,2,1,1,N, ,3,N, , , , ,835445, , , ,2,2,0,0,0,0,0,0,0,0,0,1,1,0,0,0,0,0,0,0,1,0,0,0,0,0,0,0,0,0,0,0,0,0,0,4,0,40.0274,-75.0991, , 
 ,75525,2011132701,6,67,67301,2011,11,3,1300,13,1,1,0,5,1, , ,N,0,0,0,3,0,0,2,3,N,N,39 57:06.918,75 11:06.441,1319, ,1317, ,0, ,N, ,0, , , , , ,870140, , , ,3,2,0,0,1,0,0,0,0,0,0,0,0,0,0,0,0,0,0,0,0,1,0,0,0,0,0,0,0,0,0,0,0,0,0,0,0,39.9519,-75.1851, , 
 ,75526,2011115338,6,67,67301,2011,10,2,830,8,1,1,0,8,1, , ,N,1,2,0,3,0,1,2,2,N,N,39 56:50.704,75 14:23.171,845, ,836, ,0, ,N, ,3, , , , , ,870145, , , ,1,1,0,0,0,0,0,0,0,0,0,0,1,1,0,0,0,0,0,0,0,0,0,0,0,0,0,0,0,0,0,0,1,0,0,8,0,39.9474,-75.2398, , 
 ,75527,2012001942,6,67,67301,2011,11,6,2345,23,3,1,0,5,1, , ,N,0,0,0,3,0,0,1,2,N,N,39 55:59.638,75 10:17.925,2350, ,2347,1,2,2,N, ,0,N, , , , ,870157, , , ,2,2,0,0,0,0,0,0,0,0,0,0,0,0,0,0,0,0,0,1,0,0,0,0,0,0,0,0,0,0,0,0,0,0,0,0,0,39.9332,-75.1716, , 
 ,75528,2012004829,6,67,67301,2011,12,5,0,0,3,1,0,7,2, , ,N,0,0,0,3,0,0,2,1,N,N,39 57:05.980,75 09:45.890,345, ,335,9,1,3,N, ,0,N, , , , ,870160, , , ,1,0,0,0,0,1,0,0,0,0,0,0,0,0,0,0,0,0,0,0,0,0,0,0,0,0,0,0,0,0,0,0,0,0,0,0,1,39.9517,-75.1627, , 
 ,75529,2011129158,6,67,67301,2011,12,7,1940,19,3,1,0,1,1, , ,N,0,0,0,3,0,0,2,2,N,N,39 57:36.595,75 08:25.138,2005, ,1949, ,0, ,N, ,0, , , , , ,870173, , , ,2,1,0,0,0,0,1,0,0,0,0,0,0,0,0,0,0,0,0,0,1,0,0,0,0,0,0,0,0,0,0,0,0,0,0,0,0,39.96,-75.1404, , 
 ,75530,2011133471,6,67,67301,2011,12,5,1107,11,1,1,0,1,1, , ,N,0,0,0,3,0,0,3,3,N,N,39 57:06.890,75 08:27.598,1114, ,1110, ,0, ,N, ,0, , , , , ,870179, , , ,3,1,0,0,0,0,2,0,0,0,0,0,0,0,0,0,0,1,0,0,2,0,0,0,0,0,0,0,0,0,0,0,0,0,0,0,0,39.9518,-75.141, , 
 ,75531,2012020878,6,67,67301,2011,6,1,645,6,1,1,0,1,1, , ,N,1,0,0,3,0,2,3,2,N,N,39 53:40.603,75 14:12.181,0, ,0, ,0, ,N, ,0, , , , , ,870184, , , ,2,1,0,0,0,0,0,0,0,0,0,0,2,2,1,0,0,0,0,0,1,0,0,0,0,0,0,0,0,0,0,0,0,0,0,8,0,39.8946,-75.2367, , 
 ,75532,2011106155,6,67,67301,2011,9,5,634,6,1,1,0,1,1, , ,N,0,0,0,3,0,2,4,3,N,N,40 05:03.804,74 58:07.386,648, ,634, ,0, ,N, ,0, , , , , ,870185, , , ,3,2,0,0,0,0,1,0,0,0,0,2,2,0,0,0,0,0,0,0,0,0,0,0,0,0,0,0,0,0,0,0,0,0,0,4,0,40.0844,-74.9687, , 
 ,75533,2011108913,6,67,67301,2011,9,4,445,4,3,1,0,7,5, , ,N,2,3,0,3,0,4,4,1,N,N,40 02:27.564,75 09:49.334,455, ,452, ,0, ,N, ,3, , , , , ,870190, , , ,1,1,0,0,0,0,0,0,0,0,0,4,4,0,0,0,0,0,0,0,0,0,0,0,0,0,0,0,0,0,0,0,0,0,0,4,0,40.041,-75.1637, , 
 ,75534,2011122856,6,67,67301,2011,11,4,941,9,1,1,0,8,1, , ,N,2,0,0,3,0,1,3,2,N,N,40 03:34.088,75 08:17.402,1033, ,1030, ,0, ,N, ,0, , , , , ,870200, , , ,1,0,0,0,0,0,1,0,0,0,0,1,1,0,0,0,0,0,0,0,0,0,0,0,0,0,0,0,0,0,0,0,1,0,0,4,0,40.0595,-75.1382, , 
 ,75535,2011132796,6,67,67301,2011,11,3,1810,18,3,2,1,4,1, , ,N,1,3,0,3,0,0,4,4,N,N,40 02:48.311,75 10:38.158,1815, ,1812,2,1,3,N, ,3,N, , , , ,870230, , , ,4,4,0,0,0,0,0,0,0,0,0,0,0,0,0,0,0,0,0,0,0,1,1,0,0,0,0,0,0,0,0,0,0,0,0,0,0,40.0468,-75.1773, , 
 ,75536,2012015355,6,67,67301,2011,12,3,520,5,1,1,0,8,1, , ,N,0,0,0,3,0,1,2,2,N,N,39 57:14.619,75 14:39.894,1527, ,1525, ,0, ,N, ,0, , , , , ,870233, , , ,1,1,0,0,0,0,0,0,0,0,0,0,1,1,0,0,0,0,0,0,0,0,0,0,0,0,0,0,0,0,0,0,1,0,0,8,0,39.9541,-75.2444, , 
 ,75537,2011127089,6,67,67301,2011,11,1,1141,11,1,1,0,5,1, , ,N,0,0,0,3,0,1,2,2,N,N,40 03:01.198,75 08:52.548,1142, ,1141, ,0, ,N, ,0, , , , , ,870254, , , ,2,2,0,0,0,0,0,0,0,0,0,1,1,0,0,0,0,0,0,0,1,0,0,0,0,0,0,0,0,0,0,0,0,0,0,4,0,40.0503,-75.1479, , 