wz_ln_closure,objectid_1,crn,district,county,municipality,crash_year,crash_month,day_of_week,time_of_day,hour_of_day,illumination,weather,road_condition,collision_type,relation_to_road,work_zone_type,work_zone_loc,work_zone_ind,intersect_type,tcd_type,location_type,urban_rural,fatal_count,injury_count,person_count,total_units,sch_bus_ind,sch_zone_ind,latitude,longitude,arrival_tm,cons_zone_spd_lim,dispatch_tm,est_hrs_closed,lane_closed,ln_close_dir,ntfy_hiwy_maint,spec_juris_cd,tcd_func_cd,tfc_detour_ind,workers_pres,wz_close_detour,wz_flagger,wz_law_offcr_ind,objectid,wz_moving,wz_other,wz_shlder_mdn,vehicle_count,automobile_count,motorcycle_count,bus_count,small_truck_count,heavy_truck_count,suv_count,van_count,bicycle_count,maj_inj_count,mod_inj_count,min_inj_count,tot_inj_count,unk_inj_deg_count,unk_inj_per_count,driver_count_16yr,driver_count_17yr,driver_count_18yr,driver_count_19yr,driver_count_20yr,driver_count_50_64yr,driver_count_65_74yr,driver_count_75plus,unbelted_occ_count,unb_death_count,unb_maj_inj_count,belted_death_count,belted_maj_inj_count,mcycle_death_count,mcycle_maj_inj_count,bicycle_death_count,bicycle_maj_inj_count,ped_count,ped_death_count,ped_maj_inj_count,max_severity_level,comm_veh_count,dec_lat,dec_long,rdwy_surf_type_cd,county_name
 ,75538,2011132646,6,67,67301,2011,11,2,15,0,3,2,1,4,1, , ,N,1,2,0,3,0,2,2,2,N,N,39 57:24.062,75 11:53.314,32, ,23, ,0, ,N, ,3, , , , , ,870260, , , ,2,1,0,0,0,0,1,0,0,0,0,1,2,1,0,0,0,0,0,0,0,0,0,0,0,0,0,0,0,0,0,0,0,0,0,4,0,39.9567,-75.1981, , 
 ,75539,2011135736,6,67,67301,2011,12,7,1,0,3,1,0,1,1, , ,N,7,0,2,3,0,0,5,2,N,N,39 53:29.072,75 14:13.179,7, ,3, ,0, ,N, ,0, , , , , ,870262, , , ,2,2,0,0,0,0,0,0,0,0,0,0,0,0,0,0,0,1,0,0,1,0,0,0,0,0,0,0,0,0,0,0,0,0,0,0,0,39.8927,-75.2338, , 
 ,75540,2011108746,6,67,67301,2011,9,5,1620,16,1,1,0,4,1, , ,N,1,3,0,3,0,1,2,2,N,N,39 59:49.588,75 12:17.053,1631, ,1624, ,0, ,N, ,3, , , , , ,870270, , , ,2,1,0,0,1,0,0,0,0,0,0,0,1,1,0,0,0,0,0,0,0,0,0,0,0,0,0,0,0,0,0,0,0,0,0,8,0,39.9971,-75.2047, , 
 ,75541,2011113281,6,67,67301,2011,10,3,900,9,1,1,0,4,1, , ,N,1,3,0,3,0,1,2,2,N,N,40 01:17.857,75 09:54.435,915, ,902,1,1,3,N, ,3,Y, , , , ,870298, , , ,2,1,0,0,0,0,1,0,0,0,0,0,1,1,1,0,0,0,0,0,0,0,0,0,0,0,0,0,0,0,0,0,0,0,0,8,0,40.0216,-75.1651, , 
 ,75542,2011134731,6,67,67301,2011,11,4,654,6,1,1,0,5,6, , ,N,0,0,0,3,0,1,3,3,N,N,39 57:55.191,75 11:30.537,659, ,656, ,0, ,N, ,0, , , , , ,870320, , , ,3,3,0,0,0,0,0,0,0,0,0,0,1,1,1,0,0,0,0,0,1,0,0,0,0,0,0,0,0,0,0,0,0,0,0,8,0,39.9653,-75.1918, , 
Y,75543,2011097321,6,67,67301,2011,9,7,132,1,3,1,0,4,1,1,4,Y,0,0,0,3,0,0,2,2,N,N,39 57:25.563,75 10:49.457,138,50,137,1,2,3,N, ,0,N,N,N,N,Y,870330,N,N,N,2,1,0,0,0,0,0,0,0,0,0,0,0,0,1,0,0,0,0,0,0,0,0,0,0,0,0,0,0,0,0,0,0,0,0,9,0,39.9571,-75.1804, , 
 ,75544,2012004983,6,67,67301,2011,12,7,204,2,3,1,0,2,1, , ,N,1,2,0,3,0,4,4,2,N,N,39 55:21.975,75 14:18.329,204, ,204,1,2,7,N, ,3,N, , , , ,870339, , , ,2,2,0,0,0,0,0,0,0,0,0,4,4,0,0,0,0,0,0,0,0,0,0,0,0,0,0,0,0,0,0,0,0,0,0,4,0,39.9228,-75.2384, , 
 ,75545,2011118048,6,67,67301,2011,10,3,720,7,1,1,0,4,2, , ,N,2,0,0,3,0,2,3,2,N,N,40 02:32.049,75 04:48.539,919, ,915, ,0, ,N, ,0, , , , , ,870347, , , ,2,1,0,0,1,0,0,0,0,0,0,2,2,0,0,0,0,0,0,0,0,0,0,0,0,0,0,0,0,0,0,0,0,0,0,4,0,40.0422,-75.0801, , 
 ,75546,2011118468,6,67,67301,2011,10,1,818,8,1,1,0,4,6, , ,N,0,0,0,3,0,0,1,4,N,N,40 01:42.488,75 03:40.099,842, ,832, ,0, ,N, ,0, , , , , ,870348, , , ,4,3,0,0,1,0,0,0,0,0,0,0,0,0,1,0,0,0,0,0,0,0,0,0,0,0,0,0,0,0,0,0,0,0,0,9,0,40.0285,-75.0611, , 
 ,75547,2011134657,6,67,67301,2011,12,5,2030,20,3,1,0,4,1, , ,N,1,3,0,3,0,1,2,2,N,N,39 56:56.623,75 09:20.444,2250, ,2250, ,0, ,N, ,3, , , , , ,870357, , , ,2,1,0,0,0,0,1,0,0,0,0,1,1,0,1,0,0,0,0,0,0,0,1,0,0,0,0,0,0,0,0,0,0,0,0,4,0,39.9491,-75.1557, , 
 ,75548,2011109853,6,67,67301,2011,9,1,1951,19,3,1,0,5,1, , ,N,0,0,0,3,0,1,1,4,N, ,40 03:54.183,75 11:29.245,2046, ,2025, ,0, , , ,0, , , , , ,870398, , , ,4,3,0,0,1,0,0,0,0,0,0,1,1,0,0,0,0,0,0,0,0,0,0,0,0,0,0,0,0,0,0,0,0,0,0,4,0,40.0651,-75.1915, , 
 ,75549,2011112190,6,67,67301,2011,10,2,1515,15,1,1,0,4,1, , ,N,0,0,0,3,0,1,3,2,N,N,40 06:39.453,75 00:11.420,1530, ,1527, ,0, ,N, ,0, , , , , ,870403, , , ,2,1,0,0,1,0,0,0,0,0,0,0,1,1,0,0,0,0,0,0,0,0,0,0,0,0,0,0,0,0,0,0,0,0,0,8,0,40.111,-75.0032, , 
 ,75550,2011118177,6,67,67301,2011,10,5,654,6,1,2,1,8,1, , ,N,2,2,7,3,0,1,2,2,N,N,39 55:07.618,75 11:09.725,657, ,655, ,0, ,N, ,3, , , , , ,870408, , , ,1,1,0,0,0,0,0,0,0,0,0,1,1,0,0,0,0,0,1,0,0,0,0,0,0,0,0,0,0,0,0,0,1,0,0,4,0,39.9188,-75.186, , 
 ,75551,2011132956,6,67,67301,2011,11,1,130,1,3,1,0,4,1, , ,N,1,2,0,3,0,1,2,2,N, ,40 02:25.098,75 02:36.070,515, ,515, ,0, , , ,3, , , , , ,870420, , , ,2,2,0,0,0,0,0,0,0,0,0,1,1,0,1,0,0,0,0,0,0,0,0,1,0,0,0,0,0,0,0,0,0,0,0,4,0,40.0403,-75.0434, , 
 ,75552,2012004349,6,67,67301,2011,12,7,845,8,1,1,0,1,1, , ,N,1,2,0,3,0,1,3,2,N,N,40 01:00.896,75 08:58.458,900, ,736, ,0, , , ,3, , , , , ,870426, , , ,2,1,0,0,1,0,0,0,0,0,0,0,1,1,1,0,0,0,0,0,0,0,0,0,0,0,0,0,0,0,0,0,0,0,0,8,0,40.0169,-75.1495, , 
 ,75553,2012004890,6,67,67301,2011,12,2,2200,22,3,2,1,4,1, , ,N,1,0,0,3,0,1,2,2,N,N,39 58:35.983,75 14:01.359,2300, ,2254, ,0, ,N, ,0, , , , , ,870427, , , ,2,2,0,0,0,0,0,0,0,0,0,0,1,1,1,0,0,0,0,0,1,0,0,0,0,0,0,0,0,0,0,0,0,0,0,8,0,39.9767,-75.2337, , 
 ,75554,2012012646,6,67,67301,2011,12,3,1730,17,3,2,1,4,6, , ,N,0,0,0,3,0,1,3,2,N,N,39 57:18.565,75 13:49.627,1810, ,1806, ,0, ,N, ,0, , , , , ,870428, , , ,2,1,0,0,0,0,0,0,0,0,0,1,1,0,1,0,0,0,0,0,0,0,0,0,0,0,0,0,0,0,0,0,0,0,0,4,0,39.9552,-75.2305, , 
 ,75555,2011112280,6,67,67301,2011,10,2,1612,16,1,1,0,4,1, , ,N,2,0,0,3,0,1,3,2,N,N,40 05:17.875,75 02:37.004,1616, ,1612, ,0, ,N, ,0, , , , , ,870431, , , ,2,1,0,0,1,0,0,0,0,0,1,0,1,0,0,0,0,0,0,0,0,0,0,0,0,0,0,0,0,0,0,0,0,0,0,3,0,40.0883,-75.0436, , 
 ,75556,2012020259,6,67,67301,2011,5,3,1100,11,1,1,0,5,6, , ,N,0,0,0,3,0,0,1,2,N,N,40 00:30.987,75 08:46.128,0, ,0, ,0, ,N, ,0, , , , , ,870446, , , ,2,1,0,0,0,0,1,0,0,0,0,0,0,0,0,0,0,0,0,0,0,0,0,0,0,0,0,0,0,0,0,0,0,0,0,0,0,40.0086,-75.1463, , 
 ,75557,2011061375,6,67,67301,2011,4,3,842,8,1,1,0,1,1, , ,N,0,0,0,3,0,2,2,4,N,N,39 59:47.629,75 08:49.079,855, ,852, ,0, ,N, ,0, , , , , ,870474, , , ,4,0,0,0,0,0,2,0,0,0,1,1,2,0,0,0,0,0,0,0,0,0,0,0,0,0,0,0,0,0,0,0,0,0,0,3,0,39.9966,-75.147, , 
 ,75558,2011066788,6,67,67301,2011,5,4,9999,99,1,1,0,8,1, , ,N,2,2,0,3,0,1,2,2,N,N,39 56:54.970,75 10:03.935,955, ,950, ,0, ,N, ,3, , , , , ,870479, , , ,1,1,0,0,0,0,0,0,0,0,1,0,1,0,0,0,0,0,0,0,0,0,0,1,0,0,0,0,0,0,0,0,1,0,0,3,0,39.9486,-75.1678, , 
 ,75559,2012010089,6,67,67301,2011,12,4,1800,18,3,2,1,7,5, , ,N,0,0,0,3,0,1,1,1,N, ,40 02:57.961,75 14:43.941,1808, ,1806,2,2,6, , ,0,Y, , , , ,870484, , , ,1,0,0,0,0,0,0,1,0,0,0,0,1,1,0,0,0,0,0,0,0,0,0,0,0,0,0,0,0,0,0,0,0,0,0,8,0,40.0494,-75.2455, , 
 ,75560,2012004919,6,67,67301,2011,12,2,1100,11,1,1,0,4,1, , ,N,1,2,0,3,0,3,3,3,N,N,40 01:48.978,75 03:51.736,1316, ,1310,2,1,5,N, ,3,Y, , , , ,870520, , , ,3,2,0,0,0,0,0,1,0,0,0,3,3,0,0,0,0,0,0,1,1,0,0,0,0,0,0,0,0,0,0,0,0,0,0,4,0,40.0303,-75.0644, , 
 ,75561,2011099585,6,67,67301,2011,9,1,2232,22,3,1,0,7,2, , ,N,0,0,0,3,0,0,1,1,N,N,39 52:43.545,75 14:57.854,2247, ,2239, ,0, ,Y, ,0, , , , , ,870527, , , ,1,0,0,0,1,0,0,0,0,0,0,0,0,0,1,0,0,0,0,0,0,0,0,0,0,0,0,0,0,0,0,0,0,0,0,9,0,39.8788,-75.2494, , 
 ,75562,2011115363,6,67,67301,2011,9,2,1748,17,1,1,0,1,1, , ,N,0,0,0,3,0,6,6,2,N,N,39 57:32.267,75 13:44.558,1759, ,1750,1,2,3,N, ,0,Y, , , , ,865093, , , ,2,2,0,0,0,0,0,0,0,0,1,3,6,2,0,0,0,0,0,0,0,0,0,3,0,0,0,0,0,0,0,0,0,0,0,3,0,39.959,-75.2291, , 
 ,75563,2012004778,6,67,67301,2011,12,5,2301,23,3,1,0,8,1, , ,N,1,2,0,3,0,1,2,2,N,N,39 57:23.616,75 14:30.901,24, ,20, ,0, ,N, ,3, , , , , ,865108, , , ,1,1,0,0,0,0,0,0,0,0,1,0,1,0,0,0,0,0,0,0,0,0,0,0,0,0,0,0,0,0,0,0,1,0,0,3,0,39.9566,-75.2419, , 
 ,75564,2012009993,6,67,67301,2011,12,7,2100,21,3,1,0,1,1, , ,N,2,2,0,3,0,2,4,2,N,N,39 57:44.547,75 09:41.289,2125, ,2120, ,0, ,N, ,3, , , , , ,865109, , , ,2,1,0,0,0,0,1,0,0,0,0,2,2,0,0,0,0,0,0,0,0,0,0,0,0,0,0,0,0,0,0,0,0,0,0,4,0,39.9621,-75.1614, , 
 ,75565,2011106174,6,67,67301,2011,9,5,1526,15,1,1,0,2,1, , ,N,1,2,0,3,0,1,2,4,N, ,40 02:44.136,75 04:17.168,1540, ,1529, ,0, , , ,3, , , , , ,865111, , , ,4,2,0,0,0,0,2,0,0,0,0,1,1,0,1,0,0,0,0,0,1,0,0,1,0,0,0,0,0,0,0,0,0,0,0,4,0,40.0456,-75.0714, , 
 ,75566,2011108834,6,67,67301,2011,9,6,950,9,1,2,1,4,1, , ,N,10,3,0,3,0,1,3,2,N,N,39 57:45.190,75 13:57.158,1005, ,953, ,0, ,N, ,3, , , , , ,865116, , , ,2,1,0,1,0,0,0,0,0,0,0,1,1,0,0,0,0,0,0,0,1,0,0,0,0,0,0,0,0,0,0,0,0,0,0,4,1,39.9626,-75.2325, , 
 ,75567,2011108930,6,67,67301,2011,9,6,1425,14,1,1,0,4,1, , ,N,1,3,0,3,0,1,2,2,N,N,40 03:14.200,75 11:50.770,1510, ,1458, ,0, ,N, ,3, , , , , ,865117, , , ,2,1,0,0,1,0,0,0,0,0,0,0,1,1,0,0,0,0,0,0,1,0,0,0,0,0,0,0,0,0,0,0,0,0,0,8,0,40.0539,-75.1974, , 
 ,75568,2011112245,6,67,67301,2011,10,5,1220,12,1,1,0,4,6, , ,N,0,0,7,3,0,1,1,2,N,N,39 58:39.259,75 07:09.289,1225, ,1220, ,0, , , ,0, , , , , ,865126, , , ,2,1,0,0,0,0,0,1,0,0,1,0,1,0,0,0,0,0,0,0,0,1,0,0,0,0,0,0,0,0,0,0,0,0,0,3,0,39.9769,-75.1195, , 
 ,75569,2011132717,6,67,67301,2011,11,5,2300,23,3,1,0,1,1, , ,N,1,2,0,3,0,1,3,3,N, ,40 03:58.061,75 03:46.964,2305, ,2300, ,0, , , ,3, , , , , ,865138, , , ,3,2,0,0,0,0,1,0,0,0,0,1,1,0,0,0,0,0,0,0,0,0,0,0,0,0,0,0,0,0,0,0,0,0,0,4,0,40.0661,-75.063, , 
 ,75570,2012004812,6,67,67301,2011,12,3,1151,11,1,1,0,8,1, , ,N,1,2,0,3,0,1,2,2,N,N,39 57:01.634,75 11:33.356,1158, ,1152, ,0, ,N, ,3, , , , , ,865142, , , ,1,1,0,0,0,0,0,0,0,0,1,0,1,0,0,0,0,0,0,0,0,0,0,1,0,0,0,0,0,0,0,0,1,0,0,3,0,39.9505,-75.1926, , 
 ,75571,2012012633,6,67,67301,2011,12,7,1735,17,3,1,0,5,1, , ,N,0,0,0,3,0,0,2,2,N, ,39 55:27.890,75 09:15.650,1815, ,1810, ,0, , , ,0, , , , , ,865143, , , ,2,2,0,0,0,0,0,0,0,0,0,0,0,0,0,0,0,0,0,0,2,0,0,0,0,0,0,0,0,0,0,0,0,0,0,0,0,39.9244,-75.1543, , 
 ,75572,2011126330,6,67,67301,2011,11,3,401,4,3,1,0,1,1, , ,N,0,0,0,3,0,2,2,2,N,N,40 00:22.954,75 07:00.979,404, ,401,1,2,3,N, ,0,Y, , , , ,865169, , , ,2,2,0,0,0,0,0,0,0,0,0,2,2,0,0,0,0,0,0,0,0,0,0,0,0,0,0,0,0,0,0,0,0,0,0,4,0,40.0064,-75.1171, , 
 ,75573,2012004834,6,67,67301,2011,11,3,2220,22,3,2,1,1,1, , ,N,1,2,0,3,0,3,5,2,N,N,39 55:31.449,75 10:39.476,2227, ,2224, ,0, ,N, ,3, , , , , ,865183, , , ,2,2,0,0,0,0,0,0,0,0,3,0,3,0,0,0,0,0,1,0,1,0,0,0,0,0,0,0,0,0,0,0,0,0,0,3,0,39.9254,-75.1776, , 
 ,75574,2012004949,6,67,67301,2011,11,4,725,7,1,1,0,4,1, , ,N,5,2,0,3,0,0,2,2,N,N,39 58:10.070,75 08:22.352,732, ,729, ,0, ,N, ,3, , , , , ,865184, , , ,2,2,0,0,0,0,0,0,0,0,0,0,0,0,1,0,0,0,0,0,0,0,0,0,0,0,0,0,0,0,0,0,0,0,0,9,0,39.9695,-75.1395, , 
 ,75575,2012007930,6,46,46104,2011,12,6,1,0,3,1,0,1,1, , ,N,0,1,0,3,0,3,4,2,N,N,39 59:43.180,75 14:20.576,5, ,0, ,0, ,N, ,3, , , , , ,865185, , , ,2,1,0,0,0,0,1,0,0,0,0,3,3,0,0,0,0,0,0,0,1,0,0,0,0,0,0,0,0,0,0,0,0,0,0,4,0,39.9953,-75.239, , 
 ,75576,2011106670,6,67,67301,2011,9,2,330,3,3,1,0,8,1, , ,N,0,0,0,3,0,1,2,2,N,N,40 01:18.130,75 08:54.314,340, ,330, ,0, ,N, ,0, , , , , ,865195, , , ,1,1,0,0,0,0,0,0,0,0,0,1,1,0,0,0,0,0,0,0,0,0,0,0,0,0,0,0,0,0,0,0,1,0,0,4,0,40.0217,-75.1484, , 
 ,75577,2011115229,6,67,67301,2011,10,5,1522,15,1,1,0,4,1, , ,N,1,2,0,3,0,0,2,2,N,N,39 57:39.747,75 08:41.293,1611, ,1608, ,0, ,N, ,3, , , , , ,865200, , , ,2,2,0,0,0,0,0,0,0,0,0,0,0,0,0,0,0,0,0,0,1,0,0,0,0,0,0,0,0,0,0,0,0,0,0,0,0,39.9609,-75.145, , 
 ,75578,2012001997,6,67,67301,2011,12,6,9999,99,3,1,0,8,1, , ,N,1,2,0,3,0,1,2,2,N,N,40 01:31.669,75 07:24.547,1931, ,1932,1,1,1,N, ,3,N, , , , ,865222, , , ,1,0,0,0,0,0,1,0,0,0,1,0,1,0,0,0,0,0,0,0,0,0,0,0,0,0,0,0,0,0,0,0,1,0,0,3,0,40.0255,-75.1235, , 
 ,75579,2012032564,6,67,67301,2011,6,5,9999,99,1,1,0,4,1, , ,N,1,2,0,3,0,1,2,2,N,N,39 54:42.724,75 10:21.917,1743, ,1740, ,0, , , ,3, , , , , ,865224, , , ,2,1,1,0,0,0,0,0,0,0,1,0,1,0,0,0,0,0,0,0,1,1,0,0,0,0,0,0,0,0,0,0,0,0,0,3,0,39.9119,-75.1728, , 
 ,75580,2012020473,6,67,67301,2011,5,6,1727,17,4,9,8,8,1, , ,N,1,2,0,3,0,1,2,2,N,N,39 58:50.024,75 10:20.673,1731, ,1729, ,0, , , ,3, , , , , ,867609, , , ,1,1,0,0,0,0,0,0,0,0,1,0,1,0,0,0,0,0,0,0,0,0,0,0,0,0,0,0,0,0,0,0,1,0,0,3,0,39.9806,-75.1724, , 
 ,75581,2011134767,6,67,67301,2011,11,2,1520,15,1,1,0,8,6, , ,N,0,0,0,3,0,1,2,3,N,N,39 58:43.559,75 09:30.640,1520, ,1520,2,2,6,N, ,0,Y, , , , ,867622, , , ,2,2,0,0,0,0,0,0,0,1,0,0,1,0,0,0,0,0,0,0,1,0,0,0,0,0,0,0,0,0,0,0,1,0,1,2,0,39.9788,-75.1585, , 
 ,75582,2012021375,6,67,67301,2011,12,5,2306,23,3,2,1,1,2, , ,N,0,0,0,3,0,1,1,3,N,N,40 02:41.949,75 09:13.622,45, ,41, ,0, ,N, ,0, , , , , ,867631, , , ,3,2,0,0,0,0,0,1,0,0,0,1,1,0,0,0,0,0,0,0,0,0,0,0,0,0,0,0,0,0,0,0,0,0,0,4,0,40.045,-75.1538, , 
 ,75583,2012042139,6,67,67301,2011,6,3,824,8,1,1,0,4,1, , ,N,1,2,0,3,0,1,2,2,N,N,39 56:25.327,75 14:11.791,826, ,824,3,1,2,Y, ,3,Y, , , , ,867641, , , ,2,2,0,0,0,0,0,0,0,0,0,0,1,1,0,0,0,0,0,0,1,0,0,0,0,0,0,0,0,0,0,0,0,0,0,8,0,39.9404,-75.2366, , 
 ,75584,2011112085,6,67,67301,2011,10,2,935,9,1,1,0,1,1, , ,N,1,2,0,3,0,1,3,2,N,N,39 57:30.389,75 14:14.837,950, ,947,3,1,2,N, ,3,N, , , , ,867648, , , ,2,1,0,0,0,0,1,0,0,0,0,1,1,0,0,0,0,0,0,0,1,0,0,2,0,0,0,0,0,0,0,0,0,0,0,4,0,39.9584,-75.2375, , 
 ,75585,2012019557,6,67,67301,2011,5,4,1645,16,1,1,0,1,1, , ,N,0,0,0,3,0,1,2,2,N,N,40 02:34.250,75 06:48.475,0, ,0, ,0, ,N, ,0, , , , , ,867664, , , ,2,2,0,0,0,0,0,0,0,0,0,0,1,1,1,0,0,0,0,0,0,0,0,0,0,0,0,0,0,0,0,0,0,0,0,8,0,40.0428,-75.1135, , 
 ,75586,2011130428,6,67,67301,2011,12,7,643,6,3,1,0,7,7, , ,N,7,0,2,3,0,1,2,1,N,N,39 57:34.701,75 10:51.774,659, ,644, ,0, ,Y, ,0, , , , , ,867695, , , ,1,0,0,0,1,0,0,0,0,0,0,0,1,1,0,0,0,0,0,0,0,0,0,0,0,0,0,0,0,0,0,0,0,0,0,8,0,39.9596,-75.181, , 
 ,75587,2011132974,6,67,67301,2011,11,3,1310,13,1,2,1,6,1, , ,N,1,2,0,3,0,1,4,2,N,N,39 57:39.001,75 08:34.269,1340, ,1330, ,0, ,N, ,3, , , , , ,867696, , , ,2,2,0,0,0,0,0,0,0,0,0,1,1,0,0,0,0,0,0,0,0,0,0,0,0,0,0,0,0,0,0,0,0,0,0,4,0,39.9608,-75.1426, , 
 ,75588,2012001949,6,67,67301,2011,11,2,1853,18,3,1,0,8,1, , ,N,1,3,0,3,0,1,2,2,N,N,40 01:35.986,75 10:38.045,1954, ,1853, ,0, ,N, ,3, , , , , ,867699, , , ,1,1,0,0,0,0,0,0,0,0,0,0,1,1,0,0,0,0,0,0,1,0,0,0,0,0,0,0,0,0,0,0,1,0,0,8,0,40.0267,-75.1772, , 
 ,75589,2011117812,6,67,67301,2011,10,2,1340,13,1,1,0,4,1, , ,N,0,2,7,3,0,3,5,2,N,N,39 57:31.557,75 14:07.443,1411, ,1408,2,1,5, , ,3,N, , , , ,867709, , , ,2,1,0,0,1,0,0,0,0,0,0,3,3,0,0,0,0,0,0,0,1,0,0,5,0,0,0,0,0,0,0,0,0,0,0,4,0,39.9588,-75.2354, , 
 ,75590,2012010118,6,67,67301,2011,12,2,700,7,6,1,0,1,6, , ,N,0,0,0,3,0,2,2,3,N, ,40 03:31.730,75 08:57.955,1028, ,1026, ,0, , , ,0, , , , , ,867730, , , ,3,1,0,0,0,0,2,0,0,0,0,0,2,2,0,0,0,0,0,0,0,0,0,0,0,0,0,0,0,0,0,0,0,0,0,8,0,40.0588,-75.1494, , 
 ,75591,2011120332,6,67,67301,2011,10,5,1815,18,3,2,1,8,1, , ,N,1,2,0,3,0,1,2,2,N,N,39 57:04.866,75 11:56.817,1825, ,1822, ,0, ,N, ,3, , , , , ,867743, , , ,1,1,0,0,0,0,0,0,0,0,0,0,1,1,0,0,0,0,0,0,1,0,0,0,0,0,0,0,0,0,0,0,1,0,0,8,0,39.9514,-75.1991, , 
 ,75592,2012002758,6,67,67301,2011,12,7,1359,13,1,1,0,1,1, , ,N,6,0,2,3,0,0,2,2,N,N,39 56:54.491,75 11:10.619,1407, ,1400, ,0, ,N, ,0, , , , , ,867751, , , ,2,1,0,0,0,0,1,0,0,0,0,0,0,0,0,0,0,0,0,0,0,0,0,0,0,0,0,0,0,0,0,0,0,0,0,0,0,39.9485,-75.1863, , 
 ,75593,2012001908,6,67,67301,2011,12,3,1846,18,3,2,1,7,4, , ,N,0,3,0,3,0,2,2,1,N,N,39 55:03.907,75 14:34.101,1900, ,1851, ,0, ,N, ,3, , , , , ,867773, , , ,1,1,0,0,0,0,0,0,0,0,1,1,2,0,0,0,0,0,0,0,0,0,0,1,0,0,0,0,0,0,0,0,0,0,0,3,0,39.9178,-75.2428, , 
 ,75594,2012002092,6,67,67301,2011,12,1,1034,10,1,1,0,4,1, , ,N,1,2,0,3,0,1,2,2,N,N,39 57:40.482,75 08:48.201,1034, ,1034, ,0, ,N, ,3, , , , , ,867774, , , ,1,0,0,0,0,0,1,0,1,0,0,0,1,1,0,0,0,0,0,0,0,0,0,0,0,0,0,0,0,0,0,0,0,0,0,8,0,39.9612,-75.1466, , 
 ,75595,2011115393,6,67,67301,2011,10,1,904,9,1,1,0,4,1, , ,N,1,2,0,3,0,1,3,2,N,N,40 02:06.965,75 04:15.061,905, ,905,1,1,3,N, ,3,N, , , , ,867779, , , ,2,1,0,0,1,0,0,0,0,0,0,0,1,1,1,0,0,0,0,0,0,1,0,0,0,0,0,0,0,0,0,0,0,0,0,8,0,40.0353,-75.0706, , 
 ,75596,2011107703,6,67,67301,2011,10,7,343,3,3,1,0,1,1, , ,N,0,0,0,3,0,1,3,2,N,N,40 02:57.176,74 59:45.478,343, ,343, ,0, ,N, ,0, , , , , ,867804, , , ,2,2,0,0,0,0,0,0,0,0,0,0,1,1,0,0,0,0,0,1,0,0,0,0,0,0,0,0,0,0,0,0,0,0,0,8,0,40.0492,-74.9961, , 
 ,75597,2011117286,6,67,67301,2011,10,7,1215,12,1,1,0,1,1, , ,N,0,0,0,3,0,1,3,2,N,N,40 03:29.817,75 09:47.751,1238, ,1237, ,0, ,N, ,0, , , , , ,867816, , , ,2,2,0,0,0,0,0,0,0,0,0,1,1,0,0,0,0,0,0,0,0,0,0,2,0,0,0,0,0,0,0,0,0,0,0,4,0,40.0583,-75.1633, , 
 ,75598,2012022617,6,67,67301,2011,12,4,9999,99,3,2,1,4,9, , ,N,1,2,0,3,0,0,2,2,N,N,40 01:30.462,75 03:45.765,1047, ,1030, ,0, ,N, ,3, , , , , ,870546, , , ,2,1,0,0,1,0,0,0,0,0,0,0,0,0,0,0,0,0,0,0,0,0,0,0,0,0,0,0,0,0,0,0,0,0,0,0,0,40.0251,-75.0627, , 
 ,75599,2012023913,6,67,67301,2011,12,6,1630,16,2,1,0,1,1, , ,N,0,0,0,3,0,1,2,2,N,N,39 58:32.540,75 12:21.160,0, ,0, ,0, ,N, ,0, , , , , ,870547, , , ,2,1,0,0,0,0,1,0,0,0,0,0,1,1,1,0,0,0,0,0,0,0,0,0,0,0,0,0,0,0,0,0,0,0,0,8,0,39.9757,-75.2059, , 
 ,75600,2011117283,6,67,67301,2011,10,3,2348,23,3,1,0,1,1, , ,N,0,0,3,3,0,2,3,2,N,N,39 54:18.213,75 11:42.691,5, ,2358,1,2,3, , ,0,N, , , , ,870551, , , ,2,2,0,0,0,0,0,0,0,0,0,2,2,0,1,0,0,0,1,0,0,0,0,0,0,0,0,0,0,0,0,0,0,0,0,4,0,39.9051,-75.1952, , 
 ,75601,2012021266,6,67,67301,2011,8,5,915,9,1,1,0,1,1, , ,N,0,0,0,3,0,1,2,2,N,N,39 57:43.396,75 09:41.070,0, ,0, ,0, ,N, ,0, , , , , ,870569, , , ,2,2,0,0,0,0,0,0,0,0,0,0,1,1,1,0,0,0,0,0,0,0,0,0,0,0,0,0,0,0,0,0,0,0,0,8,0,39.9621,-75.1614, , 
 ,75602,2011073284,6,67,67301,2011,6,2,1400,14,1,1,0,1,4, , ,N,0,0,0,3,0,1,2,3,N,N,39 56:05.501,75 10:23.209,1425, ,1420,2,2,3,N, ,0,Y, , , , ,870574, , , ,3,3,0,0,0,0,0,0,0,0,0,0,1,1,1,0,0,0,0,0,0,0,0,0,0,0,0,0,0,0,0,0,0,0,0,8,0,39.9349,-75.1731, , 
 ,75603,2011082397,6,67,67301,2011,6,3,30,0,3,1,0,5,2, , ,N,0,0,0,3,0,0,1,5,N,N,39 59:19.913,75 08:07.500,36, ,33,4,2,2,N, ,0,Y, , , , ,870581, , , ,5,4,0,0,0,0,0,1,0,0,0,0,0,0,1,0,0,0,0,0,0,0,0,0,0,0,0,0,0,0,0,0,0,0,0,9,0,39.9889,-75.1354, , 
 ,75604,2011092900,6,67,67301,2011,8,3,1600,16,1,1,0,1,1, , ,N,1,2,0,3,0,0,2,2,N,N,40 01:37.801,75 09:04.478,1630, ,1630, ,0, , , ,3, , , , , ,870592, , , ,2,2,0,0,0,0,0,0,0,0,0,0,0,0,0,0,0,0,0,0,2,0,0,1,0,0,0,0,0,0,0,0,0,0,0,0,0,40.0272,-75.1512, , 