wz_ln_closure,objectid_1,crn,district,county,municipality,crash_year,crash_month,day_of_week,time_of_day,hour_of_day,illumination,weather,road_condition,collision_type,relation_to_road,work_zone_type,work_zone_loc,work_zone_ind,intersect_type,tcd_type,location_type,urban_rural,fatal_count,injury_count,person_count,total_units,sch_bus_ind,sch_zone_ind,latitude,longitude,arrival_tm,cons_zone_spd_lim,dispatch_tm,est_hrs_closed,lane_closed,ln_close_dir,ntfy_hiwy_maint,spec_juris_cd,tcd_func_cd,tfc_detour_ind,workers_pres,wz_close_detour,wz_flagger,wz_law_offcr_ind,objectid,wz_moving,wz_other,wz_shlder_mdn,vehicle_count,automobile_count,motorcycle_count,bus_count,small_truck_count,heavy_truck_count,suv_count,van_count,bicycle_count,maj_inj_count,mod_inj_count,min_inj_count,tot_inj_count,unk_inj_deg_count,unk_inj_per_count,driver_count_16yr,driver_count_17yr,driver_count_18yr,driver_count_19yr,driver_count_20yr,driver_count_50_64yr,driver_count_65_74yr,driver_count_75plus,unbelted_occ_count,unb_death_count,unb_maj_inj_count,belted_death_count,belted_maj_inj_count,mcycle_death_count,mcycle_maj_inj_count,bicycle_death_count,bicycle_maj_inj_count,ped_count,ped_death_count,ped_maj_inj_count,max_severity_level,comm_veh_count,dec_lat,dec_long,rdwy_surf_type_cd,county_name
 ,75605,2011095347,6,67,67301,2011,8,6,1550,15,1,1,0,8,1, , ,N,0,0,0,3,0,1,2,2,N,N,39 58:49.419,75 10:16.062,1552, ,1552, ,0, ,N, ,0, , , , , ,870594, , , ,1,0,0,0,0,0,1,0,0,0,0,1,1,0,0,0,0,0,0,0,0,0,0,0,0,0,0,0,0,0,0,0,1,0,0,4,0,39.9804,-75.1711, , 
 ,75606,2011109240,6,67,67301,2011,10,1,2047,20,2,1,0,5,1, , ,N,0,0,0,3,0,0,2,2,N,N,39 56:26.321,75 08:36.738,2108, ,2058, ,0, ,N, ,0, , , , , ,870605, , , ,2,1,0,0,0,0,1,0,0,0,0,0,0,0,1,0,0,0,0,0,0,0,0,0,0,0,0,0,0,0,0,0,0,0,0,9,0,39.9407,-75.1435, , 
 ,75607,2011112206,6,67,67301,2011,10,4,1641,16,1,1,0,5,6, , ,N,0,0,0,3,0,0,1,2,N,N,40 01:05.880,75 05:53.970,1657, ,1656, ,0, ,N, ,0, , , , , ,870608, , , ,2,1,0,0,0,0,0,1,0,0,0,0,0,0,0,0,0,0,0,0,0,0,0,0,0,0,0,0,0,0,0,0,0,0,0,0,0,40.0183,-75.0983, , 
 ,75608,2011129165,6,67,67301,2011,12,4,1749,17,3,2,1,1,1, , ,N,6,2,2,3,0,2,5,2,N,N,39 58:14.535,75 07:29.657,1819, ,1753, ,0, ,N, ,3, , , , , ,870623, , , ,2,2,0,0,0,0,0,0,0,0,0,0,2,2,0,0,0,0,0,0,0,0,0,0,0,0,0,0,0,0,0,0,0,0,0,8,0,39.9765,-75.1144, , 
 ,75609,2011106127,6,67,67301,2011,9,5,1613,16,1,1,0,1,1, , ,N,0,0,0,3,0,1,2,2,N,N,39 55:38.620,75 10:51.010,9999, ,1613, ,0, , , ,0, , , , , ,870635, , , ,2,2,0,0,0,0,0,0,0,0,0,1,1,0,0,0,0,0,0,0,0,0,0,1,0,0,0,0,0,0,0,0,0,0,0,4,0,39.9274,-75.1808, , 
 ,75610,2011108833,6,67,67301,2011,9,5,1110,11,1,1,0,6,1, , ,N,0,0,0,3,0,1,1,3,N,N,39 58:19.060,75 14:06.210,1113, ,1112, ,0, ,N, ,0, , , , , ,870637, , , ,3,2,0,0,0,0,1,0,0,0,0,0,1,1,0,0,0,0,0,0,1,0,0,1,0,0,0,0,0,0,0,0,0,0,0,8,0,39.972,-75.2351, , 
 ,75611,2011127603,6,67,67301,2011,12,4,1104,11,1,2,1,5,1, , ,N,6,0,0,3,0,1,3,2,N,N,39 57:36.094,75 10:47.782,1121, ,1107,2,1,3,N, ,0,N, , , , ,870653, , , ,2,2,0,0,0,0,0,0,0,0,0,1,1,0,0,0,0,0,0,0,2,0,0,0,0,0,0,0,0,0,0,0,0,0,0,4,0,39.96,-75.1799, , 
 ,75612,2012004353,6,67,67301,2011,12,1,1738,17,3,1,0,4,1, , ,N,2,2,0,3,0,1,2,2,N,N,40 02:12.961,75 08:42.306,1830, ,1825,9,1,1,N, ,3,N, , , , ,870663, , , ,2,2,0,0,0,0,0,0,0,0,0,1,1,0,0,0,0,0,0,0,1,0,0,0,0,0,0,0,0,0,0,0,0,0,0,4,0,40.0369,-75.1451, , 
 ,75613,2011118075,6,67,67301,2011,10,2,1851,18,3,1,0,7,5, , ,N,2,2,0,3,0,1,1,1,N,N,39 58:46.512,75 07:46.051,1905, ,1859, ,0, ,N, ,3, , , , , ,870669, , , ,1,1,0,0,0,0,0,0,0,0,0,0,1,1,0,0,0,0,0,0,0,0,0,0,0,0,0,0,0,0,0,0,0,0,0,8,0,39.9796,-75.1295, , 
 ,75614,2011126383,6,67,67301,2011,11,4,1245,12,1,1,0,4,5, , ,N,1,0,7,3,0,2,3,2,N,N,40 01:40.435,75 06:23.319,1305, ,1250, ,0, , , ,0, , , , , ,870673, , , ,2,1,0,0,1,0,0,0,0,0,1,1,2,0,1,0,0,0,0,0,0,0,0,0,0,0,0,0,0,0,0,0,0,0,0,3,0,40.0279,-75.1065, , 
 ,75615,2011126439,6,67,67301,2011,11,7,110,1,3,1,0,1,1, , ,N,0,0,0,3,0,1,2,2,N,N,39 56:02.374,75 09:30.494,140, ,129, ,0, ,N, ,0, , , , , ,870674, , , ,2,2,0,0,0,0,0,0,0,0,0,0,1,1,0,0,0,0,0,0,0,0,0,0,0,0,0,0,0,0,0,0,0,0,0,8,0,39.934,-75.1585, , 
 ,75616,2011132918,6,67,67301,2011,11,1,9999,99,3,1,0,4,1, , ,N,2,3,0,3,0,0,4,2,N,N,40 00:04.157,75 05:49.913,440, ,430, ,0, ,N, ,3, , , , , ,870685, , , ,2,2,0,0,0,0,0,0,0,0,0,0,0,0,0,0,0,0,0,0,0,0,0,0,0,0,0,0,0,0,0,0,0,0,0,0,0,40.0012,-75.0972, , 
 ,75617,2011100864,6,67,67301,2011,9,2,1308,13,1,1,0,4,1, , ,N,0,0,0,3,0,0,2,2,N, ,40 03:30.065,75 02:59.441,1320, ,1319,1,1,4, , ,0,N, , , , ,865230, , , ,2,1,0,0,0,0,0,1,0,0,0,0,0,0,0,0,0,0,0,0,0,1,0,0,0,0,0,0,0,0,0,0,0,0,0,0,0,40.0584,-75.0498, , 
 ,75618,2011120660,6,67,67301,2011,11,6,2142,21,3,1,0,7,4, , ,N,0,0,0,3,0,2,2,1,N,N,40 02:59.107,74 59:40.860,2201, ,2143,2,1,2,Y, ,0,N, , , , ,865242, , , ,1,0,0,0,0,0,1,0,0,0,0,2,2,0,0,0,0,0,0,0,0,0,0,2,0,0,0,0,0,0,0,0,0,0,0,4,0,40.0498,-74.9947, , 
 ,75619,2012002545,6,67,67301,2011,12,6,1835,18,6,1,0,8,1, , ,N,1,2,0,3,0,1,2,2,N,N,39 55:40.669,75 10:07.811,1841, ,1840, ,0, ,N, ,3, , , , , ,865275, , , ,1,0,0,0,0,0,1,0,0,0,0,0,1,1,0,0,0,0,0,0,0,0,0,0,0,0,0,0,0,0,0,0,1,0,0,8,0,39.9281,-75.1688, , 
 ,75620,2011132029,6,67,67301,2011,11,3,1005,10,1,1,0,5,1, , ,N,0,0,0,3,0,0,3,2,N,N,39 55:42.318,75 08:46.535,1026, ,1015, ,0, ,N, ,0, , , , , ,865288, , , ,2,1,0,0,0,1,0,0,0,0,0,0,0,0,0,0,0,0,0,0,0,0,0,0,0,0,0,0,0,0,0,0,0,0,0,0,1,39.9283,-75.1463, , 
 ,75621,2012010063,6,67,67301,2011,12,2,754,7,1,1,0,4,1, , ,N,1,3,0,3,0,1,2,2,N,N,39 58:21.907,75 10:47.704,817, ,813, ,0, ,N, ,3, , , , , ,865299, , , ,2,2,0,0,0,0,0,0,0,0,0,1,1,0,0,0,0,0,0,0,0,0,0,0,0,0,0,0,0,0,0,0,0,0,0,4,0,39.9728,-75.1799, , 
 ,75622,2012001989,6,67,67301,2011,11,3,1901,19,3,2,1,4,1, , ,N,1,3,0,3,0,1,3,2,N,N,40 02:46.183,75 12:21.346,1911, ,1904, ,0, ,N, ,3, , , , , ,865338, , , ,2,2,0,0,0,0,0,0,0,0,0,1,1,0,0,0,0,0,0,0,0,0,1,1,0,0,0,0,0,0,0,0,0,0,0,4,0,40.0462,-75.2059, , 
 ,75623,2011112091,6,67,67301,2011,10,2,1250,12,1,1,0,4,1, , ,N,1,2,0,3,0,3,4,2,N,N,40 02:50.173,75 10:03.883,1255, ,1255, ,0, ,N, ,3, , , , , ,865345, , , ,2,2,0,0,0,0,0,0,0,0,0,3,3,0,0,0,0,0,0,0,0,0,0,0,0,0,0,0,0,0,0,0,0,0,0,4,0,40.0473,-75.1677, , 
 ,75624,2011118492,6,67,67301,2011,10,3,1346,13,1,1,0,1,1, , ,N,1,2,0,3,0,1,2,2,N,N,40 05:53.193,75 01:49.243,1349, ,1346, ,0, , , ,3, , , , , ,865351, , , ,2,1,0,0,1,0,0,0,0,0,1,0,1,0,0,0,0,0,0,0,1,0,0,0,0,0,0,0,0,0,0,0,0,0,0,3,0,40.0981,-75.0303, , 
 ,75625,2011122723,6,67,67301,2011,10,1,652,6,5,8,5,7,2, , ,N,2,2,8,3,0,0,1,1,N,N,39 57:50.519,75 11:04.128,716, ,652, ,0, ,N, ,3, , , , , ,865355, , , ,1,1,0,0,0,0,0,0,0,0,0,0,0,0,0,0,0,0,0,0,0,0,0,0,0,0,0,0,0,0,0,0,0,0,0,0,0,39.964,-75.1845, , 
 ,75626,2011133912,6,67,67301,2011,10,1,2316,23,3,1,0,7,4, , ,N,0,0,0,3,0,0,1,1,N,N,39 57:35.355,75 10:52.340,2331, ,2326,2,2,4,N, ,0,N, , , , ,865364, , , ,1,1,0,0,0,0,0,0,0,0,0,0,0,0,0,0,0,0,0,0,0,0,0,0,0,0,0,0,0,0,0,0,0,0,0,0,0,39.9598,-75.1812, , 
 ,75627,2011112331,6,67,67301,2011,10,6,1526,15,1,1,0,8,1, , ,N,2,2,0,3,0,1,2,2,N,N,40 01:09.006,75 02:42.176,1604, ,1552, ,0, ,N, ,3, , , , , ,865372, , , ,1,1,0,0,0,0,0,0,0,0,1,0,1,0,0,0,0,0,0,0,1,0,0,0,0,0,0,0,0,0,0,0,1,0,0,3,0,40.0192,-75.045, , 
 ,75628,2012002058,6,67,67301,2011,11,2,1453,14,1,1,0,4,1, , ,N,1,3,0,3,0,1,2,2,N,N,39 58:37.790,75 08:45.862,1529, ,1525, ,0, ,N, ,3, , , , , ,865404, , , ,2,1,0,0,0,0,1,0,0,0,0,1,1,0,0,0,0,0,0,0,1,0,0,0,0,0,0,0,0,0,0,0,0,0,0,4,0,39.9772,-75.1461, , 
 ,75629,2012010044,6,67,67301,2011,12,3,2222,22,3,2,1,7,5, , ,N,0,0,0,3,0,1,1,1,N,N,39 58:23.467,75 11:25.327,2238, ,2224,1,1,2,N, ,0,N, , , , ,865405, , , ,1,1,0,0,0,0,0,0,0,0,0,0,1,1,0,0,0,0,0,0,0,0,0,0,0,0,0,0,0,0,0,0,0,0,0,8,0,39.9732,-75.1904, , 
 ,75630,2012042094,6,67,67301,2011,7,4,1813,18,1,9,8,0,1, , ,N,0,0,0,3,0,1,1,1,N,N,39 59:28.550,75 08:00.391,1830, ,1830, ,0, , , ,0, , , , , ,865407, , , ,1,0,1,0,0,0,0,0,0,1,0,0,1,0,0,0,0,0,0,0,0,0,0,0,0,0,0,0,0,1,0,0,0,0,0,2,0,39.9913,-75.1334, , 
 ,75631,2012042570,6,67,67301,2011,12,6,1845,18,3,1,0,8,1, , ,N,0,0,0,3,0,1,2,2,N,N,39 59:16.256,75 10:05.365,1854, ,1852, ,0, , , ,0, , , , , ,865408, , , ,1,1,0,0,0,0,0,0,0,1,0,0,1,0,0,0,0,0,0,0,0,0,0,1,0,0,0,0,0,0,0,0,1,0,1,2,0,39.9878,-75.1682, , 
 ,75632,2011116012,6,67,67301,2011,11,7,2150,21,3,1,0,4,1, , ,N,0,0,0,3,0,3,6,3,N,N,39 55:48.442,75 11:53.392,2215, ,2201,2,2,4,N, ,0,N, , , , ,865410, , , ,3,2,0,0,1,0,0,0,0,0,0,2,3,1,0,0,0,0,0,0,0,0,0,3,0,0,0,0,0,0,0,0,0,0,0,4,0,39.9301,-75.1982, , 
 ,75633,2011118895,6,67,67301,2011,11,7,1233,12,1,1,0,7,2, , ,N,0,0,0,3,0,1,1,1,N,N,39 58:44.506,75 06:34.099,1237, ,1235, ,0, ,N, ,0, , , , , ,865415, , , ,1,1,0,0,0,0,0,0,0,0,1,0,1,0,0,0,0,1,0,0,0,0,0,0,0,0,0,0,0,0,0,0,0,0,0,3,0,39.979,-75.1095, , 
 ,75634,2011122805,6,67,67301,2011,10,1,1645,16,1,1,0,4,1, , ,N,5,2,0,3,0,1,3,2,N,N,40 03:11.276,75 05:31.765,1650, ,1650, ,0, , , ,2, , , , , ,865419, , , ,2,1,0,0,0,0,0,1,0,0,0,1,1,0,0,0,0,0,0,0,0,0,0,0,0,0,0,0,0,0,0,0,0,0,0,4,0,40.0531,-75.0922, , 
 ,75635,2011134931,6,67,67301,2011,12,6,38,0,3,2,1,7,3, , ,N,0,0,0,3,0,4,4,2,N,N,40 02:33.751,75 00:11.788,50, ,43,1,2,1,N, ,0,N, , , , ,867827, , , ,2,2,0,0,0,0,0,0,0,0,0,1,4,3,0,0,0,0,0,0,0,0,0,0,0,0,0,0,0,0,0,0,0,0,0,4,0,40.0426,-75.0033, , 
 ,75636,2012004762,6,67,67301,2011,12,4,1345,13,1,2,1,4,1, , ,N,1,2,0,3,0,2,5,2,N,N,39 57:54.690,75 09:39.103,9999, ,9999, ,0, ,N, ,3, , , , , ,867831, , , ,2,2,0,0,0,0,0,0,0,0,0,2,2,0,0,0,0,0,0,1,0,1,0,0,0,0,0,0,0,0,0,0,0,0,0,4,0,39.9651,-75.1607, , 
 ,75637,2012007905,6,67,67301,2011,12,5,1720,17,3,1,0,4,1, , ,N,5,2,0,3,0,2,4,2,N,N,40 04:01.087,75 09:29.811,1936, ,1728, ,0, ,N, ,1, , , , , ,867839, , , ,2,1,0,0,0,0,0,1,0,0,0,0,2,2,0,0,0,0,0,0,0,1,0,0,0,0,0,0,0,0,0,0,0,0,0,8,0,40.067,-75.1583, , 
 ,75638,2012012648,6,67,67301,2011,12,5,2227,22,3,1,0,4,1, , ,N,2,3,0,3,0,2,3,3,N,N,39 56:57.213,75 13:23.152,2230, ,2227, ,0, ,N, ,3, , , , , ,867867, , , ,3,3,0,0,0,0,0,0,0,0,0,1,2,1,1,0,0,1,0,0,0,0,0,0,0,0,0,0,0,0,0,0,0,0,0,4,0,39.9492,-75.2231, , 
 ,75639,2012023839,6,67,67301,2011,11,2,9999,99,6,9,8,5,1, , ,N,0,0,0,3,0,0,1,2, , ,40 01:58.209,75 06:22.164,0, ,0, ,0, , , ,0, , , , , ,867868, , , ,2,1,0,0,0,0,0,0,0,0,0,0,0,0,0,0,0,0,0,0,0,0,0,0,0,0,0,0,0,0,0,0,0,0,0,0,0,40.0328,-75.1062, , 
 ,75640,2011113290,6,67,67301,2011,10,4,740,7,1,1,0,4,1, , ,N,2,3,0,3,0,0,2,3,N, ,40 00:06.858,75 07:06.103,750, ,745, ,0, , , ,3, , , , , ,867874, , , ,3,3,0,0,0,0,0,0,0,0,0,0,0,0,0,0,0,0,0,0,1,0,0,0,0,0,0,0,0,0,0,0,0,0,0,0,0,40.0019,-75.1184, , 
 ,75641,2012020222,6,67,67301,2011,3,1,300,3,6,1,0,1,1, , ,N,0,0,0,3,0,1,2,2,N,N,39 57:46.218,75 14:48.219,0, ,0, ,0, ,N, ,0, , , , , ,867880, , , ,2,2,0,0,0,0,0,0,0,0,0,0,1,1,1,0,0,0,0,0,0,0,0,0,0,0,0,0,0,0,0,0,0,0,0,8,0,39.9628,-75.2467, , 
 ,75642,2011106156,6,67,67301,2011,9,6,1453,14,1,1,0,4,1, , ,N,1,0,0,3,0,0,2,3,N, ,40 00:23.619,75 06:20.851,1455, ,1453, ,0, , , ,0, , , , , ,867886, , , ,3,3,0,0,0,0,0,0,0,0,0,0,0,0,2,0,0,0,0,0,0,0,0,1,0,0,0,0,0,0,0,0,0,0,0,9,0,40.0066,-75.1058, , 
 ,75643,2011122807,6,67,67301,2011,10,1,926,9,1,3,1,5,2, , ,N,0,0,0,3,0,1,4,2,N,N,40 04:00.880,75 09:58.928,935, ,929, ,0, ,N, ,0, , , , , ,867905, , , ,2,2,0,0,0,0,0,0,0,0,0,0,1,1,0,0,0,0,0,0,0,0,0,0,0,0,0,0,0,0,0,0,0,0,0,8,0,40.0669,-75.1664, , 
 ,75644,2011132653,6,67,67301,2011,11,1,300,3,2,1,0,7,9, , ,N,0,2,0,3,0,0,1,1,N,N,40 02:46.702,75 08:09.633,312, ,308, ,0, ,N, ,3, , , , , ,867917, , , ,1,1,0,0,0,0,0,0,0,0,0,0,0,0,1,0,0,0,0,0,0,0,0,0,0,0,0,0,0,0,0,0,0,0,0,9,0,40.0463,-75.136, , 
 ,75645,2011132874,6,67,67301,2011,11,3,815,8,1,2,1,1,1, , ,N,2,0,0,3,0,4,5,2,N,N,40 01:17.338,75 10:36.664,830, ,823, ,0, ,N, ,0, , , , , ,867930, , , ,2,1,0,0,0,0,0,1,0,0,0,0,4,4,0,0,0,0,0,0,0,0,0,0,0,0,0,0,0,0,0,0,0,0,0,8,0,40.0215,-75.1769, , 
 ,75646,2011134764,6,67,67301,2011,12,6,743,7,1,1,0,4,1, , ,N,1,3,0,3,0,1,2,2,N,N,40 01:19.484,75 03:08.111,750, ,746, ,0, ,N, ,3, , , , , ,867960, , , ,2,2,0,0,0,0,0,0,0,0,0,0,1,1,0,0,0,0,0,0,0,0,0,0,0,0,0,0,0,0,0,0,0,0,0,8,0,40.0221,-75.0523, , 
 ,75647,2011118111,6,67,67301,2011,10,7,9999,99,1,1,0,4,2, , ,N,0,0,0,3,0,1,1,3,N,N,39 58:33.743,75 07:56.072,1040, ,1030, ,0, ,N, ,0, , , , , ,867970, , , ,3,2,0,0,0,0,1,0,0,0,0,1,1,0,0,0,0,0,0,0,0,0,0,1,0,0,0,0,0,0,0,0,0,0,0,4,0,39.976,-75.1322, , 
 ,75648,2011075715,6,67,67301,2011,6,2,1755,17,1,1,0,4,1, , ,N,0,2,0,3,0,1,3,3, , ,39 59:32.625,75 10:44.572,1758, ,1708,1,1,4, , ,3,N, , , , ,867999, , , ,3,2,0,0,1,0,0,0,0,0,1,0,1,0,2,0,0,0,0,0,0,0,0,1,0,0,0,0,0,0,0,0,0,0,0,3,0,39.9924,-75.179, , 
 ,75649,2011079189,6,67,67301,2011,8,5,809,8,1,2,1,1,1, , ,N,0,0,0,3,0,1,3,3,N,N,39 56:14.599,75 11:55.583,829, ,814,1,2,4,N, ,0,N, , , , ,868002, , , ,3,3,0,0,0,0,0,0,0,0,0,0,1,1,0,0,0,0,0,0,0,0,0,0,0,0,0,0,0,0,0,0,0,0,0,8,0,39.9359,-75.1998, , 
 ,75650,2011090357,6,67,67301,2011,8,7,45,0,3,1,0,4,1, , ,N,10,2,0,3,0,2,4,2,N, ,39 59:23.942,75 08:54.063,127, ,123, ,0, , , ,3, , , , , ,868016, , , ,2,0,0,0,0,0,2,0,0,0,0,2,2,0,2,0,0,0,0,0,0,0,0,2,0,0,0,0,0,0,0,0,0,0,0,4,0,39.99,-75.1484, , 
 ,75651,2011090485,6,67,67301,2011,8,2,1814,18,1,1,0,8,1, , ,N,1,2,0,3,0,1,2,2,N, ,39 59:00.814,75 06:56.371,1825, ,1820, ,0, , , ,3, , , , , ,868017, , , ,1,1,0,0,0,0,0,0,0,0,0,1,1,0,0,0,0,0,0,0,0,0,0,1,0,0,0,0,0,0,0,0,1,0,0,4,0,39.9835,-75.1156, , 
 ,75652,2011126351,6,67,67301,2011,11,6,1854,18,3,1,0,4,1, , ,N,1,3,0,3,0,0,2,2,N,N,40 04:28.167,75 10:21.014,1858, ,1855, ,0, ,N, ,3, , , , , ,868028, , , ,2,2,0,0,0,0,0,0,0,0,0,0,0,0,0,0,0,0,0,0,1,1,0,0,0,0,0,0,0,0,0,0,0,0,0,0,0,40.0745,-75.1725, , 
 ,75653,2011132852,6,67,67301,2011,10,1,850,8,1,1,1,5,1, , ,N,0,0,0,3,0,0,1,6,N,N,39 57:22.102,75 13:07.838,855, ,855, ,0, ,N, ,0, , , , , ,868037, , , ,6,5,0,0,0,0,0,1,0,0,0,0,0,0,0,0,0,0,0,0,0,0,0,0,0,0,0,0,0,0,0,0,0,0,0,0,0,39.9561,-75.2188, , 
 ,75654,2011134814,6,67,67301,2011,12,6,645,6,5,1,0,4,1, , ,N,1,2,0,3,0,0,2,2,N,N,40 02:25.791,75 02:50.463,645, ,645,1,1,4,N, ,3,N, , , , ,870686, , , ,2,0,0,0,0,0,1,1,0,0,0,0,0,0,0,0,0,0,0,0,0,1,0,0,0,0,0,0,0,0,0,0,0,0,0,0,0,40.0405,-75.0474, , 
 ,75655,2012004921,6,67,67301,2011,12,3,1415,14,1,2,1,4,1, , ,N,2,2,0,3,0,1,2,2,N,N,39 53:25.190,75 14:42.045,1419, ,1417, ,0, ,N, ,3, , , , , ,870688, , , ,2,2,0,0,0,0,0,0,0,0,0,0,1,1,0,0,0,0,0,0,0,0,0,0,0,0,0,0,0,0,0,0,0,0,0,8,0,39.8903,-75.245, , 
 ,75656,2012023457,6,67,67301,2011,9,4,2130,21,3,1,0,1,1, , ,N,5,0,0,3,0,1,3,2,N,N,39 57:45.982,75 10:40.708,9999, ,9999, ,0, ,N, ,0, , , , , ,870690, , , ,2,1,1,0,0,0,0,0,0,0,1,0,1,0,2,0,0,0,0,0,0,0,0,0,0,0,0,0,0,0,0,0,0,0,0,3,0,39.9628,-75.178, , 
 ,75657,2011115415,6,67,67301,2011,10,3,2230,22,3,1,0,8,9, , ,N,1,2,0,3,1,0,2,2,N,N,39 59:13.303,75 06:18.308,215, ,214, ,0, , ,0,3, , , , , ,870700, , , ,1,0,0,1,0,0,0,0,0,0,0,0,0,0,0,0,0,0,0,0,0,0,0,0,0,0,0,0,0,0,0,0,1,1,0,1,1,39.987,-75.1051,2, 
 ,75658,2012012022,6,67,67301,2011,11,6,539,5,3,1,0,7,2, , ,N,0,0,0,3,0,0,1,1,N,N,39 56:26.800,75 08:35.202,600, ,539, ,0, ,N, ,0, , , , , ,870717, , , ,1,1,0,0,0,0,0,0,0,0,0,0,0,0,0,0,0,0,0,0,0,0,0,0,0,0,0,0,0,0,0,0,0,0,0,0,0,39.9407,-75.1431, , 
 ,75659,2012012604,6,67,67301,2011,12,5,236,2,3,1,0,5,6, , ,N,0,0,0,3,0,1,1,5,N,N,39 57:27.774,75 13:31.543,246, ,245, ,0, ,N, ,0, , , , , ,870718, , , ,5,3,0,0,0,0,1,1,0,0,0,0,1,1,0,0,0,0,0,0,0,0,0,0,0,0,0,0,0,0,0,0,0,0,0,8,0,39.9577,-75.2254, , 
 ,75660,2012020887,6,67,67301,2011,1,6,1600,16,1,1,0,1,1, , ,N,1,2,0,3,0,2,4,2,N,N,39 56:20.910,75 11:41.800,0, ,0, ,0, ,N, ,3, , , , , ,870719, , , ,2,2,0,0,0,0,0,0,0,0,2,0,2,0,2,0,0,0,0,0,0,1,0,0,0,0,0,0,0,0,0,0,0,0,0,3,0,39.9391,-75.1949, , 
 ,75661,2012023862,6,67,67301,2011,11,3,1330,13,1,1,0,5,1, , ,N,0,0,0,3,0,1,2,2, , ,39 58:53.603,75 08:40.074,0, ,0, ,0, , , ,0, , , , , ,870727, , , ,2,1,0,0,0,0,0,1,0,0,0,1,1,0,0,0,0,0,0,0,0,0,0,0,0,0,0,0,0,0,0,0,0,0,0,4,0,39.9816,-75.1445, , 
 ,75662,2011132616,6,67,67301,2011,11,1,352,3,3,1,0,4,1, , ,N,1,2,0,3,0,1,4,2,N,N,39 59:08.826,75 12:56.555,403, ,354,2,2,1,N, ,3,Y, , , , ,870730, , , ,2,2,0,0,0,0,0,0,0,0,0,1,1,0,0,0,0,0,0,0,0,0,0,0,0,0,0,0,0,0,0,0,0,0,0,4,0,39.9858,-75.2156, , 
 ,75663,2013026123,6,67,67301,2011,11,3,1520,15,1,1,0,8,1, , ,N,0,0,0,3,0,1,2,2,N,Y,39 58:14.797,75 13:02.100,1537, ,1525, ,0, , , ,0, , , , , ,870739, , , ,1,1,0,0,0,0,0,0,0,0,0,1,1,0,0,0,0,0,0,0,1,0,0,0,0,0,0,0,0,0,0,0,1,0,0,4,0,39.9708,-75.2173, , 
 ,75664,2011132632,6,67,67301,2011,11,6,1616,16,1,1,0,4,1, , ,N,1,2,0,3,0,10,10,2,N,N,39 56:50.944,75 11:15.670,1709, ,1707, ,0, ,N, ,3, , , , , ,870766, , , ,2,0,0,1,1,0,0,0,0,0,0,0,10,10,0,0,0,0,0,0,1,0,0,0,0,0,0,0,0,0,0,0,0,0,0,8,1,39.9475,-75.1877, , 
 ,75665,2012001537,6,67,67301,2011,12,4,1057,10,1,1,0,1,1, , ,N,0,4,0,3,0,0,2,2,N,N,39 56:04.613,75 11:59.453,1107, ,1101,1,2,4,Y, ,3,N, , , , ,870771, , , ,2,1,0,0,0,1,0,0,0,0,0,0,0,0,0,0,0,0,0,1,0,0,0,0,0,0,0,0,0,0,0,0,0,0,0,0,1,39.9346,-75.1998, , 
 ,75666,2011132801,6,67,67301,2011,10,6,1259,12,1,1,0,4,1, , ,N,1,2,0,3,0,0,2,2,N,N,40 03:54.737,75 10:31.167,1340, ,1334, ,0, ,N, ,3, , , , , ,870803, , , ,2,2,0,0,0,0,0,0,0,0,0,0,0,0,0,0,0,0,0,0,0,1,0,0,0,0,0,0,0,0,0,0,0,0,0,0,0,40.0652,-75.1753, , 
 ,75667,2011126334,6,67,67301,2011,11,6,2020,20,3,1,0,4,1, , ,N,2,3,2,3,0,1,6,2,N, ,40 00:53.682,75 12:24.450,2026, ,2022, ,0, , , ,3, , , , , ,870820, , , ,2,2,0,0,0,0,0,0,0,0,0,1,1,0,0,0,0,0,0,0,1,0,0,0,0,0,0,0,0,0,0,0,0,0,0,4,0,40.0147,-75.2058, , 
 ,75668,2013029661,6,67,67301,2011,6,1,1902,19,1,1,0,4,1, , ,N,1,2,0,3,0,0,3,2,N,N,40 01:12.279,75 02:35.308,1904, ,1903,2,1,5,N, ,3,Y, , , , ,870831, , , ,2,1,0,0,0,0,1,0,0,0,0,0,0,0,0,0,0,0,0,0,0,0,0,0,0,0,0,0,0,0,0,0,0,0,0,0,0,40.0201,-75.0431, , 
 ,75669,2011115270,6,67,67301,2011,10,5,1505,15,1,1,0,8,1, , ,N,0,0,0,3,0,1,2,2,N,N,39 55:54.310,75 09:20.250,1508, ,1506, ,0, ,N, ,0, , , , , ,870849, , , ,1,1,0,0,0,0,0,0,0,0,0,1,1,0,0,0,0,0,0,0,0,0,0,0,0,0,0,0,0,0,0,0,1,0,0,4,0,39.9318,-75.1556, , 
 ,75670,2011132795,6,67,67301,2011,11,3,53,0,3,1,0,1,1, , ,N,0,0,0,3,0,1,3,2,N,N,39 59:35.174,75 07:47.485,53, ,53, ,0, , , ,0, , , , , ,870860, , , ,1,0,0,0,0,0,0,1,1,0,0,1,1,0,2,0,0,0,0,0,0,0,0,2,0,0,0,0,0,0,0,0,0,0,0,4,0,39.9931,-75.1299, , 