wz_ln_closure,objectid_1,crn,district,county,municipality,crash_year,crash_month,day_of_week,time_of_day,hour_of_day,illumination,weather,road_condition,collision_type,relation_to_road,work_zone_type,work_zone_loc,work_zone_ind,intersect_type,tcd_type,location_type,urban_rural,fatal_count,injury_count,person_count,total_units,sch_bus_ind,sch_zone_ind,latitude,longitude,arrival_tm,cons_zone_spd_lim,dispatch_tm,est_hrs_closed,lane_closed,ln_close_dir,ntfy_hiwy_maint,spec_juris_cd,tcd_func_cd,tfc_detour_ind,workers_pres,wz_close_detour,wz_flagger,wz_law_offcr_ind,objectid,wz_moving,wz_other,wz_shlder_mdn,vehicle_count,automobile_count,motorcycle_count,bus_count,small_truck_count,heavy_truck_count,suv_count,van_count,bicycle_count,maj_inj_count,mod_inj_count,min_inj_count,tot_inj_count,unk_inj_deg_count,unk_inj_per_count,driver_count_16yr,driver_count_17yr,driver_count_18yr,driver_count_19yr,driver_count_20yr,driver_count_50_64yr,driver_count_65_74yr,driver_count_75plus,unbelted_occ_count,unb_death_count,unb_maj_inj_count,belted_death_count,belted_maj_inj_count,mcycle_death_count,mcycle_maj_inj_count,bicycle_death_count,bicycle_maj_inj_count,ped_count,ped_death_count,ped_maj_inj_count,max_severity_level,comm_veh_count,dec_lat,dec_long,rdwy_surf_type_cd,county_name
 ,75671,2011132867,6,67,67301,2011,11,2,800,8,1,9,8,5,1, , ,N,0,2,0,3,0,1,2,2,N, ,39 59:08.224,75 14:51.530,9999, ,9999, ,0, , , ,3, , , , , ,870861, , , ,2,2,0,0,0,0,0,0,0,0,0,1,1,0,1,0,0,0,0,0,0,0,0,0,0,0,0,0,0,0,0,0,0,0,0,4,0,39.9856,-75.2476, , 
 ,75672,2012002540,6,67,67301,2011,12,3,1200,12,1,2,1,8,1, , ,N,2,9,0,3,0,1,2,2,N,N,40 02:26.991,75 10:02.513,1539, ,1530, ,0, ,N, ,9, , , , , ,865427, , , ,1,1,0,0,0,0,0,0,0,0,0,1,1,0,1,0,0,0,0,0,0,0,0,0,0,0,0,0,0,0,0,0,1,0,0,4,0,40.0408,-75.1674, , 
 ,75673,2012004319,6,67,67301,2011,12,4,225,2,3,2,1,7,5, , ,N,0,0,0,3,0,1,1,1,N,N,40 00:49.215,75 07:18.817,233, ,232,3,2,1, , ,0,Y, , , , ,865428, , , ,1,1,0,0,0,0,0,0,0,1,0,0,1,0,0,0,0,0,0,0,0,0,0,0,0,0,0,0,0,0,0,0,0,0,0,2,0,40.0137,-75.1219, , 
 ,75674,2012021330,6,67,67301,2011,6,1,35,0,6,1,0,1,1, , ,N,0,0,0,3,0,1,2,2,N,N,40 00:25.238,75 04:24.318,0, ,0, ,0, ,N, ,0, , , , , ,865431, , , ,2,1,0,0,0,0,0,0,0,0,0,1,1,0,1,0,0,0,0,0,1,0,0,0,0,0,0,0,0,0,0,0,0,0,0,4,0,40.0071,-75.0733, , 
 ,75675,2011118183,6,67,67301,2011,10,4,9999,99,1,1,0,8,1, , ,N,1,3,0,3,0,1,2,2,N,N,40 00:00.349,75 07:00.191,835, ,819, ,0, ,N, ,3, , , , , ,865435, , , ,1,0,0,0,1,0,0,0,0,0,0,1,1,0,0,0,0,0,0,0,0,0,0,0,0,0,0,0,0,0,0,0,1,0,0,4,0,40.0001,-75.1167, , 
 ,75676,2012004761,6,67,67301,2011,12,1,2300,23,3,1,0,4,1, , ,N,1,2,0,3,0,1,3,2,N,N,40 01:04.608,75 08:57.650,2325, ,2325, ,0, ,N, ,9, , , , , ,865449, , , ,2,1,0,0,0,0,1,0,0,0,0,0,1,1,0,0,0,0,0,0,0,0,0,0,0,0,0,0,0,0,0,0,0,0,0,8,0,40.0179,-75.1493, , 
 ,75677,2011118186,6,67,67301,2011,10,6,1500,15,1,1,0,4,1, , ,N,0,0,7,3,0,5,9,4,N, ,40 05:23.070,75 04:12.340,1509, ,1503,2,2,5, , ,0,Y, , , , ,865469, , , ,4,2,0,0,1,0,1,0,0,0,0,5,5,0,0,0,0,0,0,1,0,0,1,0,0,0,0,0,0,0,0,0,0,0,0,4,0,40.0897,-75.0701, , 
 ,75678,2011126621,6,67,67301,2011,10,7,1254,12,1,1,0,1,1, , ,N,0,0,0,3,0,0,7,4,N,N,40 00:28.051,75 12:06.893,1303, ,1257,1,1,3,N, ,0,N, , , , ,865479, , , ,4,3,0,0,0,0,1,0,0,0,0,0,0,0,0,0,0,0,0,0,0,1,0,0,0,0,0,0,0,0,0,0,0,0,0,0,0,40.0078,-75.2019, , 
 ,75679,2011132754,6,67,67301,2011,11,2,12,0,3,1,0,2,1, , ,N,0,0,0,3,0,3,4,2,N,N,40 00:55.531,75 05:49.331,19, ,15, ,0, ,N, ,0, , , , , ,865485, , , ,2,0,0,0,0,0,1,1,0,0,0,3,3,0,0,0,0,0,0,0,1,0,0,1,0,0,0,0,0,0,0,0,0,0,0,4,0,40.0152,-75.0971, , 
 ,75680,2011132756,6,67,67301,2011,11,3,1804,18,3,2,1,1,1, , ,N,1,2,0,3,0,1,4,4,N,N,39 57:17.622,75 12:31.637,1829, ,1824, ,0, ,N, ,3, , , , , ,865486, , , ,4,4,0,0,0,0,0,0,0,0,0,0,1,1,0,0,0,0,0,0,1,0,0,0,0,0,0,0,0,0,0,0,0,0,0,8,0,39.9549,-75.2088, , 
 ,75681,2012001890,6,67,67301,2011,12,1,2042,20,3,1,0,8,1, , ,N,1,2,0,3,0,1,2,2,N,N,39 56:02.515,75 11:10.165,2047, ,2044, ,0, ,N, ,3, , , , , ,865489, , , ,1,1,0,0,0,0,0,0,0,0,1,0,1,0,1,0,0,0,0,0,0,0,0,0,0,0,0,0,0,0,0,0,1,0,0,3,0,39.934,-75.1862, , 
 ,75682,2011106095,6,67,67301,2011,9,2,1319,13,1,1,0,4,5, , ,N,0,0,7,3,0,2,2,5,N,N,40 04:05.233,75 03:03.305,1331, ,1320, ,0, ,N, ,0, , , , , ,865492, , , ,5,5,0,0,0,0,0,0,0,0,0,2,2,0,0,0,0,0,0,0,0,0,1,0,0,0,0,0,0,0,0,0,0,0,0,4,0,40.0681,-75.0509, , 
 ,75683,2011108938,6,67,67301,2011,9,6,2105,21,3,2,1,8,1, , ,N,0,2,0,3,0,1,2,2,N,N,39 56:56.434,75 08:57.092,2125, ,2117, ,0, ,N, ,3, , , , , ,865496, , , ,1,1,0,0,0,0,0,0,0,0,0,1,1,0,0,0,0,0,0,0,1,0,0,0,0,0,0,0,0,0,0,0,1,0,0,4,0,39.949,-75.1492, , 
 ,75684,2011115319,6,67,67301,2011,7,5,2018,20,4,1,0,4,1, , ,N,5,2,0,3,0,3,3,2,N,N,39 57:42.674,75 09:27.834,2018, ,2018,3,2,3, , ,3,Y, , , , ,865505, , , ,2,2,0,0,0,0,0,0,0,0,0,3,3,0,0,0,0,0,0,0,0,0,0,0,0,0,0,0,0,0,0,0,0,0,0,4,0,39.9617,-75.1577, , 
 ,75685,2011118110,6,67,67301,2011,10,1,1907,19,3,1,0,4,1, , ,N,1,2,0,3,0,1,6,2,N, ,40 06:51.356,74 59:16.486,1911, ,1908,1,1,6, , ,3,N, , , , ,865509, , , ,2,2,0,0,0,0,0,0,0,0,0,1,1,0,0,0,1,0,1,0,0,0,0,0,0,0,0,0,0,0,0,0,0,0,0,4,0,40.1143,-74.9879, , 
 ,75686,2011115352,6,67,67301,2011,9,6,350,3,3,1,0,7,5, , ,N,0,8,0,3,0,0,1,1,N,N,40 01:47.342,75 12:23.417,358, ,355,3,1,2,N, ,9,N, , , , ,865521, , , ,1,0,0,0,0,0,1,0,0,0,0,0,0,0,0,0,0,0,0,0,0,0,0,0,0,0,0,0,0,0,0,0,0,0,0,0,0,40.0298,-75.2065, , 
 ,75687,2011134735,6,67,67301,2011,11,3,1330,13,1,2,1,4,1, , ,N,1,2,0,3,0,1,3,2,N,N,39 58:28.923,75 09:37.724,1347, ,1339,1,2,7,N, ,3,N, , , , ,865540, , , ,2,2,0,0,0,0,0,0,0,0,0,1,1,0,0,0,0,0,0,0,1,0,0,0,0,0,0,0,0,0,0,0,0,0,0,4,0,39.9747,-75.1605, , 
 ,75688,2011117820,6,67,67301,2011,10,7,920,9,1,1,0,7,5, , ,N,1,3,0,3,0,1,2,2,N, ,40 01:51.412,75 13:49.565,933, ,928,1,2,5,N, ,3,Y, , , , ,865548, , , ,1,0,1,0,0,0,0,0,0,0,0,1,1,0,0,0,0,0,0,0,1,0,0,0,0,0,0,0,0,0,0,0,0,0,0,4,0,40.0309,-75.2304, , 
 ,75689,2012004896,6,67,67301,2011,12,2,1801,18,3,9,0,4,1, , ,N,1,3,0,3,0,2,3,2,N,N,40 02:04.707,75 02:06.676,1040, ,1040, ,0, ,N, ,9, , , , , ,865563, , , ,2,2,0,0,0,0,0,0,0,0,0,0,2,2,0,0,0,0,0,0,0,0,0,0,0,0,0,0,0,0,0,0,0,0,0,8,0,40.0346,-75.0352, , 
 ,75690,2012010122,6,67,67301,2011,12,3,1944,19,3,2,1,8,1, , ,N,5,2,0,3,0,1,2,2,N,N,40 04:26.865,75 09:30.131,1950, ,1946, ,0, , , ,3, , , , , ,868043, , , ,1,1,0,0,0,0,0,0,0,0,0,0,1,1,0,0,0,0,0,0,1,0,0,0,0,0,0,0,0,0,0,0,1,0,0,8,0,40.0741,-75.1584, , 
 ,75691,2013003697,6,67,67301,2011,2,1,1620,16,1,1,0,1,1, , ,N,1,2,0,3,0,2,7,4,N,N,40 06:43.320,74 59:25.838,1624, ,1620,2,1,1,N, ,3,N, , , , ,868045, , , ,4,3,0,0,0,0,0,1,0,0,2,0,2,0,5,0,0,0,0,0,1,0,0,1,0,0,0,0,0,0,0,0,0,0,0,3,0,40.1121,-74.9907, , 
 ,75692,2011132642,6,67,67301,2011,11,6,1230,12,1,1,0,8,1, , ,N,0,0,0,3,0,1,2,2,N,N,40 02:08.240,75 07:20.630,1245, ,1240, ,0, ,N, ,0, , , , , ,868059, , , ,1,1,0,0,0,0,0,0,0,0,0,1,1,0,0,0,0,0,0,1,0,0,0,0,0,0,0,0,0,0,0,0,1,0,0,4,0,40.0356,-75.1224, , 
 ,75693,2011133191,6,67,67301,2011,12,7,225,2,3,1,0,1,1, , ,N,0,0,0,3,0,2,2,2,N,N,39 59:12.677,75 05:28.534,228, ,228,2,2,2,N, ,0,N, , , , ,868060, , , ,2,2,0,0,0,0,0,0,0,0,0,2,2,0,0,0,0,0,0,0,0,0,0,0,0,0,0,0,0,0,0,0,0,0,0,4,0,39.9869,-75.0911, , 
 ,75694,2012001951,6,67,67301,2011,12,3,1721,17,3,2,1,8,1, , ,N,1,2,0,3,0,1,3,2,N,N,40 02:11.152,75 07:49.835,1735, ,1730, ,0, ,N, ,3, , , , , ,868063, , , ,1,1,0,0,0,0,0,0,0,0,0,1,1,0,0,0,0,0,0,0,0,0,0,0,0,0,0,0,0,0,0,0,1,0,0,4,0,40.0364,-75.1305, , 
 ,75695,2012002056,6,67,67301,2011,11,4,930,9,1,1,1,1,1, , ,N,0,2,0,3,0,1,3,2,N,N,40 00:05.851,75 09:10.042,945, ,935,2,1,1,N, ,3,N, , , , ,868064, , , ,2,2,0,0,0,0,0,0,0,0,0,0,1,1,2,0,0,0,0,0,0,0,0,0,0,0,0,0,0,0,0,0,0,0,0,8,0,40.0016,-75.1528, , 
 ,75696,2012002108,6,67,67301,2011,10,7,9999,99,3,2,1,3,3, , ,N,0,2,0,3,0,0,1,3,N,N,40 01:15.685,75 06:47.901,605, ,547,1,1,1, , ,3,Y, , , , ,868065, , , ,3,3,0,0,0,0,0,0,0,0,0,0,0,0,1,0,0,0,0,0,0,0,0,0,0,0,0,0,0,0,0,0,0,0,0,9,0,40.021,-75.1133, , 
 ,75697,2012004290,6,67,67301,2011,12,5,1745,17,3,1,0,8,2, , ,N,0,0,0,3,0,1,2,3,N,N,40 03:56.064,75 10:33.480,1749, ,1747, ,0, ,N, ,0, , , , , ,868066, , , ,2,1,0,0,0,0,1,0,0,0,0,0,1,1,0,0,0,0,0,0,1,0,0,0,0,0,0,0,0,0,0,0,1,0,0,8,0,40.0656,-75.176, , 
 ,75698,2011131153,6,67,67301,2011,12,2,733,7,1,1,0,7,3, , ,N,0,0,0,3,0,0,3,2,N,N,39 53:29.210,75 11:55.711,829, ,743, ,0, ,N, ,0, , , , , ,868088, , , ,2,0,0,0,0,1,1,0,0,0,0,0,0,0,0,0,0,0,0,0,1,0,0,0,0,0,0,0,0,0,0,0,0,0,0,0,1,39.8914,-75.1988, , 
 ,75699,2012004831,6,67,67301,2011,12,3,9999,99,3,1,1,5,1, , ,N,0,0,0,3,0,0,2,2,N,N,40 06:04.550,75 01:33.890,2040, ,2020,9,1,3,N, ,0,N, , , , ,868091, , , ,2,2,0,0,0,0,0,0,0,0,0,0,0,0,0,0,0,0,0,0,1,0,0,0,0,0,0,0,0,0,0,0,0,0,0,0,0,40.1013,-75.0261, , 
 ,75700,2011106649,6,67,67301,2011,9,1,215,2,3,1,0,4,5, , ,N,0,2,0,3,0,2,2,2,N,N,40 04:01.948,75 03:03.732,224, ,219,9,2,2,N, ,3,Y, , , , ,868094, , , ,2,2,0,0,0,0,0,0,0,2,0,0,2,0,0,0,0,0,0,0,0,0,0,0,0,0,0,0,0,0,0,0,0,0,0,2,0,40.0672,-75.051, , 
 ,75701,2011134211,6,67,67301,2011,11,2,1812,18,3,1,0,4,1, , ,N,1,2,0,3,0,1,2,2,N,N,39 56:59.241,75 12:25.710,1830, ,1828, ,0, ,N, ,3, , , , , ,868120, , , ,1,1,0,0,0,0,0,0,1,0,1,0,1,0,0,0,0,0,0,0,0,0,0,0,0,0,0,0,0,0,0,0,0,0,0,3,0,39.9498,-75.2071, , 
 ,75702,2011112170,6,67,67301,2011,10,6,1527,15,1,1,0,8,1, , ,N,10,2,0,3,0,1,2,2,N,N,39 58:10.098,75 08:22.527,1630, ,1630, ,0, ,N, ,9, , , , , ,868122, , , ,1,0,0,0,1,0,0,0,0,0,1,0,1,0,0,0,0,0,0,0,0,0,0,0,0,0,0,0,0,0,0,0,1,0,0,3,0,39.9695,-75.1396, , 
 ,75703,2011118204,6,67,67301,2011,10,6,2142,21,3,1,0,4,1, , ,N,1,2,0,3,0,0,6,2,N,N,39 58:14.986,75 09:14.701,2152, ,2149, ,0, , , ,3, , , , , ,868127, , , ,2,2,0,0,0,0,0,0,0,0,0,0,0,0,0,0,0,0,0,0,0,0,0,0,0,0,0,0,0,0,0,0,0,0,0,0,0,39.9707,-75.1541, , 
 ,75704,2011120330,6,67,67301,2011,10,2,1515,15,1,1,0,8,1, , ,N,0,0,0,3,0,1,2,2,N,N,40 02:47.187,75 05:34.310,1535, ,1535, ,0, ,N, ,0, , , , , ,868133, , , ,1,1,0,0,0,0,0,0,0,0,0,1,1,0,0,0,0,0,0,0,0,0,0,0,0,0,0,0,0,0,0,0,1,0,0,4,0,40.0464,-75.0929, , 
 ,75705,2011126631,6,67,67301,2011,12,6,2237,22,3,1,0,7,2, , ,N,0,0,0,3,0,0,1,1,N,N,39 52:54.834,75 14:45.419,2248, ,2238, ,0, ,Y, ,0, , , , , ,868138, , , ,1,1,0,0,0,0,0,0,0,0,0,0,0,0,0,0,0,0,0,0,0,1,0,0,0,0,0,0,0,0,0,0,0,0,0,0,0,39.8819,-75.2459, , 
 ,75706,2011132878,6,67,67301,2011,11,1,1500,15,1,1,0,4,1, , ,N,1,2,0,3,0,1,2,2,N,N,39 58:46.488,75 10:33.466,1505, ,1503, ,0, ,N, ,3, , , , , ,868144, , , ,1,1,0,0,0,0,0,0,1,0,0,1,1,0,0,0,0,0,0,0,1,0,0,0,0,0,0,0,0,0,0,0,0,0,0,4,0,39.9796,-75.176, , 
 ,75707,2012012024,6,67,67301,2011,11,4,750,7,1,1,0,1,1, , ,N,7,0,2,3,0,0,6,4,N,N,39 59:22.245,75 12:21.743,807, ,750, ,0, ,N, ,0, , , , , ,868152, , , ,4,2,0,0,0,0,1,1,0,0,0,0,0,0,0,0,0,0,0,0,1,0,0,0,0,0,0,0,0,0,0,0,0,0,0,0,0,39.9895,-75.206, , 
 ,75708,2011134765,6,67,67301,2011,11,2,1700,17,3,1,0,5,1, , ,N,0,0,0,3,0,1,2,2,N,N,39 59:07.068,75 12:43.797,1703, ,1700, ,0, ,N, ,0, , , , , ,870862, , , ,1,1,0,0,0,0,0,0,1,0,0,0,1,1,0,0,0,0,0,0,0,0,1,0,0,0,0,0,0,0,0,0,0,0,0,8,0,39.9853,-75.2122, , 
 ,75709,2011054328,6,67,67301,2011,4,4,1350,13,1,1,6,5,1, , ,N,0,0,0,3,0,1,1,3,N,N,40 01:20.488,75 05:25.000,1531, ,1522,2,1,1,N, ,0,Y, , , , ,870869, , , ,3,1,0,0,0,0,2,0,0,0,0,0,1,1,0,0,0,0,0,0,1,0,0,0,0,0,0,0,0,0,0,0,0,0,0,8,0,40.0224,-75.0903, , 
 ,75710,2011066198,6,67,67301,2011,5,7,240,2,3,1,0,4,1, , ,N,1,2,0,3,0,1,4,2,N,N,40 02:08.562,75 04:51.435,242, ,240, ,0, ,N, ,3, , , , , ,870877, , , ,2,2,0,0,0,0,0,0,0,0,0,1,1,0,1,0,0,0,0,0,0,0,0,0,0,0,0,0,0,0,0,0,0,0,0,4,0,40.0357,-75.081, , 
 ,75711,2011090487,6,67,67301,2011,8,6,9999,99,1,1,0,1,1, , ,N,0,0,0,3,0,1,2,2,N,N,39 59:27.747,75 05:27.150,829, ,829, ,0, ,N, ,0, , , , , ,870898, , , ,2,1,0,0,0,1,0,0,0,0,0,1,1,0,0,0,0,0,0,0,1,0,0,0,0,0,0,0,0,0,0,0,0,0,0,4,1,39.991,-75.0909, , 
 ,75712,2011092966,6,67,67301,2011,8,2,1445,14,1,2,1,6,1, , ,N,2,3,0,3,0,4,7,2,N,N,40 00:34.382,75 09:12.737,1539, ,1530, ,0, ,N, ,3, , , , , ,870902, , , ,2,2,0,0,0,0,0,0,0,0,0,4,4,0,3,0,0,0,0,0,0,0,0,0,0,0,0,0,0,0,0,0,0,0,0,4,0,40.0096,-75.1536, , 
 ,75713,2011100747,6,67,67301,2011,9,2,245,2,3,1,0,7,5, , ,N,0,0,0,3,0,0,2,1,N,N,40 01:48.985,75 12:41.794,255, ,245, ,0, ,N, ,0, , , , , ,870906, , , ,1,1,0,0,0,0,0,0,0,0,0,0,0,0,0,0,0,0,0,0,0,0,0,0,0,0,0,0,0,0,0,0,0,0,0,0,0,40.0303,-75.2116, , 
 ,75714,2011106177,6,67,67301,2011,9,6,9999,99,1,1,0,4,1, , ,N,2,0,0,3,0,1,3,2,N,N,40 00:13.158,75 09:00.777,1405, ,1400, ,0, ,N, ,0, , , , , ,870911, , , ,2,2,0,0,0,0,0,0,0,0,0,1,1,0,0,0,0,0,0,0,0,1,0,0,0,0,0,0,0,0,0,0,0,0,0,4,0,40.0037,-75.1502, , 
 ,75715,2011108798,6,67,67301,2011,9,5,1200,12,1,1,0,4,1, , ,N,1,3,0,3,0,2,3,2,N,N,39 58:25.287,75 08:30.357,1205, ,1202, ,0, ,N, ,3, , , , , ,870915, , , ,2,2,0,0,0,0,0,0,0,0,0,0,2,2,0,0,0,0,0,0,2,0,0,2,0,0,0,0,0,0,0,0,0,0,0,8,0,39.9737,-75.1418, , 
 ,75716,2011108849,6,67,67301,2011,9,4,845,8,1,1,0,8,1, , ,N,1,2,0,3,0,1,2,2,N,N,40 04:14.685,75 09:26.643,909, ,849, ,0, ,N, ,3, , , , , ,870922, , , ,1,0,0,0,0,0,0,1,0,0,0,1,1,0,0,0,0,0,0,0,0,0,0,1,0,0,0,0,0,0,0,0,1,0,0,4,0,40.0707,-75.1574, , 
 ,75717,2012010005,6,67,67301,2011,12,2,1710,17,4,1,0,8,1, , ,N,5,2,0,3,0,1,2,2,N,N,39 59:42.637,75 06:56.944,1720, ,1715, ,0, ,N, ,3, , , , , ,870947, , , ,1,0,0,0,0,0,0,1,0,0,1,0,1,0,0,0,0,0,0,0,1,0,0,0,0,0,0,0,0,0,0,0,1,0,0,3,0,39.9952,-75.1158, , 
 ,75718,2011134778,6,67,67301,2011,12,4,950,9,1,2,1,4,1, , ,N,2,3,0,3,0,1,2,2,N,N,40 06:11.275,75 01:04.115,1000, ,952, ,0, ,N, ,1, , , , , ,870969, , , ,2,2,0,0,0,0,0,0,0,0,0,1,1,0,0,0,0,0,0,0,0,0,0,0,0,0,0,0,0,0,0,0,0,0,0,4,0,40.1031,-75.0178, , 
 ,75719,2011108859,6,67,67301,2011,9,6,930,9,1,1,0,5,1, , ,N,0,0,0,3,0,1,5,2,N, ,40 06:18.428,75 01:57.902,932, ,930,1,1,3,N, ,0,Y, , , , ,870977, , , ,2,2,0,0,0,0,0,0,0,0,0,0,1,1,0,0,0,0,0,0,0,0,0,0,0,0,0,0,0,0,0,0,0,0,0,8,0,40.1051,-75.0328, , 
 ,75720,2012004836,6,67,67301,2011,12,4,101,1,3,1,1,7,5, , ,N,0,0,0,3,0,0,1,1,N,N,40 02:46.246,75 05:22.238,116, ,101,3,1,4,N, ,0,Y, , , , ,871004, , , ,1,1,0,0,0,0,0,0,0,0,0,0,0,0,0,0,0,0,0,0,0,0,0,0,0,0,0,0,0,0,0,0,0,0,0,0,0,40.0462,-75.0895, , 
 ,75721,2012022673,6,67,67301,2011,9,3,1220,12,1,1,0,1,1, , ,N,0,0,0,3,0,1,3,2,N,N,39 56:55.582,75 11:07.031,0, ,0, ,0, ,N, ,0, , , , , ,871005, , , ,2,2,0,0,0,0,0,0,0,0,1,0,1,0,0,0,0,0,0,0,0,0,0,3,0,0,0,0,0,0,0,0,0,0,0,3,0,39.9488,-75.1853, , 
 ,75722,2011126442,6,67,67301,2011,8,6,610,6,1,1,0,1,1, , ,N,2,2,0,3,0,1,2,2,N,N,39 54:09.198,75 13:29.577,629, ,619,1,1,7, , ,3,N, , , , ,871009, , , ,2,1,0,0,0,0,0,0,0,0,0,1,1,0,0,0,0,0,0,0,1,0,0,0,0,0,0,0,0,0,0,0,0,0,0,4,0,39.9026,-75.2249, , 
 ,75723,2011118896,6,67,67301,2011,11,7,1750,17,3,1,0,1,1, , ,N,0,0,0,3,0,1,5,3,N,N,39 57:33.897,75 10:26.949,1817, ,1755,1,2,4,N, ,0,N, , , , ,871017, , , ,3,3,0,0,0,0,0,0,0,0,0,0,1,1,0,0,0,0,0,0,0,0,0,0,0,0,0,0,0,0,0,0,0,0,0,8,0,39.9594,-75.1742, , 
 ,75724,2011132984,6,67,67301,2011,11,6,2243,22,3,1,0,7,5, , ,N,0,0,0,3,0,1,2,1,N,N,40 02:42.310,75 05:18.708,2243, ,2243,6,2,5,N, ,0,Y, , , , ,871031, , , ,1,1,0,0,0,0,0,0,0,0,0,1,1,0,0,0,0,0,0,0,0,0,0,0,0,0,0,0,0,0,0,0,0,0,0,4,0,40.0451,-75.0885, , 
 ,75725,2011126464,6,67,67301,2011,11,7,23,0,3,1,0,1,1, , ,N,0,0,0,3,0,0,3,2,N,N,40 02:38.691,75 03:15.573,35, ,28, ,0, ,N, ,0, , , , , ,871036, , , ,2,2,0,0,0,0,0,0,0,0,0,0,0,0,0,0,0,0,0,0,1,0,0,0,0,0,0,0,0,0,0,0,0,0,0,0,0,40.0441,-75.0543, , 
 ,75726,2011132846,6,67,67301,2011,11,2,1521,15,1,1,0,4,1, , ,N,0,0,0,3,0,2,2,2,N,N,40 02:21.192,75 02:02.481,1710, ,1708, ,0, ,N, ,0, , , , , ,871055, , , ,2,2,0,0,0,0,0,0,0,0,0,2,2,0,0,0,0,0,0,0,0,0,0,0,0,0,0,0,0,0,0,0,0,0,0,4,0,40.0392,-75.034, , 
 ,75727,2011132822,6,67,67301,2011,11,2,1552,15,1,1,0,1,1, , ,N,0,2,0,3,0,1,4,4,N,N,40 01:34.133,75 07:15.366,1602, ,1554,2,2,4,N, ,3,Y, , , , ,865568, , , ,4,1,0,0,0,0,1,2,0,0,0,1,1,0,0,0,0,0,0,0,0,2,0,0,0,0,0,0,0,0,0,0,0,0,0,4,0,40.0261,-75.1209, , 
 ,75728,2012004845,6,67,67301,2011,12,5,2343,23,6,2,1,8,1, , ,N,1,3,0,3,0,1,2,2,N,N,39 58:18.116,75 14:16.011,2344, ,2344, ,0, ,N, ,3, , , , , ,865572, , , ,1,1,0,0,0,0,0,0,0,0,0,0,1,1,0,0,0,0,0,0,0,0,0,0,0,0,0,0,0,0,0,0,1,0,0,8,0,39.9717,-75.2378, , 
 ,75729,2012004972,6,67,67301,2011,12,1,1450,14,1,1,0,4,1, , ,N,1,3,0,3,0,1,2,2,N,N,40 03:06.451,75 02:29.529,1515, ,1508, ,0, ,N, ,3, , , , , ,865573, , , ,2,2,0,0,0,0,0,0,0,0,0,0,1,1,0,0,0,0,0,0,1,1,0,0,0,0,0,0,0,0,0,0,0,0,0,8,0,40.0518,-75.0415, , 
 ,75730,2011115248,6,67,67301,2011,10,4,1525,15,1,2,1,8,1, , ,N,1,2,0,3,0,1,2,2,N,N,39 57:16.601,75 09:53.486,1545, ,1535, ,0, ,N, ,3, , , , , ,865584, , , ,1,1,0,0,0,0,0,0,0,0,0,0,1,1,0,0,0,0,0,0,1,0,0,1,0,0,0,0,0,0,0,0,1,0,0,8,0,39.9546,-75.1649, , 
 ,75731,2011126415,6,67,67301,2011,11,5,818,8,1,1,0,8,1, , ,N,1,2,0,3,0,1,2,2,N,N,40 02:07.762,75 13:02.189,834, ,830, ,0, ,N, ,2, , , , , ,865595, , , ,1,1,0,0,0,0,0,0,0,0,0,0,1,1,0,0,0,0,0,0,0,0,0,1,0,0,0,0,0,0,0,0,1,0,0,8,0,40.0355,-75.2173, , 
 ,75732,2011098016,6,67,67301,2011,9,3,823,8,1,9,8,4,1, , ,N,1,3,0,3,0,1,2,2,N,N,39 58:38.032,75 12:35.946,835, ,830, ,0, ,N, ,3, , , , , ,865606, , , ,2,1,0,0,0,0,0,1,0,0,0,0,1,1,0,0,0,0,1,0,0,0,0,0,0,0,0,0,0,0,0,0,0,0,0,8,0,39.9772,-75.21, , 
 ,75733,2011100799,6,67,67301,2011,9,6,1915,19,4,1,0,8,1, , ,N,0,0,0,3,0,1,2,2,N,N,40 02:09.200,75 04:22.994,1935, ,1932, ,0, ,N, ,0, , , , , ,865610, , , ,1,0,0,0,0,0,0,1,0,0,0,1,1,0,0,0,0,0,0,0,1,0,0,1,0,0,0,0,0,0,0,0,1,0,0,4,0,40.0359,-75.0731, , 
 ,75734,2011099747,6,67,67301,2011,8,4,1637,16,1,1,0,5,1, , ,N,0,0,0,3,0,1,2,2,N,N,39 57:16.410,75 08:38.230,1644, ,1640, ,0, ,N, ,0, , , , , ,865617, , , ,2,1,0,0,0,1,0,0,0,0,0,1,1,0,0,0,0,0,0,0,0,0,0,0,0,0,0,0,0,0,0,0,0,0,0,4,1,39.9546,-75.144, , 
 ,75735,2011106761,6,67,67301,2011,10,2,2,0,3,1,0,9,1, , ,N,0,0,0,3,0,0,2,1,N,N,40 00:20.998,75 11:46.530,13, ,6, ,0, ,N, ,0, , , , , ,865628, , , ,1,1,0,0,0,0,0,0,0,0,0,0,0,0,0,0,0,0,0,0,0,0,0,0,0,0,0,0,0,0,0,0,0,0,0,0,0,40.0058,-75.1963, , 
 ,75736,2011112288,6,67,67301,2011,10,3,1735,17,1,1,0,1,1, , ,N,1,3,0,3,0,1,2,2,N,N,39 55:33.358,75 09:44.420,1815, ,1810, ,0, ,N, ,3, , , , , ,865633, , , ,2,0,0,0,0,0,2,0,0,0,0,1,1,0,0,0,0,0,0,0,0,0,0,0,0,0,0,0,0,0,0,0,0,0,0,4,0,39.9259,-75.1623, , 