wz_ln_closure,objectid_1,crn,district,county,municipality,crash_year,crash_month,day_of_week,time_of_day,hour_of_day,illumination,weather,road_condition,collision_type,relation_to_road,work_zone_type,work_zone_loc,work_zone_ind,intersect_type,tcd_type,location_type,urban_rural,fatal_count,injury_count,person_count,total_units,sch_bus_ind,sch_zone_ind,latitude,longitude,arrival_tm,cons_zone_spd_lim,dispatch_tm,est_hrs_closed,lane_closed,ln_close_dir,ntfy_hiwy_maint,spec_juris_cd,tcd_func_cd,tfc_detour_ind,workers_pres,wz_close_detour,wz_flagger,wz_law_offcr_ind,objectid,wz_moving,wz_other,wz_shlder_mdn,vehicle_count,automobile_count,motorcycle_count,bus_count,small_truck_count,heavy_truck_count,suv_count,van_count,bicycle_count,maj_inj_count,mod_inj_count,min_inj_count,tot_inj_count,unk_inj_deg_count,unk_inj_per_count,driver_count_16yr,driver_count_17yr,driver_count_18yr,driver_count_19yr,driver_count_20yr,driver_count_50_64yr,driver_count_65_74yr,driver_count_75plus,unbelted_occ_count,unb_death_count,unb_maj_inj_count,belted_death_count,belted_maj_inj_count,mcycle_death_count,mcycle_maj_inj_count,bicycle_death_count,bicycle_maj_inj_count,ped_count,ped_death_count,ped_maj_inj_count,max_severity_level,comm_veh_count,dec_lat,dec_long,rdwy_surf_type_cd,county_name
 ,75737,2011126278,6,67,67301,2011,11,6,2045,20,3,1,0,4,1, , ,N,1,3,0,3,0,1,2,2,N,N,40 01:13.458,75 08:24.453,2054, ,2053, ,0, ,N, ,3, , , , , ,865665, , , ,2,0,0,0,0,1,1,0,0,0,0,1,1,0,0,0,0,0,0,0,1,0,0,0,0,0,0,0,0,0,0,0,0,0,0,4,1,40.0204,-75.1401, , 
 ,75738,2011126304,6,67,67301,2011,11,3,815,8,1,1,0,8,1, , ,N,1,3,0,3,0,1,2,2,N,N,39 55:59.318,75 10:10.243,825, ,820, ,0, , , ,3, , , , , ,865709, , , ,1,0,0,0,0,0,0,0,0,0,0,0,1,1,0,0,0,0,0,0,0,0,0,0,0,0,0,0,0,0,0,0,1,0,0,8,0,39.9331,-75.1695, , 
 ,75739,2012005397,6,67,67301,2011,12,3,1624,16,3,2,1,5,1, , ,N,1,3,0,3,0,2,3,4,N,N,39 56:38.173,75 13:49.666,1637, ,1634, ,0, ,N, ,3, , , , , ,865711, , , ,4,3,0,0,0,0,0,0,0,0,0,0,2,2,1,0,0,0,0,0,0,0,0,0,0,0,0,0,0,0,0,0,0,0,0,8,0,39.9439,-75.2305, , 
 ,75740,2012010037,6,67,67301,2011,12,2,850,8,1,1,0,5,1, , ,N,0,0,0,3,0,1,1,3,N, ,40 00:30.350,75 06:02.580,857, ,853, ,0, , , ,0, , , , , ,865712, , , ,3,3,0,0,0,0,0,0,0,0,0,1,1,0,0,0,0,0,0,0,1,0,0,0,0,0,0,0,0,0,0,0,0,0,0,4,0,40.0084,-75.1007, , 
 ,75741,2012018304,6,67,67301,2011,3,2,1234,12,1,1,0,8,1, , ,N,0,0,0,3,0,1,2,2,N,N,39 59:34.750,75 08:04.305,0, ,0, ,0, ,N, ,0, , , , , ,865713, , , ,1,0,0,0,0,0,0,0,0,1,0,0,1,0,1,0,0,0,0,0,0,0,0,0,0,0,0,0,0,0,0,0,1,0,1,2,0,39.993,-75.1345, , 
 ,75742,2011112087,6,67,67301,2011,10,4,1636,16,1,1,0,5,1, , ,N,0,0,0,3,0,1,3,2,N, ,40 03:51.394,75 03:13.287,1700, ,1641, ,0, ,N, ,0, , , , , ,865716, , , ,2,1,0,0,0,0,0,1,0,0,0,1,1,0,2,0,0,0,0,0,1,0,0,0,0,0,0,0,0,0,0,0,0,0,0,4,0,40.0643,-75.0537, , 
 ,75743,2011112090,6,67,67301,2011,10,1,335,3,3,1,0,4,1, , ,N,2,0,2,3,0,2,3,2,N,N,39 57:15.516,75 08:23.025,345, ,340,2,1,2,N, ,0,N, , , , ,865717, , , ,2,1,0,0,0,0,1,0,0,0,0,0,2,2,0,0,0,0,0,0,0,0,0,0,0,0,0,0,0,0,0,0,0,0,0,8,0,39.9541,-75.1395, , 
 ,75744,2012004958,6,67,67301,2011,12,4,1315,13,1,2,1,8,1, , ,N,0,0,0,3,0,1,2,2,N, ,40 02:56.098,75 03:43.738,1318, ,1315,1,1,3, , ,0,N, , , , ,865735, , , ,1,1,0,0,0,0,0,0,0,0,0,1,1,0,0,0,0,0,0,0,0,0,0,0,0,0,0,0,0,0,0,0,1,0,0,4,0,40.0489,-75.0621, , 
 ,75745,2011103352,6,67,67301,2011,9,2,1440,14,1,1,0,1,1, , ,N,3,0,2,3,0,3,7,2,N,N,40 00:55.955,75 10:33.816,1458, ,1444,1,2,3,N, ,0,N, , , , ,868157, , , ,2,1,0,0,0,0,0,1,0,0,1,2,3,0,0,0,0,0,1,0,0,0,0,0,0,0,0,0,0,0,0,0,0,0,0,3,0,40.0155,-75.1761, , 
 ,75746,2011115278,6,67,67301,2011,10,6,9999,99,3,1,0,7,5, , ,N,1,2,0,3,0,0,1,1,N,N,39 58:46.973,75 09:57.111,2250, ,2230, ,0, ,N, ,3, , , , , ,868168, , , ,1,0,0,0,0,0,1,0,0,0,0,0,0,0,1,0,0,0,0,0,0,0,0,1,0,0,0,0,0,0,0,0,0,0,0,9,0,39.9797,-75.1659, , 
 ,75747,2011128187,6,67,67301,2011,12,7,230,2,3,1,0,5,1, , ,N,0,2,3,3,0,0,2,2,N,N,39 57:12.257,75 08:13.246,230, ,230, ,0, ,N, ,3, , , , , ,868175, , , ,2,1,0,0,0,1,0,0,0,0,0,0,0,0,0,0,0,0,0,0,0,0,0,0,0,0,0,0,0,0,0,0,0,0,0,0,1,39.9534,-75.137, , 
 ,75748,2011132934,6,67,67301,2011,11,4,1428,14,1,1,0,8,1, , ,N,1,2,0,3,0,1,2,2,N,N,39 57:14.857,75 12:09.311,1431, ,1431, ,0, ,N, ,3, , , , , ,868182, , , ,1,1,0,0,0,0,0,0,0,0,0,1,1,0,0,0,0,0,0,0,0,0,0,0,0,0,0,0,0,0,0,0,1,0,0,4,0,39.9541,-75.2026, , 
 ,75749,2012037389,6,67,67301,2011,4,7,1500,15,1,1,0,1,1, , ,N,0,2,0,3,0,1,2,4,N,N,39 55:59.268,75 10:04.212,1520, ,1515,3,1,1, , ,2,Y, , , , ,868187, , , ,4,4,0,0,0,0,0,0,0,0,0,1,1,0,0,0,0,0,0,0,1,0,0,2,0,0,0,0,0,0,0,0,0,0,0,4,0,39.9332,-75.1678, , 
 ,75750,2011122765,6,67,67301,2011,11,5,935,9,1,1,0,4,1, , ,N,1,2,0,3,0,1,2,2,N,N,39 59:45.293,75 05:31.432,943, ,933, ,0, , , ,3, , , , , ,868188, , , ,2,1,0,0,0,0,1,0,0,0,0,1,1,0,1,0,0,0,0,0,1,0,0,0,0,0,0,0,0,0,0,0,0,0,0,4,0,39.9959,-75.0921, , 
 ,75751,2012010111,6,67,67301,2011,12,4,1905,19,3,2,1,4,1, , ,N,1,2,0,3,0,2,2,2,N,N,40 01:51.805,75 08:59.243,1920, ,1906,2,2,7,N, ,3,Y, , , , ,868201, , , ,2,1,0,0,0,0,1,0,0,0,2,0,2,0,0,0,0,0,1,0,0,0,0,0,0,0,0,0,0,0,0,0,0,0,0,3,0,40.0311,-75.1498, , 
 ,75752,2011100772,6,67,67301,2011,9,7,1845,18,1,1,0,4,1, , ,N,0,2,0,3,0,1,3,2,N, ,39 57:27.480,75 10:02.640,1955, ,1950, ,0, , , ,3, , , , , ,868219, , , ,2,2,0,0,0,0,0,0,0,0,0,1,1,0,0,0,0,0,0,0,0,0,1,0,0,0,0,0,0,0,0,0,0,0,0,4,0,39.9576,-75.1674, , 
 ,75753,2011103350,6,67,67301,2011,9,6,1857,18,1,1,0,4,1, , ,N,1,3,0,3,0,1,2,2,N,N,39 56:26.771,75 09:57.851,1857, ,1857,2,2,7,N, ,3,Y, , , , ,868221, , , ,1,1,0,0,0,0,0,0,1,0,1,0,1,0,1,0,0,0,0,0,1,0,0,1,0,0,0,0,0,0,0,0,0,0,0,3,0,39.9408,-75.1661, , 
 ,75754,2011115269,6,67,67301,2011,10,7,1920,19,3,1,0,4,1, , ,N,1,3,0,3,0,2,3,2,N,N,39 56:48.681,75 13:27.523,1923, ,1922, ,0, ,N, ,3, , , , , ,868231, , , ,2,1,0,0,0,0,0,0,0,0,0,0,2,2,0,0,0,0,1,1,0,0,0,0,0,0,0,0,0,0,0,0,0,0,0,8,0,39.9469,-75.2243, , 
 ,75755,2011121467,6,67,67301,2011,11,5,745,7,1,1,0,7,4, , ,N,0,0,0,3,0,1,2,2,N,N,39 54:06.845,75 09:06.148,801, ,756,1,1,2,N, ,0,N, , , , ,868237, , , ,2,1,0,0,1,0,0,0,0,0,0,1,1,0,0,0,0,0,0,0,0,0,0,0,0,0,0,0,0,0,0,0,0,0,0,4,0,39.902,-75.1516, , 
 ,75756,2011122845,6,67,67301,2011,10,1,553,5,3,1,6,7,1, , ,N,0,0,3,3,0,1,1,1,N,N,39 55:11.297,75 12:05.905,630, ,626, ,0, ,N, ,0, , , , , ,868240, , , ,1,0,0,0,0,0,1,0,0,0,0,1,1,0,0,0,0,0,0,0,0,0,0,1,0,0,0,0,0,0,0,0,0,0,0,4,0,39.9198,-75.2016, , 
 ,75757,2011126436,6,67,67301,2011,11,4,720,7,1,1,0,5,1, , ,N,0,0,0,3,0,1,2,2,N,N,39 59:23.184,75 07:31.811,735, ,730, ,0, ,N, ,0, , , , , ,868244, , , ,2,2,0,0,0,0,0,0,0,0,1,0,1,0,0,0,0,0,0,0,0,0,0,0,0,0,0,0,0,0,0,0,0,0,0,3,0,39.9898,-75.1255, , 
 ,75758,2011132573,6,67,67301,2011,12,5,708,7,1,1,0,4,1, , ,N,0,0,0,3,0,1,3,3,N,N,40 00:39.986,75 03:42.648,717, ,710,3,1,1,Y, ,0,N, , , , ,868252, , , ,3,1,0,0,1,1,0,0,0,0,0,0,1,1,0,0,0,0,0,0,0,0,0,1,0,0,0,0,0,0,0,0,0,0,0,8,1,40.0112,-75.0617, , 
 ,75759,2012004967,6,67,67301,2011,12,7,1454,14,1,1,0,8,1, , ,N,0,0,0,3,0,1,2,2,N,N,40 04:40.550,74 59:13.850,1459, ,1457, ,0, ,N, ,0, , , , , ,868255, , , ,1,1,0,0,0,0,0,0,0,0,0,0,1,1,1,0,0,0,0,0,1,0,0,0,0,0,0,0,0,0,0,0,1,0,0,8,0,40.0779,-74.9872, , 
 ,75760,2012018670,6,67,67301,2011,4,1,1720,17,1,1,0,4,1, , ,N,0,0,7,3,0,0,4,2,N,N,40 03:15.745,75 04:18.104,0, ,0, ,0, ,N, ,0, , , , , ,868256, , , ,2,2,0,0,0,0,0,0,0,0,0,0,0,0,1,0,0,0,0,0,1,0,0,0,0,0,0,0,0,0,0,0,0,0,0,9,0,40.0544,-75.0717, , 
 ,75761,2011132726,6,67,67301,2011,11,3,1735,17,2,2,1,1,1, , ,N,0,0,0,3,0,2,6,3,N,N,40 06:01.167,75 01:19.341,1745, ,1739,1,1,3,N, ,0,Y, , , , ,868258, , , ,3,2,0,0,0,0,0,1,0,0,0,0,2,2,0,0,0,0,0,0,1,0,0,0,0,0,0,0,0,0,0,0,0,0,0,8,0,40.1003,-75.022, , 
 ,75762,2011133105,6,67,67301,2011,10,6,1700,17,1,1,0,5,1, , ,N,5,0,1,3,0,3,5,4,N,N,40 01:00.293,75 05:01.121,1723, ,1721,3,2,5,N, ,0,Y, , , , ,868259, , , ,4,2,1,1,0,0,0,0,0,0,1,2,3,0,1,0,0,0,0,0,1,0,0,0,0,0,0,0,0,0,0,0,0,0,0,3,1,40.0167,-75.0836, , 
 ,75763,2011088070,6,67,67301,2011,7,2,1915,19,1,1,0,8,1, , ,N,0,0,0,3,0,1,2,2,N,N,39 55:33.006,75 09:52.614,1934, ,1929, ,0, , , ,0, , , , , ,871066, , , ,1,1,0,0,0,0,0,0,0,0,0,1,1,0,0,0,0,0,0,0,0,0,0,0,0,0,0,0,0,0,0,0,1,0,0,4,0,39.9258,-75.1646, , 
 ,75764,2011100725,6,67,67301,2011,9,5,1030,10,1,2,1,1,1, , ,N,2,3,0,3,0,1,4,2,N, ,40 01:48.388,75 03:19.605,1045, ,1042,9,1,2, , ,3,N, , , , ,871075, , , ,2,2,0,0,0,0,0,0,0,0,0,0,1,1,0,0,0,0,0,0,0,0,1,0,0,0,0,0,0,0,0,0,0,0,0,8,0,40.0301,-75.0554, , 
 ,75765,2011112332,6,67,67301,2011,10,7,1700,17,1,1,0,4,4, , ,N,0,0,0,3,0,2,3,2,N,N,39 56:18.720,75 09:39.080,1710, ,1705, ,0, ,N, ,0, , , , , ,871083, , , ,1,1,0,0,0,0,0,0,1,0,0,2,2,0,0,0,0,0,0,0,0,0,0,0,0,0,0,0,0,0,0,0,0,0,0,4,0,39.9385,-75.1609, , 
 ,75766,2011129604,6,67,67301,2011,12,3,1754,17,3,2,1,1,1, , ,N,0,0,0,3,0,1,4,2,N,N,39 58:02.097,75 11:18.355,1800, ,1754,1,1,4,N, ,0,N, , , , ,871094, , , ,2,1,0,0,1,0,0,0,0,0,0,1,1,0,0,0,0,1,0,0,0,0,0,0,0,0,0,0,0,0,0,0,0,0,0,4,0,39.9672,-75.1884, , 
 ,75767,2012002039,6,67,67301,2011,12,7,746,7,1,1,0,4,1, , ,N,1,2,0,3,0,2,2,2,N,N,40 00:59.814,75 08:49.815,756, ,746, ,0, ,N, ,3, , , , , ,871099, , , ,2,1,0,0,0,0,1,0,0,0,0,2,2,0,0,0,0,0,0,0,0,1,0,1,0,0,0,0,0,0,0,0,0,0,0,4,0,40.0166,-75.1472, , 
 ,75768,2012005014,6,67,67301,2011,12,3,615,6,5,1,0,1,1, , ,N,1,2,0,3,0,1,2,2,N,N,40 02:34.384,75 08:38.046,730, ,724, ,0, ,N, ,3, , , , , ,871100, , , ,2,1,0,0,0,0,0,0,0,0,0,1,1,0,1,0,0,0,0,0,1,0,0,0,0,0,0,0,0,0,0,0,0,0,0,4,0,40.0429,-75.1438, , 
 ,75769,2012005007,6,67,67301,2011,12,6,1715,17,3,1,0,8,1, , ,N,1,3,0,3,0,1,2,2,N,N,40 02:16.918,75 08:37.492,1735, ,1730, ,0, ,N, ,9, , , , , ,871129, , , ,1,0,0,0,1,0,0,0,0,0,0,1,1,0,1,0,0,0,0,0,0,0,0,0,0,0,0,0,0,0,0,0,1,0,0,4,0,40.038,-75.1437, , 
 ,75770,2011132624,6,67,67301,2011,11,4,1453,14,1,2,1,2,1, , ,N,1,2,0,3,0,1,2,2,N,N,39 58:00.800,75 11:31.732,1715, ,1453, ,0, ,N, ,3, , , , , ,871148, , , ,2,2,0,0,0,0,0,0,0,0,0,1,1,0,1,0,0,0,0,0,0,0,0,0,0,0,0,0,0,0,0,0,0,0,0,4,0,39.9669,-75.1921, , 
 ,75771,2012010052,6,67,67301,2011,12,7,43,0,3,1,0,7,4, , ,N,0,0,0,3,0,0,1,1,N,N,39 57:27.362,75 11:58.806,52, ,50, ,0, ,N, ,0, , , , , ,871150, , , ,1,1,0,0,0,0,0,0,0,0,0,0,0,0,0,0,0,0,0,0,0,0,0,0,0,0,0,0,0,0,0,0,0,0,0,0,0,39.9576,-75.1997, , 
 ,75772,2011100744,6,67,67301,2011,9,3,1300,13,1,1,0,2,1, , ,N,0,0,0,3,0,1,2,2,N, ,40 00:39.969,75 09:02.624,1305, ,1300, ,0, , , ,0, , , , , ,871166, , , ,2,1,0,0,0,0,1,0,0,0,0,1,1,0,0,0,0,0,0,0,1,0,0,0,0,0,0,0,0,0,0,0,0,0,0,4,0,40.0111,-75.1507, , 
 ,75773,2011108469,6,67,67301,2011,10,1,220,2,3,1,0,1,1, , ,N,0,0,0,3,0,0,2,2,N,N,40 03:13.122,74 59:09.411,236, ,236,1,2,1,N, ,0,N, , , , ,871171, , , ,2,2,0,0,0,0,0,0,0,0,0,0,0,0,0,0,0,0,0,0,0,0,0,0,0,0,0,0,0,0,0,0,0,0,0,0,0,40.0536,-74.986, , 
Y,75774,2011101631,6,67,67301,2011,9,6,9999,99,3,1,0,1,1,1,3,Y,1,2,0,3,0,1,4,4,N,N,40 04:36.380,75 01:58.776,2115,45,2107,2,1,2,N, ,3,N,Y, , ,N,871192, , , ,4,1,1,0,0,0,1,1,0,0,1,0,1,0,0,0,0,0,0,0,1,0,0,0,0,0,0,0,0,0,0,0,0,0,0,3,0,40.0766,-75.0329, , 
 ,75775,2011107705,6,67,67301,2011,10,5,0,0,3,2,1,7,3, , ,N,0,0,2,3,0,0,1,1,N,N,39 57:31.285,75 09:52.859,12, ,12,1,1,1,N, ,0,N, , , , ,871201, , , ,1,1,0,0,0,0,0,0,0,0,0,0,0,0,0,0,0,0,0,0,0,0,0,0,0,0,0,0,0,0,0,0,0,0,0,0,0,39.9587,-75.1647, , 
 ,75776,2011129160,6,67,67301,2011,12,1,1451,14,1,1,0,1,1, , ,N,0,0,0,3,0,1,4,4,N,N,39 58:37.086,75 06:48.900,1509, ,1453,1,1,2,N, ,0,N, , , , ,871208, , , ,4,4,0,0,0,0,0,0,0,0,0,0,1,1,0,0,0,0,0,0,2,0,0,0,0,0,0,0,0,0,0,0,0,0,0,8,0,39.977,-75.1135, , 
 ,75777,2011134710,6,67,67301,2011,12,1,9999,99,3,1,0,7,5, , ,N,1,2,0,3,0,0,1,1,N,N,40 04:15.522,75 02:16.209,9999, ,136,1,1,2,N, ,9,N, , , , ,871216, , , ,1,1,0,0,0,0,0,0,0,0,0,0,0,0,0,0,0,0,0,0,0,0,0,0,0,0,0,0,0,0,0,0,0,0,0,0,0,40.071,-75.0378, , 
 ,75778,2012001979,6,67,67301,2011,12,1,735,7,1,1,0,7,5, , ,N,0,0,0,3,0,1,1,1,N,N,39 55:51.837,75 13:35.608,745, ,740,1,1,4,N, ,0,Y, , , , ,871218, , , ,1,1,0,0,0,0,0,0,0,0,0,0,1,1,0,0,0,0,0,0,0,0,0,0,0,0,0,0,0,0,0,0,0,0,0,8,0,39.9311,-75.2266, , 
 ,75779,2012010013,6,67,67301,2011,12,7,1050,10,1,1,0,1,1, , ,N,2,3,0,3,0,1,3,2,N,N,40 05:13.972,75 01:19.619,1100, ,1056, ,0, ,N, ,3, , , , , ,871251, , , ,2,1,0,0,0,0,0,1,0,0,0,0,1,1,0,0,0,0,0,0,1,1,0,0,0,0,0,0,0,0,0,0,0,0,0,8,0,40.0872,-75.0221, , 
 ,75780,2011122837,6,67,67301,2011,10,5,1057,10,1,2,1,4,1, , ,N,1,2,0,3,0,1,3,2,N,N,40 01:32.275,75 07:31.347,1059, ,1057,1,2,4,N, ,3,Y, , , , ,871253, , , ,2,1,0,0,1,0,0,0,0,0,1,0,1,0,0,0,0,0,0,0,0,1,0,0,0,0,0,0,0,0,0,0,0,0,0,3,0,40.0257,-75.1251, , 
 ,75781,2012004984,6,67,67301,2011,12,7,1820,18,3,1,0,4,1, , ,N,1,2,0,3,0,2,2,2,N,N,39 55:51.600,75 13:56.640,1835, ,1823,2,1,4,N, ,3,Y, , , , ,865736, , , ,2,2,0,0,0,0,0,0,0,0,1,1,2,0,0,0,0,0,0,0,1,0,0,0,0,0,0,0,0,0,0,0,0,0,0,3,0,39.931,-75.2324, , 
 ,75782,2011100742,6,67,67301,2011,5,7,900,9,1,1,0,4,1, , ,N,1,3,0,3,0,1,3,2,N,N,39 58:40.076,75 09:44.002,907, ,903, ,0, ,N, ,3, , , , , ,865760, , , ,2,2,0,0,0,0,0,0,0,0,0,0,1,1,1,0,0,1,0,0,0,0,0,0,0,0,0,0,0,0,0,0,0,0,0,8,0,39.9778,-75.1622, , 
 ,75783,2011119995,6,67,67301,2011,11,4,1517,15,1,2,1,7,2, , ,N,0,0,0,3,0,1,1,1,N,N,39 55:55.292,75 11:59.530,1529, ,1518,1,2,4,Y, ,0,N, , , , ,865802, , , ,1,1,0,0,0,0,0,0,0,0,1,0,1,0,0,0,0,0,1,0,0,0,0,1,0,0,0,0,0,0,0,0,0,0,0,3,0,39.932,-75.1999, , 
 ,75784,2011134760,6,67,67301,2011,12,4,215,2,3,2,1,2,6, , ,N,0,0,0,3,0,1,2,2,N,N,40 02:40.266,75 05:19.938,220, ,215, ,0, ,N, ,0, , , , , ,865820, , , ,2,2,0,0,0,0,0,0,0,0,0,0,1,1,1,0,0,0,0,0,0,0,0,0,0,0,0,0,0,0,0,0,0,0,0,8,0,40.0445,-75.0889, , 
 ,75785,2013029602,6,67,67301,2011,8,4,2030,20,4,2,1,4,1, , ,N,2,0,0,3,0,1,2,2,N,N,40 01:12.428,75 09:54.647,2040, ,2035, ,0, ,N, ,0, , , , , ,865826, , , ,1,0,0,0,0,0,0,1,1,0,0,1,1,0,0,0,0,0,0,0,0,0,0,0,0,0,0,0,0,0,0,0,0,0,0,4,0,40.0201,-75.1652, , 
 ,75786,2011118472,6,67,67301,2011,10,6,2230,22,3,1,0,8,1, , ,N,1,2,99,3,0,1,2,2,N,N,39 57:25.599,75 12:06.942,2340, ,2330, ,0, ,N, ,3, , , , , ,865848, , , ,1,1,0,0,0,0,0,0,0,0,0,1,1,0,0,0,0,0,0,0,0,0,0,0,0,0,0,0,0,0,0,0,1,0,0,4,0,39.9571,-75.2019, , 
 ,75787,2011115515,6,67,67301,2011,10,4,1138,11,1,2,1,1,1, , ,N,1,2,0,3,0,1,3,2,N, ,40 06:08.954,75 01:43.447,1148, ,1139, ,0, ,N, ,3, , , , , ,865862, , , ,2,1,0,0,0,0,0,1,0,0,0,0,1,1,0,0,0,0,0,0,1,0,0,0,0,0,0,0,0,0,0,0,0,0,0,8,0,40.1025,-75.0287, , 
 ,75788,2011122840,6,67,67301,2011,10,2,710,7,1,1,0,8,1, , ,N,1,2,0,3,0,1,2,2,N,N,40 02:35.649,75 03:08.136,809, ,808, ,0, ,N, ,3, , , , , ,865870, , , ,1,0,0,0,0,0,0,1,0,0,0,1,1,0,1,0,0,0,0,0,0,0,0,1,0,0,0,0,0,0,0,0,1,0,0,4,0,40.0432,-75.0523, , 
 ,75789,2011118069,6,67,67301,2011,10,4,1215,12,1,2,1,2,1, , ,N,1,2,0,3,0,1,2,2,N,N,39 56:17.059,75 10:06.455,1220, ,1217, ,0, ,N, ,3, , , , , ,865885, , , ,2,1,0,0,0,0,1,0,0,0,0,0,1,1,0,0,0,0,0,0,0,1,0,0,0,0,0,0,0,0,0,0,0,0,0,8,0,39.9381,-75.1685, , 
 ,75790,2011122816,6,67,67301,2011,11,6,1345,13,1,1,0,4,1, , ,N,1,2,0,3,0,1,2,2,N, ,40 01:10.533,75 03:19.855,9999, ,1350, ,0, , , ,3, , , , , ,865889, , , ,1,1,0,0,0,0,0,0,1,0,0,1,1,0,0,0,0,0,0,0,0,0,0,0,0,0,0,0,0,0,0,0,0,0,0,4,0,40.0195,-75.0557, , 
 ,75791,2011126340,6,67,67301,2011,10,1,9999,99,3,2,1,4,1, , ,N,1,3,0,3,0,0,1,2,N,N,39 58:32.059,75 07:30.845,232, ,227, ,0, ,N, ,3, , , , , ,865892, , , ,2,1,0,0,0,0,1,0,0,0,0,0,0,0,0,0,0,0,0,0,0,0,0,0,0,0,0,0,0,0,0,0,0,0,0,0,0,39.9756,-75.1252, , 
 ,75792,2011133465,6,67,67301,2011,9,4,754,7,5,6,1,1,1, , ,N,0,0,0,3,0,0,2,2,N,N,40 03:00.297,74 59:35.066,805, ,802, ,0, ,N, ,0, , , , , ,865895, , , ,2,0,0,0,0,0,1,1,0,0,0,0,0,0,1,0,0,0,0,0,1,0,0,0,0,0,0,0,0,0,0,0,0,0,0,9,0,40.0501,-74.993, , 
 ,75793,2011132863,6,67,67301,2011,11,2,2305,23,3,8,1,4,1, , ,N,1,2,0,3,0,1,2,2,N,N,39 57:50.835,75 10:27.945,2306, ,2306,3,2,1,N, ,3,Y, , , , ,865917, , , ,2,2,0,0,0,0,0,0,0,0,1,0,1,0,0,0,0,0,0,0,0,0,0,0,0,0,0,0,0,0,0,0,0,0,0,3,0,39.964,-75.1745, , 
 ,75794,2012036822,6,67,67301,2011,6,4,1735,17,1,2,1,4,1, , ,N,1,0,0,3,0,1,2,2,N,N,40 06:06.588,75 01:38.906,1740, ,1735,2,1,3,N, ,0,Y, , , , ,865921, , , ,2,0,0,0,0,0,2,0,0,0,0,1,1,0,0,0,0,0,0,0,0,0,0,0,0,0,0,0,0,0,0,0,0,0,0,4,0,40.1018,-75.0275, , 
 ,75795,2011126426,6,67,67301,2011,11,4,1958,19,3,1,0,8,1, , ,N,1,2,0,3,0,1,2,2,N, ,40 02:11.152,75 07:49.835,2005, ,2000, ,0, , , ,3, , , , , ,865924, , , ,1,1,0,0,0,0,0,0,0,0,0,0,1,1,0,0,0,0,0,0,0,1,0,0,0,0,0,0,0,0,0,0,1,0,0,8,0,40.0364,-75.1305, , 
 ,75796,2011132837,6,67,67301,2011,11,4,1736,17,3,2,1,8,1, , ,N,0,2,0,3,0,1,2,2,N,N,40 00:28.697,75 04:25.632,1855, ,1850, ,0, ,N, ,3, , , , , ,865931, , , ,1,0,0,0,0,0,0,1,0,0,0,1,1,0,0,0,0,0,0,0,0,0,0,0,0,0,0,0,0,0,0,0,1,0,0,4,0,40.008,-75.0738, , 
 ,75797,2011132862,6,67,67301,2011,11,6,720,7,1,1,0,8,1, , ,N,1,3,0,3,0,1,2,2,N,Y,39 57:50.418,75 09:46.090,1250, ,1245, ,0, , , ,3, , , , , ,865932, , , ,1,1,0,0,0,0,0,0,0,0,0,1,1,0,1,0,0,0,0,0,0,0,0,1,0,0,0,0,0,0,0,0,1,0,0,4,0,39.964,-75.1628, , 
 ,75798,2011132930,6,67,67301,2011,11,4,1236,12,1,2,1,7,5, , ,N,2,3,0,3,0,0,1,1,N,N,40 02:27.409,75 08:51.554,1236, ,1236, ,0, ,N, ,3, , , , , ,865933, , , ,1,1,0,0,0,0,0,0,0,0,0,0,0,0,0,0,1,0,0,0,0,0,0,1,0,0,0,0,0,0,0,0,0,0,0,0,0,40.0409,-75.1477, , 
 ,75799,2012002115,6,67,67301,2011,10,5,2307,23,3,1,0,8,1, , ,N,0,0,0,3,0,2,3,3,N,N,39 58:12.388,75 12:18.867,40, ,35, ,0, , , ,0, , , , , ,868262, , , ,1,1,0,0,0,0,0,0,0,0,0,2,2,0,0,0,0,0,0,0,0,0,0,1,0,0,0,0,0,0,0,0,2,0,0,4,0,39.9701,-75.2052, , 
 ,75800,2012002040,6,67,67301,2011,12,6,1715,17,3,1,0,2,1, , ,N,1,2,0,3,0,0,2,2,N,N,40 05:54.088,75 02:49.438,1719, ,1715, ,0, ,N, ,3, , , , , ,868277, , , ,2,1,0,0,0,0,0,1,0,0,0,0,0,0,0,0,0,0,0,0,1,0,0,0,0,0,0,0,0,0,0,0,0,0,0,0,0,40.0984,-75.0471, , 
 ,75801,2011127055,6,67,67301,2011,11,2,1250,12,1,9,8,1,1, , ,N,2,3,0,3,0,0,2,4,N, ,40 00:34.918,75 07:05.245,1257, ,1253,2,2,3, , ,3,Y, , , , ,868286, , , ,4,2,0,0,1,0,1,0,0,0,0,0,0,0,0,0,0,0,0,0,0,0,0,0,0,0,0,0,0,0,0,0,0,0,0,0,0,40.0097,-75.1181, , 
 ,75802,2011127541,6,67,67301,2011,11,1,1600,16,1,1,0,5,1, , ,N,0,0,0,3,1,1,4,2,N, ,40 04:27.283,75 02:06.593,1609, ,1605,3,2,2, ,0,0,Y, , , , ,868287, , , ,2,1,0,0,0,0,1,0,0,0,0,0,1,1,0,0,0,1,1,0,0,0,0,0,0,0,0,0,0,0,0,0,0,0,0,1,0,40.0742,-75.0352,2, 
 ,75803,2012004956,6,67,67301,2011,12,7,1325,13,1,1,0,8,1, , ,N,1,2,0,3,0,1,2,2,N,N,40 01:48.978,75 03:51.736,1331, ,1326, ,0, ,N, ,3, , , , , ,868296, , , ,2,2,0,0,0,0,0,0,0,0,0,0,1,1,0,0,0,0,0,0,1,0,0,0,0,0,0,0,0,0,0,0,0,0,0,8,0,40.0303,-75.0644, , 