wz_ln_closure,objectid_1,crn,district,county,municipality,crash_year,crash_month,day_of_week,time_of_day,hour_of_day,illumination,weather,road_condition,collision_type,relation_to_road,work_zone_type,work_zone_loc,work_zone_ind,intersect_type,tcd_type,location_type,urban_rural,fatal_count,injury_count,person_count,total_units,sch_bus_ind,sch_zone_ind,latitude,longitude,arrival_tm,cons_zone_spd_lim,dispatch_tm,est_hrs_closed,lane_closed,ln_close_dir,ntfy_hiwy_maint,spec_juris_cd,tcd_func_cd,tfc_detour_ind,workers_pres,wz_close_detour,wz_flagger,wz_law_offcr_ind,objectid,wz_moving,wz_other,wz_shlder_mdn,vehicle_count,automobile_count,motorcycle_count,bus_count,small_truck_count,heavy_truck_count,suv_count,van_count,bicycle_count,maj_inj_count,mod_inj_count,min_inj_count,tot_inj_count,unk_inj_deg_count,unk_inj_per_count,driver_count_16yr,driver_count_17yr,driver_count_18yr,driver_count_19yr,driver_count_20yr,driver_count_50_64yr,driver_count_65_74yr,driver_count_75plus,unbelted_occ_count,unb_death_count,unb_maj_inj_count,belted_death_count,belted_maj_inj_count,mcycle_death_count,mcycle_maj_inj_count,bicycle_death_count,bicycle_maj_inj_count,ped_count,ped_death_count,ped_maj_inj_count,max_severity_level,comm_veh_count,dec_lat,dec_long,rdwy_surf_type_cd,county_name
 ,75804,2011113284,6,67,67301,2011,9,5,1900,19,4,1,0,8,1, , ,N,0,0,0,3,0,1,2,2,N, ,39 57:46.670,75 14:28.460,1900, ,1900, ,0, , , ,0, , , , , ,868304, , , ,1,1,0,0,0,0,0,0,0,0,0,0,1,1,0,0,0,0,0,0,0,0,0,0,0,0,0,0,0,0,0,0,1,0,0,8,0,39.963,-75.2412, , 
 ,75805,2011115327,6,67,67301,2011,10,6,1043,10,1,1,1,4,1, , ,N,1,2,0,3,0,0,4,3,N, ,39 59:30.177,75 13:47.387,1050, ,1046, ,0, , , ,3, , , , , ,868306, , , ,3,1,0,0,1,0,1,0,0,0,0,0,0,0,0,0,0,0,0,0,0,1,0,0,0,0,0,0,0,0,0,0,0,0,0,0,0,39.9917,-75.2298, , 
 ,75806,2011118067,6,67,67301,2011,10,4,2150,21,3,2,1,8,1, , ,N,0,2,0,3,0,1,2,2,N, ,40 00:54.129,75 08:06.871,2159, ,2159, ,0, , , ,3, , , , , ,868311, , , ,1,1,0,0,0,0,0,0,0,0,0,0,1,1,1,0,0,0,0,0,0,0,0,1,0,0,0,0,0,0,0,0,1,0,0,8,0,40.015,-75.1352, , 
 ,75807,2012002134,6,67,67301,2011,12,7,29,0,3,1,0,2,2, , ,N,1,2,0,3,0,1,1,4,N, ,40 00:16.318,75 07:55.437,37, ,33, ,0, , , ,3, , , , , ,868318, , , ,4,3,0,0,0,0,0,1,0,0,0,1,1,0,0,0,0,0,0,0,0,0,0,0,0,0,0,0,0,0,0,0,0,0,0,4,0,40.0045,-75.1321, , 
 ,75808,2012005017,6,67,67301,2011,12,5,1730,17,3,2,1,1,1, , ,N,0,0,0,3,0,0,2,2,N,N,40 06:03.416,75 01:28.780,1800, ,1759, ,0, ,N, ,0, , , , , ,868320, , , ,2,2,0,0,0,0,0,0,0,0,0,0,0,0,0,0,0,0,0,0,1,1,0,0,0,0,0,0,0,0,0,0,0,0,0,0,0,40.1009,-75.0247, , 
 ,75809,2011132662,6,67,67301,2011,11,7,2058,20,3,1,0,4,1, , ,N,1,2,0,3,0,0,3,3,N,N,40 00:29.747,75 11:40.309,2105, ,2102,2,1,2,N, ,3,N, , , , ,868343, , , ,3,2,0,0,0,0,1,0,0,0,0,0,0,0,0,0,0,0,0,0,0,0,0,0,0,0,0,0,0,0,0,0,0,0,0,0,0,40.0083,-75.1945, , 
 ,75810,2012002059,6,67,67301,2011,11,2,1500,15,1,1,0,4,1, , ,N,1,2,0,3,0,1,2,2,N,N,39 59:31.320,75 08:24.665,1609, ,1550,2,1,4,N, ,3,N, , , , ,868346, , , ,2,2,0,0,0,0,0,0,0,0,0,1,1,0,1,0,0,0,0,0,0,1,0,0,0,0,0,0,0,0,0,0,0,0,0,4,0,39.992,-75.1402, , 
 ,75811,2012004930,6,67,67301,2011,12,5,610,6,3,1,1,4,1, , ,N,1,2,0,3,0,3,3,2,N,N,40 01:53.078,75 05:05.038,630, ,615,1,1,1,N, ,3,Y, , , , ,868347, , , ,2,2,0,0,0,0,0,0,0,0,0,3,3,0,0,0,0,0,0,0,0,0,0,1,0,0,0,0,0,0,0,0,0,0,0,4,0,40.0314,-75.0847, , 
 ,75812,2011132780,6,67,67301,2011,11,7,1311,13,1,1,0,1,3, , ,N,0,0,0,3,0,0,2,2,N,N,39 55:13.767,75 12:50.540,1350, ,1347, ,0, ,N, ,0, , , , , ,868355, , , ,2,2,0,0,0,0,0,0,0,0,0,0,0,0,2,0,0,0,0,0,1,0,1,0,0,0,0,0,0,0,0,0,0,0,0,9,0,39.9205,-75.214, , 
 ,75813,2012004873,6,67,67301,2011,11,2,2139,21,3,1,0,4,1, , ,N,1,3,0,3,0,0,2,2,N,N,40 04:41.689,75 10:37.790,2140, ,2140, ,0, ,N, ,3, , , , , ,868360, , , ,2,1,0,0,0,0,1,0,0,0,0,0,0,0,1,0,0,0,0,0,0,0,0,0,0,0,0,0,0,0,0,0,0,0,0,9,0,40.0782,-75.1772, , 
 ,75814,2012004913,6,67,67301,2011,12,5,809,8,1,1,0,8,1, , ,N,0,0,0,3,0,1,3,2,N, ,40 03:04.870,75 04:05.181,824, ,814, ,0, , , ,0, , , , , ,868361, , , ,1,0,0,0,0,0,0,1,0,0,1,0,1,0,0,0,0,0,0,0,0,0,0,0,0,0,0,0,0,0,0,0,1,0,0,3,0,40.0514,-75.0681, , 
 ,75815,2012023065,6,67,67301,2011,8,5,2000,20,6,1,0,4,1, , ,N,1,2,0,3,0,1,3,2,N,N,40 01:38.846,75 03:44.583,0, ,0, ,0, ,N, ,3, , , , , ,868363, , , ,2,2,0,0,0,0,0,0,0,0,0,0,1,1,1,0,0,0,0,0,1,0,0,0,0,0,0,0,0,0,0,0,0,0,0,8,0,40.0275,-75.0624, , 
 ,75816,2012001963,6,67,67301,2011,11,1,1540,15,1,9,0,1,1, , ,N,2,2,0,3,0,1,3,2,N, ,39 58:26.024,75 07:06.732,9999, ,9999, ,0, , , ,3, , , , , ,868385, , , ,2,0,0,0,2,0,0,0,0,0,0,1,1,0,1,0,0,0,0,0,0,0,0,1,0,0,0,0,0,0,0,0,0,0,0,4,0,39.9742,-75.118, , 
 ,75817,2011122872,6,67,67301,2011,10,1,1245,12,1,1,0,5,1, , ,N,0,0,0,3,0,1,2,2,N,N,40 03:19.466,75 02:39.881,1320, ,1314, ,0, ,N, ,0, , , , , ,871254, , , ,2,0,0,0,0,0,2,0,0,0,0,1,1,0,0,0,0,0,0,0,1,0,0,0,0,0,0,0,0,0,0,0,0,0,0,4,0,40.0554,-75.0444, , 
 ,75818,2011132606,6,67,67301,2011,11,2,2236,22,3,1,0,5,6, , ,N,0,0,0,3,0,0,1,4,N,N,40 02:17.430,75 02:47.072,2318, ,2316, ,0, ,N, ,0, , , , , ,871266, , , ,4,4,0,0,0,0,0,0,0,0,0,0,0,0,1,0,0,0,0,0,0,0,0,0,0,0,0,0,0,0,0,0,0,0,0,9,0,40.0382,-75.0464, , 
 ,75819,2011134683,6,67,67301,2011,12,3,2330,23,3,2,1,7,5, , ,N,0,0,0,3,0,0,2,1,N,N,40 05:20.410,75 02:43.918,2359, ,2359,3,2,3,N, ,0,Y, , , , ,871267, , , ,1,1,0,0,0,0,0,0,0,0,0,0,0,0,0,0,0,0,0,0,0,0,0,0,0,0,0,0,0,0,0,0,0,0,0,0,0,40.089,-75.0455, , 
 ,75820,2011029150,6,67,67301,2011,2,2,9999,99,3,1,0,1,1, , ,N,1,2,0,3,0,1,3,2, , ,39 59:21.706,75 09:20.126,9999, ,120, ,0, , , ,3, , , , , ,871287, , , ,2,1,0,0,1,0,0,0,0,0,0,1,1,0,2,0,0,0,0,0,0,0,0,0,0,0,0,0,0,0,0,0,0,0,0,4,0,39.9893,-75.1555, , 
 ,75821,2011125456,6,67,67301,2011,10,5,1707,17,1,1,0,1,1, , ,N,0,0,0,3,0,1,3,3,N,N,40 00:20.840,75 13:00.595,1710, ,1707, ,0, ,N, ,0, , , , , ,871306, , , ,3,2,0,0,0,0,0,1,0,0,0,1,1,0,0,0,0,0,0,0,0,1,0,0,0,0,0,0,0,0,0,0,0,0,0,4,0,40.0058,-75.2167, , 
 ,75822,2011130720,6,67,67301,2011,12,7,242,2,3,1,0,7,4, , ,N,0,0,0,3,0,1,1,1,N,N,39 53:56.851,75 10:32.118,253, ,246, ,0, ,N, ,0, , , , , ,871311, , , ,1,1,0,0,0,0,0,0,0,0,0,1,1,0,0,0,0,0,0,0,0,0,0,0,0,0,0,0,0,0,0,0,0,0,0,4,0,39.8991,-75.1756, , 
 ,75823,2011132819,6,67,67301,2011,11,1,1900,19,3,1,1,5,1, , ,N,1,2,0,3,0,1,8,2,N,N,40 01:43.905,75 06:21.601,1915, ,1908, ,0, ,N, ,3, , , , , ,871325, , , ,2,2,0,0,0,0,0,0,0,0,0,1,1,0,0,0,0,0,0,0,0,0,0,0,0,0,0,0,0,0,0,0,0,0,0,4,0,40.029,-75.1061, , 
 ,75824,2012002006,6,67,67301,2011,12,3,1600,16,3,9,8,8,1, , ,N,1,2,0,3,0,1,2,2,N,N,39 59:27.459,75 10:04.324,9999, ,1553, ,0, ,N, ,9, , , , , ,871330, , , ,1,0,0,0,1,0,0,0,0,0,0,1,1,0,0,0,0,0,0,0,0,1,0,0,0,0,0,0,0,0,0,0,1,0,0,4,0,39.991,-75.1679, , 
 ,75825,2011122860,6,67,67301,2011,11,4,1010,10,1,1,0,7,5, , ,N,1,2,0,3,0,1,1,1,N, ,40 01:50.847,75 06:43.088,1030, ,1020, ,0, , , ,3, , , , , ,871334, , , ,1,1,0,0,0,0,0,0,0,0,0,1,1,0,0,0,0,0,0,0,0,0,0,0,0,0,0,0,0,0,0,0,0,0,0,4,0,40.0308,-75.112, , 
 ,75826,2011134805,6,67,67301,2011,11,5,2322,23,3,1,0,7,2, , ,N,1,2,0,3,0,3,3,1,N,N,39 58:50.309,75 14:47.378,2325, ,2324,9,1,6, , ,3,Y, , , , ,871344, , , ,1,1,0,0,0,0,0,0,0,0,0,0,3,3,0,0,0,0,0,0,1,0,0,1,0,0,0,0,0,0,0,0,0,0,0,8,0,39.9806,-75.2465, , 
 ,75827,2011115260,6,67,67301,2011,10,1,145,1,3,1,0,4,1, , ,N,1,2,0,3,0,2,4,2,N,N,40 02:45.148,75 10:55.939,154, ,151, ,0, ,N, ,3, , , , , ,871381, , , ,2,1,0,0,0,0,0,1,0,0,0,2,2,0,2,0,0,0,0,0,0,0,0,2,0,0,0,0,0,0,0,0,0,0,0,4,0,40.0459,-75.1822, , 
 ,75828,2011127081,6,67,67301,2011,11,2,1005,10,1,1,0,1,1, , ,N,1,2,0,3,0,1,2,2,N, ,40 00:47.880,75 11:02.857,1012, ,1008, ,0, , , ,3, , , , , ,871387, , , ,2,2,0,0,0,0,0,0,0,0,0,1,1,0,1,0,0,0,0,0,0,1,0,1,0,0,0,0,0,0,0,0,0,0,0,4,0,40.0134,-75.1841, , 
 ,75829,2011132748,6,67,67301,2011,11,5,2233,22,3,1,0,8,1, , ,N,0,0,0,3,0,1,2,2,N,N,40 00:41.318,75 09:48.055,2236, ,2236, ,0, ,N, ,0, , , , , ,871389, , , ,1,0,0,0,0,0,0,1,0,0,0,0,1,1,0,0,0,0,0,0,0,0,0,0,0,0,0,0,0,0,0,0,1,0,0,8,0,40.0115,-75.1633, , 
 ,75830,2011113158,6,67,67301,2011,10,1,710,7,3,8,5,7,3, , ,N,0,0,0,3,0,0,1,1,N,N,39 58:50.343,75 06:15.501,712, ,712, ,0, ,N, ,0, , , , , ,871400, , , ,1,1,0,0,0,0,0,0,0,0,0,0,0,0,0,0,0,0,0,0,0,0,0,0,0,0,0,0,0,0,0,0,0,0,0,0,0,39.9807,-75.1042, , 
 ,75831,2011090372,6,67,67301,2011,8,4,1725,17,1,2,1,4,1, , ,N,2,2,0,3,0,2,4,2,N,N,39 58:33.009,75 09:30.309,1732, ,1728, ,0, ,N, ,3, , , , , ,871440, , , ,2,2,0,0,0,0,0,0,0,0,0,0,2,2,2,0,0,0,0,0,1,0,0,0,0,0,0,0,0,0,0,0,0,0,0,8,0,39.9758,-75.1584, , 
 ,75832,2011118147,6,67,67301,2011,10,7,1649,16,1,1,0,4,1, , ,N,2,2,0,3,0,0,5,2,N,N,39 53:57.390,75 10:29.307,1652, ,1649, ,0, ,N, ,3, , , , , ,871448, , , ,2,1,0,0,1,0,0,0,0,0,0,0,0,0,0,0,0,0,0,0,0,0,0,0,0,0,0,0,0,0,0,0,0,0,0,0,0,39.8993,-75.1748, , 
 ,75833,2011132865,6,67,67301,2011,11,4,9999,99,1,1,0,0,4, , ,N,1,3,0,3,0,1,1,1,N, ,39 58:27.901,75 15:51.317,1545, ,1540, ,0, , , ,3, , , , , ,871461, , , ,1,0,1,0,0,0,0,0,0,0,0,1,1,0,0,0,0,0,0,0,0,0,0,0,0,0,0,0,0,0,0,0,0,0,0,4,0,39.9744,-75.2643, , 
 ,75834,2011132870,6,67,67301,2011,11,1,1850,18,3,1,0,1,1, , ,N,5,0,0,3,0,1,3,2,N,N,39 57:58.957,75 09:38.183,1906, ,1859, ,0, ,N, ,0, , , , , ,871462, , , ,2,1,0,0,1,0,0,0,0,0,0,1,1,0,0,0,0,0,0,0,0,0,0,0,0,0,0,0,0,0,0,0,0,0,0,4,0,39.9666,-75.1604, , 
 ,75835,2012004071,6,67,67301,2011,12,6,242,2,2,2,1,7,4, , ,N,0,0,0,3,0,0,1,1,N,N,39 53:29.557,75 14:14.009,256, ,248, ,0, ,Y, ,0, , , , , ,865940, , , ,1,0,0,0,0,0,1,0,0,0,0,0,0,0,1,0,0,0,0,0,0,0,0,0,0,0,0,0,0,0,0,0,0,0,0,9,0,39.8915,-75.2372, , 
 ,75836,2012004898,6,67,67301,2011,12,3,2252,22,3,1,0,1,1, , ,N,7,0,2,3,0,1,4,4,N,N,40 01:13.494,75 09:15.812,2310, ,2256,1,2,1,N, ,0,Y, , , , ,865941, , , ,4,2,0,0,0,0,1,1,0,0,1,0,1,0,0,0,0,0,0,0,1,0,0,0,0,0,0,0,0,0,0,0,0,0,0,3,0,40.0204,-75.1544, , 
 ,75837,2012004785,6,67,67301,2011,11,4,1225,12,1,2,1,4,1, , ,N,5,3,0,3,0,0,2,2,N, ,39 58:35.875,75 08:30.026,1236, ,1232, ,0, , , ,3, , , , , ,865979, , , ,2,2,0,0,0,0,0,0,0,0,0,0,0,0,1,0,0,0,0,0,0,0,0,0,0,0,0,0,0,0,0,0,0,0,0,9,0,39.9766,-75.1417, , 
 ,75838,2012004860,6,67,67301,2011,12,6,2230,22,3,1,0,6,1, , ,N,1,2,0,3,0,1,6,2,N,N,40 02:11.893,75 03:51.603,2231, ,2231,1,2,1,N, ,3,Y, , , , ,865980, , , ,2,2,0,0,0,0,0,0,0,0,0,1,1,0,0,0,0,0,0,1,0,0,0,1,0,0,0,0,0,0,0,0,0,0,0,4,0,40.0366,-75.0645, , 
 ,75839,2011095508,6,67,67301,2011,8,2,1330,13,1,1,0,4,1, , ,N,2,3,0,3,0,1,3,2,N,N,39 56:41.910,75 09:06.080,1338, ,1334,1,1,2,N, ,3,N, , , , ,866003, , , ,1,1,0,0,0,0,0,0,1,0,0,1,1,0,0,0,0,0,0,0,0,1,0,0,0,0,0,0,0,0,0,0,0,0,0,4,0,39.945,-75.1517, , 
 ,75840,2011134669,6,67,67301,2011,11,6,1025,10,1,1,0,1,1, , ,N,1,2,0,3,0,0,3,2,N,N,39 58:02.388,75 14:44.990,9, ,207, ,0, ,N, ,3, , , , , ,866022, , , ,2,2,0,0,0,0,0,0,0,0,0,0,0,0,1,0,0,0,0,0,0,0,0,0,0,0,0,0,0,0,0,0,0,0,0,9,0,39.9673,-75.2457, , 
 ,75841,2012002047,6,67,67301,2011,12,4,2031,20,3,2,1,4,1, , ,N,1,2,0,3,0,2,2,2,N,N,39 58:02.768,75 10:46.516,2049, ,2046, ,0, ,N, ,2, , , , , ,866025, , , ,2,2,0,0,0,0,0,0,0,0,0,2,2,0,0,0,0,0,0,0,1,0,0,0,0,0,0,0,0,0,0,0,0,0,0,4,0,39.9675,-75.1799, , 
 ,75842,2012002533,6,67,67301,2011,11,3,1325,13,1,2,1,2,1, , ,N,1,2,0,3,0,2,4,2,N,N,40 02:34.004,75 06:48.689,1328, ,1326,1,1,2,N, ,1,Y, , , , ,866027, , , ,2,1,0,0,0,0,1,0,0,0,0,2,2,0,0,0,0,0,0,0,0,0,0,2,0,0,0,0,0,0,0,0,0,0,0,4,0,40.0428,-75.1135, , 
 ,75843,2012023488,6,67,67301,2011,11,5,1330,13,1,1,0,8,1, , ,N,0,0,0,3,0,1,2,2,N,N,40 03:27.217,75 03:10.646,0, ,0, ,0, ,N, ,0, , , , , ,866028, , , ,1,0,0,0,0,0,0,0,0,0,0,0,1,1,1,0,0,0,0,0,0,0,0,0,0,0,0,0,0,0,0,0,1,0,0,8,0,40.0575,-75.053, , 
 ,75844,2011122824,6,67,67301,2011,11,3,757,7,1,1,0,1,1, , ,N,3,0,0,3,0,2,4,2,N, ,40 00:32.006,75 11:38.251,800, ,757, ,0, , , ,0, , , , , ,866042, , , ,2,1,0,0,0,0,0,1,0,0,0,0,2,2,2,0,0,0,0,0,0,0,0,0,0,0,0,0,0,0,0,0,0,0,0,8,0,40.0089,-75.194, , 
 ,75845,2011106111,6,67,67301,2011,9,2,1500,15,1,1,0,5,6, , ,N,0,0,0,3,0,1,2,2,N,N,39 57:09.498,75 11:26.547,1505, ,1502, ,0, ,N, ,0, , , , , ,866048, , , ,1,0,0,0,0,0,1,0,1,0,0,1,1,0,0,0,0,0,0,0,0,0,0,0,0,0,0,0,0,0,0,0,0,0,0,4,0,39.9526,-75.1907, , 
 ,75846,2011115423,6,67,67301,2011,10,3,1228,12,1,1,0,8,2, , ,N,0,0,0,3,0,1,2,2,N, ,39 58:35.850,75 15:08.179,1245, ,1235, ,0, , , ,0, , , , , ,866057, , , ,1,1,0,0,0,0,0,0,0,0,0,0,1,1,0,0,0,0,0,0,0,0,1,1,0,0,0,0,0,0,0,0,1,0,0,8,0,39.9766,-75.2523, , 
 ,75847,2011115495,6,67,67301,2011,10,3,109,1,3,1,0,4,1, , ,N,1,2,0,3,0,3,3,2,N,N,39 55:01.859,75 14:46.691,147, ,146, ,0, ,N, ,3, , , , , ,866058, , , ,2,1,0,0,1,0,0,0,0,0,0,0,3,3,0,0,0,0,0,1,1,0,0,0,0,0,0,0,0,0,0,0,0,0,0,8,0,39.9172,-75.2463, , 
 ,75848,2012004297,6,67,67301,2011,12,5,2345,23,3,2,1,7,4, , ,N,2,2,0,3,0,0,1,1,N,N,39 59:52.412,75 11:06.085,2345, ,2344, ,0, ,N, ,3, , , , , ,866081, , , ,1,0,0,0,0,0,1,0,0,0,0,0,0,0,0,0,0,0,0,0,0,0,0,1,0,0,0,0,0,0,0,0,0,0,0,0,0,39.9979,-75.185, , 
 ,75849,2012004352,6,67,67301,2011,12,2,1708,17,3,2,1,8,1, , ,N,1,2,0,3,0,1,2,2,N,N,39 59:48.427,75 06:12.178,1720, ,1717,2,1,1,N, ,3,Y, , , , ,866082, , , ,1,1,0,0,0,0,0,0,0,0,1,0,1,0,0,0,0,0,0,0,0,0,1,0,0,0,0,0,0,0,0,0,1,0,0,3,0,39.9968,-75.1034, , 
 ,75850,2012020237,6,67,67301,2011,2,1,1050,10,1,1,0,4,1, , ,N,1,2,0,3,0,1,2,2, , ,39 59:50.247,75 05:21.971,0, ,0, ,0, , , ,3, , , , , ,866084, , , ,1,0,0,0,0,0,0,0,1,0,1,0,1,0,0,0,0,0,0,0,0,0,0,0,0,0,0,0,0,0,0,0,0,0,0,3,0,39.9973,-75.0894, , 
 ,75851,2012015835,6,67,67301,2011,10,5,1945,19,3,1,0,4,4, , ,N,1,0,0,3,0,2,2,3,N, ,40 00:41.992,75 09:47.094,1947, ,1945,3,2,7, , ,0,Y, , , , ,866101, , , ,3,2,0,0,1,0,0,0,0,0,2,0,2,0,0,0,0,0,0,0,0,0,0,2,0,0,0,0,0,0,0,0,0,0,0,3,0,40.0116,-75.163, , 
 ,75852,2011118891,6,67,67301,2011,10,2,1735,17,1,1,0,7,2, , ,N,0,0,0,3,0,1,2,1,N,N,39 57:58.587,75 08:09.884,1748, ,1738,1,1,2,N, ,0,N, , , , ,866103, , , ,1,1,0,0,0,0,0,0,0,0,0,1,1,0,1,0,0,0,0,0,0,0,0,0,0,0,0,0,0,0,0,0,0,0,0,4,0,39.9664,-75.1359, , 
 ,75853,2011126398,6,67,67301,2011,11,4,215,2,3,1,0,1,1, , ,N,1,2,0,3,0,0,1,3,N,N,40 01:22.391,75 08:13.477,225, ,219,3,1,2,N, ,3,Y, , , , ,868394, , , ,3,2,0,0,0,0,0,1,0,0,0,0,0,0,1,0,0,0,0,0,0,0,0,0,0,0,0,0,0,0,0,0,0,0,0,9,0,40.0231,-75.1369, , 
 ,75854,2012021281,6,67,67301,2011,6,6,1334,13,1,1,0,5,1, , ,N,1,2,0,3,0,1,2,2,N,N,39 59:56.702,75 06:07.365,0, ,0, ,0, ,N, ,3, , , , , ,868405, , , ,2,1,0,0,0,0,0,0,0,0,0,0,1,1,1,0,0,0,0,0,0,0,0,0,0,0,0,0,0,0,0,0,0,0,0,8,0,39.9991,-75.102, , 
 ,75855,2011098100,6,67,67301,2011,9,3,1039,10,1,2,1,8,1, , ,N,1,2,0,3,0,1,2,2,N,N,40 00:21.451,75 05:35.746,1045, ,1040, ,0, ,N, ,3, , , , , ,868407, , , ,1,1,0,0,0,0,0,0,0,0,0,1,1,0,1,0,0,0,0,0,0,0,0,0,0,0,0,0,0,0,0,0,1,0,0,4,0,40.006,-75.0933, , 
 ,75856,2012004214,6,67,67301,2011,12,1,1051,10,1,1,0,2,1, , ,N,1,2,0,3,0,2,6,2,N,N,40 01:40.879,75 08:18.110,1100, ,1054, ,0, ,N, ,3, , , , , ,868415, , , ,2,2,0,0,0,0,0,0,0,0,0,0,2,2,0,0,0,0,1,0,1,0,0,0,0,0,0,0,0,0,0,0,0,0,0,8,0,40.028,-75.1384, , 
 ,75857,2011122820,6,67,67301,2011,11,5,1450,14,1,1,0,4,1, , ,N,1,2,0,3,0,1,2,2,N, ,40 02:26.384,75 04:34.268,1648, ,1646,2,1,1, , ,2,Y, , , , ,868427, , , ,2,2,0,0,0,0,0,0,0,0,0,1,1,0,0,0,0,0,0,0,0,0,0,0,0,0,0,0,0,0,0,0,0,0,0,4,0,40.0407,-75.0762, , 
 ,75858,2011127076,6,67,67301,2011,11,3,9999,99,3,1,0,8,1, , ,N,2,3,0,3,0,1,2,2,N,N,39 57:26.823,75 11:16.299,1809, ,1808,3,1,3,N, ,3,Y, , , , ,868433, , , ,1,1,0,0,0,0,0,0,0,0,0,1,1,0,0,0,0,0,0,0,0,0,0,1,0,0,0,0,0,0,0,0,1,0,0,4,0,39.9575,-75.1879, , 
 ,75859,2012004268,6,67,67301,2011,12,6,1600,16,4,1,0,4,1, , ,N,1,2,0,3,0,2,3,2,N,N,39 57:32.119,75 09:24.206,1624, ,1624,1,1,3,N, ,3,N, , , , ,868437, , , ,2,1,0,0,0,0,1,0,0,0,0,2,2,0,0,0,0,0,0,0,1,0,0,0,0,0,0,0,0,0,0,0,0,0,0,4,0,39.9589,-75.1567, , 
 ,75860,2011095638,6,67,67301,2011,9,2,1610,16,1,1,0,7,2, , ,N,0,0,0,3,0,1,1,1,N,N,40 01:17.947,75 02:22.435,1618, ,1614,1,2,1,N, ,0,N, , , , ,868445, , , ,1,1,0,0,0,0,0,0,0,0,0,1,1,0,0,0,0,1,0,0,0,0,0,1,0,0,0,0,0,0,0,0,0,0,0,4,0,40.0216,-75.0397, , 
 ,75861,2011098147,6,67,67301,2011,9,6,2133,21,3,1,0,4,1, , ,N,5,2,0,3,0,1,2,2,N,N,40 03:51.426,75 09:12.794,2139, ,2134,1,1,7,N, ,3,N, , , , ,868447, , , ,2,1,1,0,0,0,0,0,0,0,0,1,1,0,1,0,0,0,0,0,0,0,0,1,0,0,0,0,0,0,0,0,0,0,0,4,0,40.0643,-75.1536, , 
 ,75862,2011100665,6,67,67301,2011,8,2,403,4,3,1,0,1,1, , ,N,2,2,0,3,0,1,3,2,N,N,39 54:48.970,75 13:17.680,411, ,406,3,2,4,N, ,3,Y, , , , ,868450, , , ,2,1,0,0,0,1,0,0,0,0,0,0,1,1,0,0,0,0,0,0,1,0,0,0,0,0,0,0,0,0,0,0,0,0,0,8,1,39.9123,-75.222, , 
 ,75863,2011100850,6,67,67301,2011,9,3,1810,18,4,2,1,5,2, , ,N,0,0,0,3,0,1,2,2,N,N,39 56:43.690,75 09:52.300,1816, ,1813, ,0, , , ,0, , , , , ,868451, , , ,1,1,0,0,0,0,0,0,1,0,0,1,1,0,0,0,0,0,0,0,0,0,0,0,0,0,0,0,0,0,0,0,0,0,0,4,0,39.9455,-75.1645, , 
 ,75864,2011132839,6,67,67301,2011,11,6,1544,15,1,1,1,1,1, , ,N,0,0,0,3,0,1,4,2,N, ,40 06:12.967,75 00:01.065,1600, ,1600, ,0, , , ,0, , , , , ,868477, , , ,2,2,0,0,0,0,0,0,0,0,1,0,1,0,0,0,0,1,0,0,0,0,0,0,0,0,0,0,0,0,0,0,0,0,0,3,0,40.1036,-75.0003, , 
 ,75865,2011118198,6,67,67301,2011,10,5,320,3,3,2,1,1,1, , ,N,1,2,0,3,0,1,2,2,N,N,39 55:30.729,75 10:16.566,330, ,327, ,0, ,N, ,3, , , , , ,868488, , , ,2,0,2,0,0,0,0,0,0,0,0,0,1,1,0,0,0,0,0,0,0,0,0,0,0,0,0,0,0,0,0,0,0,0,0,8,0,39.9252,-75.1711, , 
 ,75866,2011126413,6,67,67301,2011,11,6,50,0,3,1,0,2,1, , ,N,1,2,0,3,0,2,2,3,N,N,39 59:48.600,75 10:37.062,121, ,119, ,0, ,N, ,3, , , , , ,868513, , , ,3,2,0,0,0,0,0,1,0,0,0,2,2,0,0,0,0,0,0,0,0,0,0,0,0,0,0,0,0,0,0,0,0,0,0,4,0,39.9968,-75.177, , 
 ,75867,2011128897,6,67,67301,2011,11,1,1531,15,1,1,0,1,1, , ,N,0,0,0,3,0,1,2,2,N,N,39 58:33.495,75 11:43.184,1532, ,1532, ,0, ,N, ,0, , , , , ,868516, , , ,2,0,0,1,1,0,0,0,0,0,0,0,1,1,0,0,0,0,0,0,2,0,0,0,0,0,0,0,0,0,0,0,0,0,0,8,1,39.976,-75.1953, , 
 ,75868,2012023493,6,67,67301,2011,11,3,800,8,1,1,0,1,1, , ,N,7,0,2,3,0,1,2,2,N,N,39 58:59.299,75 05:55.589,0, ,0, ,0, ,N, ,0, , , , , ,868529, , , ,2,2,0,0,0,0,0,0,0,0,0,0,1,1,1,0,0,0,0,0,1,0,0,0,0,0,0,0,0,0,0,0,0,0,0,8,0,39.9832,-75.0987, , 
 ,75869,2011115350,6,67,67301,2011,10,6,1506,15,1,1,0,4,1, , ,N,1,2,0,3,0,2,4,2,N,N,40 00:51.570,75 10:41.163,1540, ,1535, ,0, ,N, ,3, , , , , ,868555, , , ,2,0,0,0,2,0,0,0,0,0,0,2,2,0,2,0,0,0,0,0,1,0,0,4,0,0,0,0,0,0,0,0,0,0,0,4,0,40.0143,-75.1781, , 