wz_ln_closure,objectid_1,crn,district,county,municipality,crash_year,crash_month,day_of_week,time_of_day,hour_of_day,illumination,weather,road_condition,collision_type,relation_to_road,work_zone_type,work_zone_loc,work_zone_ind,intersect_type,tcd_type,location_type,urban_rural,fatal_count,injury_count,person_count,total_units,sch_bus_ind,sch_zone_ind,latitude,longitude,arrival_tm,cons_zone_spd_lim,dispatch_tm,est_hrs_closed,lane_closed,ln_close_dir,ntfy_hiwy_maint,spec_juris_cd,tcd_func_cd,tfc_detour_ind,workers_pres,wz_close_detour,wz_flagger,wz_law_offcr_ind,objectid,wz_moving,wz_other,wz_shlder_mdn,vehicle_count,automobile_count,motorcycle_count,bus_count,small_truck_count,heavy_truck_count,suv_count,van_count,bicycle_count,maj_inj_count,mod_inj_count,min_inj_count,tot_inj_count,unk_inj_deg_count,unk_inj_per_count,driver_count_16yr,driver_count_17yr,driver_count_18yr,driver_count_19yr,driver_count_20yr,driver_count_50_64yr,driver_count_65_74yr,driver_count_75plus,unbelted_occ_count,unb_death_count,unb_maj_inj_count,belted_death_count,belted_maj_inj_count,mcycle_death_count,mcycle_maj_inj_count,bicycle_death_count,bicycle_maj_inj_count,ped_count,ped_death_count,ped_maj_inj_count,max_severity_level,comm_veh_count,dec_lat,dec_long,rdwy_surf_type_cd,county_name
 ,75870,2012004303,6,67,67301,2011,12,7,2240,22,3,1,0,2,1, , ,N,1,2,0,3,0,2,2,2,N,N,40 00:41.506,75 04:11.278,2250, ,2244,3,2,7,N, ,3,Y, , , , ,868583, , , ,2,2,0,0,0,0,0,0,0,0,2,0,2,0,0,0,0,0,0,0,0,0,0,0,0,0,0,0,0,0,0,0,0,0,0,3,0,40.0115,-75.0698, , 
 ,75871,2011134711,6,67,67301,2011,12,3,1603,16,1,2,1,4,1, , ,N,1,3,0,3,0,1,2,2,N,N,40 06:46.663,75 01:22.836,1610, ,1605, ,0, ,N, ,3, , , , , ,871465, , , ,2,1,0,0,1,0,0,0,0,0,0,0,1,1,0,0,0,0,0,0,1,0,1,0,0,0,0,0,0,0,0,0,0,0,0,8,0,40.113,-75.023, , 
 ,75872,2012004846,6,67,67301,2011,12,1,1625,16,1,1,0,1,2, , ,N,3,2,0,3,0,2,2,2,N,N,39 58:38.507,75 13:37.478,1630, ,1625, ,0, ,N, ,3, , , , , ,871468, , , ,2,2,0,0,0,0,0,0,0,0,0,1,2,1,0,0,0,0,0,0,0,0,0,0,0,0,0,0,0,0,0,0,0,0,0,4,0,39.9774,-75.2271, , 
 ,75873,2012010119,6,67,67301,2011,12,3,625,6,3,2,1,1,1, , ,N,2,3,0,3,0,1,2,2,N, ,40 04:48.156,75 10:22.812,630, ,625, ,0, , , ,3, , , , , ,871469, , , ,2,2,0,0,0,0,0,0,0,0,0,1,1,0,0,0,0,0,0,0,0,0,0,0,0,0,0,0,0,0,0,0,0,0,0,4,0,40.08,-75.173, , 
 ,75874,2011118137,6,67,67301,2011,10,6,100,1,3,1,0,5,6, , ,N,0,0,0,3,0,0,1,4,N,N,40 02:22.306,75 02:44.806,120, ,116, ,0, , , ,0, , , , , ,871476, , , ,4,3,0,0,1,0,0,0,0,0,0,0,0,0,0,0,0,0,0,0,0,0,0,0,0,0,0,0,0,0,0,0,0,0,0,0,0,40.0395,-75.0458, , 
 ,75875,2011121184,6,67,67301,2011,11,7,1455,14,1,1,0,1,1, , ,N,0,0,0,3,0,1,2,2,N,N,39 59:30.449,75 12:09.634,1511, ,1500, ,0, ,N, ,0, , , , , ,871482, , , ,2,1,0,0,1,0,0,0,0,0,0,0,1,1,0,0,0,0,0,0,0,0,0,0,0,0,0,0,0,0,0,0,0,0,0,8,0,39.9918,-75.2027, , 
 ,75876,2011100729,6,67,67301,2011,9,7,1515,15,1,1,0,4,6, , ,N,0,0,0,3,0,0,1,2,N,N,39 59:34.526,75 10:39.972,1525, ,1521, ,0, ,N, ,0, , , , , ,871496, , , ,2,1,0,0,1,0,0,0,0,0,0,0,0,0,0,0,0,0,0,1,0,0,0,1,0,0,0,0,0,0,0,0,0,0,0,0,0,39.9929,-75.1778, , 
 ,75877,2011114355,6,67,67301,2011,10,6,1048,10,1,1,0,1,1, , ,N,6,4,2,3,0,1,2,2,N,N,39 56:44.167,75 11:25.033,1056, ,1050,1,1,3,N, ,3,N, , , , ,871507, , , ,2,1,0,0,0,0,0,1,0,0,0,1,1,0,0,0,0,0,0,0,0,0,0,0,0,0,0,0,0,0,0,0,0,0,0,4,0,39.9456,-75.1903, , 
 ,75878,2011118126,6,67,67301,2011,10,5,1200,12,1,1,0,4,1, , ,N,1,2,2,3,0,1,2,2,N,N,40 05:58.224,74 59:10.989,1228, ,1225, ,0, ,N, ,3, , , , , ,871532, , , ,2,1,0,0,0,0,1,0,0,0,0,1,1,0,0,0,0,0,0,0,0,0,0,0,0,0,0,0,0,0,0,0,0,0,0,4,0,40.0995,-74.9864, , 
 ,75879,2011126401,6,67,67301,2011,11,1,1749,17,1,1,0,8,1, , ,N,1,2,0,3,0,1,3,2,N,N,39 59:48.459,75 09:14.287,1749, ,1749,9,1,5,N, ,3,N, , , , ,871539, , , ,1,1,0,0,0,0,0,0,0,0,1,0,1,0,0,0,0,0,0,0,1,0,0,2,0,0,0,0,0,0,0,0,1,0,0,3,0,39.9968,-75.1538, , 
 ,75880,2011134659,6,67,67301,2011,12,5,2130,21,2,1,0,7,2, , ,N,0,0,7,3,0,0,2,1,N,N,40 01:54.270,75 03:28.630,10, ,7, ,0, ,N, ,0, , , , , ,871543, , , ,1,0,0,0,0,0,1,0,0,0,0,0,0,0,0,1,0,0,0,0,0,0,0,0,0,0,0,0,0,0,0,0,0,0,0,0,0,40.0317,-75.058, , 
 ,75881,2012004262,6,67,67301,2011,12,5,0,0,6,9,8,8,1, , ,N,1,2,0,3,0,1,2,2,N, ,39 56:22.681,75 11:53.378,15, ,2, ,0, , , ,3, , , , , ,871546, , , ,1,1,0,0,0,0,0,0,0,0,0,1,1,0,0,0,0,0,0,0,0,1,0,1,0,0,0,0,0,0,0,0,1,0,0,4,0,39.9396,-75.1982, , 
 ,75882,2012004818,6,67,67301,2011,12,1,1730,17,3,1,0,2,1, , ,N,1,2,0,3,0,2,3,2,N,N,40 03:52.885,74 58:56.121,9999, ,1730, ,0, ,N, ,9, , , , , ,871547, , , ,2,1,0,0,0,0,0,1,0,0,0,0,2,2,0,0,0,0,0,0,0,0,0,0,0,0,0,0,0,0,0,0,0,0,0,8,0,40.0647,-74.9823, , 
 ,75883,2011126404,6,67,67301,2011,11,2,1935,19,3,1,0,5,1, , ,N,0,0,0,3,0,1,1,5,N,N,39 55:22.234,75 08:53.728,1940, ,1936,2,2,4, , ,0,Y, , , , ,871565, , , ,5,3,0,0,0,0,2,0,0,0,0,1,1,0,0,0,0,0,0,0,1,0,0,0,0,0,0,0,0,0,0,0,0,0,0,4,0,39.9228,-75.1483, , 
 ,75884,2011122826,6,67,67301,2011,11,7,1930,19,3,1,0,4,1, , ,N,1,0,0,3,0,1,3,2,N,N,40 02:04.960,75 01:34.629,1940, ,1936, ,0, ,N, ,0, , , , , ,871593, , , ,2,1,1,0,0,0,0,0,0,0,0,1,1,0,0,0,0,0,0,1,1,0,0,0,0,0,0,0,0,0,0,0,0,0,0,4,0,40.0347,-75.0263, , 
 ,75885,2011127059,6,67,67301,2011,11,4,1342,13,1,1,0,2,1, , ,N,1,3,0,3,0,2,3,2,N,N,39 59:35.905,75 06:01.162,1650, ,1645, ,0, ,N, ,2, , , , , ,871598, , , ,2,1,0,0,0,0,1,0,0,0,0,0,2,2,0,0,0,0,0,0,1,0,1,0,0,0,0,0,0,0,0,0,0,0,0,8,0,39.9933,-75.1003, , 
 ,75886,2011134700,6,67,67301,2011,11,3,45,0,2,2,1,8,1, , ,N,1,2,0,3,0,1,2,2,N,N,39 57:14.857,75 12:09.311,53, ,51,1,2,2,N, ,3,Y, , , , ,871603, , , ,1,1,0,0,0,0,0,0,0,0,0,1,1,0,0,0,0,0,0,0,0,0,0,1,0,0,0,0,0,0,0,0,1,0,0,4,0,39.9541,-75.2026, , 
 ,75887,2012023476,6,67,67301,2011,11,3,620,6,1,1,0,5,1, , ,N,0,0,0,3,0,1,2,2,N,N,39 58:22.051,75 07:17.496,0, ,0, ,0, ,N, ,0, , , , , ,871608, , , ,2,1,0,0,0,0,0,0,0,0,0,1,1,0,1,0,0,0,0,0,0,0,0,0,0,0,0,0,0,0,0,0,0,0,0,4,0,39.9728,-75.1214, , 
 ,75888,2011126407,6,67,67301,2011,11,4,1740,17,6,1,1,8,1, , ,N,1,3,0,3,0,1,2,2,N,N,39 55:38.233,75 10:56.924,1753, ,1748, ,0, ,N, ,3, , , , , ,871609, , , ,1,1,0,0,0,0,0,0,0,0,0,1,1,0,0,0,0,0,0,0,1,0,0,0,0,0,0,0,0,0,0,0,1,0,0,4,0,39.9273,-75.1825, , 
 ,75889,2012004786,6,67,67301,2011,12,7,30,0,3,1,0,5,1, , ,N,0,0,0,3,0,1,1,5,N,N,39 54:59.295,75 09:28.990,1100, ,52, ,0, ,N, ,0, , , , , ,866126, , , ,5,5,0,0,0,0,0,0,0,0,0,1,1,0,0,0,0,0,0,0,0,0,0,0,0,0,0,0,0,0,0,0,0,0,0,4,0,39.9165,-75.1581, , 
 ,75890,2012012636,6,67,67301,2011,10,5,9999,99,1,1,0,4,4, , ,N,1,3,0,3,0,2,2,2,N,N,39 56:29.911,75 09:52.437,1219, ,1216,2,2,7,N, ,3,N, , , , ,866128, , , ,2,1,0,0,0,0,1,0,0,0,0,2,2,0,0,0,0,0,0,0,1,0,1,2,0,0,0,0,0,0,0,0,0,0,0,4,0,39.9416,-75.1646, , 
 ,75891,2011126326,6,67,67301,2011,11,6,9999,99,3,1,0,8,1, , ,N,1,3,0,3,0,2,4,3,N,N,40 01:37.128,75 05:09.567,536, ,533, ,0, ,N, ,3, , , , , ,866130, , , ,1,0,0,0,0,0,1,0,0,0,0,2,2,0,0,0,0,0,0,0,0,0,0,0,0,0,0,0,0,0,0,0,2,0,0,4,0,40.027,-75.086, , 
 ,75892,2011134688,6,67,67301,2011,12,4,2217,22,3,2,1,1,1, , ,N,1,2,0,3,0,1,4,2,N,N,40 01:32.498,75 03:19.485,2330, ,2326, ,0, ,N, ,3, , , , , ,866139, , , ,2,2,0,0,0,0,0,0,0,0,0,0,1,1,2,0,0,0,0,0,0,0,0,0,0,0,0,0,0,0,0,0,0,0,0,8,0,40.0257,-75.0554, , 
 ,75893,2012004982,6,67,67301,2011,12,6,1545,15,1,1,0,1,1, , ,N,2,2,0,3,0,0,2,2,N,N,39 54:50.482,75 13:17.717,1610, ,1601,3,1,4,N, ,3,N, , , , ,866142, , , ,2,2,0,0,0,0,0,0,0,0,0,0,0,0,1,0,0,0,0,0,1,0,1,0,0,0,0,0,0,0,0,0,0,0,0,9,0,39.9127,-75.2219, , 
 ,75894,2011127065,6,67,67301,2011,11,4,1809,18,3,2,1,4,1, , ,N,2,0,0,3,0,3,4,2,N,N,40 04:37.001,75 09:48.225,1850, ,1828, ,0, ,N, ,0, , , , , ,866149, , , ,2,2,0,0,0,0,0,0,0,0,0,0,3,3,1,0,0,0,0,0,0,0,1,0,0,0,0,0,0,0,0,0,0,0,0,8,0,40.0769,-75.1634, , 
 ,75895,2011132705,6,67,67301,2011,11,7,5,0,3,1,0,2,1, , ,N,1,3,0,3,0,1,6,2,N,N,40 02:23.246,75 01:57.650,15, ,10, ,0, ,N, ,3, , , , , ,866158, , , ,2,2,0,0,0,0,0,0,0,0,0,1,1,0,0,0,0,0,1,1,0,0,0,6,0,0,0,0,0,0,0,0,0,0,0,4,0,40.0397,-75.0326, , 
 ,75896,2011134815,6,67,67301,2011,12,6,1628,16,1,1,0,8,1, , ,N,2,0,0,3,0,1,2,2,N,N,39 59:11.252,75 10:55.293,1640, ,1628, ,0, ,N, ,0, , , , , ,866159, , , ,1,1,0,0,0,0,0,0,0,0,0,1,1,0,1,0,0,0,0,0,1,0,0,0,0,0,0,0,0,0,0,0,1,0,0,4,0,39.9865,-75.182, , 
 ,75897,2012001941,6,67,67301,2011,10,1,227,2,3,1,0,6,1, , ,N,3,3,0,3,0,3,6,3,N,N,40 00:57.189,75 07:02.269,315, ,309,3,2,1,N, ,3,Y, , , , ,866162, , , ,3,3,0,0,0,0,0,0,0,0,1,2,3,0,1,0,0,0,0,0,0,0,0,0,0,0,0,0,0,0,0,0,0,0,0,3,0,40.0159,-75.1173, , 
 ,75898,2011118045,6,67,67301,2011,10,4,1750,17,1,1,0,6,1, , ,N,0,0,0,3,0,1,2,2,N,N,39 57:44.774,75 11:44.782,1755, ,1752, ,0, ,N, ,0, , , , , ,866166, , , ,1,1,0,0,0,0,0,0,1,0,0,0,1,1,0,0,0,0,0,0,0,0,0,0,0,0,0,0,0,0,0,0,0,0,0,8,0,39.9624,-75.1958, , 
 ,75899,2011118076,6,67,67301,2011,10,6,1710,17,3,1,0,4,1, , ,N,1,3,0,3,0,1,2,2,N,N,39 58:25.946,75 08:35.552,2010, ,2010, ,0, ,N, ,2, , , , , ,866167, , , ,1,1,0,0,0,0,0,0,1,0,0,1,1,0,0,0,0,0,0,0,0,0,1,0,0,0,0,0,0,0,0,0,0,0,0,4,0,39.9739,-75.1432, , 
 ,75900,2011122827,6,67,67301,2011,10,2,1908,19,3,1,0,6,1, , ,N,0,0,0,3,0,1,6,3,N,N,39 56:46.734,75 12:27.306,1913, ,1912, ,0, ,N, ,0, , , , , ,866173, , , ,3,2,0,0,0,0,0,0,0,0,0,0,1,1,5,0,0,0,0,0,0,0,0,0,0,0,0,0,0,0,0,0,0,0,0,8,0,39.9463,-75.2076, , 
 ,75901,2011126281,6,67,67301,2011,11,4,1642,16,1,1,0,4,1, , ,N,1,2,0,3,0,2,2,2,N,N,39 53:40.603,75 14:12.181,9999, ,1655, ,0, ,N, ,3, , , , , ,866177, , , ,2,2,0,0,0,0,0,0,0,0,0,2,2,0,0,0,0,0,0,0,0,0,0,0,0,0,0,0,0,0,0,0,0,0,0,4,0,39.8946,-75.2367, , 
 ,75902,2012002053,6,67,67301,2011,11,3,58,0,3,2,1,8,1, , ,N,1,2,0,3,0,1,2,2,N,N,40 00:28.530,75 06:17.330,103, ,58,1,2,5,N, ,3,Y, , , , ,866185, , , ,1,1,0,0,0,0,0,0,0,0,0,0,1,1,0,0,0,0,0,0,0,0,0,0,0,0,0,0,0,0,0,0,1,0,0,8,0,40.0079,-75.1048, , 
 ,75903,2012004965,6,67,67301,2011,12,1,1245,12,1,1,0,2,1, , ,N,1,2,0,3,0,1,3,2,N,N,40 02:07.013,75 01:30.652,1250, ,1247, ,0, ,N, ,3, , , , , ,866186, , , ,2,2,0,0,0,0,0,0,0,0,0,1,1,0,0,0,0,0,0,0,0,0,0,0,0,0,0,0,0,0,0,0,0,0,0,4,0,40.0353,-75.0252, , 
 ,75904,2012023428,6,67,67301,2011,11,4,2000,20,6,2,1,5,1, , ,N,1,0,0,3,0,0,2,2,N,N,39 57:14.802,75 10:40.177,0, ,0, ,0, ,N, ,0, , , , , ,866188, , , ,2,2,0,0,0,0,0,0,0,0,0,0,0,0,0,0,0,0,0,0,0,0,0,0,0,0,0,0,0,0,0,0,0,0,0,0,0,39.9541,-75.1778, , 
 ,75905,2012007961,6,67,67301,2011,10,2,2329,23,3,1,0,8,1, , ,N,0,0,0,3,1,1,2,2,N,N,39 58:36.106,75 06:49.442,2330, ,2330,4,2,1,N,0,0,Y, , , , ,866204, , , ,1,0,0,0,0,0,1,0,0,0,0,1,1,0,0,0,0,0,0,0,0,0,0,0,0,0,0,0,0,0,0,0,1,1,0,1,0,39.9766,-75.1139,1, 
 ,75906,2011132971,6,67,67301,2011,11,2,1840,18,3,2,1,8,1, , ,N,2,0,0,3,0,1,2,2,N,N,39 56:11.983,75 08:57.602,1850, ,1845, ,0, ,N, ,0, , , , , ,866231, , , ,1,1,0,0,0,0,0,0,0,0,0,1,1,0,0,0,0,0,0,0,0,0,0,0,0,0,0,0,0,0,0,0,1,0,0,4,0,39.9367,-75.1493, , 
 ,75907,2011112281,6,67,67301,2011,10,3,740,7,1,2,1,8,1, , ,N,3,4,0,3,0,1,2,2,N,N,40 05:13.002,75 02:27.147,755, ,743,1,1,3,N, ,1,N, , , , ,868589, , , ,1,1,0,0,0,0,0,0,0,0,0,0,1,1,0,0,0,0,0,1,0,0,0,0,0,0,0,0,0,0,0,0,1,0,0,8,0,40.0869,-75.0409, , 
 ,75908,2011122783,6,67,67301,2011,10,5,1845,18,2,2,1,7,3, , ,N,1,2,0,3,0,1,1,1,N, ,40 03:53.239,75 14:23.085,1854, ,1851, ,0, , , ,3, , , , , ,868605, , , ,1,1,0,0,0,0,0,0,0,0,0,1,1,0,0,0,0,0,0,0,0,0,0,0,0,0,0,0,0,0,0,0,0,0,0,4,0,40.0645,-75.2397, , 
 ,75909,2011127542,6,67,67301,2011,11,5,1340,13,1,1,0,4,1, , ,N,1,2,0,3,0,2,4,4,N,N,40 02:06.731,75 08:43.670,1345, ,1340, ,0, ,N, ,3, , , , , ,868610, , , ,4,4,0,0,0,0,0,0,0,0,0,2,2,0,1,0,0,0,0,0,1,1,0,0,0,0,0,0,0,0,0,0,0,0,0,4,0,40.0352,-75.1455, , 
 ,75910,2011132772,6,67,67301,2011,11,4,945,9,1,2,1,4,1, , ,N,1,2,0,3,0,0,2,2,N,N,39 57:31.834,75 12:22.607,1010, ,1000, ,0, ,N, ,3, , , , , ,868615, , , ,2,2,0,0,0,0,0,0,0,0,0,0,0,0,1,0,0,0,0,0,0,0,0,0,0,0,0,0,0,0,0,0,0,0,0,9,0,39.9588,-75.2063, , 
 ,75911,2011095456,6,67,67301,2011,8,4,1600,16,1,1,0,1,2, , ,N,0,0,0,3,0,1,1,2,N,N,39 59:29.941,75 05:04.433,1620, ,1607, ,0, ,N, ,0, , , , , ,868626, , , ,2,0,0,0,2,0,0,0,0,0,0,1,1,0,0,0,0,0,0,0,0,0,0,0,0,0,0,0,0,0,0,0,0,0,0,4,0,39.9917,-75.0846, , 
 ,75912,2011098928,6,67,67301,2011,8,4,1750,17,1,1,0,4,1, , ,N,1,0,0,3,0,0,5,2,N, ,40 01:17.655,75 07:27.663,1759, ,1754, ,0, , , ,0, , , , , ,868631, , , ,2,1,0,0,0,0,0,1,0,0,0,0,0,0,2,0,0,0,0,0,0,0,0,1,0,0,0,0,0,0,0,0,0,0,0,9,0,40.0216,-75.1244, , 
 ,75913,2011106186,6,67,67301,2011,9,7,336,3,3,1,0,2,1, , ,N,0,0,0,3,0,4,4,2,N,N,39 57:12.290,75 13:01.460,339, ,337, ,0, ,N, ,0, , , , , ,868634, , , ,2,1,0,0,0,0,1,0,0,0,1,0,4,3,0,0,0,0,0,0,0,0,0,0,0,0,0,0,0,0,0,0,0,0,0,3,0,39.9534,-75.2171, , 
 ,75914,2011108838,6,67,67301,2011,9,6,1325,13,1,2,1,8,1, , ,N,2,0,0,3,0,1,2,2,N,N,40 03:19.559,75 09:29.848,1339, ,1338, ,0, ,N, ,0, , , , , ,868638, , , ,1,1,0,0,0,0,0,0,0,0,0,1,1,0,0,0,0,0,0,0,0,0,0,0,0,0,0,0,0,0,0,0,1,0,0,4,0,40.0554,-75.1583, , 
 ,75915,2011115366,6,67,67301,2011,9,6,1150,11,1,1,0,2,4, , ,N,2,0,0,3,0,1,1,4,N,N,40 01:26.757,75 04:32.112,1155, ,1150,3,2,1, , ,0,Y, , , , ,868653, , , ,3,3,0,0,0,0,0,0,0,0,0,0,1,1,0,0,0,0,0,0,0,0,0,0,0,0,0,0,0,0,0,0,0,0,0,8,0,40.0241,-75.0756, , 
 ,75916,2011112345,6,67,67301,2011,10,4,1210,12,1,1,0,1,1, , ,N,1,2,0,3,0,5,5,2,N,N,40 00:30.567,75 05:29.407,1231, ,1230, ,0, ,N, ,3, , , , , ,868677, , , ,2,1,0,0,1,0,0,0,0,0,0,0,5,5,0,0,0,0,0,0,0,0,0,0,0,0,0,0,0,0,0,0,0,0,0,8,0,40.0085,-75.0915, , 
 ,75917,2012004895,6,67,67301,2011,12,1,1345,13,1,1,0,4,1, , ,N,1,3,0,3,0,3,4,2,N,N,40 00:16.686,75 08:14.798,1406, ,1351, ,0, ,N, ,3, , , , , ,868709, , , ,2,2,0,0,0,0,0,0,0,0,1,2,3,0,1,0,0,0,0,0,1,0,0,0,0,0,0,0,0,0,0,0,0,0,0,3,0,40.0046,-75.1374, , 
 ,75918,2011112159,6,67,67301,2011,10,7,2013,20,3,1,0,6,1, , ,N,1,3,0,3,0,1,3,3,N,N,39 56:29.529,75 09:20.401,2020, ,2015, ,0, ,N, ,9, , , , , ,868710, , , ,3,3,0,0,0,0,0,0,0,0,0,1,1,0,0,0,0,0,1,0,1,0,0,0,0,0,0,0,0,0,0,0,0,0,0,4,0,39.9415,-75.1557, , 
 ,75919,2011134930,6,67,67301,2011,12,5,2252,22,3,2,1,7,3, , ,N,0,0,0,3,0,0,2,2,N,N,40 02:48.733,75 00:03.743,2323, ,2255,1,1,2,N, ,0,N, , , , ,868732, , , ,2,1,0,0,0,0,1,0,0,0,0,0,0,0,0,0,0,0,0,0,0,0,0,0,0,0,0,0,0,0,0,0,0,0,0,0,0,40.0469,-75.001, , 
 ,75920,2012022568,6,67,67301,2011,7,7,2145,21,6,9,8,1,1, , ,N,1,2,0,3,0,1,4,3, , ,39 58:30.781,75 11:41.713,0, ,0, ,0, , , ,3, , , , , ,868734, , , ,3,3,0,0,0,0,0,0,0,0,1,0,1,0,0,0,0,0,0,0,1,0,0,0,0,0,0,0,0,0,0,0,0,0,0,3,0,39.9751,-75.195, , 
 ,75921,2013029607,6,67,67301,2011,6,6,2125,21,3,1,0,5,1, , ,N,0,0,0,3,0,0,2,2,N,N,39 57:31.407,75 11:21.138,2131, ,2130, ,0, ,N, ,0, , , , , ,868755, , , ,2,2,0,0,0,0,0,0,0,0,0,0,0,0,0,0,0,0,0,0,0,0,0,0,0,0,0,0,0,0,0,0,0,0,0,0,0,39.9587,-75.1892, , 
 ,75922,2011132764,6,67,67301,2011,11,6,2102,21,3,1,0,8,1, , ,N,1,2,0,3,0,1,2,2,N, ,39 58:41.837,75 14:46.077,2113, ,2104,1,1,2, , ,3,N, , , , ,868767, , , ,1,1,0,0,0,0,0,0,0,0,0,0,1,1,1,0,0,0,0,0,0,0,0,1,0,0,0,0,0,0,0,0,1,0,0,8,0,39.9783,-75.2461, , 
 ,75923,2011134781,6,67,67301,2011,12,2,1535,15,1,1,0,2,1, , ,N,1,2,0,3,0,0,3,3,N,N,40 01:53.934,75 12:27.524,1545, ,1539, ,0, ,N, ,1, , , , , ,868770, , , ,3,3,0,0,0,0,0,0,0,0,0,0,0,0,0,0,0,0,0,0,1,1,1,0,0,0,0,0,0,0,0,0,0,0,0,0,0,40.0316,-75.2076, , 
 ,75924,2012007904,6,67,67301,2011,12,4,2044,20,3,2,1,4,1, , ,N,1,3,0,3,0,1,3,2,N, ,39 58:59.102,75 07:38.636,2100, ,2055, ,0, , , ,3, , , , , ,868773, , , ,2,2,0,0,0,0,0,0,0,0,0,1,1,0,0,0,0,0,0,0,0,0,0,0,0,0,0,0,0,0,0,0,0,0,0,4,0,39.9831,-75.1274, , 
 ,75925,2011134785,6,67,67301,2011,11,4,2015,20,3,1,0,2,1, , ,N,2,2,0,3,0,3,4,2,N,N,39 57:27.565,75 10:27.159,2015, ,2015, ,0, ,N, ,3, , , , , ,871614, , , ,2,1,0,0,0,0,1,0,0,0,0,0,3,3,0,0,0,0,0,0,0,0,0,0,0,0,0,0,0,0,0,0,0,0,0,8,0,39.9577,-75.1742, , 
 ,75926,2012004990,6,67,67301,2011,12,5,9999,99,3,1,0,1,1, , ,N,0,0,0,3,0,1,2,2,N,N,40 02:14.527,75 03:11.895,2004, ,2001, ,0, ,N, ,0, , , , , ,871617, , , ,2,2,0,0,0,0,0,0,0,0,0,0,1,1,0,0,0,0,0,0,1,0,0,1,0,0,0,0,0,0,0,0,0,0,0,8,0,40.0374,-75.0533, , 
 ,75927,2012023018,6,67,67301,2011,11,4,1600,16,1,1,0,4,1, , ,N,1,2,0,3,0,1,2,2,N,N,39 56:23.373,75 12:40.931,0, ,0, ,0, ,N, ,3, , , , , ,871619, , , ,2,1,0,0,1,0,0,0,0,0,1,0,1,0,0,0,0,0,0,1,0,0,0,0,0,0,0,0,0,0,0,0,0,0,0,3,0,39.9412,-75.2094, , 
 ,75928,2012023883,6,67,67301,2011,11,3,1330,13,1,1,0,5,1, , ,N,0,0,0,3,0,1,2,2, , ,39 57:32.248,75 10:09.622,0, ,0, ,0, , , ,0, , , , , ,871620, , , ,2,0,0,0,1,0,0,0,0,0,0,1,1,0,0,0,0,0,0,0,0,0,0,0,0,0,0,0,0,0,0,0,0,0,0,4,0,39.959,-75.1693, , 
 ,75929,2011118216,6,67,67301,2011,10,2,1150,11,1,1,0,4,1, , ,N,0,0,0,3,0,4,4,2,N,N,39 56:17.782,75 09:19.101,1200, ,1150, ,0, , , ,0, , , , , ,871627, , , ,2,2,0,0,0,0,0,0,0,4,0,0,4,0,0,0,0,0,0,0,1,0,0,2,0,2,0,2,0,0,0,0,0,0,0,2,0,39.9383,-75.1553, , 
 ,75930,2012004876,6,67,67301,2011,12,5,645,6,1,1,0,7,5, , ,N,0,0,0,3,0,1,1,1,N,N,40 04:55.112,74 57:50.403,706, ,701, ,0, ,N, ,0, , , , , ,871636, , , ,1,1,0,0,0,0,0,0,0,0,0,1,1,0,0,0,0,0,0,0,0,0,0,0,0,0,0,0,0,0,0,0,0,0,0,4,0,40.082,-74.964, , 
 ,75931,2011122242,6,67,67301,2011,10,7,38,0,3,1,0,1,1, , ,N,0,0,0,3,0,0,4,3,N,N,39 56:31.937,75 11:38.037,46, ,39,2,2,3,N, ,0,Y, , , , ,871646, , , ,3,3,0,0,0,0,0,0,0,0,0,0,0,0,0,0,0,0,0,0,1,0,0,0,0,0,0,0,0,0,0,0,0,0,0,0,0,39.9408,-75.1953, , 
 ,75932,2012010070,6,67,67301,2011,12,4,1800,18,3,2,1,4,1, , ,N,1,0,0,3,0,1,2,2,N,N,39 58:02.337,75 10:26.355,1813, ,1811, ,0, ,N, ,0, , , , , ,871659, , , ,1,1,0,0,0,0,0,0,1,0,0,0,1,1,0,0,0,0,0,0,0,0,0,0,0,0,0,0,0,0,0,0,0,0,0,8,0,39.9673,-75.174, , 
 ,75933,2012012632,6,67,67301,2011,11,3,1708,17,3,2,1,4,1, , ,N,0,0,0,3,0,1,3,2,N,N,39 57:07.494,75 09:39.856,1710, ,1708,9,2,7,N, ,0,Y, , , , ,871660, , , ,1,1,0,0,0,0,0,0,1,0,1,0,1,0,0,0,0,0,0,0,0,0,0,0,0,0,0,0,0,0,0,0,0,0,0,3,0,39.9521,-75.1611, , 
 ,75934,2012001982,6,67,67301,2011,12,5,730,7,3,1,0,4,1, , ,N,1,3,0,3,0,1,2,2,N,Y,40 02:36.265,75 01:47.270,9999, ,1119, ,0, , , ,3, , , , , ,871680, , , ,1,1,0,0,0,0,0,0,1,0,1,0,1,0,0,0,0,0,0,0,0,0,0,0,0,0,0,0,0,0,0,0,0,0,0,3,0,40.0434,-75.0298, , 
 ,75935,2012036786,6,67,67301,2011,3,6,1650,16,1,1,0,0,1, , ,N,1,2,0,3,0,1,3,1,N,N,39 59:52.789,75 07:31.478,1708, ,1703, ,0, ,N, ,3, , , , , ,871682, , , ,1,0,0,1,0,0,0,0,0,0,0,0,1,1,0,0,0,0,0,0,0,0,0,0,0,0,0,0,0,0,0,0,0,0,0,8,1,39.998,-75.1254, , 