wz_ln_closure,objectid_1,crn,district,county,municipality,crash_year,crash_month,day_of_week,time_of_day,hour_of_day,illumination,weather,road_condition,collision_type,relation_to_road,work_zone_type,work_zone_loc,work_zone_ind,intersect_type,tcd_type,location_type,urban_rural,fatal_count,injury_count,person_count,total_units,sch_bus_ind,sch_zone_ind,latitude,longitude,arrival_tm,cons_zone_spd_lim,dispatch_tm,est_hrs_closed,lane_closed,ln_close_dir,ntfy_hiwy_maint,spec_juris_cd,tcd_func_cd,tfc_detour_ind,workers_pres,wz_close_detour,wz_flagger,wz_law_offcr_ind,objectid,wz_moving,wz_other,wz_shlder_mdn,vehicle_count,automobile_count,motorcycle_count,bus_count,small_truck_count,heavy_truck_count,suv_count,van_count,bicycle_count,maj_inj_count,mod_inj_count,min_inj_count,tot_inj_count,unk_inj_deg_count,unk_inj_per_count,driver_count_16yr,driver_count_17yr,driver_count_18yr,driver_count_19yr,driver_count_20yr,driver_count_50_64yr,driver_count_65_74yr,driver_count_75plus,unbelted_occ_count,unb_death_count,unb_maj_inj_count,belted_death_count,belted_maj_inj_count,mcycle_death_count,mcycle_maj_inj_count,bicycle_death_count,bicycle_maj_inj_count,ped_count,ped_death_count,ped_maj_inj_count,max_severity_level,comm_veh_count,dec_lat,dec_long,rdwy_surf_type_cd,county_name
 ,75936,2011132722,6,67,67301,2011,11,6,1230,12,1,1,0,4,1, , ,N,2,2,0,3,0,2,2,2,N,N,40 04:39.117,75 02:37.534,1255, ,1243, ,0, ,N, ,3, , , , , ,871706, , , ,2,2,0,0,0,0,0,0,0,0,0,1,2,1,0,0,0,0,0,0,0,0,1,0,0,0,0,0,0,0,0,0,0,0,0,4,0,40.0775,-75.0438, , 
 ,75937,2012002033,6,67,67301,2011,12,5,743,7,1,1,0,4,1, , ,N,1,2,0,3,0,1,2,2,N,N,40 04:26.624,75 11:27.147,755, ,752,2,1,2,N, ,3,N, , , , ,871714, , , ,2,2,0,0,0,0,0,0,0,0,0,0,1,1,0,0,0,0,0,0,0,1,0,0,0,0,0,0,0,0,0,0,0,0,0,8,0,40.0741,-75.1909, , 
 ,75938,2012012647,6,67,67301,2011,12,4,1200,12,1,1,0,1,1, , ,N,2,2,0,3,0,0,2,2,N,N,39 57:03.164,75 14:57.197,1405, ,1400, ,0, ,N, ,3, , , , , ,871716, , , ,2,2,0,0,0,0,0,0,0,0,0,0,0,0,0,0,0,0,0,0,0,0,0,2,0,0,0,0,0,0,0,0,0,0,0,0,0,39.9509,-75.2492, , 
 ,75939,2011107344,6,67,67301,2011,10,4,724,7,1,2,1,1,1, , ,N,0,0,0,3,0,0,3,2,N,N,40 03:05.562,74 59:21.192,806, ,744, ,0, ,N, ,0, , , , , ,871725, , , ,2,0,0,0,0,1,0,1,0,0,0,0,0,0,0,0,0,0,0,0,0,0,0,0,0,0,0,0,0,0,0,0,0,0,0,0,1,40.0516,-74.9892, , 
 ,75940,2012002015,6,67,67301,2011,11,4,2029,20,3,1,0,8,1, , ,N,1,3,0,3,0,1,3,2,N,N,40 02:27.560,75 09:14.713,2031, ,2030, ,0, ,N, ,3, , , , , ,871749, , , ,1,1,0,0,0,0,0,0,0,0,0,1,1,0,0,0,0,0,0,0,0,0,0,0,0,0,0,0,0,0,0,0,1,0,0,4,0,40.041,-75.1541, , 
 ,75941,2012002138,6,67,67301,2011,12,7,1745,17,2,1,0,4,1, , ,N,1,3,0,3,0,1,2,2,N,N,39 56:31.282,75 10:03.298,1755, ,1745, ,0, ,N, ,3, , , , , ,871750, , , ,1,1,0,0,0,0,0,0,1,0,0,1,1,0,0,0,0,0,0,0,0,1,0,0,0,0,0,0,0,0,0,0,0,0,0,4,0,39.942,-75.1676, , 
 ,75942,2012004865,6,67,67301,2011,12,7,9999,99,3,1,0,4,1, , ,N,1,2,0,3,0,0,5,2,N,N,40 02:11.789,75 03:52.061,1835, ,1830, ,0, , , ,3, , , , , ,871751, , , ,2,2,0,0,0,0,0,0,0,0,0,0,0,0,0,0,1,0,0,1,0,0,0,0,0,0,0,0,0,0,0,0,0,0,0,0,0,40.0366,-75.0645, , 
 ,75943,2011090703,6,67,67301,2011,9,4,43,0,3,2,1,7,4, , ,N,0,0,0,3,0,1,1,1,N,N,39 55:53.439,75 11:58.802,109, ,48, ,0, ,Y, ,0, , , , , ,866266, , , ,1,0,0,0,0,1,0,0,0,0,0,1,1,0,0,0,0,0,0,0,0,0,0,0,0,0,0,0,0,0,0,0,0,0,0,4,1,39.9315,-75.1997, , 
 ,75944,2011101632,6,67,67301,2011,9,4,1145,11,1,1,0,8,9, , ,N,0,0,0,3,0,1,2,2,N,N,40 01:32.304,75 01:38.049,9999, ,9999, ,0, , , ,0, , , , , ,866273, , , ,1,0,0,0,0,1,0,0,0,0,1,0,1,0,0,0,0,0,0,0,1,0,0,0,0,0,0,0,0,0,0,0,1,0,0,3,1,40.0256,-75.0272, , 
 ,75945,2012018307,6,67,67301,2011,2,3,800,8,1,1,0,1,1, , ,N,1,2,0,3,0,1,2,2, , ,40 01:45.094,75 07:21.831,0, ,0, ,0, , , ,3, , , , , ,866289, , , ,2,1,0,0,0,0,1,0,0,0,0,0,1,1,0,0,0,0,0,0,0,0,0,0,0,0,0,0,0,0,0,0,0,0,0,8,0,40.0292,-75.1227, , 
 ,75946,2012023525,6,67,67301,2011,12,3,1215,12,1,1,0,4,1, , ,N,0,0,0,3,0,1,2,2,N,N,40 00:32.800,75 04:02.091,0, ,0, ,0, ,N, ,0, , , , , ,866291, , , ,2,2,0,0,0,0,0,0,0,0,0,0,1,1,1,0,0,0,0,0,1,0,0,1,0,0,0,0,0,0,0,0,0,0,0,8,0,40.0091,-75.0674, , 
 ,75947,2012104065,6,67,67301,2011,11,5,1315,13,1,1,0,4,1, , ,N,1,2,0,3,0,1,3,2,N,N,40 00:07.592,75 07:57.262,1318, ,1315, ,0, ,N, ,3, , , , , ,866292, , , ,2,2,0,0,0,0,0,0,0,0,0,0,1,1,0,0,0,0,0,0,0,0,0,3,0,0,0,0,0,0,0,0,0,0,0,8,0,40.0021,-75.1326, , 
 ,75948,2011115824,6,67,67301,2011,11,5,52,0,3,1,0,5,1, , ,N,0,0,0,3,0,1,4,2,N,N,39 59:04.942,75 05:42.025,59, ,55, ,0, ,N, ,0, , , , , ,866303, , , ,2,2,0,0,0,0,0,0,0,0,0,1,1,0,0,0,0,0,0,0,0,0,0,0,0,0,0,0,0,0,0,0,0,0,0,4,0,39.9846,-75.0951, , 
 ,75949,2011134740,6,67,67301,2011,12,1,1415,14,1,1,0,7,4, , ,N,1,0,0,3,0,1,2,1,N,N,40 00:25.549,75 05:38.543,1423, ,1418,1,1,2,N, ,0,N, , , , ,866317, , , ,1,0,0,0,1,0,0,0,0,0,0,1,1,0,0,0,0,0,0,0,0,0,0,0,0,0,0,0,0,0,0,0,0,0,0,4,0,40.0071,-75.094, , 
 ,75950,2012021386,6,67,67301,2011,12,2,925,9,1,1,0,4,1, , ,N,1,2,0,3,0,1,2,2,N,N,39 58:02.290,75 07:44.188,935, ,930, ,0, ,N, ,3, , , , , ,866321, , , ,2,2,0,0,0,0,0,0,0,0,0,0,1,1,0,0,0,0,0,0,0,0,0,2,0,0,0,0,0,0,0,0,0,0,0,8,0,39.9673,-75.1289, , 
 ,75951,2011126360,6,67,67301,2011,11,5,1400,14,1,1,0,8,1, , ,N,1,3,0,3,0,1,2,2,N,N,40 02:20.241,75 09:40.683,1645, ,1645, ,0, ,N, ,3, , , , , ,866327, , , ,1,1,0,0,0,0,0,0,0,0,0,1,1,0,0,0,0,0,0,0,0,0,0,0,0,0,0,0,0,0,0,0,1,0,0,4,0,40.039,-75.1613, , 
 ,75952,2012002002,6,67,67301,2011,11,4,900,9,1,1,0,1,1, , ,N,0,8,0,3,0,1,3,3,N,N,40 01:08.095,75 09:54.660,905, ,904,2,2,4,N, ,3,N, , , , ,866346, , , ,3,2,0,0,0,0,1,0,0,0,1,0,1,0,0,0,0,0,0,0,1,0,0,0,0,0,0,0,0,0,0,0,0,0,0,3,0,40.0189,-75.1652, , 
 ,75953,2012009964,6,67,67301,2011,12,1,401,4,3,1,1,1,1, , ,N,0,0,0,3,0,2,2,4,N,N,39 56:53.371,75 13:16.829,402, ,402,9,2,6,N, ,0,N, , , , ,866349, , , ,3,2,0,0,1,0,0,0,0,0,2,0,2,0,0,0,0,0,0,0,0,0,0,0,0,0,0,0,0,0,0,0,0,0,0,3,0,39.9482,-75.2213, , 
 ,75954,2012010112,6,67,67301,2011,12,2,828,8,1,1,0,8,1, , ,N,1,2,0,3,0,1,3,2,N,N,40 02:06.975,75 07:17.098,831, ,830, ,0, ,N, ,3, , , , , ,866350, , , ,1,0,0,0,0,0,1,0,0,1,0,0,1,0,0,0,0,0,0,0,1,0,0,0,0,0,0,0,0,0,0,0,1,0,1,2,0,40.0353,-75.1214, , 
 ,75955,2011132875,6,67,67301,2011,11,6,1215,12,1,1,0,7,4, , ,N,2,2,0,3,0,1,3,2,N,N,39 59:53.654,75 11:15.510,1223, ,1220, ,0, ,N, ,3, , , , , ,866356, , , ,2,2,0,0,0,0,0,0,0,0,0,0,1,1,0,0,1,0,0,0,1,0,0,0,0,0,0,0,0,0,0,0,0,0,0,8,0,39.9982,-75.1876, , 
 ,75956,2012002130,6,67,67301,2011,12,1,1120,11,1,1,0,4,1, , ,N,1,2,0,3,0,2,3,2,N,N,40 02:06.568,75 08:41.251,1125, ,1120, ,0, ,N, ,3, , , , , ,866357, , , ,2,1,0,0,0,0,1,0,0,0,0,2,2,0,0,0,0,0,0,0,0,0,0,1,0,0,0,0,0,0,0,0,0,0,0,4,0,40.0352,-75.1448, , 
 ,75957,2012002010,6,67,67301,2011,12,4,700,7,1,1,0,5,6, , ,N,0,0,0,3,0,0,4,5,Y,N,39 58:34.930,75 11:10.999,716, ,700, ,0, ,N, ,0, , , , , ,866379, , , ,5,2,0,1,1,0,1,0,0,0,0,0,0,0,4,0,0,0,0,0,0,0,0,0,0,0,0,0,0,0,0,0,0,0,0,9,1,39.9764,-75.1864, , 
 ,75958,2012004256,6,67,67301,2011,12,1,1715,17,3,1,0,7,5, , ,N,0,0,0,3,0,1,1,1,N,N,39 59:05.210,75 08:40.000,1715, ,1715, ,0, ,N, ,0, , , , , ,866381, , , ,1,1,0,0,0,0,0,0,0,0,0,0,1,1,0,0,0,0,0,0,0,0,0,1,0,0,0,0,0,0,0,0,0,0,0,8,0,39.9848,-75.1444, , 
 ,75959,2011090420,6,67,67301,2011,7,3,2158,21,3,1,0,8,1, , ,N,1,0,0,3,0,1,2,2,N,N,40 05:29.551,75 03:23.446,2204, ,2200,2,1,4,N, ,0,Y, , , , ,866389, , , ,1,1,0,0,0,0,0,0,0,0,0,0,1,1,1,0,1,0,0,0,0,0,0,1,0,0,0,0,0,0,0,0,1,0,0,8,0,40.0915,-75.0565, , 
 ,75960,2011090546,6,67,67301,2011,7,7,1056,10,1,1,0,2,1, , ,N,0,0,0,3,0,1,4,2,N,N,39 58:49.141,75 14:27.830,1120, ,1112, ,0, ,N, ,0, , , , , ,866390, , , ,2,1,0,0,0,0,1,0,0,0,0,1,1,0,0,0,0,0,0,0,0,0,0,0,0,0,0,0,0,0,0,0,0,0,0,4,0,39.9803,-75.2411, , 
 ,75961,2012018293,6,67,67301,2011,4,3,1220,12,1,1,0,1,1, , ,N,7,0,2,3,0,2,3,2,N,N,40 00:23.138,75 11:35.350,0, ,0, ,0, ,N, ,0, , , , , ,868775, , , ,2,1,0,0,0,0,0,0,0,0,2,0,2,0,0,0,0,0,0,0,0,0,0,0,0,0,0,0,0,0,0,0,0,0,0,3,0,40.007,-75.1996, , 
 ,75962,2011132768,6,67,67301,2011,11,6,1154,11,1,1,0,4,1, , ,N,1,0,0,3,0,0,3,2,N,N,40 01:38.150,75 07:57.039,1154, ,1154, ,0, ,N, ,0, , , , , ,868789, , , ,2,2,0,0,0,0,0,0,0,0,0,0,0,0,0,0,0,0,0,0,1,0,0,0,0,0,0,0,0,0,0,0,0,0,0,0,0,40.0273,-75.1325, , 
 ,75963,2012004824,6,67,67301,2011,12,3,250,2,3,1,0,7,5, , ,N,0,2,0,3,0,0,3,2,N,N,39 58:57.723,75 11:18.110,255, ,254,2,1,2,N, ,2,N, , , , ,868795, , , ,1,1,0,0,0,0,0,0,0,0,0,0,0,0,0,0,0,0,0,0,0,0,0,0,0,0,0,0,0,0,0,0,0,0,0,0,0,39.9827,-75.1884, , 
 ,75964,2012004274,6,67,67301,2011,12,6,2200,22,3,1,0,1,1, , ,N,1,2,0,3,0,2,3,2,N,N,40 01:00.896,75 08:58.458,2212, ,2209, ,0, ,N, ,3, , , , , ,868798, , , ,2,2,0,0,0,0,0,0,0,0,0,0,2,2,0,0,0,0,0,0,0,0,0,0,0,0,0,0,0,0,0,0,0,0,0,8,0,40.0169,-75.1495, , 
 ,75965,2012022591,6,67,67301,2011,12,7,1211,12,1,1,0,7,5, , ,N,0,0,7,3,0,1,1,1,N,N,39 54:46.330,75 13:27.910,1221, ,1216, ,0, ,N, ,0, , , , , ,868800, , , ,1,0,0,0,0,0,1,0,0,0,0,0,1,1,0,0,0,0,0,0,0,0,0,0,0,0,0,0,0,0,0,0,0,0,0,8,0,39.9129,-75.2244, , 
 ,75966,2011126463,6,67,67301,2011,11,7,1115,11,1,1,0,1,1, , ,N,1,2,0,3,0,0,3,2,N,N,40 03:11.939,75 04:10.792,1122, ,1120, ,0, ,N, ,3, , , , , ,868801, , , ,2,2,0,0,0,0,0,0,0,0,0,0,0,0,1,0,0,0,0,0,0,0,0,0,0,0,0,0,0,0,0,0,0,0,0,9,0,40.0533,-75.0698, , 
 ,75967,2012001977,6,67,67301,2011,12,7,600,6,3,1,0,5,1, , ,N,0,3,0,3,0,0,1,2,N,N,39 58:44.804,75 14:56.348,613, ,600, ,0, ,N, ,3, , , , , ,868806, , , ,2,2,0,0,0,0,0,0,0,0,0,0,0,0,1,0,0,0,0,0,0,0,0,0,0,0,0,0,0,0,0,0,0,0,0,9,0,39.9791,-75.249, , 
 ,75968,2011132647,6,67,67301,2011,11,2,1620,16,1,1,0,1,1, , ,N,2,2,0,3,0,1,2,2,N,N,39 56:45.926,75 11:54.625,0, ,24, ,0, ,N, ,3, , , , , ,868824, , , ,2,1,0,0,1,0,0,0,0,0,0,0,1,1,1,0,0,0,0,0,0,0,0,0,0,0,0,0,0,0,0,0,0,0,0,8,0,39.9461,-75.1985, , 
 ,75969,2012002748,6,67,67301,2011,11,4,2,0,6,1,0,5,1, , ,N,0,0,0,3,0,1,1,2,N,N,39 59:03.037,75 12:29.998,9, ,3,2,1,3,N, ,0,N, , , , ,868830, , , ,2,1,0,0,0,0,0,0,0,0,0,0,1,1,0,0,0,1,0,0,0,0,0,0,0,0,0,0,0,0,0,0,0,0,0,8,0,39.9842,-75.2083, , 
 ,75970,2012010019,6,67,67301,2011,12,4,1854,18,3,2,1,4,1, , ,N,1,3,0,3,0,2,4,2,N,N,40 00:33.166,75 09:28.054,1919, ,1914, ,0, ,N, ,3, , , , , ,868831, , , ,2,2,0,0,0,0,0,0,0,0,0,0,2,2,0,0,0,0,0,0,1,0,0,0,0,0,0,0,0,0,0,0,0,0,0,8,0,40.0092,-75.1578, , 
 ,75971,2012023896,6,67,67301,2011,12,1,1340,13,1,1,0,8,1, , ,N,0,0,0,3,0,1,2,2,N,N,40 00:35.658,75 08:30.793,0, ,0, ,0, ,N, ,0, , , , , ,868832, , , ,1,1,0,0,0,0,0,0,0,0,0,0,1,1,1,0,0,0,0,0,0,0,0,0,0,0,0,0,0,0,0,0,1,0,0,8,0,40.0099,-75.1419, , 
 ,75972,2012004910,6,67,67301,2011,12,5,1335,13,1,2,1,1,1, , ,N,1,2,0,3,0,2,2,2,N,N,40 02:00.712,75 05:07.191,1335, ,1335, ,0, ,N, ,3, , , , , ,868861, , , ,2,0,0,0,2,0,0,0,0,0,0,0,2,2,0,0,0,0,0,0,2,0,0,0,0,0,0,0,0,0,0,0,0,0,0,8,0,40.0335,-75.0853, , 
 ,75973,2011108899,6,67,67301,2011,9,6,2035,20,3,2,1,5,1, , ,N,1,2,0,3,0,1,2,2,N,N,39 58:30.316,75 11:41.875,2056, ,2044, ,0, ,N, ,3, , , , , ,868862, , , ,1,1,0,0,0,0,0,0,1,0,0,1,1,0,0,0,0,0,0,0,0,0,0,0,0,0,0,0,0,0,0,0,0,0,0,4,0,39.9751,-75.195, , 
 ,75974,2011095471,6,67,67301,2011,8,1,9999,99,1,2,1,4,1, , ,N,1,3,0,3,0,3,5,2,N,N,39 55:06.859,75 13:57.064,1916, ,9999, ,0, ,N, ,3, , , , , ,868891, , , ,2,2,0,0,0,0,0,0,0,0,0,0,3,3,2,0,1,0,0,0,0,0,0,1,0,0,0,0,0,0,0,0,0,0,0,8,0,39.9186,-75.2325, , 
 ,75975,2012001995,6,67,67301,2011,11,2,1745,17,3,1,0,1,1, , ,N,0,0,0,3,0,1,2,2,N,N,40 04:04.699,75 10:48.530,1800, ,1800, ,0, ,N, ,0, , , , , ,868894, , , ,2,1,0,0,0,0,1,0,0,0,0,1,1,0,0,0,0,0,0,0,1,0,0,0,0,0,0,0,0,0,0,0,0,0,0,4,0,40.068,-75.1801, , 
 ,75976,2012004970,6,67,67301,2011,12,7,1600,16,1,1,0,1,6, , ,N,0,0,0,3,0,1,1,2,N,N,39 58:18.519,75 14:27.945,1650, ,1630, ,0, ,N, ,0, , , , , ,868896, , , ,2,2,0,0,0,0,0,0,0,0,0,0,1,1,0,0,0,0,0,0,0,0,0,0,0,0,0,0,0,0,0,0,0,0,0,8,0,39.9718,-75.2411, , 
 ,75977,2011095504,6,67,67301,2011,8,2,649,6,1,1,0,4,1, , ,N,0,0,0,3,0,0,2,2,N,N,40 01:45.806,75 06:15.503,715, ,703,1,1,3,N, ,0,N, , , , ,868906, , , ,2,2,0,0,0,0,0,0,0,0,0,0,0,0,0,0,0,0,0,0,0,0,0,0,0,0,0,0,0,0,0,0,0,0,0,0,0,40.0294,-75.1043, , 
 ,75978,2011126402,6,67,67301,2011,11,5,1940,19,3,2,1,8,1, , ,N,5,2,0,3,0,1,3,2,N, ,40 00:13.178,75 10:08.095,1955, ,1945, ,0, , , ,3, , , , , ,868927, , , ,1,1,0,0,0,0,0,0,0,0,0,1,1,0,0,0,0,0,0,0,0,0,0,0,0,0,0,0,0,0,0,0,1,0,0,4,0,40.0037,-75.1689, , 
 ,75979,2012004267,6,67,67301,2011,12,3,1810,18,3,2,1,1,1, , ,N,2,2,0,3,0,2,5,3,N,N,40 05:59.597,75 00:29.385,1821, ,1810,1,1,1,N, ,3,N, , , , ,868938, , , ,3,2,0,0,0,0,1,0,0,0,0,2,2,0,0,0,0,0,0,1,0,0,0,0,0,0,0,0,0,0,0,0,0,0,0,4,0,40.0999,-75.0082, , 
 ,75980,2011115385,6,67,67301,2011,10,7,1434,14,1,1,0,4,1, , ,N,1,3,0,3,0,1,2,2,N, ,40 02:05.704,75 14:05.819,1442, ,1437, ,0, , , ,3, , , , , ,871759, , , ,1,0,0,0,1,0,0,0,1,0,0,0,1,1,0,0,0,0,0,0,0,1,0,0,0,0,0,0,0,0,0,0,0,0,0,8,0,40.0349,-75.2349, , 
U,75981,2011134783,6,67,67301,2011,12,7,9999,99,3,1,0,1,1,8,8,Y,0,8,0,3,0,0,2,2,N,N,40 03:14.453,75 02:55.905,9999,99,9999,1,1,1,N, ,3,N,U,U,U,U,871774,U,U,U,2,1,0,0,0,1,0,0,0,0,0,0,0,0,0,0,0,0,0,0,0,0,0,0,0,0,0,0,0,0,0,0,0,0,0,0,1,40.054,-75.0489, , 
 ,75982,2012004798,6,67,67301,2011,12,1,400,4,3,1,0,5,1, , ,N,0,0,0,3,0,1,3,5,N,N,39 55:42.423,75 09:10.116,407, ,402,3,2,4,N, ,0,Y, , , , ,871778, , , ,5,5,0,0,0,0,0,0,0,0,0,1,1,0,0,0,0,0,0,1,0,0,0,0,0,0,0,0,0,0,0,0,0,0,0,4,0,39.9285,-75.1528, , 
 ,75983,2012010033,6,67,67301,2011,12,3,1545,15,1,1,0,1,1, , ,N,1,2,0,3,0,1,2,2,N,N,40 00:04.746,75 09:02.682,1005, ,959, ,0, , , ,2, , , , , ,871779, , , ,2,2,0,0,0,0,0,0,0,0,0,1,1,0,1,0,0,0,0,0,0,0,0,0,0,0,0,0,0,0,0,0,0,0,0,4,0,40.0013,-75.1507, , 
 ,75984,2012010913,6,67,67301,2011,12,1,1315,13,1,1,0,1,1, , ,N,1,2,0,3,0,2,4,2,N,N,40 03:17.448,75 10:08.247,1321, ,1319, ,0, ,N, ,3, , , , , ,871780, , , ,2,2,0,0,0,0,0,0,0,0,0,2,2,0,0,0,0,0,0,0,1,0,1,0,0,0,0,0,0,0,0,0,0,0,0,4,0,40.0548,-75.169, , 
 ,75985,2011127213,6,67,67301,2011,11,3,1757,17,2,2,1,1,1, , ,N,0,0,0,3,0,0,4,3,N,N,39 56:50.989,75 08:31.965,1757, ,1757, ,0, ,N, ,0, , , , , ,871786, , , ,3,3,0,0,0,0,0,0,0,0,0,0,0,0,0,0,0,0,0,0,0,0,0,1,0,0,0,0,0,0,0,0,0,0,0,0,0,39.9475,-75.1422, , 
 ,75986,2012004271,6,67,67301,2011,12,4,1442,14,1,2,1,1,1, , ,N,2,3,0,3,0,3,6,5,N, ,40 02:46.220,75 00:56.590,1509, ,1456,2,1,2, , ,3,Y, , , , ,871798, , , ,5,4,0,0,1,0,0,0,0,0,0,3,3,0,0,0,0,0,1,0,1,2,0,0,0,0,0,0,0,0,0,0,0,0,0,4,0,40.0462,-75.0157, , 
 ,75987,2011115491,6,67,67301,2011,10,3,1845,18,4,9,8,8,1, , ,N,3,0,0,3,0,1,2,2,N,N,40 01:28.956,75 09:21.661,1000, ,945, ,0, ,N, ,0, , , , , ,871824, , , ,1,0,0,0,0,0,0,0,0,0,0,1,1,0,1,0,0,0,0,0,0,0,0,0,0,0,0,0,0,0,0,0,1,0,0,4,0,40.0247,-75.156, , 
 ,75988,2011112246,6,67,67301,2011,10,6,1420,14,1,1,0,4,1, , ,N,1,2,0,3,0,1,2,3,N,N,39 58:13.081,75 07:49.208,1430, ,1422, ,0, ,N, ,3, , , , , ,871835, , , ,3,2,0,0,0,0,1,0,0,0,1,0,1,0,0,0,0,0,0,0,0,0,1,0,0,0,0,0,0,0,0,0,0,0,0,3,0,39.9701,-75.1304, , 
 ,75989,2011115442,6,67,67301,2011,10,3,743,7,1,1,0,5,1, , ,N,0,2,0,3,0,2,2,2,N,N,39 58:24.039,75 12:38.737,902, ,855, ,0, ,N, ,3, , , , , ,871838, , , ,2,2,0,0,0,0,0,0,0,0,0,0,2,2,0,0,0,0,0,0,1,0,0,0,0,0,0,0,0,0,0,0,0,0,0,8,0,39.9733,-75.2108, , 
 ,75990,2012015361,6,67,67301,2011,12,4,2120,21,2,8,1,2,1, , ,N,2,2,0,3,0,1,5,2,N,N,39 57:23.057,75 12:30.428,2126, ,2124, ,0, ,N, ,3, , , , , ,871859, , , ,2,2,0,0,0,0,0,0,0,0,0,1,1,0,0,0,1,0,0,0,0,0,0,0,0,0,0,0,0,0,0,0,0,0,0,4,0,39.9564,-75.2085, , 
 ,75991,2011126353,6,67,67301,2011,11,2,1335,13,1,1,0,4,1, , ,N,1,2,0,3,0,2,2,2,N,N,40 02:13.179,75 04:47.311,1341, ,1337, ,0, , , ,3, , , , , ,871871, , , ,2,1,0,0,0,0,1,0,0,0,0,1,2,1,0,0,0,0,0,0,1,0,0,0,0,0,0,0,0,0,0,0,0,0,0,4,0,40.0369,-75.0798, , 
 ,75992,2011134726,6,67,67301,2011,11,2,1806,18,3,1,0,4,1, , ,N,1,3,0,3,0,4,4,2,N,N,39 57:58.759,75 14:16.205,1813, ,1811, ,0, ,N, ,3, , , , , ,871879, , , ,2,1,0,0,0,0,1,0,0,0,0,4,4,0,0,0,0,0,0,0,0,1,0,0,0,0,0,0,0,0,0,0,0,0,0,4,0,39.9663,-75.2378, , 
 ,75993,2012001892,6,67,67301,2011,11,3,132,1,3,2,1,4,1, , ,N,2,2,0,3,0,4,4,2,N, ,40 02:12.961,75 08:42.306,135, ,135,3,1,1, , ,3,Y, , , , ,871902, , , ,2,2,0,0,0,0,0,0,0,0,1,3,4,0,0,0,0,0,0,0,0,0,0,0,0,0,0,0,0,0,0,0,0,0,0,3,0,40.0369,-75.1451, , 
 ,75994,2011075384,6,67,67301,2011,7,6,432,4,3,1,0,7,2, , ,N,0,0,0,3,0,0,1,1,N,N,39 57:35.173,75 10:40.705,443, ,434, ,0, ,N, ,0, , , , , ,871916, , , ,1,1,0,0,0,0,0,0,0,0,0,0,0,0,0,0,0,0,0,0,0,0,0,0,0,0,0,0,0,0,0,0,0,0,0,0,0,39.9598,-75.178, , 
 ,75995,2011089856,6,67,67301,2011,8,7,1735,17,1,2,1,7,3, , ,N,0,0,0,3,0,0,1,1,N,N,40 02:33.059,75 00:13.357,1751, ,1741, ,0, ,N, ,0, , , , , ,871928, , , ,1,0,0,0,0,0,1,0,0,0,0,0,0,0,0,0,0,0,0,0,0,0,0,0,0,0,0,0,0,0,0,0,0,0,0,0,0,40.0425,-75.0037, , 
 ,75996,2011115254,6,67,67301,2011,10,7,10,0,3,1,0,7,2, , ,N,0,2,0,3,0,0,3,2,N,N,39 59:27.478,75 12:45.462,25, ,20, ,0, , , ,3, , , , , ,871929, , , ,2,1,0,0,0,0,1,0,0,0,0,0,0,0,0,0,0,0,0,0,0,0,0,0,0,0,0,0,0,0,0,0,0,0,0,0,0,39.991,-75.2126, , 
 ,75997,2011115524,6,67,67301,2011,10,7,2216,22,3,2,1,5,1, , ,N,0,2,0,3,0,5,5,3,N, ,40 02:31.752,75 03:00.884,2223, ,2216,1,2,6,N, ,3,Y, , , , ,871930, , , ,3,3,0,0,0,0,0,0,0,0,0,0,5,5,0,0,0,0,0,0,0,0,0,0,0,0,0,0,0,0,0,0,0,0,0,8,0,40.0422,-75.0502, , 
 ,75998,2011106213,6,67,67301,2011,9,6,9999,99,1,2,1,6,1, , ,N,0,0,0,3,0,1,1,2,N,N,39 55:17.983,75 08:55.104,1130, ,9999, ,0, ,N, ,0, , , , , ,866410, , , ,2,2,0,0,0,0,0,0,0,0,0,1,1,0,0,0,0,0,0,0,1,0,0,1,0,0,0,0,0,0,0,0,0,0,0,4,0,39.9217,-75.1486, , 
 ,75999,2012004929,6,67,67301,2011,12,5,1805,18,1,1,0,4,1, , ,N,1,2,0,3,0,2,4,2,N,N,40 02:02.361,75 04:27.863,1820, ,1814,1,1,1,N, ,3,Y, , , , ,866414, , , ,2,2,0,0,0,0,0,0,0,0,0,2,2,0,0,0,0,0,0,0,0,0,0,0,0,0,0,0,0,0,0,0,0,0,0,4,0,40.034,-75.0744, , 
 ,76000,2012009036,6,67,67301,2011,11,5,1720,17,1,1,0,8,1, , ,N,5,2,0,3,1,0,2,2, , ,40 04:07.262,75 09:24.365,1815, ,1752, ,0, , ,0,3, , , , , ,866415, , , ,1,1,0,0,0,0,0,0,0,0,0,0,0,0,0,0,0,0,0,0,0,0,0,0,0,0,0,0,0,0,0,0,1,1,0,1,0,40.0687,-75.1568,2, 
 ,76001,2011115503,6,67,67301,2011,10,4,1828,18,3,1,0,1,1, , ,N,0,0,7,3,0,1,3,2,N,N,40 02:37.907,75 06:56.309,2147, ,1838, ,0, ,N, ,0, , , , , ,866417, , , ,2,2,0,0,0,0,0,0,0,0,0,0,1,1,0,0,0,0,0,0,0,0,0,0,0,0,0,0,0,0,0,0,0,0,0,8,0,40.0439,-75.1156, , 
 ,76002,2011127048,6,67,67301,2011,11,6,1200,12,1,9,0,8,1, , ,N,1,3,0,3,0,1,2,2,N, ,39 55:52.932,75 11:05.920,1100, ,1100, ,0, , , ,3, , , , , ,866439, , , ,1,1,0,0,0,0,0,0,0,0,0,0,1,1,0,0,0,0,0,0,0,0,1,0,0,0,0,0,0,0,0,0,1,0,0,8,0,39.9314,-75.185, , 