wz_ln_closure,objectid_1,crn,district,county,municipality,crash_year,crash_month,day_of_week,time_of_day,hour_of_day,illumination,weather,road_condition,collision_type,relation_to_road,work_zone_type,work_zone_loc,work_zone_ind,intersect_type,tcd_type,location_type,urban_rural,fatal_count,injury_count,person_count,total_units,sch_bus_ind,sch_zone_ind,latitude,longitude,arrival_tm,cons_zone_spd_lim,dispatch_tm,est_hrs_closed,lane_closed,ln_close_dir,ntfy_hiwy_maint,spec_juris_cd,tcd_func_cd,tfc_detour_ind,workers_pres,wz_close_detour,wz_flagger,wz_law_offcr_ind,objectid,wz_moving,wz_other,wz_shlder_mdn,vehicle_count,automobile_count,motorcycle_count,bus_count,small_truck_count,heavy_truck_count,suv_count,van_count,bicycle_count,maj_inj_count,mod_inj_count,min_inj_count,tot_inj_count,unk_inj_deg_count,unk_inj_per_count,driver_count_16yr,driver_count_17yr,driver_count_18yr,driver_count_19yr,driver_count_20yr,driver_count_50_64yr,driver_count_65_74yr,driver_count_75plus,unbelted_occ_count,unb_death_count,unb_maj_inj_count,belted_death_count,belted_maj_inj_count,mcycle_death_count,mcycle_maj_inj_count,bicycle_death_count,bicycle_maj_inj_count,ped_count,ped_death_count,ped_maj_inj_count,max_severity_level,comm_veh_count,dec_lat,dec_long,rdwy_surf_type_cd,county_name
 ,76003,2011134329,6,67,67301,2011,12,6,2252,22,3,1,0,5,1, , ,N,0,0,0,3,0,0,4,2,N,N,39 58:05.735,75 11:26.378,2307, ,2307,1,2,4,N, ,0,Y, , , , ,866445, , , ,2,2,0,0,0,0,0,0,0,0,0,0,0,0,0,0,0,0,0,0,1,0,0,0,0,0,0,0,0,0,0,0,0,0,0,0,0,39.9683,-75.1907, , 
 ,76004,2012022683,6,67,67301,2011,10,6,1710,17,4,1,0,4,1, , ,N,0,0,7,3,0,0,3,2, , ,40 00:18.980,75 10:53.087,0, ,0, ,0, , , ,0, , , , , ,866453, , , ,2,2,0,0,0,0,0,0,0,0,0,0,0,0,1,0,0,0,0,0,1,0,0,0,0,0,0,0,0,0,0,0,0,0,0,9,0,40.0053,-75.1814, , 
 ,76005,2011115421,6,67,67301,2011,10,6,45,0,3,1,0,1,1, , ,N,1,3,0,3,0,1,2,2,N,N,40 01:34.762,75 05:17.822,200, ,147, ,0, ,N, ,3, , , , , ,866462, , , ,2,2,0,0,0,0,0,0,0,0,1,0,1,0,0,0,0,0,0,0,0,0,0,1,0,0,0,0,0,0,0,0,0,0,0,3,0,40.0263,-75.0883, , 
 ,76006,2011100800,6,67,67301,2011,9,3,1330,13,1,1,0,8,1, , ,N,1,2,0,3,0,1,2,2,N,N,40 02:39.450,75 03:14.767,1706, ,1705, ,0, ,N, ,3, , , , , ,866484, , , ,1,1,0,0,0,0,0,0,0,0,0,1,1,0,1,0,0,0,0,0,0,0,0,0,0,0,0,0,0,0,0,0,1,0,0,4,0,40.0443,-75.0541, , 
 ,76007,2011115422,6,67,67301,2011,10,7,1700,17,1,1,0,1,1, , ,N,2,3,0,3,0,1,5,2,N,N,40 05:13.972,75 01:19.619,1710, ,1705, ,0, ,N, ,3, , , , , ,866503, , , ,2,1,0,0,1,0,0,0,0,0,0,1,1,0,0,0,0,0,0,0,0,0,0,0,0,0,0,0,0,0,0,0,0,0,0,4,0,40.0872,-75.0221, , 
 ,76008,2012001407,6,67,67301,2011,12,5,850,8,1,1,0,8,1, , ,N,2,0,0,3,1,0,2,2,N,N,39 57:22.032,75 10:21.539,852, ,852,3,2,5,N,0,0,Y, , , , ,866523, , , ,1,0,0,0,0,0,1,0,0,0,0,0,0,0,0,0,0,0,0,0,0,0,0,1,0,0,0,0,0,0,0,0,1,1,0,1,0,39.9561,-75.1726,2, 
 ,76009,2012004847,6,67,67301,2011,12,2,56,0,3,1,0,7,2, , ,N,0,0,0,3,0,0,1,1,N,N,39 57:59.462,75 14:01.518,56, ,56, ,0, ,N, ,0, , , , , ,866524, , , ,1,0,0,0,0,0,0,1,0,0,0,0,0,0,0,0,0,0,0,0,0,0,0,0,0,0,0,0,0,0,0,0,0,0,0,0,0,39.9665,-75.2338, , 
 ,76010,2012020251,6,67,67301,2011,5,5,1130,11,1,1,0,1,1, , ,N,0,0,0,3,0,1,3,2,N,N,39 58:41.496,75 06:40.432,0, ,0, ,0, ,N, ,0, , , , , ,866531, , , ,2,2,0,0,0,0,0,0,0,0,1,0,1,0,0,0,0,0,0,0,0,1,0,0,0,0,0,0,0,0,0,0,0,0,0,3,0,39.9782,-75.1112, , 
 ,76011,2012026077,6,67,67301,2011,6,1,1500,15,1,1,0,2,1, , ,N,1,2,0,3,0,3,3,3,N,N,40 02:30.933,75 07:26.313,1515, ,1507, ,0, , , ,3, , , , , ,866532, , , ,3,0,0,0,1,0,0,1,0,1,2,0,3,0,0,0,0,0,1,0,1,0,0,0,0,0,0,0,0,0,0,0,0,0,0,2,0,40.0419,-75.124, , 
 ,76012,2011098158,6,67,67301,2011,5,5,1818,18,1,1,0,5,1, , ,N,0,0,0,3,0,1,2,2,N, ,39 56:35.198,75 14:20.041,1851, ,1950, ,0, , , ,0, , , , , ,866535, , , ,1,1,0,0,0,0,0,0,1,1,0,0,1,0,0,0,0,0,0,0,0,0,0,0,0,0,0,0,0,0,0,1,0,0,0,2,0,39.9431,-75.2389, , 
 ,76013,2011112235,6,67,67301,2011,10,5,2032,20,1,2,1,6,1, , ,N,0,0,0,3,0,2,5,4,N,N,39 59:25.027,75 11:48.296,2038, ,2032,1,2,5,Y, ,0,Y, , , , ,866548, , , ,4,4,0,0,0,0,0,0,0,0,0,1,2,1,0,0,0,0,0,0,2,0,0,0,0,0,0,0,0,0,0,0,0,0,0,4,0,39.9903,-75.1967, , 
 ,76014,2011126369,6,67,67301,2011,11,4,9999,99,1,1,0,5,1, , ,N,0,0,0,3,0,0,2,3,N, ,40 00:06.903,75 09:09.813,1020, ,1020,2,2,5, , ,0,Y, , , , ,866566, , , ,3,3,0,0,0,0,0,0,0,0,0,0,0,0,0,0,0,0,0,0,0,1,0,0,0,0,0,0,0,0,0,0,0,0,0,0,0,40.0019,-75.1527, , 
 ,76015,2012002089,6,67,67301,2011,12,5,1450,14,1,1,0,4,1, , ,N,0,0,0,3,0,2,3,2,N,N,40 00:32.438,75 07:20.548,1453, ,1453,1,2,5,N, ,0,Y, , , , ,866575, , , ,2,1,0,0,1,0,0,0,0,0,0,0,2,2,1,0,0,0,0,0,0,0,0,0,0,0,0,0,0,0,0,0,0,0,0,8,0,40.009,-75.1224, , 
 ,76016,2011082728,6,67,67301,2011,6,1,220,2,3,1,0,8,1, , ,N,5,2,2,3,0,1,2,2,N, ,39 56:59.777,75 08:36.986,110, ,100, ,0, , , ,3, , , , , ,866587, , , ,1,1,0,0,0,0,0,0,0,0,0,1,1,0,0,0,0,0,0,0,0,0,0,0,0,0,0,0,0,0,0,0,1,0,0,4,0,39.9499,-75.1437, , 
 ,76017,2012004875,6,67,67301,2011,11,2,907,9,1,1,0,8,1, , ,N,1,2,0,3,0,1,2,2,N,N,40 02:08.965,75 10:29.000,956, ,945, ,0, ,N, ,3, , , , , ,868946, , , ,1,1,0,0,0,0,0,0,0,0,1,0,1,0,1,0,0,0,0,0,0,0,0,0,0,0,0,0,0,0,0,0,1,0,0,3,0,40.0358,-75.1747, , 
 ,76018,2012005403,6,67,67301,2011,12,4,2015,20,3,1,0,1,1, , ,N,0,0,0,3,0,1,3,4,N,N,39 56:07.942,75 10:02.331,2022, ,2019, ,0, , , ,0, , , , , ,868947, , , ,3,3,0,0,0,0,0,0,0,0,0,0,1,1,1,0,0,0,0,1,1,0,0,0,0,0,0,0,0,0,0,0,0,0,0,8,0,39.9356,-75.1673, , 
 ,76019,2011121183,6,67,67301,2011,11,7,757,7,1,1,0,7,2, , ,N,0,0,0,3,0,1,2,1,N,N,40 00:28.917,75 04:17.304,808, ,757, ,0, ,Y, ,0, , , , , ,868953, , , ,1,0,0,0,0,0,0,1,0,0,0,0,1,1,0,0,0,0,0,0,0,0,0,0,0,0,0,0,0,0,0,0,0,0,0,8,0,40.0081,-75.0713, , 
 ,76020,2011132033,6,67,67301,2011,12,5,1439,14,1,2,1,7,2, , ,N,0,0,2,3,0,1,4,3,N,N,39 59:01.285,75 05:52.010,1452, ,1440,1,1,2,N, ,0,N, , , , ,868963, , , ,3,2,0,0,1,0,0,0,0,0,0,1,1,0,0,0,0,0,0,0,1,0,0,0,0,0,0,0,0,0,0,0,0,0,0,4,0,39.9838,-75.0975, , 
 ,76021,2011132803,6,67,67301,2011,11,5,1515,15,1,1,0,4,1, , ,N,1,3,0,3,0,0,2,2,N,N,40 03:25.236,75 09:22.197,1530, ,1522, ,0, ,N, ,3, , , , , ,868965, , , ,2,2,0,0,0,0,0,0,0,0,0,0,0,0,0,0,0,0,0,1,0,0,0,0,0,0,0,0,0,0,0,0,0,0,0,0,0,40.057,-75.1562, , 
 ,76022,2012002543,6,67,67301,2011,12,1,1706,17,3,1,0,4,1, , ,N,1,0,0,3,0,1,3,2,N,N,39 59:07.968,75 06:13.192,1710, ,1706, ,0, ,N, ,0, , , , , ,868969, , , ,2,2,0,0,0,0,0,0,0,0,0,1,1,0,0,0,0,0,0,0,0,0,2,0,0,0,0,0,0,0,0,0,0,0,0,4,0,39.9855,-75.1038, , 
 ,76023,2011134786,6,67,67301,2011,11,2,1323,13,1,1,0,8,1, , ,N,1,2,0,3,0,1,4,2,N,N,39 57:07.402,75 10:24.565,1326, ,1323,1,2,1, , ,3,Y, , , , ,868988, , , ,1,0,0,0,0,0,1,0,0,0,0,0,1,1,0,0,0,0,0,0,0,0,0,0,0,0,0,0,0,0,0,0,1,0,0,8,0,39.952,-75.1734, , 
 ,76024,2011132809,6,67,67301,2011,11,3,1441,14,1,2,1,2,1, , ,N,1,2,0,3,0,2,3,2,N,N,40 05:57.235,74 59:43.576,1500, ,1457, ,0, ,N, ,3, , , , , ,868993, , , ,2,1,0,0,1,0,0,0,0,0,0,2,2,0,0,0,0,0,0,0,0,1,0,0,0,0,0,0,0,0,0,0,0,0,0,4,0,40.0992,-74.9954, , 
 ,76025,2012014564,6,67,67301,2011,12,4,100,1,6,9,8,8,9, , ,N,1,2,0,3,0,1,2,2,N,N,39 58:10.251,75 13:31.337,1334, ,1327, ,0, , , ,9, , , , , ,868995, , , ,1,1,0,0,0,0,0,0,0,0,0,0,1,1,1,0,0,0,0,0,0,0,0,0,0,0,0,0,0,0,0,0,1,0,0,8,0,39.9695,-75.2254, , 
 ,76026,2012042109,6,67,67301,2011,10,5,1609,16,1,1,0,4,1, , ,N,1,2,0,3,0,1,2,2,N,N,40 03:28.059,75 00:31.473,1611, ,1609, ,0, ,N, ,3, , , , , ,869011, , , ,2,1,0,0,0,0,1,0,0,0,0,1,1,0,0,0,0,0,0,0,1,0,0,1,0,0,0,0,0,0,0,0,0,0,0,4,0,40.0578,-75.0087, , 
 ,76027,2011115444,6,67,67301,2011,10,1,1935,19,3,1,0,8,1, , ,N,1,2,0,3,0,1,2,2,N,N,39 57:37.353,75 11:22.005,1945, ,1936, ,0, ,N, ,3, , , , , ,869028, , , ,1,1,0,0,0,0,0,0,1,0,0,0,1,1,0,0,0,0,0,0,0,0,0,0,0,0,0,0,0,0,0,0,0,0,0,8,0,39.9604,-75.1894, , 
 ,76028,2011118064,6,67,67301,2011,10,6,1440,14,1,1,0,4,1, , ,N,1,2,0,3,0,3,3,2,N, ,39 58:49.346,75 10:55.934,1448, ,1442, ,0, , , ,3, , , , , ,869033, , , ,2,1,0,0,0,0,1,0,0,0,0,1,3,2,0,0,0,0,0,0,0,0,0,0,0,0,0,0,0,0,0,0,0,0,0,4,0,39.9804,-75.1822, , 
 ,76029,2011121464,6,67,67301,2011,11,3,1424,14,1,1,0,1,1, , ,N,0,0,0,3,0,0,4,3,N,N,39 58:34.555,75 11:44.918,1455, ,1439,1,1,3,N, ,0,N, , , , ,869042, , , ,3,0,0,0,1,1,1,0,0,0,0,0,0,0,0,0,0,0,0,0,0,0,0,0,0,0,0,0,0,0,0,0,0,0,0,0,1,39.9763,-75.1958, , 
 ,76030,2011132650,6,67,67301,2011,11,7,1231,12,3,1,0,5,2, , ,N,0,0,0,3,0,1,2,7,N,N,40 02:27.565,75 04:48.358,1236, ,1232, ,0, ,N, ,0, , , , , ,869052, , , ,7,5,0,0,0,0,0,2,0,0,0,1,1,0,0,0,0,0,0,0,0,0,0,0,0,0,0,0,0,0,0,0,0,0,0,4,0,40.041,-75.0801, , 
 ,76031,2012001930,6,67,67301,2011,12,5,1145,11,1,1,0,7,5, , ,N,0,0,0,3,0,1,1,1,N, ,39 58:17.954,75 14:35.580,1152, ,1151, ,0, , , ,0, , , , , ,869057, , , ,1,1,0,0,0,0,0,0,0,0,0,0,1,1,0,0,0,0,0,0,1,0,0,0,0,0,0,0,0,0,0,0,0,0,0,8,0,39.9717,-75.2432, , 
 ,76032,2012010018,6,67,67301,2011,12,7,1940,19,3,1,0,4,1, , ,N,1,2,0,3,0,1,2,2,N, ,40 01:41.450,75 02:20.031,1945, ,1942, ,0, , , ,3, , , , , ,869059, , , ,2,1,1,0,0,0,0,0,0,0,1,0,1,0,0,0,0,0,0,0,1,0,0,1,0,0,0,0,0,0,0,0,0,0,0,3,0,40.0282,-75.0389, , 
 ,76033,2012010027,6,67,67301,2011,12,2,1308,13,1,1,0,4,1, , ,N,1,2,0,3,0,1,3,2,N,Y,40 01:57.777,75 10:27.832,1328, ,1308, ,0, ,N, ,3, , , , , ,869060, , , ,2,2,0,0,0,0,0,0,0,0,0,0,1,1,0,0,0,0,0,0,0,0,0,0,0,0,0,0,0,0,0,0,0,0,0,8,0,40.0327,-75.1744, , 
 ,76034,2012014967,6,67,67301,2011,9,7,1142,11,1,1,0,1,1, , ,N,1,2,0,3,0,1,4,2,N,N,39 57:43.161,75 14:26.866,1147, ,1144, ,0, ,N, ,3, , , , , ,869061, , , ,2,2,0,0,0,0,0,0,0,0,0,0,1,1,0,0,0,0,0,1,0,0,0,0,0,0,0,0,0,0,0,0,0,0,0,8,0,39.9619,-75.2408, , 
 ,76035,2011100763,6,67,67301,2011,9,6,1405,14,1,1,0,4,1, , ,N,1,3,0,3,0,2,3,2,N, ,39 59:57.840,75 07:37.545,1410, ,1405,1,1,2, , ,3,Y, , , , ,871947, , , ,2,2,0,0,0,0,0,0,0,0,1,0,2,1,1,0,0,1,0,1,0,0,0,2,0,0,0,0,0,0,0,0,0,0,0,3,0,39.9994,-75.1271, , 
 ,76036,2011108890,6,67,67301,2011,9,3,650,6,1,5,1,5,1, , ,N,5,2,0,3,0,0,2,2,N,N,40 03:40.446,75 05:00.751,710, ,655, ,0, ,N, ,3, , , , , ,871951, , , ,2,1,0,0,0,1,0,0,0,0,0,0,0,0,0,0,0,0,0,0,1,0,0,0,0,0,0,0,0,0,0,0,0,0,0,0,1,40.0612,-75.0835, , 
 ,76037,2011115513,6,67,67301,2011,10,5,1145,11,1,1,0,4,1, , ,N,1,2,0,3,0,1,2,2,N,N,39 57:13.102,75 11:55.145,1148, ,1145, ,0, , , ,3, , , , , ,871957, , , ,2,1,0,0,1,0,0,0,0,0,0,1,1,0,0,0,0,0,0,0,0,0,0,1,0,0,0,0,0,0,0,0,0,0,0,4,0,39.9536,-75.1986, , 
 ,76038,2011116595,6,67,67301,2011,11,2,1914,19,3,1,0,1,1, , ,N,0,0,0,3,0,6,11,3,N,N,40 00:43.028,75 03:37.194,1934, ,1917,1,1,2,N, ,0,N, , , , ,871961, , , ,3,2,0,0,0,0,1,0,0,0,0,6,6,0,0,0,0,0,0,0,0,0,0,0,0,0,0,0,0,0,0,0,0,0,0,4,0,40.012,-75.0602, , 
 ,76039,2011132619,6,67,67301,2011,10,7,1824,18,3,2,1,8,1, , ,N,1,2,0,3,0,1,2,2,N,N,39 57:20.946,75 13:32.664,1827, ,1824,1,1,1, , ,3,N, , , , ,871974, , , ,1,1,0,0,0,0,0,0,0,0,0,1,1,0,0,0,0,0,0,0,0,0,0,0,0,0,0,0,0,0,0,0,1,0,0,4,0,39.9558,-75.2257, , 
 ,76040,2011093077,6,67,67301,2011,8,6,9999,99,1,1,1,4,1, , ,N,1,2,0,3,0,1,3,2,N,N,40 03:22.935,75 09:09.367,1603, ,1553, ,0, ,N, ,3, , , , , ,871995, , , ,2,2,0,0,0,0,0,0,0,0,0,1,1,0,0,0,0,0,1,0,0,0,0,0,0,0,0,0,0,0,0,0,0,0,0,4,0,40.0564,-75.1526, , 
 ,76041,2011118180,6,67,67301,2011,10,3,1639,16,1,1,0,4,1, , ,N,1,2,0,3,0,1,3,2,N,N,40 00:33.234,75 09:03.743,1648, ,1640, ,0, ,N, ,3, , , , , ,872020, , , ,2,0,0,0,0,0,2,0,0,0,0,1,1,0,0,0,0,0,0,0,0,0,0,0,0,0,0,0,0,0,0,0,0,0,0,4,0,40.0092,-75.1511, , 
 ,76042,2011106230,6,67,67301,2011,9,6,2356,23,3,2,1,8,1, , ,N,1,2,0,3,0,1,2,2,N,N,39 58:21.694,75 10:08.343,10, ,6,2,1,3,N, ,3,Y, , , , ,872026, , , ,1,0,0,0,0,0,0,0,0,0,0,0,1,1,1,0,0,0,0,0,0,0,0,0,0,0,0,0,0,0,0,0,1,0,0,8,0,39.9727,-75.1691, , 
 ,76043,2011117821,6,67,67301,2011,10,4,2142,21,3,2,1,8,1, , ,N,1,2,0,3,0,1,2,2,N, ,40 02:19.838,75 10:17.839,2155, ,2150, ,0, , , ,3, , , , , ,872036, , , ,1,0,0,0,0,0,0,0,0,0,0,0,1,1,0,0,0,0,0,0,0,0,0,0,0,0,0,0,0,0,0,0,1,0,0,8,0,40.0388,-75.1716, , 
 ,76044,2012004282,6,67,67301,2011,12,4,1050,10,1,1,0,4,1, , ,N,0,0,0,3,0,1,2,2,N,N,39 59:51.443,75 10:01.867,1055, ,1053, ,0, , , ,0, , , , , ,872055, , , ,2,2,0,0,0,0,0,0,0,0,0,1,1,0,0,0,0,0,0,0,0,0,1,1,0,0,0,0,0,0,0,0,0,0,0,4,0,39.9976,-75.1672, , 
 ,76045,2012002128,6,67,67301,2011,12,7,830,8,1,1,0,7,4, , ,N,7,0,2,3,0,1,1,1,N,N,40 00:28.486,75 11:30.684,915, ,915, ,0, , , ,0, , , , , ,872065, , , ,1,1,0,0,0,0,0,0,0,0,0,1,1,0,0,0,0,0,0,0,0,0,0,0,0,0,0,0,0,0,0,0,0,0,0,4,0,40.0079,-75.1919, , 
 ,76046,2012004844,6,67,67301,2011,12,4,1805,18,3,2,1,2,1, , ,N,2,2,0,3,0,5,5,3,N,N,40 04:57.003,75 02:25.844,1809, ,1807,9,1,2,N, ,3,N, , , , ,872067, , , ,3,2,0,0,0,0,1,0,0,0,0,5,5,0,0,0,0,1,0,0,2,0,0,3,0,0,0,0,0,0,0,0,0,0,0,4,0,40.0825,-75.0405, , 
 ,76047,2012026174,6,67,67301,2011,12,6,2102,21,3,1,0,8,1, , ,N,1,2,0,3,0,1,2,2,N, ,39 56:33.590,75 14:11.173,2104, ,2104, ,0, , , ,3, , , , , ,872069, , , ,1,1,0,0,0,0,0,0,0,0,1,0,1,0,1,0,0,0,0,0,0,0,0,1,0,0,0,0,0,0,0,0,1,0,0,3,0,39.9427,-75.2364, , 
 ,76048,2011118483,6,67,67301,2011,10,2,1240,12,1,1,0,8,1, , ,N,1,3,0,3,0,1,2,2,N,N,40 02:13.700,75 02:23.793,1305, ,1303, ,0, , , ,3, , , , , ,872072, , , ,1,0,0,0,0,0,0,1,0,0,0,1,1,0,0,0,0,0,0,0,0,0,0,0,0,0,0,0,0,0,0,0,1,0,0,4,0,40.0371,-75.0398, , 
 ,76049,2011085762,6,67,67301,2011,8,7,1242,12,1,1,0,1,1, , ,N,0,0,0,3,0,4,4,3,N,N,39 55:36.494,75 11:41.394,1248, ,1247,2,1,4,N, ,0,Y, , , , ,872081, , , ,3,1,0,1,1,0,0,0,0,0,0,4,4,0,0,0,0,0,0,0,1,0,1,0,0,0,0,0,0,0,0,0,0,0,0,4,1,39.9268,-75.1948, , 
 ,76050,2011089720,6,67,67301,2011,8,2,819,8,1,1,0,1,1, , ,N,0,0,0,3,0,1,2,2,N,N,40 01:22.689,75 02:09.637,826, ,819,1,1,2,N, ,0,N, , , , ,872084, , , ,2,1,1,0,0,0,0,0,0,0,0,1,1,0,0,0,0,0,0,0,1,1,0,0,0,0,0,0,0,0,0,0,0,0,0,4,0,40.023,-75.0359, , 
 ,76051,2011090582,6,67,67301,2011,7,5,125,1,3,1,0,4,1, , ,N,1,2,0,3,0,2,7,2,N, ,39 57:30.005,75 09:55.764,135, ,125, ,0, , , ,3, , , , , ,872086, , , ,2,2,0,0,0,0,0,0,0,0,2,0,2,0,0,0,0,1,0,0,0,0,0,0,0,0,0,0,0,0,0,0,0,0,0,3,0,39.9585,-75.1656, , 
 ,76052,2011082410,6,67,67301,2011,7,3,1255,12,1,1,0,1,1, , ,N,1,2,0,3,0,2,4,2,N, ,40 01:17.655,75 07:27.663,9999, ,9999, ,0, , , ,3, , , , , ,872115, , , ,2,2,0,0,0,0,0,0,0,0,0,0,2,2,0,0,0,0,0,0,1,0,0,2,0,0,0,0,0,0,0,0,0,0,0,8,0,40.0216,-75.1244, , 
 ,76053,2011090576,6,67,67301,2011,8,6,930,9,1,1,0,4,6, , ,N,0,0,0,3,0,1,2,2,N, ,39 59:02.258,75 09:23.942,1145, ,1137, ,0, , , ,0, , , , , ,866595, , , ,1,1,0,0,0,0,0,0,1,0,0,0,1,1,0,0,0,0,0,0,0,0,0,0,0,0,0,0,0,0,0,0,0,0,0,8,0,39.984,-75.1567, , 
 ,76054,2011096021,6,67,67301,2011,9,6,1129,11,1,1,0,7,4, , ,N,0,0,0,3,0,3,3,1,N,N,40 03:08.741,74 59:14.346,1137, ,1133,1,1,1,N, ,0,N, , , , ,866606, , , ,1,1,0,0,0,0,0,0,0,0,0,3,3,0,0,0,0,0,0,0,1,0,0,0,0,0,0,0,0,0,0,0,0,0,0,4,0,40.0523,-74.9874, , 
 ,76055,2011100717,6,67,67301,2011,9,3,535,5,1,2,1,4,1, , ,N,1,2,0,3,0,2,2,2,N,N,40 02:33.169,75 07:44.993,543, ,537, ,0, ,N, ,2, , , , , ,866609, , , ,2,1,0,0,0,0,0,1,0,0,0,2,2,0,0,0,0,0,0,0,1,0,0,0,0,0,0,0,0,0,0,0,0,0,0,4,0,40.0425,-75.1292, , 
U,76056,2011112320,6,67,67301,2011,10,3,1700,17,1,1,0,4,1,8,8,Y,1,2,0,3,0,2,4,4,N,N,40 02:44.934,74 59:40.960,1710,99,1703,2,2,5,N, ,3,Y,U,U,U,U,866616,U,U,U,4,1,0,0,1,1,1,0,0,0,0,2,2,0,0,0,0,0,0,0,0,0,0,2,0,0,0,0,0,0,0,0,0,0,0,4,1,40.0458,-74.9947, , 
 ,76057,2011134771,6,67,67301,2011,11,3,2000,20,3,2,1,4,1, , ,N,1,2,0,3,0,1,2,2,N,N,40 03:24.250,75 02:48.711,2015, ,2008,1,1,3,N, ,3,N, , , , ,866643, , , ,2,2,0,0,0,0,0,0,0,0,0,1,1,0,0,0,0,0,0,0,2,0,0,0,0,0,0,0,0,0,0,0,0,0,0,4,0,40.0567,-75.0469, , 
 ,76058,2012004775,6,67,67301,2011,12,5,1815,18,3,1,0,4,1, , ,N,1,2,0,3,0,2,2,2,N,N,39 55:01.859,75 14:46.691,1826, ,1823, ,0, ,N, ,3, , , , , ,866646, , , ,2,1,0,0,0,0,1,0,0,0,0,2,2,0,0,0,0,0,0,0,0,0,0,0,0,0,0,0,0,0,0,0,0,0,0,4,0,39.9172,-75.2463, , 
 ,76059,2011100739,6,67,67301,2011,9,6,830,8,1,1,0,8,1, , ,N,2,2,0,3,0,1,2,2,N,N,39 57:08.987,75 10:37.232,838, ,835, ,0, , , ,3, , , , , ,866656, , , ,1,1,0,0,0,0,0,0,0,0,1,0,1,0,0,0,0,0,0,0,0,0,0,1,0,0,0,0,0,0,0,0,1,0,0,3,0,39.9525,-75.177, , 
 ,76060,2011112327,6,67,67301,2011,9,5,28,0,3,1,1,7,5, , ,N,0,0,0,3,0,1,1,1,N,N,39 56:08.048,75 14:05.322,50, ,28, ,0, ,N, ,0, , , , , ,866665, , , ,1,1,0,0,0,0,0,0,0,0,0,1,1,0,0,0,0,0,0,0,1,0,0,0,0,0,0,0,0,0,0,0,0,0,0,4,0,39.9356,-75.2348, , 
 ,76061,2012010098,6,67,67301,2011,12,4,1610,16,3,1,0,7,3, , ,N,0,0,3,3,0,0,1,1,N, ,39 55:15.784,75 11:41.322,1618, ,1616, ,0, , , ,0, , , , , ,866673, , , ,1,1,0,0,0,0,0,0,0,0,0,0,0,0,0,0,0,0,0,0,0,0,0,0,0,0,0,0,0,0,0,0,0,0,0,0,0,39.921,-75.195, , 
 ,76062,2011100830,6,67,67301,2011,9,2,1733,17,1,1,0,4,1, , ,N,3,2,0,3,0,2,2,2,N,N,40 00:48.312,75 07:20.668,1740, ,1736, ,0, ,N, ,3, , , , , ,866675, , , ,2,1,0,0,0,0,0,1,0,0,0,2,2,0,0,0,0,0,1,0,0,0,0,0,0,0,0,0,0,0,0,0,0,0,0,4,0,40.0134,-75.1224, , 
 ,76063,2011106668,6,67,67301,2011,9,4,1600,16,1,2,1,6,1, , ,N,0,0,7,3,0,2,3,2,N,N,40 04:42.933,75 04:12.284,1610, ,1600, ,0, ,N, ,0, , , , , ,866679, , , ,2,2,0,0,0,0,0,0,0,0,0,0,2,2,1,0,0,0,0,0,0,0,0,1,0,0,0,0,0,0,0,0,0,0,0,8,0,40.0786,-75.0701, , 
 ,76064,2011122819,6,67,67301,2011,10,1,2215,22,2,1,0,8,1, , ,N,1,2,0,3,0,1,2,2,N,N,39 56:25.327,75 14:11.791,2307, ,2223, ,0, ,N, ,3, , , , , ,866691, , , ,1,1,0,0,0,0,0,0,0,0,0,1,1,0,0,0,0,0,0,0,1,0,0,0,0,0,0,0,0,0,0,0,1,0,0,4,0,39.9404,-75.2366, , 
 ,76065,2011132832,6,67,67301,2011,11,2,1120,11,1,1,0,4,6, , ,N,0,0,0,3,0,0,1,2,N,N,39 59:12.390,75 06:34.798,1130, ,1124, ,0, ,N, ,0, , , , , ,866700, , , ,2,2,0,0,0,0,0,0,0,0,0,0,0,0,0,0,0,0,0,0,0,0,0,0,0,0,0,0,0,0,0,0,0,0,0,0,0,39.9868,-75.1097, , 
 ,76066,2012022696,6,67,67301,2011,8,7,2130,21,1,9,0,1,1, , ,N,1,9,0,3,0,3,4,2,N,N,39 55:41.120,75 13:19.034,0, ,0, ,0, ,N, ,9, , , , , ,866706, , , ,2,2,0,0,0,0,0,0,0,0,0,0,3,3,1,0,0,0,0,0,1,0,0,0,0,0,0,0,0,0,0,0,0,0,0,8,0,39.9281,-75.222, , 
 ,76067,2011132625,6,67,67301,2011,11,3,1400,14,1,2,1,7,1, , ,N,0,0,0,3,0,3,3,1,N,N,39 58:09.799,75 11:06.590,9999, ,1405,1,1,1,N, ,0,Y, , , , ,866713, , , ,1,0,0,0,0,0,0,1,0,0,0,3,3,0,0,0,0,0,0,0,0,0,0,0,0,0,0,0,0,0,0,0,0,0,0,4,0,39.9694,-75.1852, , 
 ,76068,2011122768,6,67,67301,2011,11,3,1630,16,1,1,0,2,1, , ,N,0,8,0,3,0,1,3,2,N,N,40 07:28.015,75 00:53.807,1650, ,1642,1,1,1,N, ,2,N, , , , ,866746, , , ,2,1,0,0,0,0,0,1,0,0,0,0,1,1,0,0,0,0,0,0,1,0,0,0,0,0,0,0,0,0,0,0,0,0,0,8,0,40.1244,-75.0149, , 