wz_ln_closure,objectid_1,crn,district,county,municipality,crash_year,crash_month,day_of_week,time_of_day,hour_of_day,illumination,weather,road_condition,collision_type,relation_to_road,work_zone_type,work_zone_loc,work_zone_ind,intersect_type,tcd_type,location_type,urban_rural,fatal_count,injury_count,person_count,total_units,sch_bus_ind,sch_zone_ind,latitude,longitude,arrival_tm,cons_zone_spd_lim,dispatch_tm,est_hrs_closed,lane_closed,ln_close_dir,ntfy_hiwy_maint,spec_juris_cd,tcd_func_cd,tfc_detour_ind,workers_pres,wz_close_detour,wz_flagger,wz_law_offcr_ind,objectid,wz_moving,wz_other,wz_shlder_mdn,vehicle_count,automobile_count,motorcycle_count,bus_count,small_truck_count,heavy_truck_count,suv_count,van_count,bicycle_count,maj_inj_count,mod_inj_count,min_inj_count,tot_inj_count,unk_inj_deg_count,unk_inj_per_count,driver_count_16yr,driver_count_17yr,driver_count_18yr,driver_count_19yr,driver_count_20yr,driver_count_50_64yr,driver_count_65_74yr,driver_count_75plus,unbelted_occ_count,unb_death_count,unb_maj_inj_count,belted_death_count,belted_maj_inj_count,mcycle_death_count,mcycle_maj_inj_count,bicycle_death_count,bicycle_maj_inj_count,ped_count,ped_death_count,ped_maj_inj_count,max_severity_level,comm_veh_count,dec_lat,dec_long,rdwy_surf_type_cd,county_name
 ,76136,2011132851,6,67,67301,2011,11,2,1750,17,1,1,0,7,4, , ,N,0,0,7,3,0,1,2,1,N,N,40 02:10.906,75 03:11.631,2005, ,1957, ,0, ,N, ,0, , , , , ,869380, , , ,1,0,0,0,0,0,1,0,0,0,0,1,1,0,0,0,0,0,0,0,0,0,0,0,0,0,0,0,0,0,0,0,0,0,0,4,0,40.0364,-75.0532, , 
 ,76137,2011132914,6,67,67301,2011,11,3,720,7,1,2,1,8,1, , ,N,2,2,0,3,0,1,2,2,N,N,39 57:45.749,75 09:47.159,723, ,723,2,2,2,N, ,3,Y, , , , ,869381, , , ,1,0,0,0,0,0,1,0,0,0,0,1,1,0,0,0,0,0,0,0,0,0,0,0,0,0,0,0,0,0,0,0,1,0,0,4,0,39.9627,-75.1631, , 
 ,76138,2011126031,6,67,67301,2011,11,4,7,0,3,2,1,1,2, , ,N,0,0,0,3,0,0,1,2,N,N,39 59:32.557,75 12:04.484,15, ,15,1,1,4,N, ,0,N, , , , ,869407, , , ,2,1,0,0,0,0,1,0,0,0,0,0,0,0,0,0,0,0,0,0,0,0,0,0,0,0,0,0,0,0,0,0,0,0,0,0,0,39.9924,-75.2012, , 
 ,76139,2011129159,6,67,67301,2011,12,1,1158,11,1,1,0,1,1, , ,N,0,0,0,3,0,4,7,3,N,N,39 58:45.970,75 06:29.509,1158, ,1158,2,1,1,N, ,0,N, , , , ,866920, , , ,3,0,0,0,2,0,0,1,0,1,0,3,4,0,0,0,0,0,0,0,0,0,0,0,0,0,0,1,0,0,0,0,0,0,0,2,0,39.9794,-75.1082, , 
 ,76140,2011114836,6,67,67301,2011,10,1,315,3,2,8,5,7,4, , ,N,0,0,0,3,0,0,1,1,N,N,40 02:30.385,75 00:15.519,329, ,318,2,1,2,N, ,0,N, , , , ,866939, , , ,1,1,0,0,0,0,0,0,0,0,0,0,0,0,0,0,0,0,0,0,0,0,0,0,0,0,0,0,0,0,0,0,0,0,0,0,0,40.0418,-75.0043, , 
 ,76141,2011115483,6,67,67301,2011,10,6,1005,10,1,1,0,8,1, , ,N,2,0,0,3,0,1,2,2,N,N,40 02:44.732,75 08:35.371,1018, ,1017, ,0, ,N, ,0, , , , , ,866941, , , ,1,0,0,0,0,0,1,0,0,0,0,0,1,1,0,0,0,0,0,0,0,0,0,0,0,0,0,0,0,0,0,0,1,0,0,8,0,40.0458,-75.1432, , 
 ,76142,2011121181,6,67,67301,2011,11,1,2206,22,3,1,0,7,3, , ,N,0,0,0,3,0,0,1,1,N,N,40 02:06.705,75 01:05.934,2209, ,2207,1,1,2,N, ,0,N, , , , ,866944, , , ,1,1,0,0,0,0,0,0,0,0,0,0,0,0,0,0,0,0,0,0,0,0,0,0,0,0,0,0,0,0,0,0,0,0,0,0,0,40.0352,-75.0182, , 
 ,76143,2011132855,6,67,67301,2011,11,3,1600,16,1,1,0,4,1, , ,N,2,2,0,3,0,2,2,2,N,N,39 57:25.376,75 14:45.124,1604, ,1603, ,0, ,N, ,3, , , , , ,866951, , , ,2,2,0,0,0,0,0,0,0,0,1,1,2,0,0,0,0,0,0,0,0,1,0,0,0,0,0,0,0,0,0,0,0,0,0,3,0,39.957,-75.2459, , 
 ,76144,2012002027,6,67,67301,2011,12,7,600,6,1,1,0,5,1, , ,N,1,2,0,3,0,1,3,2,N,N,39 57:37.219,75 10:25.442,609, ,609,1,1,2,N, ,3,Y, , , , ,866956, , , ,2,2,0,0,0,0,0,0,0,0,1,0,1,0,0,0,0,0,0,0,0,0,0,0,0,0,0,0,0,0,0,0,0,0,0,3,0,39.9603,-75.1737, , 
 ,76145,2012004321,6,67,67301,2011,12,5,1230,12,1,1,0,4,1, , ,N,2,3,0,3,0,2,2,2,N, ,40 01:11.938,75 06:41.817,1255, ,1250, ,0, , , ,3, , , , , ,866957, , , ,2,1,0,0,0,0,1,0,0,0,0,2,2,0,0,0,0,0,0,0,0,1,0,0,0,0,0,0,0,0,0,0,0,0,0,4,0,40.02,-75.1116, , 
 ,76146,2012005006,6,67,67301,2011,12,2,1708,17,2,1,0,8,1, , ,N,1,2,0,3,0,1,2,2,N,N,40 03:16.730,75 08:58.930,1726, ,1724, ,0, ,N, ,3, , , , , ,866958, , , ,1,0,0,0,0,0,0,0,0,0,0,0,1,1,1,0,0,0,0,0,0,0,0,0,0,0,0,0,0,0,0,0,1,0,0,8,0,40.0546,-75.1497, , 
 ,76147,2011134692,6,67,67301,2011,11,2,1550,15,1,1,0,1,1, , ,N,2,2,0,3,0,1,3,2,N,N,40 03:05.231,75 00:32.643,1600, ,1554, ,0, , , ,3, , , , , ,866981, , , ,2,1,0,0,0,0,1,0,0,0,0,1,1,0,0,0,0,0,0,0,0,0,0,3,0,0,0,0,0,0,0,0,0,0,0,4,0,40.0515,-75.0091, , 
 ,76148,2012009997,6,67,67301,2011,12,4,2200,22,3,1,0,4,1, , ,N,1,3,0,3,0,0,4,4,N,N,39 58:59.466,75 06:54.921,2204, ,2203, ,0, ,N, ,3, , , , , ,866986, , , ,4,3,0,0,1,0,0,0,0,0,0,0,0,0,0,0,0,0,0,0,0,0,0,0,0,0,0,0,0,0,0,0,0,0,0,0,0,39.9832,-75.1153, , 
 ,76149,2012010124,6,67,67301,2011,12,6,850,8,1,1,0,5,6, , ,N,0,0,0,3,0,0,1,2,N,N,40 03:09.027,75 10:34.547,912, ,850, ,0, ,N, ,0, , , , , ,866987, , , ,2,2,0,0,0,0,0,0,0,0,0,0,0,0,0,0,0,0,0,0,0,0,0,0,0,0,0,0,0,0,0,0,0,0,0,0,0,40.0525,-75.1763, , 
 ,76150,2011126451,6,67,67301,2011,11,3,1537,15,1,1,0,0,1, , ,N,2,0,0,3,0,1,2,1,N, ,40 05:06.154,74 58:29.553,1559, ,1557, ,0, , , ,0, , , , , ,867013, , , ,1,0,1,0,0,0,0,0,0,0,0,1,1,0,0,0,0,0,0,0,1,0,0,0,0,0,0,0,0,0,0,0,0,0,0,4,0,40.085,-74.9749, , 
 ,76151,2012002541,6,67,67301,2011,11,4,9999,99,3,1,0,4,1, , ,N,0,0,7,3,0,3,4,2,N,N,40 01:03.797,75 08:59.408,1931, ,1929,1,1,4,N, ,0,N, , , , ,867027, , , ,2,2,0,0,0,0,0,0,0,0,0,0,3,3,0,0,0,0,0,0,0,0,0,0,0,0,0,0,0,0,0,0,0,0,0,8,0,40.0177,-75.1498, , 
 ,76152,2012004960,6,67,67301,2011,12,6,1530,15,1,1,0,7,5, , ,N,1,2,0,3,0,0,3,1,N, ,39 56:49.048,75 09:16.145,1538, ,1535,1,1,2, , ,3,N, , , , ,867029, , , ,1,1,0,0,0,0,0,0,0,0,0,0,0,0,0,0,0,0,0,0,0,0,0,0,0,0,0,0,0,0,0,0,0,0,0,0,0,39.947,-75.1545, , 
 ,76153,2011118205,6,67,67301,2011,10,4,1530,15,1,2,1,1,1, , ,N,0,0,0,3,0,2,2,2,N,N,40 01:39.590,75 11:27.400,1546, ,1546, ,0, ,N, ,0, , , , , ,867030, , , ,2,2,0,0,0,0,0,0,0,0,0,0,2,2,0,0,0,0,0,0,0,0,0,0,0,0,0,0,0,0,0,0,0,0,0,8,0,40.0277,-75.1909, , 
 ,76154,2011126438,6,67,67301,2011,11,7,1200,12,1,1,0,8,6, , ,N,0,2,0,3,0,1,2,2,N,N,39 59:00.084,75 08:49.791,1330, ,1315, ,0, ,N, ,9, , , , , ,867038, , , ,1,1,0,0,0,0,0,0,0,0,0,1,1,0,0,0,0,0,0,0,1,0,0,0,0,0,0,0,0,0,0,0,1,0,0,4,0,39.9834,-75.1472, , 
 ,76155,2011126625,6,67,67301,2011,11,7,2225,22,3,1,0,7,3, , ,N,7,0,2,3,0,2,2,1,N,N,40 00:01.860,75 04:47.686,2249, ,2240, ,0, ,N, ,0, , , , , ,867039, , , ,1,1,0,0,0,0,0,0,0,0,0,2,2,0,0,0,0,0,1,0,0,0,0,1,0,0,0,0,0,0,0,0,0,0,0,4,0,40.0003,-75.0836, , 
 ,76156,2012001916,6,67,67301,2011,12,1,9999,99,3,1,0,1,2, , ,N,0,0,0,3,0,1,1,3,N,N,40 04:02.650,75 09:18.993,322, ,319, ,0, ,N, ,0, , , , , ,867071, , , ,3,2,0,0,0,0,0,1,0,0,0,1,1,0,0,0,0,0,0,0,1,0,0,0,0,0,0,0,0,0,0,0,0,0,0,4,0,40.0674,-75.1553, , 
 ,76157,2011118133,6,67,67301,2011,10,2,545,5,5,1,0,8,9, , ,N,0,0,0,3,0,1,2,2,N,N,39 58:46.362,75 09:39.758,550, ,545, ,0, , , ,0, , , , , ,867078, , , ,1,0,0,0,0,0,1,0,0,0,0,1,1,0,0,0,0,0,0,0,0,0,0,0,0,0,0,0,0,0,0,0,1,0,0,4,0,39.9795,-75.161, , 
 ,76158,2012005024,6,67,67301,2011,12,2,1417,14,1,1,0,4,1, , ,N,1,2,0,3,0,3,4,2,N,N,39 56:02.677,75 08:57.379,1427, ,1421, ,0, ,N, ,3, , , , , ,869419, , , ,2,2,0,0,0,0,0,0,0,0,0,0,3,3,0,0,0,0,0,0,2,0,0,0,0,0,0,0,0,0,0,0,0,0,0,8,0,39.9341,-75.1493, , 
 ,76159,2012012682,6,67,67301,2011,12,1,1825,18,3,1,0,1,1, , ,N,2,2,0,3,0,5,7,5,N,N,40 02:12.961,75 08:42.306,1826, ,1825,3,2,5,N, ,3,Y, , , , ,869420, , , ,5,3,0,0,1,1,0,0,0,0,0,3,5,2,0,0,0,0,0,0,0,0,0,2,0,0,0,0,0,0,0,0,0,0,0,4,1,40.0369,-75.1451, , 
 ,76160,2011133106,6,67,67301,2011,11,4,840,8,1,2,1,4,1, , ,N,1,0,3,3,0,1,14,2,N,N,39 59:39.890,75 11:30.720,915, ,912, ,0, ,N, ,0, , , , , ,869435, , , ,2,0,0,0,1,0,0,1,0,0,0,1,1,0,1,0,0,0,0,0,0,0,0,12,0,0,0,0,0,0,0,0,0,0,0,4,0,39.9944,-75.1919, , 
 ,76161,2011134745,6,67,67301,2011,12,3,1536,15,1,2,1,7,3, , ,N,1,2,0,3,0,0,1,1,N,N,40 01:43.905,75 06:21.601,1542, ,1536,1,1,1,N, ,3,N, , , , ,869437, , , ,1,1,0,0,0,0,0,0,0,0,0,0,0,0,0,0,0,0,0,0,0,0,0,0,0,0,0,0,0,0,0,0,0,0,0,0,0,40.0289,-75.106, , 
 ,76162,2013003732,6,67,67301,2011,3,1,818,8,1,1,0,4,1, , ,N,1,2,0,3,0,0,4,2,N,N,40 01:46.571,75 05:12.580,823, ,819,9,1,2,N, ,3,N, , , , ,869442, , , ,2,2,0,0,0,0,0,0,0,0,0,0,0,0,0,0,0,0,0,0,0,0,0,0,0,0,0,0,0,0,0,0,0,0,0,0,0,40.0296,-75.0868, , 
 ,76163,2011134744,6,67,67301,2011,12,3,9999,99,2,2,1,8,1, , ,N,2,3,0,3,0,1,2,2,N,N,40 02:19.245,75 02:07.797,1816, ,1812, ,0, ,N, ,3, , , , , ,869457, , , ,1,0,0,0,1,0,0,0,0,0,1,0,1,0,0,0,0,0,0,0,0,0,0,0,0,0,0,0,0,0,0,0,1,0,0,3,0,40.0387,-75.0355, , 
 ,76164,2011118200,6,67,67301,2011,10,4,1200,12,1,2,1,8,1, , ,N,1,2,0,3,0,1,2,2,N,N,39 56:46.615,75 10:42.045,1215, ,1209,9,1,4,N, ,3,N, , , , ,869465, , , ,1,0,0,0,0,0,1,0,0,0,0,1,1,0,0,0,0,0,0,0,0,0,0,0,0,0,0,0,0,0,0,0,1,0,0,4,0,39.9463,-75.1783, , 
 ,76165,2011126388,6,67,67301,2011,11,7,1108,11,1,1,0,4,1, , ,N,1,3,0,3,0,1,2,2,N,N,39 59:46.230,75 11:45.240,1130, ,1115, ,0, ,N, ,3, , , , , ,869475, , , ,1,1,0,0,0,0,0,0,1,0,0,1,1,0,0,0,0,0,0,0,0,0,1,0,0,0,0,0,0,0,0,0,0,0,0,4,0,39.9962,-75.1959, , 
 ,76166,2012006937,6,67,67301,2011,12,2,622,6,1,1,0,7,2, , ,N,6,0,2,3,0,0,1,1,N,N,39 57:26.617,75 08:49.702,629, ,624,1,2,3,N, ,0,Y, , , , ,869490, , , ,1,1,0,0,0,0,0,0,0,0,0,0,0,0,1,0,0,0,0,0,0,0,0,0,0,0,0,0,0,0,0,0,0,0,0,9,0,39.9574,-75.1471, , 
 ,76167,2012010045,6,67,67301,2011,12,2,2315,23,3,1,0,7,4, , ,N,3,0,0,3,0,3,3,1,N,N,40 01:56.755,75 11:15.640,2322, ,2317, ,0, ,N, ,0, , , , , ,869491, , , ,1,1,0,0,0,0,0,0,0,0,0,0,3,3,0,0,0,0,0,0,0,0,0,0,0,0,0,0,0,0,0,0,0,0,0,8,0,40.0324,-75.1877, , 
 ,76168,2011081706,6,67,67301,2011,8,1,636,6,5,2,7,7,2, , ,N,0,0,0,3,0,0,1,1,N,N,39 55:42.410,75 11:47.515,702, ,637, ,0, ,N, ,0, , , , , ,869496, , , ,1,0,0,0,0,0,1,0,0,0,0,0,0,0,0,0,0,0,0,0,1,0,0,0,0,0,0,0,0,0,0,0,0,0,0,0,0,39.9284,-75.1965, , 
 ,76169,2011091029,6,67,67301,2011,8,6,9999,99,1,1,0,8,4, , ,N,1,2,0,3,0,2,3,3,N, ,40 03:00.190,75 09:01.655,815, ,808, ,0, , , ,3, , , , , ,869505, , , ,1,1,0,0,0,0,0,0,0,0,0,2,2,0,1,0,0,0,0,0,1,0,0,0,0,0,0,0,0,0,0,0,2,0,0,4,0,40.0501,-75.1505, , 
 ,76170,2012002754,6,67,67301,2011,12,2,1236,12,1,1,0,7,2, , ,N,0,0,0,3,0,1,1,1,N,N,39 58:49.037,75 06:16.902,1252, ,1238,2,1,1,N, ,0,N, , , , ,869542, , , ,1,0,0,0,0,0,1,0,0,0,1,0,1,0,0,0,0,0,0,1,0,0,0,0,0,0,0,0,0,0,0,0,0,0,0,3,0,39.9802,-75.1048, , 
 ,76171,2011066789,6,67,67301,2011,6,4,1401,14,1,1,0,1,1, , ,N,0,2,0,3,0,2,5,4,N,N,40 01:59.164,75 04:48.915,1445, ,1420,2,1,2,N, ,3,N, , , , ,869552, , , ,4,4,0,0,0,0,0,0,0,0,0,2,2,0,0,0,0,0,1,0,0,0,0,0,0,0,0,0,0,0,0,0,0,0,0,4,0,40.0331,-75.0802, , 
 ,76172,2011068738,6,67,67301,2011,6,4,1900,19,4,1,0,5,1, , ,N,0,0,0,3,0,1,2,2, , ,39 56:28.089,75 09:08.725,2020, ,2017, ,0, , , ,0, , , , , ,869553, , , ,1,1,0,0,0,0,0,0,1,0,1,0,1,0,1,0,0,0,0,0,0,0,0,0,0,0,0,0,0,0,0,0,0,0,0,3,0,39.9411,-75.1524, , 
 ,76173,2011082396,6,67,67301,2011,7,4,1110,11,1,1,0,8,1, , ,N,2,0,0,3,0,1,2,2,N,N,40 00:22.186,75 08:53.426,1135, ,1125, ,0, ,N, ,0, , , , , ,869568, , , ,1,1,0,0,0,0,0,0,0,0,0,0,1,1,0,0,0,0,0,0,0,0,0,1,0,0,0,0,0,0,0,0,1,0,0,8,0,40.0062,-75.1482, , 
 ,76174,2012002099,6,67,67301,2011,12,3,9999,99,6,2,1,8,1, , ,N,1,2,0,3,0,1,3,2,N,N,39 55:26.156,75 13:19.597,1805, ,1756, ,0, ,N, ,3, , , , , ,869591, , , ,1,1,0,0,0,0,0,0,0,0,0,0,1,1,0,0,0,0,0,0,0,0,0,0,0,0,0,0,0,0,0,0,1,0,0,8,0,39.9239,-75.2221, , 
 ,76175,2011115507,6,67,67301,2011,10,4,1740,17,3,2,1,1,1, , ,N,1,2,99,3,0,0,2,2,N, ,40 06:00.144,74 59:08.192,1749, ,1740, ,0, , , ,3, , , , , ,869596, , , ,2,1,0,0,0,0,1,0,0,0,0,0,0,0,0,0,0,0,0,0,1,0,0,2,0,0,0,0,0,0,0,0,0,0,0,0,0,40.1,-74.9856, , 
 ,76176,2011128896,6,67,67301,2011,11,4,405,4,3,2,1,0,2, , ,N,0,0,0,3,0,1,1,1,N,N,39 58:58.263,75 12:28.342,427, ,406,4,1,4,Y, ,0,N, , , , ,867094, , , ,1,0,0,0,0,1,0,0,0,0,0,1,1,0,0,0,0,0,0,0,0,0,0,0,0,0,0,0,0,0,0,0,0,0,0,4,1,39.9829,-75.2079, , 
 ,76177,2012017919,6,67,67301,2011,10,4,1815,18,1,1,0,4,1, , ,N,1,3,0,3,0,0,3,2,N,N,39 55:25.435,75 14:03.778,1827, ,1827,9,2,5,N, ,2,Y, , , , ,867102, , , ,2,1,0,0,0,0,0,1,0,0,0,0,0,0,0,0,0,0,0,0,0,0,0,0,0,0,0,0,0,0,0,0,0,0,0,0,0,39.9237,-75.2344, , 
 ,76178,2011118063,6,67,67301,2011,10,1,57,0,3,1,0,7,3, , ,N,2,0,0,3,0,0,2,1,N,N,39 55:32.679,75 08:41.002,107, ,105, ,0, ,N, ,0, , , , , ,867104, , , ,1,1,0,0,0,0,0,0,0,0,0,0,0,0,0,0,0,0,0,0,0,0,0,0,0,0,0,0,0,0,0,0,0,0,0,0,0,39.9257,-75.1447, , 
 ,76179,2011108801,6,67,67301,2011,10,2,2100,21,3,1,0,1,1, , ,N,1,2,0,3,0,1,5,2,N, ,40 01:31.355,75 04:23.942,2108, ,2103, ,0, , , ,3, , , , , ,867114, , , ,2,1,0,0,0,0,1,0,0,0,0,0,1,1,0,0,0,0,0,0,0,0,0,0,0,0,0,0,0,0,0,0,0,0,0,8,0,40.0254,-75.0733, , 
 ,76180,2011108945,6,67,67301,2011,9,1,9999,99,1,1,0,8,1, , ,N,0,0,0,3,0,1,2,2,N, ,39 58:58.760,75 07:12.424,1730, ,1728, ,0, , , ,0, , , , , ,867115, , , ,1,0,0,0,1,0,0,0,0,0,0,1,1,0,0,0,0,0,0,0,0,0,0,0,0,0,0,0,0,0,0,0,1,0,0,4,0,39.983,-75.1201, , 
 ,76181,2011116978,6,67,67301,2011,11,4,653,6,1,1,0,1,1, , ,N,0,0,0,3,0,2,4,3,N,N,39 57:13.450,75 10:53.099,653, ,653,2,1,1,N, ,0,N, , , , ,867120, , , ,3,2,0,0,0,0,0,1,0,0,2,0,2,0,0,0,0,0,0,0,1,1,0,2,0,0,0,0,0,0,0,0,0,0,0,3,0,39.9537,-75.1814, , 
 ,76182,2011126380,6,67,67301,2011,11,3,9999,99,1,1,0,4,1, , ,N,1,3,0,3,0,2,3,2,N, ,40 02:31.650,75 02:54.070,745, ,740,2,1,7, , ,3,N, , , , ,867128, , , ,2,1,0,1,0,0,0,0,0,0,0,0,2,2,0,0,0,0,0,0,0,0,0,0,0,0,0,0,0,0,0,0,0,0,0,8,1,40.0421,-75.0484, , 
 ,76183,2012020432,6,67,67301,2011,6,7,45,0,3,1,0,1,6, , ,N,0,2,0,3,0,2,2,2,N,N,40 02:04.852,75 00:56.434,9999, ,49,9,1,2,N, ,3,N, , , , ,867139, , , ,2,1,0,0,0,0,1,0,0,1,1,0,2,0,0,0,0,0,0,0,0,0,0,2,0,1,0,0,0,0,0,0,0,0,0,2,0,40.0347,-75.0157, , 
 ,76184,2011106671,6,67,67301,2011,9,6,1401,14,1,2,1,1,1, , ,N,0,0,0,3,0,1,2,3,N,N,40 02:52.800,75 08:29.716,1405, ,1402,1,2,2,N, ,0,Y, , , , ,867144, , , ,3,2,0,0,0,1,0,0,0,0,0,1,1,0,0,0,0,0,0,0,0,0,1,1,0,0,0,0,0,0,0,0,0,0,0,4,1,40.048,-75.1416, , 
 ,76185,2012004312,6,67,67301,2011,12,1,1556,15,1,1,0,4,1, , ,N,1,3,0,3,0,1,2,2,N,N,39 59:52.346,75 07:53.255,1600, ,1556,9,2,7,N, ,3,N, , , , ,867172, , , ,2,1,0,0,0,0,0,0,0,0,0,0,1,1,0,0,0,0,1,0,0,0,0,0,0,0,0,0,0,0,0,0,0,0,0,8,0,39.9979,-75.1315, , 
 ,76186,2011090410,6,67,67301,2011,7,6,730,7,1,1,0,4,1, , ,N,1,2,0,3,0,0,2,2,N,N,39 57:25.027,75 10:33.549,746, ,733,2,1,1,N, ,3,N, , , , ,867174, , , ,2,2,0,0,0,0,0,0,0,0,0,0,0,0,0,0,0,0,0,0,0,0,0,0,0,0,0,0,0,0,0,0,0,0,0,0,0,39.957,-75.176, , 
 ,76187,2011095470,6,67,67301,2011,7,3,1600,16,1,1,0,5,1, , ,N,2,3,0,3,0,1,3,3,N,N,39 54:26.168,75 13:41.483,1700, ,1600, ,0, , , ,3, , , , , ,867179, , , ,3,1,0,0,0,0,1,1,0,0,0,0,1,1,0,0,1,0,0,0,0,0,1,1,0,0,0,0,0,0,0,0,0,0,0,8,0,39.9073,-75.2282, , 
 ,76188,2011107701,6,67,67301,2011,9,1,211,2,3,1,0,7,2, , ,N,0,0,3,3,0,0,1,1,N,N,39 56:30.476,75 11:39.475,211, ,211,2,2,3,N, ,0,Y, , , , ,867187, , , ,1,1,0,0,0,0,0,0,0,0,0,0,0,0,0,0,0,0,0,1,0,0,0,0,0,0,0,0,0,0,0,0,0,0,0,0,0,39.9404,-75.1957, , 
 ,76189,2012027741,6,67,67301,2011,12,7,2309,23,3,1,0,4,1, , ,N,2,0,0,3,0,2,2,2,N,N,40 01:45.424,75 10:17.145,2313, ,2311, ,0, ,N, ,0, , , , , ,867215, , , ,2,2,0,0,0,0,0,0,0,0,2,0,2,0,0,0,0,0,0,0,0,0,0,2,0,0,0,0,0,0,0,0,0,0,0,3,0,40.0293,-75.1714, , 
 ,76190,2011112150,6,67,67301,2011,10,7,1252,12,1,1,0,4,1, , ,N,1,3,0,3,0,1,2,2,N, ,39 56:31.992,75 10:08.943,1257, ,1255, ,0, , , ,3, , , , , ,867227, , , ,1,0,0,0,1,0,0,0,1,0,0,1,1,0,0,0,0,0,0,0,0,0,0,0,0,0,0,0,0,0,0,0,0,0,0,4,0,39.9422,-75.1692, , 
 ,76191,2011132891,6,67,67301,2011,11,1,1844,18,3,1,0,4,1, , ,N,1,0,0,3,0,0,2,2,N,N,39 59:13.322,75 10:27.753,1852, ,1844, ,0, ,N, ,0, , , , , ,867239, , , ,2,1,0,0,0,0,1,0,0,0,0,0,0,0,2,0,0,0,0,0,0,0,0,0,0,0,0,0,0,0,0,0,0,0,0,9,0,39.987,-75.1744, , 
 ,76192,2012004345,6,67,67301,2011,12,6,1919,19,3,1,0,1,1, , ,N,2,9,0,3,0,1,3,2,N,N,40 02:25.794,75 08:39.500,1920, ,1920,1,1,2,N, ,9,N, , , , ,867256, , , ,2,1,0,0,0,0,1,0,0,0,0,1,1,0,0,0,1,0,0,0,1,0,0,0,0,0,0,0,0,0,0,0,0,0,0,4,0,40.0405,-75.1443, , 
 ,76193,2011127061,6,67,67301,2011,11,4,1815,18,3,2,1,8,1, , ,N,1,2,0,3,0,1,2,2,N,N,40 00:21.292,75 06:48.158,1817, ,1817, ,0, ,N, ,3, , , , , ,867274, , , ,1,0,0,0,0,0,1,0,0,0,1,0,1,0,1,0,0,0,0,0,1,0,0,1,0,0,0,0,0,0,0,0,1,0,0,3,0,40.0059,-75.1135, , 
 ,76194,2011118484,6,67,67301,2011,10,6,1940,19,3,1,0,4,1, , ,N,1,3,0,3,0,3,3,2,N,N,39 56:58.095,75 13:30.251,1948, ,1947, ,0, ,N, ,3, , , , , ,869598, , , ,2,2,0,0,0,0,0,0,0,0,0,3,3,0,0,0,0,0,0,0,2,0,0,0,0,0,0,0,0,0,0,0,0,0,0,4,0,39.9495,-75.2251, , 
 ,76195,2011131044,6,67,67301,2011,11,2,9999,99,1,1,0,4,1, , ,N,0,2,0,3,0,3,4,2,N, ,40 00:45.708,75 04:21.269,1020, ,1012, ,0, , , ,3, , , , , ,869605, , , ,2,1,0,0,0,0,1,0,0,0,0,0,3,3,0,0,0,0,0,0,1,0,0,0,0,0,0,0,0,0,0,0,0,0,0,8,0,40.0127,-75.0728, , 
 ,76196,2012018235,6,67,67301,2011,4,2,1750,17,4,1,0,1,1, , ,N,0,0,0,3,0,1,2,2,N,N,39 56:38.267,75 09:08.127,0, ,0, ,0, ,N, ,0, , , , , ,869613, , , ,2,1,0,0,0,0,1,0,0,0,0,0,1,1,0,0,0,0,0,0,2,0,0,0,0,0,0,0,0,0,0,0,0,0,0,8,0,39.944,-75.1523, , 
 ,76197,2012022655,6,67,67301,2011,9,2,1200,12,1,1,0,1,1, , ,N,1,2,0,3,0,2,3,2,N,N,40 03:59.367,75 11:46.819,0, ,0, ,0, ,N, ,3, , , , , ,869614, , , ,2,2,0,0,0,0,0,0,0,0,0,0,2,2,0,0,0,0,0,0,0,1,1,0,0,0,0,0,0,0,0,0,0,0,0,8,0,40.0665,-75.1963, , 
 ,76198,2012009983,6,67,67301,2011,12,2,1504,15,1,1,0,4,1, , ,N,1,2,0,3,0,2,6,2,N,N,39 56:21.685,75 13:03.003,1632, ,1630, ,0, ,N, ,3, , , , , ,869618, , , ,2,2,0,0,0,0,0,0,0,0,0,0,2,2,1,0,0,0,0,0,0,0,0,0,0,0,0,0,0,0,0,0,0,0,0,8,0,39.9394,-75.2175, , 
 ,76199,2011114839,6,67,67301,2011,10,1,403,4,3,4,6,7,2, , ,N,0,0,0,3,0,0,2,1,N,N,40 01:48.693,75 01:19.603,403, ,403,1,2,2,N, ,0,N, , , , ,869622, , , ,1,1,0,0,0,0,0,0,0,0,0,0,0,0,0,0,0,0,0,0,0,0,0,0,0,0,0,0,0,0,0,0,0,0,0,0,0,40.0303,-75.0221, , 
 ,76200,2011132702,6,67,67301,2011,11,3,1010,10,1,1,0,8,6, , ,N,0,0,0,3,0,1,2,2,N,N,39 57:16.632,75 11:38.555,1025, ,1023, ,0, ,N, ,0, , , , , ,869639, , , ,1,1,0,0,0,0,0,0,0,0,0,1,1,0,0,0,0,0,0,0,0,0,0,0,0,0,0,0,0,0,0,0,1,0,0,4,0,39.9546,-75.1941, , 
 ,76201,2012004215,6,67,67301,2011,12,1,2218,22,3,1,0,1,1, , ,N,1,2,0,3,0,0,2,2,N,N,39 55:17.972,75 11:24.679,2245, ,2234, ,0, ,N, ,3, , , , , ,869643, , , ,2,2,0,0,0,0,0,0,0,0,0,0,0,0,0,0,0,0,0,0,0,0,0,0,0,0,0,0,0,0,0,0,0,0,0,0,0,39.9217,-75.1902, , 