wz_ln_closure,objectid_1,crn,district,county,municipality,crash_year,crash_month,day_of_week,time_of_day,hour_of_day,illumination,weather,road_condition,collision_type,relation_to_road,work_zone_type,work_zone_loc,work_zone_ind,intersect_type,tcd_type,location_type,urban_rural,fatal_count,injury_count,person_count,total_units,sch_bus_ind,sch_zone_ind,latitude,longitude,arrival_tm,cons_zone_spd_lim,dispatch_tm,est_hrs_closed,lane_closed,ln_close_dir,ntfy_hiwy_maint,spec_juris_cd,tcd_func_cd,tfc_detour_ind,workers_pres,wz_close_detour,wz_flagger,wz_law_offcr_ind,objectid,wz_moving,wz_other,wz_shlder_mdn,vehicle_count,automobile_count,motorcycle_count,bus_count,small_truck_count,heavy_truck_count,suv_count,van_count,bicycle_count,maj_inj_count,mod_inj_count,min_inj_count,tot_inj_count,unk_inj_deg_count,unk_inj_per_count,driver_count_16yr,driver_count_17yr,driver_count_18yr,driver_count_19yr,driver_count_20yr,driver_count_50_64yr,driver_count_65_74yr,driver_count_75plus,unbelted_occ_count,unb_death_count,unb_maj_inj_count,belted_death_count,belted_maj_inj_count,mcycle_death_count,mcycle_maj_inj_count,bicycle_death_count,bicycle_maj_inj_count,ped_count,ped_death_count,ped_maj_inj_count,max_severity_level,comm_veh_count,dec_lat,dec_long,rdwy_surf_type_cd,county_name
 ,76202,2012021316,6,67,67301,2011,7,3,2155,21,6,1,0,4,1, , ,N,0,0,7,3,0,2,4,2, , ,40 03:18.658,75 05:24.455,0, ,0, ,0, , , ,0, , , , , ,869645, , , ,2,2,0,0,0,0,0,0,0,0,0,1,2,1,0,0,0,0,0,0,0,0,0,0,0,0,0,0,0,0,0,0,0,0,0,4,0,40.0552,-75.0901, , 
 ,76203,2011082537,6,67,67301,2011,7,2,1340,13,1,1,0,4,1, , ,N,2,0,0,3,0,3,5,2,N, ,40 01:11.539,75 06:38.937,1350, ,1345, ,0, , , ,0, , , , , ,869662, , , ,2,2,0,0,0,0,0,0,0,0,0,0,3,3,0,0,0,0,0,0,2,0,0,0,0,0,0,0,0,0,0,0,0,0,0,8,0,40.0199,-75.1108, , 
 ,76204,2011118889,6,67,67301,2011,10,1,1251,12,1,1,0,4,1, , ,N,0,0,3,3,0,2,4,2,N,N,39 53:33.513,75 11:49.830,1314, ,1255,2,1,1,N, ,0,N, , , , ,869666, , , ,2,1,0,0,0,0,0,1,0,0,2,0,2,0,1,0,0,0,0,0,0,0,0,0,0,0,0,0,0,0,0,0,0,0,0,3,0,39.8926,-75.1972, , 
 ,76205,2012004916,6,67,67301,2011,12,1,1628,16,1,1,0,4,1, , ,N,2,2,0,3,0,4,6,2,N,N,40 01:18.103,75 08:23.224,1634, ,1630,1,1,4,N, ,3,N, , , , ,869679, , , ,2,2,0,0,0,0,0,0,0,0,0,2,4,2,0,0,0,0,0,0,0,0,0,1,0,0,0,0,0,0,0,0,0,0,0,4,0,40.0217,-75.1398, , 
 ,76206,2012010008,6,67,67301,2011,12,5,1250,12,1,1,0,1,1, , ,N,1,2,0,3,0,0,2,2,N, ,39 55:54.074,75 10:05.339,1308, ,1301, ,0, , , ,3, , , , , ,869693, , , ,2,1,0,0,0,0,1,0,0,0,0,0,0,0,0,0,0,0,0,0,0,0,0,0,0,0,0,0,0,0,0,0,0,0,0,0,0,39.9317,-75.168, , 
 ,76207,2011115489,6,67,67301,2011,10,4,9999,99,3,2,1,8,1, , ,N,1,3,0,3,0,1,2,2,N,Y,39 54:32.202,75 14:55.784,1939, ,1933, ,0, ,N, ,3, , , , , ,869698, , , ,1,1,0,0,0,0,0,0,0,0,0,0,1,1,0,0,0,0,0,0,0,0,0,0,0,0,0,0,0,0,0,0,1,0,0,8,0,39.9089,-75.2488, , 
 ,76208,2011118095,6,67,67301,2011,10,1,830,8,1,1,0,8,1, , ,N,1,2,0,3,0,1,2,2,N,N,39 57:39.747,75 08:41.293,834, ,832, ,0, ,N, ,3, , , , , ,869701, , , ,1,1,0,0,0,0,0,0,0,0,1,0,1,0,0,0,0,0,0,0,1,0,0,0,0,0,0,0,0,0,0,0,1,0,0,3,0,39.9609,-75.145, , 
 ,76209,2011118059,6,67,67301,2011,10,2,940,9,1,1,0,1,1, , ,N,0,0,7,3,0,8,11,2,N,N,39 59:21.780,75 09:19.672,949, ,941, ,0, , , ,0, , , , , ,869721, , , ,2,1,0,1,0,0,0,0,0,0,0,0,8,8,0,0,0,0,0,0,0,0,0,0,0,0,0,0,0,0,0,0,0,0,0,8,1,39.9894,-75.1555, , 
 ,76210,2011126440,6,67,67301,2011,11,6,1930,19,3,1,0,4,1, , ,N,1,2,0,3,0,0,3,3,N,N,40 01:32.307,75 10:53.973,2113, ,2109, ,0, ,N, ,3, , , , , ,869724, , , ,3,1,0,1,1,0,0,0,0,0,0,0,0,0,0,0,0,0,0,0,1,0,0,0,0,0,0,0,0,0,0,0,0,0,0,0,1,40.0256,-75.1817, , 
 ,76211,2011126449,6,67,67301,2011,11,1,2124,21,3,1,0,4,1, , ,N,1,2,0,3,0,0,2,2,N,N,40 03:12.823,75 10:40.715,2125, ,2124, ,0, ,Y, ,3, , , , , ,869725, , , ,2,2,0,0,0,0,0,0,0,0,0,0,0,0,0,0,0,0,0,0,0,0,0,0,0,0,0,0,0,0,0,0,0,0,0,0,0,40.0536,-75.178, , 
 ,76212,2012013436,6,67,67301,2011,12,5,721,7,1,1,0,4,1, , ,N,1,2,0,3,0,0,2,2,N,N,40 01:50.672,75 11:15.838,728, ,723,1,1,5,N, ,3,N, , , , ,869740, , , ,2,2,0,0,0,0,0,0,0,0,0,0,0,0,0,0,0,0,0,0,1,0,0,0,0,0,0,0,0,0,0,0,0,0,0,0,0,40.0308,-75.1878, , 
 ,76213,2011131046,6,67,67301,2011,11,4,9999,99,1,2,1,1,1, , ,N,0,0,0,3,0,1,2,2,N,N,39 54:02.405,75 10:30.669,9999, ,9999, ,0, ,N, ,0, , , , , ,867277, , , ,2,2,0,0,0,0,0,0,0,0,0,0,1,1,0,0,0,0,0,0,2,0,0,0,0,0,0,0,0,0,0,0,0,0,0,8,0,39.9007,-75.1752, , 
 ,76214,2011126420,6,67,67301,2011,11,3,1750,17,4,1,0,1,1, , ,N,5,2,0,3,0,1,3,2,N, ,39 59:52.195,75 06:39.459,1755, ,1752, ,0, , , ,3, , , , , ,867294, , , ,2,1,0,0,1,0,0,0,0,0,0,0,1,1,0,0,0,0,0,0,1,0,0,0,0,0,0,0,0,0,0,0,0,0,0,8,0,39.9978,-75.111, , 
 ,76215,2011134748,6,67,67301,2011,11,7,2202,22,3,1,0,7,5, , ,N,0,0,0,3,0,1,1,1,N,N,40 00:07.960,75 12:38.840,14, ,9, ,0, ,N, ,0, , , , , ,867298, , , ,1,0,0,0,0,0,1,0,0,0,0,1,1,0,0,0,0,0,0,0,0,0,0,0,0,0,0,0,0,0,0,0,0,0,0,4,0,40.0022,-75.2108, , 
 ,76216,2012002063,6,67,67301,2011,11,1,1838,18,3,1,0,4,1, , ,N,1,3,0,3,0,1,2,3,N,N,39 58:39.298,75 07:33.440,1842, ,1840, ,0, , , ,3, , , , , ,867300, , , ,3,2,0,0,0,0,1,0,0,0,0,1,1,0,1,0,0,0,0,0,0,0,0,1,0,0,0,0,0,0,0,0,0,0,0,4,0,39.9776,-75.126, , 
 ,76217,2011126333,6,67,67301,2011,11,7,1212,12,1,1,0,4,1, , ,N,2,2,0,3,0,7,7,2,N,N,40 05:30.716,75 02:50.638,1216, ,1214,1,1,3, , ,3,N, , , , ,867308, , , ,2,2,0,0,0,0,0,0,0,0,0,7,7,0,0,0,0,1,0,0,0,0,1,0,0,0,0,0,0,0,0,0,0,0,0,4,0,40.0919,-75.0474, , 
 ,76218,2011132908,6,67,67301,2011,11,2,1746,17,3,1,0,4,1, , ,N,1,2,0,3,0,0,5,2,N,N,40 06:18.581,75 01:58.245,1750, ,1746, ,0, ,N, ,3, , , , , ,867343, , , ,2,2,0,0,0,0,0,0,0,0,0,0,0,0,0,1,0,0,1,0,0,0,0,0,0,0,0,0,0,0,0,0,0,0,0,0,0,40.1052,-75.0328, , 
 ,76219,2011132899,6,67,67301,2011,10,1,1945,19,3,1,0,4,1, , ,N,1,3,0,3,0,1,2,2,N,N,39 56:48.919,75 11:00.412,2015, ,2010, ,0, ,N, ,3, , , , , ,867353, , , ,2,2,0,0,0,0,0,0,0,0,0,0,1,1,1,0,0,0,0,0,0,0,0,1,0,0,0,0,0,0,0,0,0,0,0,8,0,39.9469,-75.1834, , 
 ,76220,2012005002,6,67,67301,2011,12,2,1535,15,1,1,0,4,1, , ,N,1,3,0,3,0,1,2,2,N,N,40 02:25.094,75 10:54.922,1550, ,1540, ,0, ,N, ,3, , , , , ,867359, , , ,1,1,0,0,0,0,0,0,1,0,0,0,1,1,0,0,0,0,0,0,0,0,0,0,0,0,0,0,0,0,0,0,0,0,0,8,0,40.0403,-75.1819, , 
 ,76221,2012017914,6,67,67301,2011,12,1,1932,19,3,1,0,5,5, , ,N,0,3,0,3,0,0,2,4,N,N,39 55:38.287,75 09:37.436,1940, ,1935, ,0, , , ,3, , , , , ,867360, , , ,4,4,0,0,0,0,0,0,0,0,0,0,0,0,1,0,0,0,0,0,0,0,0,0,0,0,0,0,0,0,0,0,0,0,0,9,0,39.9273,-75.1604, , 
 ,76222,2011115471,6,67,67301,2011,10,5,1313,13,1,1,0,4,1, , ,N,0,0,7,3,0,21,30,2,N,N,39 58:45.192,75 09:43.296,1328, ,1325, ,0, , , ,0, , , , , ,867374, , , ,2,0,0,1,0,0,0,1,0,0,0,0,21,21,0,0,0,0,0,0,0,0,0,0,0,0,0,0,0,0,0,0,0,0,0,8,1,39.9792,-75.162, , 
 ,76223,2011132898,6,67,67301,2011,11,4,1102,11,1,1,0,5,1, , ,N,3,2,0,3,0,1,2,2,N, ,39 57:17.234,75 09:58.979,1109, ,1105, ,0, , , ,3, , , , , ,867405, , , ,1,1,0,0,0,0,0,0,1,0,0,0,1,1,0,0,0,0,0,0,0,1,0,1,0,0,0,0,0,0,0,0,0,0,0,8,0,39.9548,-75.1664, , 
 ,76224,2012004224,6,67,67301,2011,12,5,2339,23,3,1,0,8,1, , ,N,2,3,0,3,0,1,2,2,N, ,39 56:00.596,75 11:30.487,0, ,2355, ,0, , , ,3, , , , , ,867410, , , ,1,0,0,0,0,0,1,0,0,0,0,1,1,0,0,0,0,0,0,0,0,0,0,0,0,0,0,0,0,0,0,0,1,0,0,4,0,39.9335,-75.1918, , 
 ,76225,2012012590,6,67,67301,2011,12,5,1813,18,3,1,0,4,1, , ,N,1,2,0,3,0,1,2,2,N,N,39 57:08.078,75 12:24.915,1815, ,1813, ,0, ,N, ,3, , , , , ,867413, , , ,1,0,0,0,0,0,0,1,1,0,0,0,1,1,0,0,0,0,0,0,1,0,0,0,0,0,0,0,0,0,0,0,0,0,0,8,0,39.9522,-75.2069, , 
 ,76226,2011115526,6,67,67301,2011,10,2,914,9,1,1,0,4,1, , ,N,1,2,0,3,0,2,4,2,N,N,40 02:44.278,75 04:17.368,919, ,915,2,2,7, , ,3,Y, , , , ,867432, , , ,2,2,0,0,0,0,0,0,0,0,2,0,2,0,0,0,0,0,0,0,0,0,0,0,0,0,0,0,0,0,0,0,0,0,0,3,0,40.0456,-75.0714, , 
 ,76227,2011118073,6,67,67301,2011,10,3,1148,11,1,1,0,7,2, , ,N,2,0,0,3,0,1,1,1,N, ,40 01:14.130,75 08:26.293,1202, ,1158,2,1,1, , ,0,N, , , , ,867436, , , ,1,1,0,0,0,0,0,0,0,0,0,0,1,1,0,0,0,0,0,0,0,0,0,0,0,0,0,0,0,0,0,0,0,0,0,8,0,40.0206,-75.1407, , 
 ,76228,2011118898,6,67,67301,2011,11,7,2017,20,3,1,0,1,1, , ,N,0,0,0,3,0,2,4,2,N,N,40 01:30.879,75 01:43.573,2021, ,2021,1,1,1,N, ,0,N, , , , ,867437, , , ,2,2,0,0,0,0,0,0,0,0,0,2,2,0,0,0,0,0,0,0,0,1,0,0,0,0,0,0,0,0,0,0,0,0,0,4,0,40.0251,-75.029, , 
 ,76229,2011112313,6,67,67301,2011,10,5,1430,14,1,1,0,9,1, , ,N,0,0,0,3,0,1,2,2,N, ,39 56:34.169,75 13:06.452,1440, ,1431, ,0, , , ,0, , , , , ,867459, , , ,1,1,0,0,0,0,0,0,1,0,1,0,1,0,0,0,0,0,0,0,0,0,0,0,0,0,0,0,0,0,0,0,0,0,0,3,0,39.9428,-75.2185, , 
 ,76230,2011112431,6,67,67301,2011,10,1,806,8,1,1,5,7,3, , ,N,0,0,8,3,0,1,1,1,N,N,39 59:53.494,75 04:49.364,853, ,817,1,2,1,N, ,0,N, , , , ,867460, , , ,1,1,0,0,0,0,0,0,0,0,0,1,1,0,0,0,0,0,0,0,0,0,0,0,0,0,0,0,0,0,0,0,0,0,0,4,0,39.9982,-75.0804, , 
 ,76231,2011132661,6,67,67301,2011,11,5,1000,10,1,1,0,4,1, , ,N,1,2,0,3,0,1,2,2,N,N,39 57:47.892,75 10:37.748,1013, ,1005, ,0, ,N, ,3, , , , , ,869777, , , ,2,1,0,0,0,0,1,0,0,0,0,0,1,1,0,0,0,0,0,0,0,0,0,0,0,0,0,0,0,0,0,0,0,0,0,8,0,39.9632,-75.1771, , 
 ,76232,2012001909,6,67,67301,2011,12,5,1824,18,3,1,0,8,1, , ,N,1,3,0,3,0,1,2,2,N, ,39 59:34.659,75 10:17.209,1842, ,1834, ,0, , , ,3, , , , , ,869781, , , ,1,0,0,0,0,0,1,0,0,0,0,1,1,0,0,0,0,0,0,0,0,0,1,0,0,0,0,0,0,0,0,0,1,0,0,4,0,39.993,-75.1714, , 
 ,76233,2012010092,6,67,67301,2011,12,5,758,7,1,1,0,1,1, , ,N,0,0,0,3,0,0,4,3,N,N,39 57:26.734,75 12:14.188,843, ,843, ,0, ,N, ,0, , , , , ,869783, , , ,3,2,0,0,0,1,0,0,0,0,0,0,0,0,0,0,0,0,0,0,1,0,0,0,0,0,0,0,0,0,0,0,0,0,0,0,1,39.9574,-75.2039, , 
 ,76234,2012004968,6,67,67301,2011,12,7,142,1,3,1,0,7,2, , ,N,0,0,0,3,0,1,1,2,N,N,40 00:12.715,75 13:17.176,142, ,144, ,0, ,N, ,0, , , , , ,869795, , , ,2,1,0,0,0,0,0,1,0,0,0,1,1,0,0,0,0,0,0,0,0,0,0,0,0,0,0,0,0,0,0,0,0,0,0,4,0,40.0035,-75.2214, , 
 ,76235,2012023540,6,67,67301,2011,9,6,1600,16,1,1,0,5,1, , ,N,1,3,0,3,0,2,3,2,N,N,40 03:30.710,75 04:43.351,0, ,0, ,0, ,N, ,3, , , , , ,869837, , , ,2,1,0,0,0,0,1,0,0,0,0,0,2,2,0,0,0,0,0,0,1,0,0,0,0,0,0,0,0,0,0,0,0,0,0,8,0,40.0585,-75.0788, , 
 ,76236,2011073204,6,67,67301,2011,6,1,310,3,3,1,0,4,1, , ,N,1,2,0,3,0,1,2,2, , ,39 57:10.616,75 09:34.855,9999, ,9999, ,0, , , ,3, , , , , ,869859, , , ,1,0,0,0,0,0,0,1,1,0,0,1,1,0,1,0,0,0,0,0,0,0,0,0,0,0,0,0,0,0,0,0,0,0,0,4,0,39.9529,-75.1597, , 
 ,76237,2011073322,6,67,67301,2011,6,4,1245,12,1,1,0,8,1, , ,N,0,0,0,3,0,1,2,2,N,N,39 57:24.616,75 09:45.170,1245, ,1245, ,0, ,N, ,0, , , , , ,869860, , , ,1,1,0,0,0,0,0,0,0,0,0,0,1,1,0,0,0,0,0,0,0,0,0,0,0,0,0,0,0,0,0,0,1,0,0,8,0,39.9568,-75.1625, , 
 ,76238,2011083433,6,67,67301,2011,7,4,1748,17,1,1,0,8,6, , ,N,0,0,0,3,0,1,3,3,N,N,39 56:54.105,75 13:09.999,1751, ,1750, ,0, ,N, ,0, , , , , ,869874, , , ,1,0,0,0,1,0,0,0,0,0,0,0,1,1,0,0,0,0,0,0,0,0,0,0,0,0,0,0,0,0,0,0,2,0,0,8,0,39.9484,-75.2194, , 
 ,76239,2011093005,6,67,67301,2011,11,5,1639,16,1,1,0,4,1, , ,N,2,3,0,3,0,1,4,2,N, ,40 01:52.664,75 03:58.343,1643, ,1640, ,0, , , ,3, , , , , ,869887, , , ,2,2,0,0,0,0,0,0,0,0,0,0,1,1,2,0,0,0,0,1,1,0,0,3,0,0,0,0,0,0,0,0,0,0,0,8,0,40.0313,-75.0662, , 
 ,76240,2011121465,6,67,67301,2011,11,6,1459,14,1,1,0,1,1, , ,N,0,0,0,3,0,0,2,2,N,N,39 53:13.461,75 12:56.128,1513, ,1501, ,0, ,N, ,0, , , , , ,869922, , , ,2,1,0,0,0,0,0,1,0,0,0,0,0,0,0,0,0,0,0,0,0,0,0,0,0,0,0,0,0,0,0,0,0,0,0,0,0,39.8871,-75.2156, , 
 ,76241,2012004856,6,67,67301,2011,12,5,509,5,2,1,1,8,1, , ,N,1,2,0,3,0,1,2,2,N,N,39 58:27.123,75 09:23.824,514, ,511, ,0, ,N, ,3, , , , , ,869935, , , ,1,1,0,0,0,0,0,0,0,0,0,1,1,0,0,0,0,0,0,0,0,0,1,0,0,0,0,0,0,0,0,0,1,0,0,4,0,39.9742,-75.1566, , 
 ,76242,2012022622,6,67,67301,2011,12,5,1445,14,1,1,0,4,1, , ,N,0,0,7,3,0,1,6,2,N,N,40 04:51.757,75 10:19.303,1445, ,1445, ,0, ,N, ,0, , , , , ,869936, , , ,2,1,0,0,0,0,1,0,0,0,0,0,1,1,0,0,0,0,0,0,1,0,0,0,0,0,0,0,0,0,0,0,0,0,0,8,0,40.081,-75.172, , 
 ,76243,2011100294,6,67,67301,2011,8,4,1708,17,1,1,0,5,1, , ,N,0,0,0,3,0,3,5,4,N,N,40 01:29.081,75 08:52.309,1709, ,1708, ,0, ,N, ,0, , , , , ,869937, , , ,4,1,0,0,1,0,2,0,0,0,1,2,3,0,0,0,0,0,0,1,2,0,0,0,0,0,0,0,0,0,0,0,0,0,0,3,0,40.0247,-75.1479, , 
 ,76244,2011112241,6,67,67301,2011,10,2,1555,15,1,1,0,4,1, , ,N,1,3,0,3,0,1,2,3,N,N,39 59:52.821,75 07:45.821,1605, ,1601, ,0, , , ,3, , , , , ,869949, , , ,3,1,0,0,1,0,0,1,0,0,0,1,1,0,1,0,0,0,0,0,0,1,0,1,0,0,0,0,0,0,0,0,0,0,0,4,0,39.998,-75.1294, , 
 ,76245,2012004291,6,67,67301,2011,12,3,1513,15,1,2,1,1,1, , ,N,5,2,0,3,0,0,3,3,N,N,40 06:15.034,75 00:07.000,1515, ,1514,1,1,1,N, ,3,N, , , , ,869973, , , ,3,1,0,0,0,0,0,1,0,0,0,0,0,0,1,0,0,0,0,0,1,0,0,0,0,0,0,0,0,0,0,0,0,0,0,9,0,40.1042,-75.002, , 
 ,76246,2012004998,6,67,67301,2011,12,4,1437,14,1,2,1,1,1, , ,N,0,2,0,3,0,0,3,2,N,N,40 06:00.762,75 01:18.428,1516, ,1514, ,0, ,N, ,3, , , , , ,869974, , , ,2,2,0,0,0,0,0,0,0,0,0,0,0,0,1,0,0,0,0,0,0,0,0,0,0,0,0,0,0,0,0,0,0,0,0,9,0,40.1002,-75.0218, , 
 ,76247,2012010093,6,67,67301,2011,12,3,2147,21,3,1,1,1,1, , ,N,0,0,0,3,0,1,5,3,N, ,40 01:34.961,75 07:01.996,2159, ,2150,1,1,1, , ,0,N, , , , ,869975, , , ,2,1,0,0,0,0,0,1,0,0,0,1,1,0,0,0,0,0,0,0,1,0,0,0,0,0,0,0,0,0,0,0,1,0,0,4,0,40.0264,-75.1172, , 
 ,76248,2011073637,6,67,67301,2011,7,1,1354,13,1,1,0,1,1, , ,N,0,0,0,3,0,2,3,2,N,N,39 59:30.502,75 12:08.295,1358, ,1355, ,0, ,N, ,0, , , , , ,869982, , , ,2,1,0,0,0,0,1,0,0,0,1,1,2,0,0,0,0,0,0,0,0,0,0,0,0,0,0,0,0,0,0,0,0,0,0,3,0,39.9918,-75.2023, , 
 ,76249,2012004226,6,67,67301,2011,12,4,1622,16,3,2,1,1,1, , ,N,2,2,0,3,0,1,2,2,N,N,40 05:47.006,74 58:15.579,1833, ,1833, ,0, , , ,3, , , , , ,867483, , , ,2,2,0,0,0,0,0,0,0,0,0,1,1,0,0,0,0,0,0,0,1,0,0,0,0,0,0,0,0,0,0,0,0,0,0,4,0,40.0964,-74.971, , 
 ,76250,2012017912,6,67,67301,2011,9,1,220,2,3,1,0,8,3, , ,N,1,2,0,3,0,1,2,2,N,N,39 56:57.599,75 09:51.029,223, ,220, ,0, , , ,3, , , , , ,867485, , , ,1,0,0,0,0,0,1,0,0,0,0,0,1,1,0,0,0,0,0,0,0,0,0,0,0,0,0,0,0,0,0,0,1,0,0,8,0,39.9493,-75.1642, , 
 ,76251,2011112303,6,67,67301,2011,10,7,1400,14,1,1,0,1,2, , ,N,0,0,0,3,0,1,2,2,N,N,40 05:50.244,75 03:21.532,1405, ,1402, ,0, ,N, ,0, , , , , ,867486, , , ,1,1,0,0,0,0,0,0,1,0,0,1,1,0,0,0,0,0,0,0,0,0,0,0,0,0,0,0,0,0,0,0,0,0,0,4,0,40.0973,-75.056, , 
 ,76252,2012004260,6,67,67301,2011,12,1,1516,15,1,1,8,4,1, , ,N,0,0,0,3,0,0,4,2,N,N,40 05:21.307,74 59:00.229,1525, ,1516, ,0, ,N, ,0, , , , , ,867497, , , ,2,1,0,0,1,0,0,0,0,0,0,0,0,0,0,0,0,1,0,0,1,0,0,0,0,0,0,0,0,0,0,0,0,0,0,0,0,40.0893,-74.9834, , 
 ,76253,2011134674,6,67,67301,2011,11,3,1030,10,1,2,1,8,1, , ,N,1,2,0,3,0,1,2,2,N,N,39 58:28.923,75 09:37.724,1208, ,1203, ,0, ,N, ,3, , , , , ,867509, , , ,1,1,0,0,0,0,0,0,0,0,0,1,1,0,1,0,0,0,0,0,0,0,0,0,0,0,0,0,0,0,0,0,1,0,0,4,0,39.9747,-75.1605, , 
 ,76254,2012001967,6,67,67301,2011,11,4,1752,17,3,1,0,4,1, , ,N,0,0,7,3,0,1,2,2,N,N,39 59:49.641,75 09:13.566,1800, ,1758, ,0, , , ,0, , , , , ,867511, , , ,2,2,0,0,0,0,0,0,0,0,0,1,1,0,0,0,0,0,0,0,0,1,0,0,0,0,0,0,0,0,0,0,0,0,0,4,0,39.997,-75.1538, , 
 ,76255,2012010062,6,67,67301,2011,12,5,1036,10,1,1,0,7,5, , ,N,0,0,0,3,0,0,1,1,N,N,40 04:16.978,75 02:14.801,1044, ,1037,9,1,1,N, ,0,N, , , , ,867512, , , ,1,0,0,0,0,0,1,0,0,0,0,0,0,0,0,0,0,0,0,0,0,1,0,0,0,0,0,0,0,0,0,0,0,0,0,0,0,40.0714,-75.0374, , 
 ,76256,2011108740,6,67,67301,2011,9,2,2100,21,4,1,0,8,1, , ,N,1,0,0,3,0,1,3,2,N,N,39 58:14.108,75 09:03.119,2105, ,2100, ,0, ,N, ,0, , , , , ,867514, , , ,1,1,0,0,0,0,0,0,1,1,0,0,1,0,2,0,0,0,0,0,0,0,0,2,0,0,0,0,0,0,0,1,0,0,0,2,0,39.9705,-75.151, , 
 ,76257,2011115487,6,67,67301,2011,10,3,2345,23,3,1,0,4,1, , ,N,2,2,0,3,0,1,3,2,N, ,39 54:48.261,75 13:37.916,40, ,34, ,0, , , ,3, , , , , ,867522, , , ,2,2,0,0,0,0,0,0,0,0,0,0,1,1,2,0,0,0,0,0,0,0,0,0,0,0,0,0,0,0,0,0,0,0,0,8,0,39.9134,-75.2272, , 
 ,76258,2012004887,6,67,67301,2011,12,2,1209,12,1,1,0,8,1, , ,N,1,1,0,3,0,1,2,2,N,N,39 56:37.021,75 09:24.595,1212, ,1210, ,0, ,N, ,3, , , , , ,867536, , , ,1,0,0,0,1,0,0,0,0,0,1,0,1,0,0,0,0,0,0,0,0,1,0,0,0,0,0,0,0,0,0,0,1,0,0,3,0,39.9436,-75.1568, , 
 ,76259,2012036837,6,67,67301,2011,7,7,9999,99,1,1,0,4,1, , ,N,0,0,0,3,0,2,3,4,N,N,39 56:41.287,75 14:00.164,1925, ,1925,9,2,7, , ,0,Y, , , , ,867567, , , ,4,4,0,0,0,0,0,0,0,0,0,2,2,0,1,0,0,0,0,0,0,0,0,0,0,0,0,0,0,0,0,0,0,0,0,4,0,39.9448,-75.2334, , 
 ,76260,2011112270,6,67,67301,2011,8,5,1113,11,1,1,0,4,1, , ,N,1,2,0,3,0,2,3,3,N,N,39 56:46.615,75 10:42.045,1120, ,1116,1,1,1,N, ,3,Y, , , , ,867572, , , ,3,2,0,0,0,0,1,0,0,0,1,1,2,0,0,0,0,0,0,0,0,1,0,0,0,0,0,0,0,0,0,0,0,0,0,3,0,39.9463,-75.1783, , 
 ,76261,2011132939,6,67,67301,2011,11,4,1645,16,1,2,1,1,1, , ,N,0,0,0,3,0,2,3,2,N, ,40 00:51.212,75 10:10.264,1840, ,1840, ,0, , , ,0, , , , , ,867587, , , ,2,2,0,0,0,0,0,0,0,0,0,2,2,0,1,0,0,0,0,0,1,0,0,0,0,0,0,0,0,0,0,0,0,0,0,4,0,40.0142,-75.1695, , 
 ,76262,2011134784,6,67,67301,2011,12,7,407,4,3,1,0,4,1, , ,N,1,2,0,3,0,0,3,2,N,N,40 02:03.612,75 04:29.625,426, ,423,2,2,2,N, ,3,Y, , , , ,867596, , , ,2,2,0,0,0,0,0,0,0,0,0,0,0,0,2,0,0,0,0,0,0,1,0,0,0,0,0,0,0,0,0,0,0,0,0,9,0,40.0343,-75.0746, , 
 ,76263,2012002113,6,67,67301,2011,12,6,1527,15,1,1,0,7,7, , ,N,7,2,2,3,0,0,1,1,N,N,39 56:18.239,75 08:32.409,1533, ,1533,2,1,2,N, ,3,N, , , , ,867601, , , ,1,0,0,0,1,0,0,0,0,0,0,0,0,0,0,0,0,0,0,0,0,0,0,0,0,0,0,0,0,0,0,0,0,0,0,0,1,39.9383,-75.1423, , 
 ,76264,2012004889,6,67,67301,2011,12,6,1159,11,1,1,0,4,1, , ,N,1,2,0,3,0,3,4,2,N,N,40 02:17.896,75 04:31.313,1203, ,1202, ,0, ,N, ,3, , , , , ,867603, , , ,2,1,0,0,1,0,0,0,0,0,3,0,3,0,1,0,0,0,0,0,0,0,0,0,0,0,0,0,0,0,0,0,0,0,0,3,0,40.0383,-75.0754, , 
 ,76265,2012004922,6,67,67301,2011,12,1,1920,19,3,1,0,1,1, , ,N,0,0,0,3,0,6,14,2,N,N,40 06:43.679,74 59:25.320,1927, ,1925,1,1,1,N, ,0,N, , , , ,867604, , , ,2,1,0,1,0,0,0,0,0,0,0,0,6,6,0,0,0,0,0,0,0,0,0,0,0,0,0,0,0,0,0,0,0,0,0,8,1,40.1121,-74.9904, , 
Y,76266,2012004946,6,67,67301,2011,11,3,1033,10,8,2,1,5,1,3,4,Y,0,0,0,3,0,0,2,2,N,N,39 58:19.261,75 07:30.089,1045,25,1039, ,0, ,N, ,0, ,Y,U,U,N,867605,U,U,U,2,2,0,0,0,0,0,0,0,0,0,0,0,0,0,0,0,0,0,0,1,0,0,0,0,0,0,0,0,0,0,0,0,0,0,0,0,39.9719,-75.1254, , 
 ,76267,2011090438,6,67,67301,2011,7,7,630,6,1,1,0,4,1, , ,N,1,2,0,3,0,1,3,2,N,N,40 02:16.443,75 08:22.324,633, ,632,1,2,6,N, ,3,N, , , , ,869991, , , ,2,1,0,0,1,0,0,0,0,0,0,1,1,0,0,0,0,0,0,0,0,0,0,2,0,0,0,0,0,0,0,0,0,0,0,4,0,40.0379,-75.1395, , 