wz_ln_closure,objectid_1,crn,district,county,municipality,crash_year,crash_month,day_of_week,time_of_day,hour_of_day,illumination,weather,road_condition,collision_type,relation_to_road,work_zone_type,work_zone_loc,work_zone_ind,intersect_type,tcd_type,location_type,urban_rural,fatal_count,injury_count,person_count,total_units,sch_bus_ind,sch_zone_ind,latitude,longitude,arrival_tm,cons_zone_spd_lim,dispatch_tm,est_hrs_closed,lane_closed,ln_close_dir,ntfy_hiwy_maint,spec_juris_cd,tcd_func_cd,tfc_detour_ind,workers_pres,wz_close_detour,wz_flagger,wz_law_offcr_ind,objectid,wz_moving,wz_other,wz_shlder_mdn,vehicle_count,automobile_count,motorcycle_count,bus_count,small_truck_count,heavy_truck_count,suv_count,van_count,bicycle_count,maj_inj_count,mod_inj_count,min_inj_count,tot_inj_count,unk_inj_deg_count,unk_inj_per_count,driver_count_16yr,driver_count_17yr,driver_count_18yr,driver_count_19yr,driver_count_20yr,driver_count_50_64yr,driver_count_65_74yr,driver_count_75plus,unbelted_occ_count,unb_death_count,unb_maj_inj_count,belted_death_count,belted_maj_inj_count,mcycle_death_count,mcycle_maj_inj_count,bicycle_death_count,bicycle_maj_inj_count,ped_count,ped_death_count,ped_maj_inj_count,max_severity_level,comm_veh_count,dec_lat,dec_long,rdwy_surf_type_cd,county_name
 ,76268,2011108735,6,67,67301,2011,9,6,850,8,1,1,0,6,1, , ,N,1,2,0,3,0,3,4,2,N,N,39 58:26.859,75 12:15.536,851, ,850,3,1,3,N, ,3,Y, , , , ,870005, , , ,2,0,0,0,0,0,0,1,0,0,0,0,3,3,0,0,0,0,0,0,0,0,0,2,0,0,0,0,0,0,0,0,0,0,0,8,0,39.9741,-75.2043, , 
 ,76269,2011127072,6,67,67301,2011,11,2,1255,12,1,1,0,4,1, , ,N,1,2,0,3,0,1,5,2,N,N,40 02:12.854,75 04:47.301,1305, ,1259, ,0, ,N, ,3, , , , , ,870021, , , ,2,1,0,0,0,0,1,0,0,0,0,0,1,1,0,0,0,0,0,0,0,0,0,0,0,0,0,0,0,0,0,0,0,0,0,8,0,40.0369,-75.0798, , 
 ,76270,2011132649,6,67,67301,2011,11,5,1510,15,1,1,0,8,1, , ,N,1,2,0,3,0,1,4,2,N,N,40 01:44.844,75 05:23.694,1520, ,1510,1,1,2,N, ,3,N, , , , ,870028, , , ,1,0,0,0,1,0,0,0,0,0,0,0,1,1,0,0,0,0,0,0,0,0,0,0,0,0,0,0,0,0,0,0,1,0,0,8,0,40.0291,-75.0899, , 
 ,76271,2011132877,6,67,67301,2011,11,5,1353,13,1,1,0,8,5, , ,N,10,2,0,3,0,1,2,2,N, ,39 58:12.850,75 09:35.188,1356, ,1354, ,0, , , ,3, , , , , ,870029, , , ,1,1,0,0,0,0,0,0,1,0,0,0,1,1,1,0,0,0,0,0,0,0,0,1,0,0,0,0,0,0,0,0,0,0,0,8,0,39.9702,-75.1596, , 
 ,76272,2011134812,6,67,67301,2011,12,6,1413,14,1,1,0,1,1, , ,N,1,2,0,3,0,1,2,2,N,N,39 59:43.623,75 07:47.693,1418, ,1416, ,0, ,N, ,3, , , , , ,870032, , , ,2,1,0,0,0,0,1,0,0,0,0,0,1,1,0,0,0,0,0,0,0,0,0,0,0,0,0,0,0,0,0,0,0,0,0,8,0,39.9955,-75.1299, , 
 ,76273,2012005402,6,67,67301,2011,12,2,9999,99,3,1,0,4,1, , ,N,0,0,0,3,0,1,3,2,N, ,40 01:03.628,75 05:49.271,1717, ,1715, ,0, , , ,0, , , , , ,870034, , , ,2,1,0,0,1,0,0,0,0,0,0,1,1,0,0,0,0,0,0,0,0,0,0,0,0,0,0,0,0,0,0,0,0,0,0,4,0,40.0174,-75.097, , 
 ,76274,2011132663,6,67,67301,2011,11,7,2209,22,3,1,0,4,1, , ,N,2,0,8,3,0,3,3,2,N,N,40 00:33.337,75 04:08.919,9999, ,42, ,0, ,N, ,0, , , , , ,870048, , , ,2,2,0,0,0,0,0,0,0,0,0,2,3,1,0,0,0,0,0,0,0,0,0,0,0,0,0,0,0,0,0,0,0,0,0,4,0,40.0092,-75.069, , 
 ,76275,2011132975,6,67,67301,2011,11,6,1755,17,3,1,0,7,4, , ,N,0,0,0,3,0,0,2,1,N, ,40 05:38.141,74 57:40.593,1759, ,1757, ,0, , , ,0, , , , , ,870049, , , ,1,1,0,0,0,0,0,0,0,0,0,0,0,0,0,0,0,0,0,0,0,0,0,0,0,0,0,0,0,0,0,0,0,0,0,0,0,40.0939,-74.9613, , 
 ,76276,2012009971,6,67,67301,2011,12,6,1620,16,1,1,0,4,1, , ,N,1,3,0,3,0,1,3,2,N,N,39 57:46.263,75 13:20.146,1653, ,1650,2,1,7,N, ,3,N, , , , ,870052, , , ,2,1,0,0,1,0,0,0,0,0,0,1,1,0,0,0,0,0,0,0,1,0,0,0,0,0,0,0,0,0,0,0,0,0,0,4,0,39.9629,-75.2223, , 
 ,76277,2012010078,6,67,67301,2011,12,4,835,8,1,1,0,8,1, , ,N,1,3,0,3,0,1,2,2,N,N,39 58:55.974,75 07:17.608,900, ,850, ,0, ,N, ,3, , , , , ,870053, , , ,1,1,0,0,0,0,0,0,0,0,0,1,1,0,0,0,0,0,0,0,0,0,0,0,0,0,0,0,0,0,0,0,1,0,0,4,0,39.9822,-75.1216, , 
 ,76278,2012012680,6,67,67301,2011,12,2,2030,20,3,1,0,5,1, , ,N,1,2,0,3,0,0,4,2,N,N,40 01:36.153,75 07:02.268,2031, ,2030,1,2,7,N, ,3,Y, , , , ,870055, , , ,2,2,0,0,0,0,0,0,0,0,0,0,0,0,0,0,0,0,0,0,0,0,0,0,0,0,0,0,0,0,0,0,0,0,0,0,0,40.0267,-75.1173, , 
 ,76279,2012032554,6,67,67301,2011,2,6,820,8,1,1,0,2,1, , ,N,1,3,0,3,0,0,2,2,N,N,40 05:36.761,74 58:02.422,825, ,821, ,0, ,N, ,3, , , , , ,870059, , , ,2,1,0,0,0,0,1,0,0,0,0,0,0,0,0,0,0,0,1,0,1,0,0,0,0,0,0,0,0,0,0,0,0,0,0,0,0,40.0935,-74.9673, , 
 ,76280,2012002211,6,67,67301,2011,12,7,52,0,3,1,0,5,1, , ,N,0,0,0,3,0,0,2,2,N,N,40 03:02.498,74 59:27.824,57, ,55, ,0, ,N, ,0, , , , , ,870111, , , ,2,1,0,0,0,1,0,0,0,0,0,0,0,0,0,0,0,0,0,0,1,0,0,0,0,0,0,0,0,0,0,0,0,0,0,0,1,40.0507,-74.991, , 
 ,76281,2011134729,6,67,67301,2011,12,7,2140,21,3,1,0,4,1, , ,N,1,2,0,3,0,1,2,2,N,N,40 02:35.284,75 04:25.695,2227, ,2224, ,0, ,N, ,3, , , , , ,870127, , , ,2,1,0,0,0,0,1,0,0,0,0,1,1,0,0,0,0,0,0,0,0,0,0,1,0,0,0,0,0,0,0,0,0,0,0,4,0,40.0431,-75.0738, , 
 ,76282,2011134746,6,67,67301,2011,11,4,726,7,3,2,1,1,6, , ,N,0,0,0,3,0,0,1,2,N,N,39 59:59.046,75 12:36.187,940, ,926, ,0, ,N, ,0, , , , , ,870128, , , ,2,2,0,0,0,0,0,0,0,0,0,0,0,0,1,0,0,0,0,0,0,0,0,0,0,0,0,0,0,0,0,0,0,0,0,9,0,39.9997,-75.2101, , 
 ,76283,2012022210,6,67,67301,2011,7,1,1600,16,1,1,0,1,1, , ,N,6,0,2,3,0,1,4,2, , ,40 00:42.920,75 12:17.697,0, ,0, ,0, , , ,0, , , , , ,870136, , , ,2,2,0,0,0,0,0,0,0,0,0,0,1,1,0,0,0,0,0,0,0,0,0,0,0,0,0,0,0,0,0,0,0,0,0,8,0,40.0148,-75.2053, , 
 ,76284,2012022587,6,67,67301,2011,12,6,820,8,5,9,8,4,1, , ,N,0,0,0,3,0,2,2,3,N,N,40 02:42.203,75 09:50.922,821, ,820,2,1,6,N, ,0,Y, , , , ,870137, , , ,3,3,0,0,0,0,0,0,0,0,0,2,2,0,0,0,0,0,0,0,0,1,0,0,0,0,0,0,0,0,0,0,0,0,0,4,0,40.0451,-75.1641, , 
 ,76285,2011114546,6,67,67301,2011,11,6,1049,10,1,1,0,5,1, , ,N,0,0,0,3,0,2,4,2,N,N,40 01:53.338,75 01:17.602,1108, ,1055, ,0, ,N, ,0, , , , , ,864962, , , ,2,0,0,0,1,0,1,0,0,0,0,0,2,2,0,0,0,0,0,0,1,0,0,0,0,0,0,0,0,0,0,0,0,0,0,8,0,40.0316,-75.0215, , 
 ,76286,2011122817,6,67,67301,2011,10,1,245,2,3,2,1,6,1, , ,N,0,0,0,3,0,1,2,2,N,N,40 01:38.036,75 07:02.580,305, ,303, ,0, ,N, ,0, , , , , ,864973, , , ,2,1,0,0,0,0,1,0,0,0,0,1,1,0,0,0,0,0,0,0,0,0,0,0,0,0,0,0,0,0,0,0,0,0,0,4,0,40.0272,-75.1174, , 
 ,76287,2011132788,6,67,67301,2011,11,4,1107,11,1,2,1,8,1, , ,N,1,2,0,3,0,1,2,2,N,N,40 01:36.995,75 12:33.945,1111, ,1108,1,1,2,N, ,3,N, , , , ,864979, , , ,1,1,0,0,0,0,0,0,0,0,1,0,1,0,0,0,0,0,0,0,0,0,0,0,0,0,0,0,0,0,0,0,1,0,0,3,0,40.0269,-75.2094, , 
 ,76288,2012002755,6,67,67301,2011,12,6,47,0,3,1,0,7,4, , ,N,0,0,0,3,0,0,4,1,N,N,39 58:01.137,75 11:16.468,52, ,52, ,0, ,N, ,0, , , , , ,864982, , , ,1,1,0,0,0,0,0,0,0,0,0,0,0,0,0,0,0,0,0,0,0,0,0,1,0,0,0,0,0,0,0,0,0,0,0,0,0,39.967,-75.1879, , 
 ,76289,2012004340,6,67,67301,2011,12,6,1136,11,1,1,0,4,1, , ,N,1,2,0,3,0,1,3,2,N,N,40 01:31.774,75 07:31.582,1142, ,1136,1,1,2,N, ,3,N, , , , ,864984, , , ,2,1,0,0,0,0,0,1,0,0,0,1,1,0,0,0,0,0,0,0,0,0,0,0,0,0,0,0,0,0,0,0,0,0,0,4,0,40.0255,-75.1254, , 
 ,76290,2012013441,6,67,67301,2011,12,3,803,8,1,2,1,4,1, , ,N,1,3,0,3,0,0,2,2,N,N,39 59:28.722,75 08:01.720,805, ,804, ,0, ,N, ,3, , , , , ,864986, , , ,2,1,0,0,0,0,0,1,0,0,0,0,0,0,0,0,0,0,0,0,0,0,0,0,0,0,0,0,0,0,0,0,0,0,0,0,0,39.9912,-75.1338, , 
 ,76291,2012023425,6,67,67301,2011,10,3,745,7,1,1,0,1,1, , ,N,0,0,1,3,0,1,2,2, , ,39 57:24.724,75 10:49.665,0, ,0, ,0, , , ,0, , , , , ,864987, , , ,2,2,0,0,0,0,0,0,0,0,0,0,1,1,0,0,0,0,0,0,0,0,0,0,0,0,0,0,0,0,0,0,0,0,0,8,0,39.9569,-75.1805, , 
 ,76292,2011132770,6,67,67301,2011,11,5,1810,18,3,1,0,1,1, , ,N,1,0,0,3,0,1,5,3,N,N,39 57:38.637,75 11:51.984,1815, ,1815, ,0, ,N, ,0, , , , , ,864989, , , ,3,2,0,0,1,0,0,0,0,0,0,0,1,1,0,0,0,0,0,0,1,0,0,1,0,0,0,0,0,0,0,0,0,0,0,8,0,39.9607,-75.1978, , 
 ,76293,2012004425,6,67,67301,2011,12,6,442,4,3,1,0,7,4, , ,N,0,0,0,3,0,1,2,2,N,N,39 58:29.707,75 07:01.785,450, ,444,1,2,1,N, ,0,N, , , , ,864994, , , ,2,2,0,0,0,0,0,0,0,0,0,1,1,0,0,0,0,0,0,0,0,0,0,0,0,0,0,0,0,0,0,0,0,0,0,4,0,39.9748,-75.1173, , 
 ,76294,2011108749,6,67,67301,2011,9,6,253,2,3,1,0,7,4, , ,N,0,0,99,3,0,2,2,1,N, ,39 58:47.544,75 05:26.393,258, ,255, ,0, , , ,0, , , , , ,865003, , , ,1,1,0,0,0,0,0,0,0,0,1,0,2,1,0,0,0,0,0,0,0,0,0,0,0,0,0,0,0,0,0,0,0,0,0,3,0,39.9799,-75.0907, , 
 ,76295,2011134705,6,67,67301,2011,10,2,1740,17,1,1,0,2,1, , ,N,1,2,0,3,0,1,2,2,N,N,39 56:58.408,75 12:33.123,1743, ,1743, ,0, , , ,3, , , , , ,865030, , , ,1,1,0,0,0,0,0,0,1,0,0,1,1,0,0,0,0,0,0,0,0,0,0,0,0,0,0,0,0,0,0,0,0,0,0,4,0,39.9496,-75.2092, , 
 ,76296,2012001920,6,67,67301,2011,12,4,1850,18,3,1,0,5,1, , ,N,0,0,0,3,0,0,1,2,N,N,40 06:53.334,75 01:34.323,1909, ,1904, ,0, , , ,0, , , , , ,865034, , , ,2,2,0,0,0,0,0,0,0,0,0,0,0,0,0,0,0,0,0,0,0,0,1,0,0,0,0,0,0,0,0,0,0,0,0,0,0,40.1148,-75.0262, , 
 ,76297,2012002749,6,67,67301,2011,11,4,103,1,3,2,1,7,1, , ,N,0,8,0,3,0,0,2,2,N,N,39 58:51.575,75 12:23.636,103, ,103,1,1,3,N, ,4,N, , , , ,865035, , , ,2,1,0,0,0,1,0,0,0,0,0,0,0,0,1,0,0,0,0,0,1,0,0,0,0,0,0,0,0,0,0,0,0,0,0,9,1,39.981,-75.2066, , 
 ,76298,2011056873,6,67,67301,2011,4,6,828,8,1,1,0,8,1, , ,N,0,0,0,3,0,1,2,2,N,Y,40 02:27.410,75 07:43.370,839, ,833, ,0, ,N, ,0, , , , , ,865036, , , ,1,1,0,0,0,0,0,0,0,0,0,1,1,0,0,0,0,0,0,0,0,0,0,0,0,0,0,0,0,0,0,0,1,0,0,4,0,40.0409,-75.1287, , 
 ,76299,2011090484,6,67,67301,2011,7,7,1800,18,1,1,0,4,1, , ,N,1,0,0,3,0,2,2,2,N,N,40 01:53.868,75 07:02.148,1801, ,1801,1,1,2,N, ,0,N, , , , ,865065, , , ,2,2,0,0,0,0,0,0,0,0,0,2,2,0,0,0,0,1,0,0,0,0,0,0,0,0,0,0,0,0,0,0,0,0,0,4,0,40.0316,-75.1173, , 
 ,76300,2011093053,6,67,67301,2011,8,7,9999,99,1,1,0,4,1, , ,N,1,3,0,3,0,1,2,2,N,N,39 58:24.916,75 14:49.984,1845, ,1845,1,1,2,N, ,3,Y, , , , ,865070, , , ,2,0,0,0,0,0,1,0,0,0,0,0,1,1,1,1,0,0,0,0,1,0,0,1,0,0,0,0,0,0,0,0,0,0,0,8,0,39.9736,-75.2472, , 
 ,76301,2011106181,6,67,67301,2011,9,4,9999,99,1,1,0,1,6, , ,N,0,0,0,3,0,1,1,3,N,N,40 01:55.347,75 01:41.116,1850, ,1846, ,0, ,N, ,0, , , , , ,865086, , , ,3,1,0,0,1,0,1,0,0,0,0,1,1,0,0,0,0,0,0,0,0,1,0,0,0,0,0,0,0,0,0,0,0,0,0,4,0,40.032,-75.0281, , 
 ,76302,2011106209,6,67,67301,2011,9,4,848,8,1,1,0,4,1, , ,N,1,2,0,3,0,3,4,2,N,N,39 59:05.784,75 09:29.717,852, ,848, ,0, ,N, ,3, , , , , ,865087, , , ,2,2,0,0,0,0,0,0,0,0,2,1,3,0,0,0,0,0,0,0,0,0,0,0,0,0,0,0,0,0,0,0,0,0,0,3,0,39.9849,-75.1583, , 
 ,76303,2011100819,6,67,67301,2011,9,5,2300,23,3,1,0,8,1, , ,N,0,2,0,3,0,1,2,2,N, ,39 56:07.958,75 11:08.960,2332, ,2329, ,0, , , ,3, , , , , ,859472, , , ,1,0,0,0,1,0,0,0,0,0,0,1,1,0,1,0,0,0,0,0,0,0,0,1,0,0,0,0,0,0,0,0,1,0,0,4,0,39.9355,-75.1858, , 
 ,76304,2011112216,6,67,67301,2011,10,4,9999,99,1,1,0,4,1, , ,N,1,3,0,3,0,2,5,2,N,N,39 59:03.142,75 07:29.730,9999, ,836, ,0, ,N, ,3, , , , , ,859483, , , ,2,0,0,0,0,0,0,2,0,0,0,1,2,1,2,0,0,0,0,0,0,0,0,0,0,0,0,0,0,0,0,0,0,0,0,4,0,39.9842,-75.1249, , 
 ,76305,2011115522,6,67,67301,2011,9,4,635,6,1,2,1,8,1, , ,N,1,2,0,3,0,1,2,2,N,N,39 57:16.533,75 13:33.583,746, ,745, ,0, ,N, ,3, , , , , ,859487, , , ,1,1,0,0,0,0,0,0,0,0,0,0,1,1,0,0,0,0,0,0,0,0,0,0,0,0,0,0,0,0,0,0,1,0,0,8,0,39.9546,-75.226, , 
 ,76306,2012010010,6,67,67301,2011,12,3,1839,18,3,2,1,8,1, , ,N,2,0,0,3,0,1,2,2,N,N,40 01:17.526,75 09:28.708,1843, ,1839,9,1,4,N, ,0,N, , , , ,859508, , , ,1,1,0,0,0,0,0,0,0,0,0,1,1,0,0,0,0,0,0,0,0,0,0,0,0,0,0,0,0,0,0,0,1,0,0,4,0,40.0215,-75.158, , 
 ,76307,2012010079,6,67,67301,2011,12,7,340,3,3,1,0,1,2, , ,N,0,0,0,3,0,0,2,2,N,N,39 58:30.478,75 08:03.332,353, ,347, ,0, ,N, ,0, , , , , ,859509, , , ,2,1,0,0,0,0,0,1,0,0,0,0,0,0,0,0,0,0,0,0,0,0,0,0,0,0,0,0,0,0,0,0,0,0,0,0,0,39.9751,-75.1343, , 
 ,76308,2011106191,6,67,67301,2011,9,3,1705,17,1,1,0,8,1, , ,N,0,0,0,3,0,1,2,2,N, ,39 57:36.745,75 10:01.120,1713, ,1711,1,2,6, , ,0,Y, , , , ,859512, , , ,1,0,0,1,0,0,0,0,0,0,1,0,1,0,0,0,0,0,0,0,0,0,1,0,0,0,0,0,0,0,0,0,1,0,0,3,1,39.9602,-75.167, , 
 ,76309,2011108742,6,67,67301,2011,9,2,1215,12,1,1,0,5,6, , ,N,0,0,0,3,0,1,1,2,N,N,39 56:12.181,75 09:06.789,1225, ,1219, ,0, ,N, ,0, , , , , ,859556, , , ,2,0,0,0,0,0,2,0,0,0,0,1,1,0,0,0,0,0,0,0,0,0,0,0,0,0,0,0,0,0,0,0,0,0,0,4,0,39.9367,-75.1519, , 
 ,76310,2011082394,6,67,67301,2011,7,5,2030,20,4,1,0,8,1, , ,N,0,0,0,3,0,1,2,2,N,N,39 56:49.812,75 13:04.209,1445, ,1435, ,0, ,N, ,0, , , , , ,859579, , , ,1,0,0,0,0,0,1,0,1,0,1,0,1,0,1,0,0,0,0,0,0,0,0,0,0,0,0,0,0,0,0,0,0,0,0,3,0,39.9472,-75.2178, , 
 ,76311,2011082549,6,67,67301,2011,7,6,221,2,3,1,0,4,1, , ,N,1,2,0,3,0,0,3,2,N,N,39 59:12.447,75 10:50.908,222, ,221,2,2,7,N, ,3,Y, , , , ,859580, , , ,2,1,0,0,0,0,1,0,0,0,0,0,0,0,1,0,0,0,0,0,0,0,0,3,0,0,0,0,0,0,0,0,0,0,0,9,0,39.9868,-75.1808, , 
 ,76312,2011083466,6,67,67301,2011,7,6,1807,18,1,1,0,4,1, , ,N,1,2,0,3,0,5,6,3,N,N,39 56:36.006,75 12:39.070,1820, ,1810,9,1,1,N, ,3,N, , , , ,859581, , , ,3,3,0,0,0,0,0,0,0,0,0,2,5,3,0,0,0,0,0,0,1,0,0,0,0,0,0,0,0,0,0,0,0,0,0,4,0,39.9433,-75.2109, , 
 ,76313,2011087869,6,67,67301,2011,8,1,1705,17,1,1,0,4,1, , ,N,1,2,0,3,0,3,3,2,N,N,40 01:00.708,75 08:58.113,1859, ,1808, ,0, ,N, ,9, , , , , ,859584, , , ,2,2,0,0,0,0,0,0,0,0,0,3,3,0,0,0,0,0,0,0,1,1,0,0,0,0,0,0,0,0,0,0,0,0,0,4,0,40.0169,-75.1495, , 
 ,76314,2012001893,6,67,67301,2011,12,7,9999,99,3,1,0,8,1, , ,N,2,0,0,3,0,1,2,2,N,N,39 55:35.972,75 10:51.527,1646, ,1644, ,0, ,N, ,0, , , , , ,859613, , , ,1,1,0,0,0,0,0,0,0,0,0,0,1,1,0,0,0,0,0,0,0,0,0,0,0,0,0,0,0,0,0,0,1,0,0,8,0,39.9267,-75.181, , 
 ,76315,2012012613,6,67,67301,2011,12,7,1735,17,3,1,0,8,1, , ,N,1,3,0,3,0,1,2,2,N,N,39 55:45.769,75 13:06.099,1748, ,1736,3,2,4,N, ,3,Y, , , , ,859614, , , ,1,0,0,0,0,0,1,0,0,0,0,0,1,1,0,0,0,0,0,0,0,0,0,1,0,0,0,0,0,0,0,0,1,0,0,8,0,39.9294,-75.2184, , 
 ,76316,2012014962,6,67,67301,2011,12,1,1256,12,1,1,0,4,1, , ,N,1,2,0,3,0,3,3,2,N,N,39 57:39.331,75 14:41.973,1300, ,1256, ,0, ,N, ,3, , , , , ,859637, , , ,2,1,0,0,0,0,1,0,0,0,0,0,3,3,0,0,0,0,0,0,0,0,0,0,0,0,0,0,0,0,0,0,0,0,0,8,0,39.9609,-75.245, , 
 ,76317,2011112282,6,67,67301,2011,10,4,540,5,5,2,1,4,1, , ,N,1,2,0,3,0,1,3,2,N,N,40 06:51.356,74 59:16.486,635, ,620,1,1,2, , ,3,N, , , , ,859642, , , ,2,2,0,0,0,0,0,0,0,0,0,1,1,0,0,0,0,0,0,0,0,0,1,0,0,0,0,0,0,0,0,0,0,0,0,4,0,40.1143,-74.9879, , 
 ,76318,2011126254,6,67,67301,2011,11,2,1510,15,1,1,0,4,1, , ,N,2,2,0,3,0,1,2,2,N, ,39 56:07.986,75 09:19.374,1520, ,1515, ,0, , , ,3, , , , , ,859678, , , ,1,1,0,0,0,0,0,0,1,0,0,0,1,1,0,0,0,0,0,0,0,0,1,0,0,0,0,0,0,0,0,0,0,0,0,8,0,39.9356,-75.1554, , 
 ,76319,2012001959,6,67,67301,2011,12,5,836,8,1,1,0,1,2, , ,N,0,0,0,3,0,4,5,2,N,N,40 00:43.162,75 08:09.114,837, ,836, ,0, ,N, ,0, , , , , ,859687, , , ,2,0,0,1,0,1,0,0,0,0,1,3,4,0,0,0,0,0,0,0,0,0,0,0,0,0,0,0,0,0,0,0,0,0,0,3,2,40.012,-75.1359, , 
 ,76320,2011095361,6,67,67301,2011,8,4,13,0,3,1,0,4,1, , ,N,1,3,0,3,0,2,4,2,N,N,40 03:57.202,75 10:35.464,19, ,18,1,2,5,N, ,3,Y, , , , ,859703, , , ,2,1,0,0,0,0,1,0,0,0,0,2,2,0,0,0,0,0,0,0,0,0,0,0,0,0,0,0,0,0,0,0,0,0,0,4,0,40.0659,-75.1765, , 
 ,76321,2011107714,6,67,67301,2011,10,1,1454,14,1,1,0,7,2, , ,N,0,0,0,3,0,1,1,1,N,N,39 59:07.365,75 05:38.726,1509, ,1455,1,1,2,N, ,0,N, , , , ,862242, , , ,1,0,0,0,0,0,1,0,0,0,0,0,1,1,0,0,0,0,0,0,0,0,0,1,0,0,0,0,0,0,0,0,0,0,0,8,0,39.9854,-75.094, , 
 ,76322,2011134795,6,67,67301,2011,11,3,908,9,1,2,1,1,7, , ,N,1,4,0,3,0,0,3,3,N,N,39 53:31.061,75 14:30.296,911, ,908,1,2,2,N, ,3,Y, , , , ,862264, , , ,3,3,0,0,0,0,0,0,0,0,0,0,0,0,1,0,0,0,0,1,0,0,0,0,0,0,0,0,0,0,0,0,0,0,0,9,0,39.892,-75.2418, , 
 ,76323,2012010096,6,67,67301,2011,12,7,1517,15,1,1,0,4,1, , ,N,1,3,0,3,0,2,2,4,N,N,40 02:28.456,75 00:59.587,1530, ,1522, ,0, ,N, ,3, , , , , ,862267, , , ,4,3,0,0,1,0,0,0,0,0,0,2,2,0,0,0,0,0,0,0,0,1,0,0,0,0,0,0,0,0,0,0,0,0,0,4,0,40.0412,-75.0166, , 
 ,76324,2011118485,6,67,67301,2011,10,6,2340,23,3,1,0,1,1, , ,N,0,0,0,3,0,1,1,3,N,N,39 57:37.131,75 14:24.081,5, ,2343, ,0, ,N, ,0, , , , , ,862278, , , ,3,3,0,0,0,0,0,0,0,0,1,0,1,0,0,0,0,0,0,0,0,0,0,0,0,0,0,0,0,0,0,0,0,0,0,3,0,39.9603,-75.24, , 
 ,76325,2011075557,6,67,67301,2011,6,4,1553,15,1,1,0,1,1, , ,N,0,0,0,3,0,0,3,2,N,N,40 02:25.291,75 03:56.156,1621, ,1618, ,0, ,N, ,0, , , , , ,862301, , , ,2,1,0,0,1,0,0,0,0,0,0,0,0,0,1,0,0,0,0,0,0,0,0,0,0,0,0,0,0,0,0,0,0,0,0,9,0,40.0404,-75.0656, , 
 ,76326,2011083408,6,67,67301,2011,7,7,1838,18,4,4,0,4,1, , ,N,1,3,0,3,0,6,6,2,N,N,39 57:33.134,75 14:14.312,1854, ,1851, ,0, ,N, ,3, , , , , ,862314, , , ,2,1,0,0,1,0,0,0,0,0,0,6,6,0,0,0,0,0,0,0,0,0,0,0,0,0,0,0,0,0,0,0,0,0,0,4,0,39.9592,-75.2373, , 
 ,76327,2011092937,6,67,67301,2011,8,3,1211,12,1,2,1,7,2, , ,N,0,0,0,3,0,1,1,1,N,N,40 01:10.648,75 08:53.517,9999, ,1211,2,2,1,N, ,0,Y, , , , ,862323, , , ,1,0,0,0,0,0,1,0,0,0,0,1,1,0,0,0,0,0,0,0,0,0,0,0,0,0,0,0,0,0,0,0,0,0,0,4,0,40.0196,-75.1482, , 
 ,76328,2011099346,6,67,67301,2011,10,1,228,2,3,2,1,7,3, , ,N,1,2,0,3,0,0,1,1,N,N,40 05:09.951,75 12:42.717,229, ,228, ,0, ,N, ,3, , , , , ,862333, , , ,1,0,0,0,0,0,0,1,0,0,0,0,0,0,0,0,0,0,0,0,0,0,0,0,0,0,0,0,0,0,0,0,0,0,0,0,0,40.0861,-75.2119, , 
 ,76329,2012012643,6,67,67301,2011,12,6,2108,21,3,1,0,4,1, , ,N,1,2,99,3,0,1,2,2,N,N,39 58:12.826,75 08:42.073,2112, ,2108, ,0, , , ,3, , , , , ,862340, , , ,2,2,0,0,0,0,0,0,0,0,0,1,1,0,0,0,0,0,0,0,0,0,0,0,0,0,0,0,0,0,0,0,0,0,0,4,0,39.9702,-75.1451, , 
 ,76330,2012001998,6,67,67301,2011,12,4,640,6,1,2,1,4,1, , ,N,1,2,0,3,0,1,2,2,Y,N,40 01:45.341,75 09:49.576,804, ,756, ,0, ,N, ,3, , , , , ,862362, , , ,2,1,0,1,0,0,0,0,0,0,0,0,1,1,1,0,0,0,0,0,0,0,0,0,0,0,0,0,0,0,0,0,0,0,0,8,1,40.0293,-75.1638, , 
 ,76331,2011075739,6,67,67301,2011,6,1,100,1,3,1,0,1,6, , ,N,0,2,0,3,0,0,1,4, , ,39 55:38.946,75 14:03.753,1101, ,1101, ,0, , , ,3, , , , , ,862380, , , ,4,3,0,0,0,0,0,0,0,0,0,0,0,0,1,0,0,0,0,0,0,0,0,0,0,0,0,0,0,0,0,0,0,0,0,9,0,39.9275,-75.2344, , 
 ,76332,2011132919,6,67,67301,2011,11,1,1330,13,1,1,0,5,1, , ,N,0,2,0,3,0,1,4,6,N, ,39 59:11.854,75 06:35.606,1335, ,1330,1,2,5, , ,2,Y, , , , ,862395, , , ,6,4,0,0,2,0,0,0,0,0,0,1,1,0,1,0,0,0,0,0,0,0,0,3,0,0,0,0,0,0,0,0,0,0,0,4,0,39.9866,-75.1099, , 
 ,76333,2011134737,6,67,67301,2011,12,3,853,8,1,2,1,4,1, , ,N,1,3,0,3,0,0,2,2,N,N,40 01:21.878,75 05:23.636,855, ,853, ,0, ,N, ,3, , , , , ,862396, , , ,2,1,0,0,0,0,0,1,0,0,0,0,0,0,0,0,0,0,0,0,1,0,0,0,0,0,0,0,0,0,0,0,0,0,0,0,0,40.0227,-75.0899, , 
 ,76334,2011122818,6,67,67301,2011,10,1,1417,14,1,1,0,6,1, , ,N,1,0,0,3,0,1,3,2,N,N,39 59:34.615,75 06:37.098,1420, ,1418,9,2,7,N, ,0,Y, , , , ,862442, , , ,2,1,0,0,0,0,1,0,0,0,0,1,1,0,0,0,0,0,0,0,0,0,0,0,0,0,0,0,0,0,0,0,0,0,0,4,0,39.9929,-75.1103, , 