wz_ln_closure,objectid_1,crn,district,county,municipality,crash_year,crash_month,day_of_week,time_of_day,hour_of_day,illumination,weather,road_condition,collision_type,relation_to_road,work_zone_type,work_zone_loc,work_zone_ind,intersect_type,tcd_type,location_type,urban_rural,fatal_count,injury_count,person_count,total_units,sch_bus_ind,sch_zone_ind,latitude,longitude,arrival_tm,cons_zone_spd_lim,dispatch_tm,est_hrs_closed,lane_closed,ln_close_dir,ntfy_hiwy_maint,spec_juris_cd,tcd_func_cd,tfc_detour_ind,workers_pres,wz_close_detour,wz_flagger,wz_law_offcr_ind,objectid,wz_moving,wz_other,wz_shlder_mdn,vehicle_count,automobile_count,motorcycle_count,bus_count,small_truck_count,heavy_truck_count,suv_count,van_count,bicycle_count,maj_inj_count,mod_inj_count,min_inj_count,tot_inj_count,unk_inj_deg_count,unk_inj_per_count,driver_count_16yr,driver_count_17yr,driver_count_18yr,driver_count_19yr,driver_count_20yr,driver_count_50_64yr,driver_count_65_74yr,driver_count_75plus,unbelted_occ_count,unb_death_count,unb_maj_inj_count,belted_death_count,belted_maj_inj_count,mcycle_death_count,mcycle_maj_inj_count,bicycle_death_count,bicycle_maj_inj_count,ped_count,ped_death_count,ped_maj_inj_count,max_severity_level,comm_veh_count,dec_lat,dec_long,rdwy_surf_type_cd,county_name
 ,76335,2012020257,6,67,67301,2011,1,7,1800,18,6,5,3,4,2, , ,N,0,0,0,3,0,0,1,2,N,N,40 01:50.376,75 04:52.698,0, ,0, ,0, ,N, ,0, , , , , ,862451, , , ,2,2,0,0,0,0,0,0,0,0,0,0,0,0,0,0,0,0,0,0,0,0,0,0,0,0,0,0,0,0,0,0,0,0,0,0,0,40.0307,-75.0813, , 
 ,76336,2011132664,6,67,67301,2011,11,4,1930,19,3,2,1,5,1, , ,N,0,0,0,3,0,1,2,2,N,N,39 59:25.809,75 10:07.264,1950, ,1935, ,0, ,N, ,0, , , , , ,862470, , , ,2,1,0,0,1,0,0,0,0,0,0,0,1,1,0,0,0,0,0,0,0,0,0,0,0,0,0,0,0,0,0,0,0,0,0,8,0,39.9905,-75.1687, , 
 ,76337,2012022605,6,67,67301,2011,12,3,942,9,1,1,0,4,1, , ,N,0,0,0,3,0,3,3,2,N,N,39 55:05.540,75 12:33.816,942, ,9999, ,0, ,N, ,0, , , , , ,862479, , , ,2,2,0,0,0,0,0,0,0,0,0,0,3,3,0,0,0,0,0,0,2,0,0,2,0,0,0,0,0,0,0,0,0,0,0,8,0,39.918,-75.2103, , 
 ,76338,2012036811,6,67,67301,2011,12,4,1543,15,1,1,0,4,1, , ,N,1,2,0,3,0,1,2,2,N,N,39 54:14.563,75 14:24.409,1545, ,1543, ,0, ,N, ,3, , , , , ,862481, , , ,1,0,0,0,0,0,0,0,1,0,0,0,1,1,0,0,0,0,0,0,0,0,0,0,0,0,0,0,0,0,0,0,0,0,0,8,0,39.904,-75.2401, , 
 ,76339,2011112620,6,67,67301,2011,10,4,1800,18,3,2,1,5,1, , ,N,0,0,0,3,0,0,5,3,N,N,39 56:08.398,75 11:58.936,1812, ,1803,2,2,4,N, ,0,N, , , , ,854085, , , ,3,2,0,0,0,0,0,1,0,0,0,0,0,0,0,0,0,0,0,0,1,0,0,0,0,0,0,0,0,0,0,0,0,0,0,0,0,39.9357,-75.1997, , 
 ,76340,2011115485,6,67,67301,2011,10,5,1626,16,1,2,1,4,1, , ,N,1,3,0,3,0,2,5,2,N,N,39 56:13.236,75 13:57.039,1642, ,1639, ,0, ,N, ,9, , , , , ,854112, , , ,2,1,0,0,0,0,1,0,0,0,0,2,2,0,0,0,0,0,0,0,0,0,0,0,0,0,0,0,0,0,0,0,0,0,0,4,0,39.937,-75.2325, , 
 ,76341,2011132845,6,67,67301,2011,11,4,2153,21,3,2,1,6,1, , ,N,1,2,0,3,0,1,4,2,N,N,40 01:40.752,75 03:26.701,2321, ,2316, ,0, ,N, ,3, , , , , ,854129, , , ,2,2,0,0,0,0,0,0,0,0,0,1,1,0,0,0,0,0,0,0,1,0,0,0,0,0,0,0,0,0,0,0,0,0,0,4,0,40.028,-75.0574, , 
 ,76342,2012012644,6,67,67301,2011,12,7,9999,99,1,1,0,1,1, , ,N,0,0,0,3,0,1,3,3,N, ,39 56:06.568,75 08:33.402,930, ,928, ,0, , , ,0, , , , , ,854134, , , ,3,2,0,0,1,0,0,0,0,0,0,1,1,0,1,0,0,0,0,0,0,0,0,0,0,0,0,0,0,0,0,0,0,0,0,4,0,39.9351,-75.1426, , 
 ,76343,2011075726,6,67,67301,2011,7,6,1830,18,1,1,0,1,1, , ,N,0,0,99,3,0,1,2,2,N,N,40 01:40.590,75 05:45.190,1838, ,1838, ,0, ,N, ,0, , , , , ,854153, , , ,2,1,0,0,0,0,1,0,0,0,0,0,1,1,0,0,0,0,0,0,0,0,0,0,0,0,0,0,0,0,0,0,0,0,0,8,0,40.0279,-75.0959, , 
 ,76344,2011087973,6,67,67301,2011,7,7,47,0,3,2,1,7,2, , ,N,2,3,0,3,0,0,2,1,N,N,40 01:12.005,75 09:07.946,53, ,47,9,1,2,N, ,3,N, , , , ,854162, , , ,1,0,0,0,0,0,1,0,0,0,0,0,0,0,0,0,0,0,0,0,0,0,0,0,0,0,0,0,0,0,0,0,0,0,0,0,0,40.02,-75.1522, , 
 ,76345,2011095342,6,67,67301,2011,8,7,1515,15,1,2,1,2,1, , ,N,0,0,0,3,0,2,3,2,N,N,40 01:36.750,75 09:03.722,1540, ,1530,2,1,4,N, ,0,Y, , , , ,854169, , , ,2,2,0,0,0,0,0,0,0,0,0,2,2,0,0,0,0,0,0,0,1,0,0,0,0,0,0,0,0,0,0,0,0,0,0,4,0,40.0269,-75.151, , 
 ,76346,2011106161,6,67,67301,2011,9,4,1723,17,1,2,1,1,1, , ,N,1,0,0,3,0,1,2,2,N,N,40 03:35.475,75 10:24.377,1730, ,1725, ,0, ,N, ,0, , , , , ,854181, , , ,2,2,0,0,0,0,0,0,0,0,0,0,1,1,0,0,0,0,0,0,1,0,0,0,0,0,0,0,0,0,0,0,0,0,0,8,0,40.0599,-75.1734, , 
 ,76347,2011112182,6,67,67301,2011,10,6,2227,22,3,1,0,4,1, , ,N,1,2,0,3,0,2,4,2,N, ,39 59:58.827,75 05:56.359,2335, ,2331, ,0, , , ,3, , , , , ,854184, , , ,2,1,0,0,0,0,0,0,0,0,0,2,2,0,0,0,0,0,0,0,0,0,0,0,0,0,0,0,0,0,0,0,0,0,0,4,0,39.9997,-75.099, , 
 ,76348,2011118107,6,67,67301,2011,10,4,1120,11,1,2,1,2,1, , ,N,1,2,0,3,0,4,4,2,N,N,40 03:26.473,75 04:36.598,1140, ,1125, ,0, , , ,3, , , , , ,854188, , , ,2,2,0,0,0,0,0,0,0,0,1,0,4,3,0,0,1,0,0,0,0,0,1,1,0,0,0,0,0,0,0,0,0,0,0,3,0,40.0574,-75.0768, , 
 ,76349,2011118165,6,67,67301,2011,10,3,1909,19,3,1,0,3,1, , ,N,5,2,0,3,0,2,4,3,N, ,39 59:16.184,75 10:50.095,1921, ,1914, ,0, ,N, ,3, , , , , ,854192, , , ,3,1,0,0,0,0,1,1,0,0,0,0,2,2,2,0,0,0,0,0,1,0,0,3,0,0,0,0,0,0,0,0,0,0,0,8,0,39.9878,-75.1806, , 
 ,76350,2011118170,6,67,67301,2011,10,4,9999,99,3,1,0,4,1, , ,N,1,2,0,3,0,4,4,2,N, ,39 58:43.884,75 10:13.036,2349, ,2349,2,2,6, , ,3,N, , , , ,854193, , , ,2,2,0,0,0,0,0,0,0,0,0,0,4,4,0,0,0,0,0,0,0,0,0,0,0,0,0,0,0,0,0,0,0,0,0,8,0,39.9789,-75.1703, , 
 ,76351,2011132969,6,67,67301,2011,11,4,1115,11,1,2,1,8,1, , ,N,1,2,0,3,0,1,2,2,N,N,39 55:27.728,75 10:10.600,1130, ,1125, ,0, ,N, ,3, , , , , ,854200, , , ,1,1,0,0,0,0,0,0,0,0,0,1,1,0,0,0,0,0,0,0,0,0,0,0,0,0,0,0,0,0,0,0,1,0,0,4,0,39.9244,-75.1696, , 
 ,76352,2012004927,6,67,67301,2011,12,7,1315,13,1,1,0,7,4, , ,N,0,0,0,3,0,1,1,1,N,N,40 02:01.170,75 04:30.908,1317, ,1316,2,2,3,N, ,0,Y, , , , ,854206, , , ,1,1,0,0,0,0,0,0,0,0,1,0,1,0,0,0,0,0,0,0,0,0,0,0,0,0,0,0,0,0,0,0,0,0,0,3,0,40.0337,-75.0753, , 
 ,76353,2011118214,6,67,67301,2011,10,6,323,3,3,1,0,7,3, , ,N,0,0,0,3,0,1,1,1,N,N,40 01:16.484,75 04:46.580,338, ,328, ,0, ,N, ,0, , , , , ,854221, , , ,1,1,0,0,0,0,0,0,0,0,0,0,1,1,0,0,0,0,0,0,1,0,0,0,0,0,0,0,0,0,0,0,0,0,0,8,0,40.0212,-75.0796, , 
 ,76354,2011127525,6,67,67301,2011,12,6,1508,15,1,1,0,0,1, , ,N,0,0,0,3,0,1,2,2,N,N,40 01:38.042,75 06:41.769,1515, ,1509,3,1,1,N, ,0,N, , , , ,854231, , , ,2,0,1,0,0,1,0,0,0,1,0,0,1,0,0,0,0,0,0,0,0,0,0,0,0,0,0,0,0,1,0,0,0,0,0,2,1,40.0272,-75.1116, , 
 ,76355,2011134763,6,67,67301,2011,12,5,9999,99,1,1,0,1,1, , ,N,0,0,7,3,0,1,2,2,N, ,40 02:58.314,75 05:11.215,1340, ,1340, ,0, , , ,0, , , , , ,854236, , , ,2,1,0,0,0,0,0,1,0,0,1,0,1,0,0,0,0,0,0,0,1,0,0,0,0,0,0,0,0,0,0,0,0,0,0,3,0,40.0495,-75.0864, , 
 ,76356,2012004866,6,67,67301,2011,12,3,1800,18,3,2,1,8,1, , ,N,1,3,0,3,0,1,2,2,N,N,40 04:28.747,75 12:27.925,811, ,800, ,0, ,N, ,3, , , , , ,854239, , , ,1,1,0,0,0,0,0,0,0,0,0,0,1,1,0,0,0,0,0,0,0,0,0,0,0,0,0,0,0,0,0,0,1,0,0,8,0,40.0747,-75.2078, , 
 ,76357,2012005011,6,67,67301,2011,12,2,2155,21,3,1,0,5,1, , ,N,1,2,0,3,0,4,4,2,N,N,40 00:21.051,75 05:46.740,2205, ,2157, ,0, ,N, ,3, , , , , ,856840, , , ,2,2,0,0,0,0,0,0,0,0,0,4,4,0,0,1,0,0,0,0,0,0,0,0,0,0,0,0,0,0,0,0,0,0,0,4,0,40.0058,-75.0965, , 
 ,76358,2012005241,6,67,67301,2011,12,6,640,6,5,1,0,7,4, , ,N,0,0,2,3,0,0,2,2,N,N,39 57:12.243,75 08:28.522,653, ,642,2,1,1,N, ,0,N, , , , ,856841, , , ,2,2,0,0,0,0,0,0,0,0,0,0,0,0,0,0,0,0,0,0,0,0,0,0,0,0,0,0,0,0,0,0,0,0,0,0,0,39.9534,-75.1413, , 
 ,76359,2012012584,6,67,67301,2011,9,6,2100,21,3,2,1,4,1, , ,N,1,2,0,3,0,2,4,2,N,N,40 05:04.180,74 58:25.617,2109, ,2105, ,0, ,N, ,3, , , , , ,856842, , , ,2,1,0,0,0,0,0,1,0,0,0,2,2,0,0,0,0,0,0,0,0,1,0,0,0,0,0,0,0,0,0,0,0,0,0,4,0,40.0845,-74.9737, , 
 ,76360,2011098066,6,67,67301,2011,9,3,1300,13,1,2,1,4,1, , ,N,0,0,0,3,0,3,6,4,N, ,40 06:57.819,75 01:13.766,1315, ,1306, ,0, , , ,0, , , , , ,856844, , , ,4,4,0,0,0,0,0,0,0,0,0,1,3,2,3,0,0,0,0,0,0,0,1,0,0,0,0,0,0,0,0,0,0,0,0,4,0,40.1161,-75.0205, , 
 ,76361,2011112151,6,67,67301,2011,10,6,1200,12,1,2,0,4,1, , ,N,1,3,0,3,0,1,2,2,N, ,40 01:42.826,75 03:22.492,1228, ,1226, ,0, , , ,3, , , , , ,856858, , , ,2,1,0,0,1,0,0,0,0,0,0,1,1,0,0,0,0,0,0,0,0,0,0,0,0,0,0,0,0,0,0,0,0,0,0,4,0,40.0286,-75.0562, , 
 ,76362,2011118103,6,67,67301,2011,10,5,950,9,1,1,0,1,1, , ,N,1,1,0,3,0,1,2,2,N, ,40 00:25.593,75 12:49.352,1020, ,1007, ,0, , , ,3, , , , , ,856863, , , ,2,1,0,0,0,0,1,0,0,0,0,1,1,0,0,0,0,0,0,0,0,0,0,0,0,0,0,0,0,0,0,0,0,0,0,4,0,40.0071,-75.2137, , 
 ,76363,2011054122,6,67,67301,2011,3,2,1833,18,3,1,0,8,1, , ,N,1,2,0,3,0,1,2,2,N,N,39 58:19.630,75 15:05.101,1845, ,1835, ,0, ,N, ,3, , , , , ,856869, , , ,1,0,0,0,0,0,1,0,0,0,1,0,1,0,0,0,0,0,0,0,0,0,0,0,0,0,0,0,0,0,0,0,1,0,0,3,0,39.9721,-75.2514, , 
 ,76364,2011068419,6,67,67301,2011,6,4,9999,99,1,1,0,1,1, , ,N,1,2,0,3,0,1,4,3,N,N,40 01:49.177,75 07:54.609,1720, ,1714, ,0, ,N, ,3, , , , , ,856880, , , ,2,2,0,0,0,0,0,0,0,0,0,1,1,0,1,0,0,0,0,0,0,0,0,0,0,0,0,0,0,0,0,0,1,0,0,4,0,40.0303,-75.1318, , 
 ,76365,2011076039,6,67,67301,2011,6,1,8,0,3,1,0,4,1, , ,N,1,2,0,3,0,1,3,2,N,N,39 58:35.313,75 14:07.216,17, ,15,2,2,6,N, ,3,Y, , , , ,856884, , , ,1,1,0,0,0,0,0,0,1,0,0,1,1,0,0,0,0,0,0,0,0,0,0,0,0,0,0,0,0,0,0,0,0,0,0,4,0,39.9765,-75.2353, , 
 ,76366,2011093751,6,67,67301,2011,8,3,0,0,3,1,0,1,1, , ,N,1,2,0,3,0,1,4,2,N,N,40 01:47.421,75 06:15.635,9, ,4,2,1,2,N, ,3,Y, , , , ,856902, , , ,2,1,1,0,0,0,0,0,0,0,1,0,1,0,0,0,0,0,0,0,0,0,0,0,0,0,0,0,0,0,0,0,0,0,0,3,0,40.0298,-75.1043, , 
 ,76367,2011114840,6,67,67301,2011,10,1,459,4,3,4,5,7,2, , ,N,0,0,0,3,0,0,1,1,N,N,40 00:32.663,75 04:02.860,502, ,502, ,0, ,N, ,0, , , , , ,856923, , , ,1,1,0,0,0,0,0,0,0,0,0,0,0,0,0,0,0,0,0,0,0,0,0,0,0,0,0,0,0,0,0,0,0,0,0,0,0,40.009,-75.0676, , 
 ,76368,2011124597,6,67,67301,2011,11,1,142,1,3,1,0,1,1, , ,N,0,0,0,3,0,1,5,2,N,N,39 58:10.493,75 11:32.750,148, ,148, ,0, ,N, ,0, , , , , ,856932, , , ,2,2,0,0,0,0,0,0,0,0,0,0,1,1,0,0,0,0,0,0,0,0,0,0,0,0,0,0,0,0,0,0,0,0,0,8,0,39.9696,-75.1924, , 
 ,76369,2012022603,6,67,67301,2011,11,6,2150,21,3,1,0,1,1, , ,N,1,2,0,3,0,1,2,2,N,N,40 01:18.103,75 08:23.224,2200, ,2150,1,1,1,N, ,3,N, , , , ,856953, , , ,2,0,0,0,0,0,1,1,0,0,0,0,1,1,1,0,0,0,0,0,0,0,0,0,0,0,0,0,0,0,0,0,0,0,0,8,0,40.0217,-75.1398, , 
 ,76370,2011126361,6,67,67301,2011,11,7,750,7,1,1,0,2,1, , ,N,1,2,0,3,0,0,4,2,N,N,40 05:58.224,74 59:10.989,756, ,751, ,0, ,N, ,3, , , , , ,856957, , , ,2,2,0,0,0,0,0,0,0,0,0,0,0,0,0,0,0,0,0,0,1,0,0,0,0,0,0,0,0,0,0,0,0,0,0,0,0,40.0995,-74.9864, , 
 ,76371,2011129779,6,46,46104,2011,12,3,1731,17,3,2,1,4,1, , ,N,1,2,0,3,0,2,5,2,N,N,40 00:30.523,75 12:40.023,1740, ,1733, ,0, ,N, ,3, , , , , ,856961, , , ,2,2,0,0,0,0,0,0,0,0,0,2,2,0,0,0,0,0,0,0,1,0,1,1,0,0,0,0,0,0,0,0,0,0,0,4,0,40.0085,-75.2107, , 
 ,76372,2011131051,6,67,67301,2011,9,7,2359,23,3,1,0,2,1, , ,N,1,2,0,3,0,1,3,2,N,N,39 55:01.598,75 14:46.968,300, ,300, ,0, ,N, ,3, , , , , ,856994, , , ,2,2,0,0,0,0,0,0,0,0,1,0,1,0,1,0,0,0,0,0,0,0,0,1,0,0,0,0,0,0,0,0,0,0,0,3,0,39.9172,-75.2463, , 
 ,76373,2011134796,6,67,67301,2011,11,4,542,5,3,2,1,1,1, , ,N,3,2,0,3,0,2,3,3,N,N,39 55:57.222,75 12:58.289,550, ,542,1,2,3,N, ,3,Y, , , , ,856998, , , ,3,2,0,0,0,1,0,0,0,0,1,1,2,0,0,0,0,0,0,0,0,0,0,1,0,0,0,0,0,0,0,0,0,0,0,3,1,39.9326,-75.2162, , 
 ,76374,2012004269,6,67,67301,2011,12,1,2150,21,3,1,0,4,1, , ,N,1,3,0,3,0,0,5,2,N,N,39 56:56.623,75 09:20.444,2205, ,2156,2,2,4,N, ,3,N, , , , ,857001, , , ,2,1,0,0,0,0,1,0,0,0,0,0,0,0,0,0,0,0,0,0,2,0,0,0,0,0,0,0,0,0,0,0,0,0,0,0,0,39.9491,-75.1557, , 
 ,76375,2011098140,6,67,67301,2011,8,4,1748,17,1,1,0,4,1, , ,N,2,3,0,3,0,1,6,2,N,N,40 06:21.180,75 03:10.297,1755, ,1750, ,0, ,N, ,3, , , , , ,859708, , , ,2,2,0,0,0,0,0,0,0,0,0,0,1,1,1,0,0,0,0,0,1,0,0,0,0,0,0,0,0,0,0,0,0,0,0,8,0,40.1059,-75.0528, , 
 ,76376,2011099989,6,67,67301,2011,10,7,615,6,3,2,1,1,2, , ,N,0,0,0,3,0,0,2,2,N,N,39 58:56.825,75 12:28.215,623, ,620, ,0, ,N, ,0, , , , , ,859711, , , ,2,1,0,0,0,1,0,0,0,0,0,0,0,0,0,0,0,0,0,0,0,0,0,0,0,0,0,0,0,0,0,0,0,0,0,0,1,39.9825,-75.2078, , 
 ,76377,2011112110,6,67,67301,2011,10,3,1650,16,1,1,0,8,1, , ,N,0,0,0,3,0,1,2,2,N,N,39 59:56.079,75 06:18.468,1659, ,1651, ,0, , , ,0, , , , , ,859720, , , ,1,1,0,0,0,0,0,0,0,0,0,1,1,0,0,0,0,0,0,0,0,0,0,0,0,0,0,0,0,0,0,0,1,0,0,4,0,39.9989,-75.1051, , 
 ,76378,2011120336,6,67,67301,2011,11,3,907,9,1,1,0,1,1, , ,N,1,2,0,3,0,5,8,2,N, ,40 00:05.705,75 09:10.074,919, ,911, ,0, , , ,3, , , , , ,859725, , , ,2,0,0,1,0,0,1,0,0,0,0,0,5,5,0,0,0,0,0,0,0,0,0,1,0,0,0,0,0,0,0,0,0,0,0,8,1,40.0016,-75.1528, , 
 ,76379,2011134661,6,67,67301,2011,11,3,745,7,1,2,1,4,1, , ,N,1,3,0,3,0,1,4,2,N,N,39 57:21.049,75 13:18.170,1012, ,1009, ,0, ,N, ,3, , , , , ,859743, , , ,2,1,0,0,0,0,0,1,0,0,0,0,1,1,0,0,0,0,0,0,0,0,0,0,0,0,0,0,0,0,0,0,0,0,0,8,0,39.9558,-75.2217, , 
 ,76380,2012001950,6,67,67301,2011,12,5,801,8,1,1,0,8,1, , ,N,1,2,0,3,0,1,2,2,N,N,40 02:23.373,75 08:40.028,801, ,801,1,1,2,N, ,3,Y, , , , ,859747, , , ,1,1,0,0,0,0,0,0,0,0,0,0,1,1,0,0,0,0,0,0,0,0,0,0,0,0,0,0,0,0,0,0,1,0,0,8,0,40.0398,-75.1445, , 
 ,76381,2011115446,6,67,67301,2011,10,5,1241,12,1,1,0,8,1, , ,N,2,0,0,3,0,1,2,2,N,N,39 58:02.031,75 10:09.706,1243, ,1242, ,0, ,N, ,0, , , , , ,859753, , , ,1,1,0,0,0,0,0,0,0,0,0,0,1,1,0,0,0,0,0,0,0,0,0,0,0,0,0,0,0,0,0,0,1,0,0,8,0,39.9672,-75.1694, , 
 ,76382,2011118079,6,67,67301,2011,10,4,1421,14,1,2,1,8,1, , ,N,1,2,0,3,0,1,2,2,N,N,39 58:20.717,75 15:11.791,1535, ,1525, ,0, , , ,3, , , , , ,859756, , , ,1,1,0,0,0,0,0,0,0,0,0,1,1,0,0,0,0,0,0,0,0,0,0,0,0,0,0,0,0,0,0,0,1,0,0,4,0,39.9724,-75.2533, , 
 ,76383,2012020771,6,67,67301,2011,3,4,1345,13,1,1,0,4,1, , ,N,0,0,0,3,0,1,2,2,N,N,40 01:06.751,75 08:56.777,0, ,0, ,0, ,N, ,0, , , , , ,859775, , , ,2,1,0,0,0,0,0,0,0,0,0,0,1,1,1,0,0,0,0,0,1,0,0,0,0,0,0,0,0,0,0,0,0,0,0,8,0,40.0185,-75.1491, , 
 ,76384,2011093042,6,67,67301,2011,8,1,209,2,3,1,0,8,1, , ,N,0,0,0,3,0,1,2,2,N,N,39 57:48.174,75 08:07.723,209, ,209, ,0, ,N, ,0, , , , , ,859785, , , ,1,1,0,0,0,0,0,0,0,0,1,0,1,0,0,0,0,0,0,0,0,0,0,0,0,0,0,0,0,0,0,0,1,0,0,3,0,39.9635,-75.1354, , 
 ,76385,2011095381,6,67,67301,2011,8,2,1030,10,1,1,0,1,1, , ,N,1,0,0,3,0,1,2,2,N,N,40 02:34.612,75 07:11.211,1005, ,1000, ,0, ,N, ,0, , , , , ,859789, , , ,2,1,0,0,1,0,0,0,0,0,0,1,1,0,1,0,0,0,0,0,0,0,0,0,0,0,0,0,0,0,0,0,0,0,0,4,0,40.0429,-75.1198, , 
 ,76386,2011100709,6,67,67301,2011,9,4,1318,13,1,1,1,4,1, , ,N,1,2,0,3,0,0,2,2,N,N,39 56:45.520,75 11:03.285,1324, ,1319, ,0, ,N, ,3, , , , , ,859796, , , ,2,1,0,0,1,0,0,0,0,0,0,0,0,0,0,0,0,0,0,0,2,0,0,0,0,0,0,0,0,0,0,0,0,0,0,0,1,39.946,-75.1842, , 
 ,76387,2011106138,6,67,67301,2011,9,5,1158,11,1,1,0,4,1, , ,N,1,2,0,3,0,2,3,2,N, ,39 59:14.726,75 13:56.711,1246, ,1244,1,1,1, , ,3,N, , , , ,859802, , , ,2,1,0,0,0,0,0,1,0,0,0,2,2,0,0,0,0,0,0,0,1,0,0,0,0,0,0,0,0,0,0,0,0,0,0,4,0,39.9874,-75.2324, , 
 ,76388,2011106204,6,67,67301,2011,7,5,825,8,1,1,0,1,1, , ,N,0,0,0,3,0,1,6,3,N,N,39 59:13.444,75 10:28.624,905, ,855, ,0, ,N, ,0, , , , , ,859803, , , ,3,1,0,0,0,1,0,1,0,0,0,1,1,0,0,0,0,0,0,0,1,0,0,0,0,0,0,0,0,0,0,0,0,0,0,4,1,39.9871,-75.1746, , 
 ,76389,2012002123,6,67,67301,2011,12,5,1747,17,3,1,0,8,1, , ,N,1,3,0,3,0,1,2,2,N,N,40 02:21.688,75 08:26.775,1925, ,1915, ,0, ,N, ,3, , , , , ,859811, , , ,1,1,0,0,0,0,0,0,0,0,0,1,1,0,1,0,0,0,0,0,0,0,0,0,0,0,0,0,0,0,0,0,1,0,0,4,0,40.0394,-75.1408, , 
 ,76390,2012012645,6,67,67301,2011,12,6,315,3,3,1,0,5,1, , ,N,0,0,0,3,0,1,1,2,N,N,40 00:34.644,75 09:14.789,345, ,329, ,0, ,N, ,0, , , , , ,859812, , , ,2,0,0,0,0,0,1,1,0,0,0,1,1,0,0,0,0,0,0,0,0,0,0,1,0,0,0,0,0,0,0,0,0,0,0,4,0,40.0096,-75.1542, , 
 ,76391,2011115501,6,67,67301,2011,10,1,1610,16,1,1,0,8,1, , ,N,1,0,0,3,0,1,2,2,N,N,40 01:40.141,75 08:12.440,1628, ,1614, ,0, ,N, ,0, , , , , ,859814, , , ,1,1,0,0,0,0,0,0,0,0,0,0,1,1,0,0,0,0,0,0,0,0,0,0,0,0,0,0,0,0,0,0,1,0,0,8,0,40.0278,-75.1368, , 
 ,76392,2011122830,6,67,67301,2011,11,4,840,8,1,1,0,4,1, , ,N,0,0,7,3,0,2,2,2,N, ,40 02:09.242,75 04:12.936,850, ,844, ,0, , , ,0, , , , , ,859823, , , ,2,2,0,0,0,0,0,0,0,0,0,0,2,2,0,0,0,0,0,0,0,0,0,0,0,0,0,0,0,0,0,0,0,0,0,8,0,40.0359,-75.0703, , 
 ,76393,2011115463,6,67,67301,2011,10,6,1130,11,1,1,0,1,1, , ,N,0,2,0,3,0,1,4,4,N,N,40 03:30.914,75 11:22.665,1145, ,1136,1,1,2,N, ,3,N, , , , ,862482, , , ,4,2,0,0,0,0,2,0,0,0,0,1,1,0,0,0,0,0,0,0,0,0,0,1,0,0,0,0,0,0,0,0,0,0,0,4,0,40.0586,-75.1896, , 
 ,76394,2011118191,6,67,67301,2011,10,4,854,8,1,1,0,4,1, , ,N,2,0,0,3,0,1,2,2,N,N,40 01:47.599,75 12:23.218,858, ,855, ,0, ,N, ,0, , , , , ,862512, , , ,1,1,0,0,0,0,0,0,1,0,0,0,1,1,0,0,0,0,0,0,0,0,0,0,0,0,0,0,0,0,0,0,0,0,0,8,0,40.0299,-75.2064, , 
 ,76395,2011115252,6,67,67301,2011,10,3,215,2,3,1,0,4,1, , ,N,1,2,0,3,0,3,5,2,N,N,39 57:28.508,75 09:50.910,228, ,224, ,0, ,N, ,3, , , , , ,862532, , , ,2,2,0,0,0,0,0,0,0,0,0,3,3,0,2,0,0,0,0,0,0,0,0,0,0,0,0,0,0,0,0,0,0,0,0,4,0,39.9579,-75.1641, , 
 ,76396,2011117279,6,67,67301,2011,10,7,9999,99,1,1,0,4,1, , ,N,1,2,0,3,0,1,2,2,N, ,39 57:34.089,75 09:43.114,1815, ,1807, ,0, , , ,3, , , , , ,862533, , , ,1,1,0,0,0,0,0,0,1,0,1,0,1,0,0,0,0,0,0,0,0,0,0,0,0,0,0,0,0,0,0,0,0,0,0,3,0,39.9595,-75.162, , 
 ,76397,2011122841,6,67,67301,2011,11,6,846,8,1,1,0,1,1, , ,N,0,0,0,3,0,1,3,2,N,N,40 02:46.574,75 03:07.088,855, ,850,1,1,1,N, ,0,N, , , , ,862542, , , ,2,2,0,0,0,0,0,0,0,0,0,1,1,0,0,0,0,0,0,0,0,0,1,0,0,0,0,0,0,0,0,0,0,0,0,4,0,40.0463,-75.052, , 
 ,76398,2012002519,6,67,67301,2011,11,3,1212,12,1,9,0,4,1, , ,N,1,2,0,3,0,1,2,2,N,N,40 03:07.621,75 08:30.380,1255, ,1246, ,0, ,N, ,3, , , , , ,862551, , , ,2,0,0,0,0,0,2,0,0,0,0,0,1,1,0,0,0,0,0,0,0,1,0,0,0,0,0,0,0,0,0,0,0,0,0,8,0,40.0521,-75.1418, , 
 ,76399,2012007901,6,67,67301,2011,11,6,1135,11,1,1,0,4,1, , ,N,1,2,0,3,0,1,3,2,N,N,39 56:59.870,75 14:06.658,1212, ,1209, ,0, ,N, ,3, , , , , ,862552, , , ,2,2,0,0,0,0,0,0,0,0,0,1,1,0,0,0,0,0,0,0,0,1,0,0,0,0,0,0,0,0,0,0,0,0,0,4,0,39.95,-75.2352, , 
 ,76400,2011127039,6,67,67301,2011,11,3,1318,13,1,1,0,8,1, , ,N,0,0,7,3,0,1,2,2,N,N,40 02:01.391,75 10:33.487,1322, ,1318, ,0, ,N, ,0, , , , , ,862575, , , ,1,1,0,0,0,0,0,0,0,0,0,0,1,1,1,0,0,0,0,0,1,0,0,1,0,0,0,0,0,0,0,0,1,0,0,8,0,40.0337,-75.176, , 