wz_ln_closure,objectid_1,crn,district,county,municipality,crash_year,crash_month,day_of_week,time_of_day,hour_of_day,illumination,weather,road_condition,collision_type,relation_to_road,work_zone_type,work_zone_loc,work_zone_ind,intersect_type,tcd_type,location_type,urban_rural,fatal_count,injury_count,person_count,total_units,sch_bus_ind,sch_zone_ind,latitude,longitude,arrival_tm,cons_zone_spd_lim,dispatch_tm,est_hrs_closed,lane_closed,ln_close_dir,ntfy_hiwy_maint,spec_juris_cd,tcd_func_cd,tfc_detour_ind,workers_pres,wz_close_detour,wz_flagger,wz_law_offcr_ind,objectid,wz_moving,wz_other,wz_shlder_mdn,vehicle_count,automobile_count,motorcycle_count,bus_count,small_truck_count,heavy_truck_count,suv_count,van_count,bicycle_count,maj_inj_count,mod_inj_count,min_inj_count,tot_inj_count,unk_inj_deg_count,unk_inj_per_count,driver_count_16yr,driver_count_17yr,driver_count_18yr,driver_count_19yr,driver_count_20yr,driver_count_50_64yr,driver_count_65_74yr,driver_count_75plus,unbelted_occ_count,unb_death_count,unb_maj_inj_count,belted_death_count,belted_maj_inj_count,mcycle_death_count,mcycle_maj_inj_count,bicycle_death_count,bicycle_maj_inj_count,ped_count,ped_death_count,ped_maj_inj_count,max_severity_level,comm_veh_count,dec_lat,dec_long,rdwy_surf_type_cd,county_name
 ,76467,2011126423,6,67,67301,2011,11,1,525,5,3,1,0,1,1, , ,N,0,0,0,3,0,0,1,2,N,N,40 02:13.221,75 08:05.751,532, ,530,3,1,3,N, ,0,N, , , , ,862726, , , ,2,1,0,0,0,0,0,1,0,0,0,0,0,0,0,0,0,0,0,0,0,0,0,0,0,0,0,0,0,0,0,0,0,0,0,0,0,40.037,-75.1349, , 
 ,76468,2012002534,6,67,67301,2011,11,4,850,8,1,1,0,6,1, , ,N,1,2,0,3,0,1,2,2,N,Y,39 57:09.072,75 12:33.310,855, ,852, ,0, , , ,3, , , , , ,862739, , , ,1,0,0,0,0,0,0,1,1,0,0,0,1,1,0,0,0,0,0,0,0,0,0,0,0,0,0,0,0,0,0,0,0,0,0,8,0,39.9525,-75.2093, , 
 ,76469,2012012619,6,67,67301,2011,12,4,9999,99,1,1,0,7,4, , ,N,1,3,0,3,0,1,1,1,N,N,39 59:53.203,75 08:30.404,905, ,857, ,0, ,N, ,3, , , , , ,862742, , , ,1,1,0,0,0,0,0,0,0,0,1,0,1,0,0,0,0,0,0,0,0,0,0,0,0,0,0,0,0,0,0,0,0,0,0,3,0,39.9981,-75.1418, , 
 ,76470,2012002093,6,67,67301,2011,12,6,953,9,1,1,0,5,1, , ,N,0,0,0,3,0,1,2,2,N,N,39 57:23.022,75 13:17.766,1000, ,1000, ,0, , , ,0, , , , , ,862768, , , ,2,1,0,0,0,0,0,1,0,0,0,1,1,0,0,0,0,0,0,0,0,0,0,0,0,0,0,0,0,0,0,0,0,0,0,4,0,39.9564,-75.2216, , 
 ,76471,2011115303,6,67,67301,2011,10,2,1239,12,1,1,0,8,1, , ,N,0,0,0,3,0,1,2,2,N,N,39 56:46.660,75 13:23.840,1245, ,1241, ,0, ,N, ,0, , , , , ,862778, , , ,1,0,0,0,1,0,0,0,0,0,0,1,1,0,0,0,0,0,0,0,0,0,0,0,0,0,0,0,0,0,0,0,1,0,0,4,0,39.9463,-75.2233, , 
 ,76472,2011112176,6,67,67301,2011,10,3,1451,14,1,1,0,4,1, , ,N,1,0,0,3,0,1,2,2,N,N,40 02:23.736,75 00:58.283,1459, ,1454, ,0, ,N, ,0, , , , , ,862815, , , ,2,1,1,0,0,0,0,0,0,0,0,1,1,0,0,0,0,0,0,0,0,0,0,0,0,0,0,0,0,0,0,0,0,0,0,4,0,40.0399,-75.0162, , 
 ,76473,2011130431,6,67,67301,2011,12,4,1755,17,3,1,0,1,1, , ,N,0,0,0,3,0,0,3,2,N,N,39 58:07.470,75 07:40.646,1807, ,1800,1,1,1,N, ,0,N, , , , ,862830, , , ,2,1,0,0,0,0,1,0,0,0,0,0,0,0,0,0,0,0,1,0,0,0,0,0,0,0,0,0,0,0,0,0,0,0,0,0,0,39.9687,-75.1281, , 
 ,76474,2011134777,6,67,67301,2011,12,4,812,8,1,2,1,4,1, , ,N,2,0,0,3,0,1,5,2,N,N,40 04:01.387,75 03:43.833,818, ,815, ,0, ,N, ,0, , , , , ,862835, , , ,2,0,0,0,1,0,1,0,0,0,0,1,1,0,0,0,0,0,0,0,0,1,0,0,0,0,0,0,0,0,0,0,0,0,0,4,0,40.0671,-75.0622, , 
 ,76475,2012022597,6,67,67301,2011,12,5,1041,10,1,1,0,8,6, , ,N,0,0,0,3,0,1,1,3,N,N,39 59:57.184,75 10:00.454,1044, ,1043, ,0, , , ,0, , , , , ,862838, , , ,2,1,0,0,0,0,0,1,0,0,0,0,1,1,0,0,0,0,0,0,0,0,0,0,0,0,0,0,0,0,0,0,1,0,0,8,0,39.9992,-75.1668, , 
 ,76476,2012022613,6,67,67301,2011,12,4,1525,15,1,2,1,4,1, , ,N,2,2,0,3,0,4,10,2,N,N,39 58:28.546,75 11:58.192,1531, ,1528, ,0, ,N, ,3, , , , , ,862839, , , ,2,0,0,0,0,0,0,2,0,0,0,0,4,4,6,0,0,0,0,0,0,0,0,2,0,0,0,0,0,0,0,0,0,0,0,8,0,39.9746,-75.1995, , 
 ,76477,2011134813,6,67,67301,2011,12,7,1129,11,1,1,0,6,1, , ,N,0,0,7,3,0,0,4,3,N,N,39 56:17.631,75 09:18.172,1130, ,1129, ,0, ,N, ,0, , , , , ,862850, , , ,3,3,0,0,0,0,0,0,0,0,0,0,0,0,1,0,0,0,0,0,0,0,0,0,0,0,0,0,0,0,0,0,0,0,0,9,0,39.9382,-75.155, , 
 ,76478,2012001972,6,67,67301,2011,11,3,9999,99,3,2,1,1,1, , ,N,1,2,0,3,0,1,3,2,N,N,39 56:24.381,75 11:05.801,1843, ,1839, ,0, ,N, ,3, , , , , ,862851, , , ,2,0,0,0,0,0,1,1,0,0,0,1,1,0,0,0,0,0,0,0,0,0,0,0,0,0,0,0,0,0,0,0,0,0,0,4,0,39.9401,-75.1849, , 
 ,76479,2011118193,6,67,67301,2011,10,7,745,7,1,1,0,8,1, , ,N,1,2,0,3,0,1,2,2,N,N,40 01:34.321,75 10:08.941,9999, ,9999, ,0, , , ,3, , , , , ,862865, , , ,1,0,0,0,1,0,0,0,0,0,0,0,1,1,1,0,0,0,0,0,0,0,0,0,0,0,0,0,0,0,0,0,1,0,0,8,0,40.0262,-75.1692, , 
 ,76480,2011132745,6,67,67301,2011,11,2,2230,22,3,2,1,8,1, , ,N,1,2,0,3,0,1,2,2,N, ,39 55:25.139,75 10:46.360,2320, ,2315, ,0, , , ,3, , , , , ,862869, , , ,1,1,0,0,0,0,0,0,0,0,1,0,1,0,0,0,0,0,0,0,0,0,0,0,0,0,0,0,0,0,0,0,1,0,0,3,0,39.9234,-75.1813, , 
 ,76481,2012002524,6,67,67301,2011,7,4,2146,21,3,1,0,1,6, , ,N,0,0,0,3,0,2,3,5,N,N,40 00:25.920,75 07:23.909,2148, ,2148, ,0, ,N, ,0, , , , , ,862871, , , ,4,2,0,0,0,0,1,1,0,1,0,1,2,0,0,0,0,0,0,0,0,0,0,0,0,0,0,0,0,0,0,0,1,0,1,2,0,40.0072,-75.1234, , 
 ,76482,2011115245,6,67,67301,2011,10,7,1935,19,3,1,0,8,1, , ,N,2,0,0,3,0,1,2,2,N, ,39 56:42.961,75 08:35.170,1945, ,1937,9,1,1, , ,0,N, , , , ,862878, , , ,1,0,0,0,1,0,0,0,0,0,0,1,1,0,0,0,0,0,0,0,0,0,0,0,0,0,0,0,0,0,0,0,1,0,0,4,0,39.9453,-75.1431, , 
 ,76483,2012010017,6,67,67301,2011,12,6,1440,14,1,1,0,1,1, , ,N,0,0,0,3,0,2,2,2,N, ,39 55:13.630,75 14:28.620,1610, ,1602, ,0, , , ,0, , , , , ,862901, , , ,2,0,0,0,1,0,0,1,0,0,2,0,2,0,0,0,0,0,0,0,0,0,0,0,0,0,0,0,0,0,0,0,0,0,0,3,0,39.9205,-75.2413, , 
 ,76484,2011132634,6,67,67301,2011,11,5,758,7,1,1,0,1,1, , ,N,2,2,0,3,0,1,3,3,N, ,39 58:21.514,75 15:34.689,854, ,844, ,0, , , ,3, , , , , ,862916, , , ,3,2,0,0,0,0,1,0,0,0,0,0,1,1,0,0,0,1,0,0,0,0,0,0,0,0,0,0,0,0,0,0,0,0,0,8,0,39.9726,-75.2596, , 
 ,76485,2011066029,6,67,67301,2011,6,6,1441,14,1,1,0,4,1, , ,N,1,2,0,3,0,4,5,2,N,N,40 02:32.362,75 01:32.162,1637, ,1445,2,1,3, , ,3,Y, , , , ,854377, , , ,2,0,0,1,0,1,0,0,0,0,0,4,4,0,0,0,0,0,0,0,0,0,0,0,0,0,0,0,0,0,0,0,0,0,0,4,2,40.0423,-75.0256, , 
 ,76486,2011068356,6,67,67301,2011,6,2,1615,16,1,1,0,8,1, , ,N,0,0,0,3,0,1,2,3,N,N,39 56:41.452,75 14:39.886,1627, ,1624, ,0, ,N, ,0, , , , , ,854379, , , ,2,2,0,0,0,0,0,0,0,0,0,1,1,0,0,0,0,0,0,0,0,0,0,0,0,0,0,0,0,0,0,0,1,0,0,4,0,39.9448,-75.2444, , 
 ,76487,2011068407,6,67,67301,2011,6,4,2140,21,3,1,0,1,4, , ,N,2,0,0,3,0,1,1,2,N,N,40 06:56.402,75 02:01.722,2150, ,2140, ,0, ,N, ,0, , , , , ,854380, , , ,2,0,0,0,0,0,1,1,0,0,0,0,1,1,0,0,0,0,0,0,0,0,0,0,0,0,0,0,0,0,0,0,0,0,0,8,0,40.1157,-75.0338, , 
 ,76488,2011075784,6,67,67301,2011,6,5,2240,22,3,1,0,4,1, , ,N,0,0,0,3,0,2,3,2,N,N,40 02:00.735,75 10:24.876,2320, ,2317, ,0, ,N, ,0, , , , , ,854386, , , ,2,1,0,0,1,0,0,0,0,0,0,2,2,0,1,0,0,0,0,0,1,0,0,0,0,0,0,0,0,0,0,0,0,0,0,4,0,40.0335,-75.1736, , 
 ,76489,2011132790,6,67,67301,2011,11,1,1242,12,1,1,0,4,1, , ,N,1,2,0,3,0,2,3,2,N, ,40 04:50.725,75 01:42.964,1246, ,1244,1,1,3, , ,3,N, , , , ,854397, , , ,2,1,0,0,0,0,1,0,0,0,0,2,2,0,0,0,0,0,1,0,0,0,0,0,0,0,0,0,0,0,0,0,0,0,0,4,0,40.0808,-75.0286, , 
 ,76490,2011132938,6,67,67301,2011,11,6,1148,11,1,1,0,4,1, , ,N,1,2,0,3,0,1,2,2,N,N,40 01:10.898,75 11:03.583,1206, ,1157, ,0, ,N, ,3, , , , , ,854398, , , ,2,2,0,0,0,0,0,0,0,0,0,1,1,0,0,0,0,0,1,0,0,1,0,0,0,0,0,0,0,0,0,0,0,0,0,4,0,40.0197,-75.1843, , 
 ,76491,2011132850,6,67,67301,2011,11,2,1445,14,1,1,0,4,1, , ,N,1,0,0,3,0,1,2,2,N,N,40 01:27.711,75 02:04.194,1615, ,1608,3,1,1, , ,0,N, , , , ,854429, , , ,2,1,1,0,0,0,0,0,0,0,0,0,1,1,0,0,0,0,0,0,0,0,0,0,0,0,0,0,0,0,0,0,0,0,0,8,0,40.0244,-75.0345, , 
 ,76492,2012004833,6,67,67301,2011,12,3,1525,15,1,2,1,8,1, , ,N,0,0,0,3,0,1,2,2,N,N,39 59:29.700,75 06:47.416,1615, ,1608, ,0, ,N, ,0, , , , , ,854430, , , ,1,0,0,0,0,0,1,0,0,0,0,1,1,0,0,0,0,0,0,0,0,0,0,0,0,0,0,0,0,0,0,0,1,0,0,4,0,39.9916,-75.1132, , 
 ,76493,2012010910,6,67,67301,2011,12,3,230,2,3,1,0,2,1, , ,N,0,0,0,3,0,0,1,3,N,N,39 55:41.190,75 09:24.500,233, ,231,1,2,4,N, ,0,Y, , , , ,854431, , , ,3,2,0,0,0,0,1,0,0,0,0,0,0,0,0,0,0,0,0,0,0,0,0,0,0,0,0,0,0,0,0,0,0,0,0,0,0,39.9281,-75.1568, , 
 ,76494,2011083340,6,67,67301,2011,7,5,1615,16,1,1,0,1,1, , ,N,0,0,0,3,0,1,2,2,N,N,40 00:13.749,75 10:51.007,1622, ,1618, ,0, ,N, ,0, , , , , ,854437, , , ,2,2,0,0,0,0,0,0,0,0,0,1,1,0,0,0,0,0,0,0,1,0,0,0,0,0,0,0,0,0,0,0,0,0,0,4,0,40.0038,-75.1808, , 
 ,76495,2011085507,6,67,67301,2011,7,1,1950,19,4,1,0,4,1, , ,N,5,2,0,3,0,1,3,2,N, ,39 55:43.266,75 09:53.866,1957, ,1955, ,0, , , ,3, , , , , ,854439, , , ,2,1,0,1,0,0,0,0,0,0,0,1,1,0,0,0,0,0,0,0,1,0,0,0,0,0,0,0,0,0,0,0,0,0,0,4,1,39.9287,-75.165, , 
 ,76496,2011087822,6,67,67301,2011,7,6,9999,99,1,1,0,8,1, , ,N,1,2,0,3,0,1,2,2,N,N,39 58:27.310,75 13:34.898,640, ,615, ,0, ,N, ,3, , , , , ,854441, , , ,1,0,0,0,0,0,1,0,0,0,0,1,1,0,0,0,0,0,0,0,0,0,0,1,0,0,0,0,0,0,0,0,1,0,0,4,0,39.9743,-75.2264, , 
 ,76497,2011088008,6,67,67301,2011,7,1,1605,16,1,1,0,4,1, , ,N,0,0,0,3,0,1,3,2,N,N,39 58:20.948,75 07:26.186,1605, ,1605, ,0, , , ,0, , , , , ,854442, , , ,2,1,1,0,0,0,0,0,0,0,0,0,1,1,0,0,0,1,0,0,1,0,0,0,0,0,0,0,0,0,0,0,0,0,0,8,0,39.9725,-75.1239, , 
 ,76498,2011096570,6,67,67301,2011,9,2,758,7,1,1,0,1,1, , ,N,0,0,0,3,0,1,2,2,N,N,39 55:47.833,75 11:52.756,811, ,803, ,0, ,N, ,0, , , , , ,854449, , , ,2,1,0,0,0,0,0,1,0,0,0,1,1,0,0,0,0,0,0,0,0,0,0,0,0,0,0,0,0,0,0,0,0,0,0,4,0,39.93,-75.198, , 
 ,76499,2011100878,6,67,67301,2011,9,6,9999,99,1,1,0,8,6, , ,N,0,0,0,3,0,1,2,2,N, ,39 58:44.072,75 09:34.617,9999, ,1140, ,0, , , ,0, , , , , ,854454, , , ,1,0,0,0,1,0,0,0,0,0,0,0,1,1,0,0,0,0,0,0,0,0,0,0,0,0,0,0,0,0,0,0,1,0,0,8,0,39.9789,-75.1596, , 
 ,76500,2011112268,6,67,67301,2011,10,4,1654,16,1,1,0,4,1, , ,N,1,2,0,3,0,3,3,2,N,N,39 58:26.830,75 12:15.528,1655, ,1655, ,0, , , ,3, , , , , ,854463, , , ,2,2,0,0,0,0,0,0,0,0,0,0,3,3,0,0,0,0,0,0,2,0,0,0,0,0,0,0,0,0,0,0,0,0,0,8,0,39.9741,-75.2043, , 
 ,76501,2011110928,6,67,67301,2011,10,1,745,7,1,1,5,4,1, , ,N,0,0,0,3,0,0,2,2,N,N,39 58:45.981,75 06:29.468,800, ,745,1,1,2,N, ,0,N, , , , ,854480, , , ,2,2,0,0,0,0,0,0,0,0,0,0,0,0,0,0,0,0,0,0,1,0,0,0,0,0,0,0,0,0,0,0,0,0,0,0,0,39.9794,-75.1082, , 
 ,76502,2011126265,6,67,67301,2011,11,3,1719,17,3,1,0,8,1, , ,N,0,0,0,3,0,1,2,2,N,N,40 03:00.204,75 08:32.415,1740, ,1733, ,0, ,N, ,0, , , , , ,854494, , , ,1,0,0,0,0,0,1,0,0,0,1,0,1,0,0,0,0,1,0,0,0,0,0,0,0,0,0,0,0,0,0,0,1,0,0,3,0,40.0501,-75.1423, , 
 ,76503,2011118176,6,67,67301,2011,10,3,900,9,1,1,0,4,1, , ,N,1,3,0,3,0,1,2,3,N, ,39 55:05.746,75 10:18.227,917, ,916, ,0, , , ,3, , , , , ,857117, , , ,3,3,0,0,0,0,0,0,0,0,1,0,1,0,0,0,0,0,0,0,0,1,0,0,0,0,0,0,0,0,0,0,0,0,0,3,0,39.9183,-75.1717, , 
 ,76504,2012002049,6,67,67301,2011,11,4,720,7,1,1,0,4,1, , ,N,1,3,0,3,0,1,4,3,Y,N,39 59:17.055,75 07:04.551,9999, ,725, ,0, ,N, ,9, , , , , ,857127, , , ,3,1,0,1,1,0,0,0,0,0,0,1,1,0,0,0,0,0,0,0,0,0,0,1,0,0,0,0,0,0,0,0,0,0,0,4,1,39.9881,-75.1179, , 
 ,76505,2012002079,6,67,67301,2011,12,4,1000,10,1,2,1,4,1, , ,N,1,2,0,3,0,0,2,3,N,N,39 58:10.922,75 12:41.307,1013, ,1003,2,1,1,N, ,3,N, , , , ,857128, , , ,3,2,0,0,0,0,1,0,0,0,0,0,0,0,0,0,0,0,0,0,1,0,0,0,0,0,0,0,0,0,0,0,0,0,0,0,0,39.9697,-75.2115, , 
 ,76506,2012004937,6,67,67301,2011,12,2,759,7,1,1,0,4,1, , ,N,0,0,7,3,0,2,2,2,N,N,40 05:06.394,75 02:11.721,803, ,759, ,0, ,N, ,0, , , , , ,857130, , , ,2,1,0,0,0,0,1,0,0,0,0,2,2,0,0,0,0,0,0,0,0,0,0,0,0,0,0,0,0,0,0,0,0,0,0,4,0,40.0851,-75.0366, , 
 ,76507,2012010022,6,67,67301,2011,12,3,744,7,1,1,0,6,1, , ,N,0,0,0,3,0,1,2,2,N,N,39 58:13.240,75 15:41.040,756, ,745, ,0, ,N, ,0, , , , , ,857133, , , ,2,2,0,0,0,0,0,0,0,0,0,0,1,1,1,0,0,0,0,0,0,0,1,0,0,0,0,0,0,0,0,0,0,0,0,8,0,39.9703,-75.2614, , 
 ,76508,2012010114,6,67,67301,2011,12,7,2310,23,3,1,0,4,1, , ,N,1,3,0,3,0,4,4,2,N,N,40 02:11.605,75 08:13.937,2311, ,2310,3,2,7, , ,3,Y, , , , ,857134, , , ,2,2,0,0,0,0,0,0,0,0,4,0,4,0,0,0,0,0,0,0,1,0,0,0,0,0,0,0,0,0,0,0,0,0,0,3,0,40.0366,-75.1372, , 
 ,76509,2012117279,6,67,67301,2011,12,5,815,8,1,1,0,4,1, , ,N,0,0,7,3,0,1,2,2,N, ,39 57:31.622,75 08:43.674,819, ,818, ,0, , , ,0, , , , , ,857135, , , ,2,0,1,0,1,0,0,0,0,0,1,0,1,0,0,0,0,0,0,0,0,0,0,1,0,0,0,0,0,0,0,0,0,0,0,3,0,39.9588,-75.1455, , 
 ,76510,2012004835,6,67,67301,2011,12,3,955,9,1,2,1,4,1, , ,N,1,3,0,3,0,1,3,3,N,N,40 02:39.368,75 08:32.621,1005, ,1000, ,0, ,N, ,3, , , , , ,857152, , , ,3,2,0,0,1,0,0,0,0,0,0,1,1,0,1,0,0,0,0,0,0,0,0,0,0,0,0,0,0,0,0,0,0,0,0,4,0,40.0443,-75.1424, , 
 ,76511,2011118125,6,67,67301,2011,10,7,745,7,1,1,0,1,1, , ,N,5,2,0,3,0,1,2,2,N,N,40 01:46.545,75 06:13.959,804, ,752, ,0, , , ,3, , , , , ,857154, , , ,2,2,0,0,0,0,0,0,0,0,0,1,1,0,0,0,0,0,0,0,1,0,0,0,0,0,0,0,0,0,0,0,0,0,0,4,0,40.0295,-75.1038, , 
 ,76512,2011118168,6,67,67301,2011,10,5,9999,99,1,1,0,8,1, , ,N,0,0,0,3,0,1,2,2,N,N,39 58:24.488,75 13:18.123,1758, ,1754, ,0, ,N, ,0, , , , , ,857155, , , ,1,1,0,0,0,0,0,0,0,0,0,1,1,0,0,0,0,0,0,0,1,0,0,0,0,0,0,0,0,0,0,0,1,0,0,4,0,39.9735,-75.2217, , 
 ,76513,2011120333,6,67,67301,2011,10,7,9999,99,3,1,0,4,1, , ,N,2,9,0,3,0,1,1,2,N,N,39 59:44.958,75 07:03.598,9999, ,202, ,0, ,N, ,9, , , , , ,857159, , , ,2,2,0,0,0,0,0,0,0,0,0,1,1,0,0,0,0,0,0,0,0,0,0,0,0,0,0,0,0,0,0,0,0,0,0,4,0,39.9958,-75.1177, , 
 ,76514,2011132720,6,67,67301,2011,11,4,813,8,1,2,1,4,6, , ,N,0,0,0,3,0,4,4,2,N,N,40 04:35.910,75 02:55.240,818, ,815, ,0, ,N, ,0, , , , , ,857172, , , ,2,0,0,0,0,0,2,0,0,0,0,0,4,4,0,0,0,0,0,0,1,0,0,0,0,0,0,0,0,0,0,0,0,0,0,8,0,40.0766,-75.0487, , 
 ,76515,2012004942,6,67,67301,2011,12,3,1645,16,3,2,1,4,1, , ,N,1,2,0,3,0,1,2,2,N, ,40 07:43.865,75 00:49.825,1650, ,1646, ,0, , , ,3, , , , , ,857178, , , ,2,2,0,0,0,0,0,0,0,0,0,0,1,1,0,0,0,1,0,0,0,1,0,0,0,0,0,0,0,0,0,0,0,0,0,8,0,40.1288,-75.0137, , 
 ,76516,2012013431,6,67,67301,2011,12,4,2314,23,2,2,1,4,1, , ,N,1,2,0,3,0,1,2,2,N,N,39 58:17.412,75 07:36.645,2314, ,2314, ,0, ,N, ,3, , , , , ,857179, , , ,2,1,0,0,0,0,1,0,0,0,0,0,1,1,0,0,0,0,0,0,0,0,0,0,0,0,0,0,0,0,0,0,0,0,0,8,0,39.9713,-75.1271, , 
 ,76517,2012001954,6,67,67301,2011,11,2,2305,23,3,2,1,7,4, , ,N,6,8,2,3,0,0,1,1,N,N,40 00:46.541,75 12:16.209,2342, ,2339, ,0, ,N, ,3, , , , , ,857198, , , ,1,1,0,0,0,0,0,0,0,0,0,0,0,0,0,0,0,0,0,0,0,0,0,0,0,0,0,0,0,0,0,0,0,0,0,0,0,40.0148,-75.2053, , 
 ,76518,2011126310,6,67,67301,2011,11,7,2025,20,3,1,0,1,1, , ,N,1,0,0,3,0,0,4,3,N,N,40 01:00.965,75 09:05.545,2030, ,2028,9,1,3,N, ,0,N, , , , ,857217, , , ,3,3,0,0,0,0,0,0,0,0,0,0,0,0,1,0,0,0,0,1,1,0,0,1,0,0,0,0,0,0,0,0,0,0,0,9,0,40.0169,-75.1515, , 
 ,76519,2012020903,6,67,67301,2011,2,6,855,8,1,2,1,1,1, , ,N,1,2,0,3,0,1,2,2, , ,39 59:38.150,75 09:16.063,0, ,0, ,0, , , ,9, , , , , ,857240, , , ,2,0,0,0,1,0,1,0,0,0,0,0,1,1,0,0,0,0,0,0,0,0,0,0,0,0,0,0,0,0,0,0,0,0,0,8,0,39.9939,-75.1545, , 
 ,76520,2011118174,6,67,67301,2011,10,3,1555,15,1,1,0,8,1, , ,N,0,2,0,3,0,1,2,2,N,N,39 57:18.976,75 10:01.482,1602, ,1600, ,0, ,N, ,3, , , , , ,857245, , , ,1,1,0,0,0,0,0,0,0,0,1,0,1,0,0,0,0,0,0,0,0,0,0,0,0,0,0,0,0,0,0,0,1,0,0,3,0,39.9553,-75.1671, , 
 ,76521,2012020417,6,67,67301,2011,7,2,954,9,1,1,0,4,1, , ,N,1,3,0,3,0,3,5,2,N,N,40 01:25.870,75 08:33.165,1038, ,1025,1,1,1,N, ,3,Y, , , , ,859992, , , ,2,1,0,1,0,0,0,0,0,0,0,3,3,0,1,0,0,0,0,0,0,0,0,0,0,0,0,0,0,0,0,0,0,0,0,4,1,40.0239,-75.1425, , 
 ,76522,2011112201,6,67,67301,2011,10,1,1847,18,1,1,0,6,1, , ,N,1,2,0,3,0,2,2,2,N,N,39 56:33.464,75 13:17.018,1848, ,1848,9,1,3,N, ,3,Y, , , , ,860008, , , ,2,1,0,0,0,0,1,0,0,0,0,2,2,0,0,0,0,0,0,0,1,0,0,0,0,0,0,0,0,0,0,0,0,0,0,4,0,39.9426,-75.2214, , 
 ,76523,2011115417,6,67,67301,2011,9,6,1800,18,1,1,0,8,1, , ,N,0,0,0,3,1,0,3,3,N,N,39 57:44.705,75 09:28.765,1801, ,1800,3,2,6,N,0,0,Y, , , , ,860056, , , ,2,0,0,1,0,0,0,1,0,0,0,0,0,0,0,0,0,0,0,0,1,0,0,0,0,0,0,0,0,0,0,0,1,1,0,1,1,39.9624,-75.158,2, 
 ,76524,2011116976,6,67,67301,2011,11,7,1703,17,1,1,0,1,1, , ,N,0,0,0,3,0,0,2,2,N,N,39 58:33.165,75 11:42.798,1717, ,1712, ,0, ,N, ,0, , , , , ,860058, , , ,2,1,0,0,1,0,0,0,0,0,0,0,0,0,0,0,0,0,0,0,2,0,0,0,0,0,0,0,0,0,0,0,0,0,0,0,0,39.9759,-75.1952, , 
 ,76525,2011118140,6,67,67301,2011,10,1,1614,16,1,1,1,4,1, , ,N,2,2,0,3,0,0,3,2,N, ,39 57:51.984,75 08:03.331,1619, ,1614, ,0, , , ,9, , , , , ,860075, , , ,2,1,0,0,0,0,1,0,0,0,0,0,0,0,3,0,0,0,0,1,0,1,0,0,0,0,0,0,0,0,0,0,0,0,0,9,0,39.9644,-75.1343, , 
 ,76526,2011134787,6,67,67301,2011,11,4,1305,13,1,2,1,1,1, , ,N,0,2,0,3,0,4,5,3,N,N,39 57:23.819,75 12:36.540,1308, ,1305, ,0, ,N, ,3, , , , , ,860098, , , ,3,3,0,0,0,0,0,0,0,0,0,4,4,0,0,0,0,1,0,0,0,0,0,5,0,0,0,0,0,0,0,0,0,0,0,4,0,39.9566,-75.2102, , 
 ,76527,2012022240,6,67,67301,2011,8,1,1600,16,1,9,0,4,1, , ,N,1,2,0,3,0,1,2,2,N,N,39 58:22.195,75 13:39.140,0, ,0, ,0, ,N, ,3, , , , , ,860122, , , ,2,1,1,0,0,0,0,0,0,0,0,1,1,0,0,0,0,0,0,0,0,0,0,0,0,0,0,0,0,0,0,0,0,0,0,4,0,39.9728,-75.2275, , 
 ,76528,2011083804,6,67,67301,2011,7,7,9999,99,1,1,0,8,1, , ,N,0,0,0,3,0,1,2,2,N,N,40 01:53.383,75 09:11.044,9999, ,1830, ,0, ,N, ,0, , , , , ,860136, , , ,1,1,0,0,0,0,0,0,0,0,1,0,1,0,1,0,0,0,0,0,0,0,0,1,0,0,0,0,0,0,0,0,1,0,0,3,0,40.0315,-75.1531, , 
 ,76529,2011085972,6,67,67301,2011,8,3,1207,12,1,1,0,1,1, , ,N,0,0,0,3,0,1,5,3,N,N,39 56:52.993,75 11:10.916,1212, ,1210, ,0, ,N, ,0, , , , , ,860142, , , ,3,2,0,0,0,0,1,0,0,0,0,1,1,0,0,0,0,0,0,0,0,0,0,0,0,0,0,0,0,0,0,0,0,0,0,4,0,39.9481,-75.1864, , 
 ,76530,2011089721,6,67,67301,2011,8,2,1307,13,1,1,0,1,1, , ,N,0,0,0,3,0,2,2,3,N,N,39 57:31.900,75 10:14.643,1319, ,1311,1,2,3,N, ,0,Y, , , , ,860146, , , ,3,1,0,0,0,0,1,1,0,0,0,0,2,2,0,0,0,0,0,0,1,0,0,0,0,0,0,0,0,0,0,0,0,0,0,8,0,39.9589,-75.1707, , 
 ,76531,2011106210,6,67,67301,2011,9,5,1700,17,1,1,0,8,1, , ,N,0,0,0,3,0,1,2,2,N,N,39 59:35.420,75 09:38.717,1820, ,1815, ,0, , , ,0, , , , , ,860158, , , ,1,0,0,0,0,1,0,0,0,0,0,1,1,0,0,0,0,0,0,0,0,0,0,0,0,0,0,0,0,0,0,0,1,0,0,4,1,39.9932,-75.1608, , 
 ,76532,2011112317,6,67,67301,2011,10,2,1620,16,1,1,0,5,6, , ,N,0,0,0,3,0,1,3,2,N,N,39 56:12.701,75 09:37.007,1622, ,1621, ,0, ,N, ,0, , , , , ,860164, , , ,1,1,0,0,0,0,0,0,1,0,0,1,1,0,0,0,0,0,0,0,0,0,0,2,0,0,0,0,0,0,0,0,0,0,0,4,0,39.9369,-75.1603, , 
 ,76533,2011115048,6,67,67301,2011,11,5,546,5,3,1,0,4,1, , ,N,0,0,0,3,0,0,2,2,N,N,39 59:22.444,75 13:07.410,547, ,547,1,1,2,N, ,0,Y, , , , ,860204, , , ,2,1,0,0,0,0,1,0,0,0,0,0,0,0,0,0,0,0,0,0,2,0,0,0,0,0,0,0,0,0,0,0,0,0,0,0,0,39.9896,-75.2187, , 