wz_ln_closure,objectid_1,crn,district,county,municipality,crash_year,crash_month,day_of_week,time_of_day,hour_of_day,illumination,weather,road_condition,collision_type,relation_to_road,work_zone_type,work_zone_loc,work_zone_ind,intersect_type,tcd_type,location_type,urban_rural,fatal_count,injury_count,person_count,total_units,sch_bus_ind,sch_zone_ind,latitude,longitude,arrival_tm,cons_zone_spd_lim,dispatch_tm,est_hrs_closed,lane_closed,ln_close_dir,ntfy_hiwy_maint,spec_juris_cd,tcd_func_cd,tfc_detour_ind,workers_pres,wz_close_detour,wz_flagger,wz_law_offcr_ind,objectid,wz_moving,wz_other,wz_shlder_mdn,vehicle_count,automobile_count,motorcycle_count,bus_count,small_truck_count,heavy_truck_count,suv_count,van_count,bicycle_count,maj_inj_count,mod_inj_count,min_inj_count,tot_inj_count,unk_inj_deg_count,unk_inj_per_count,driver_count_16yr,driver_count_17yr,driver_count_18yr,driver_count_19yr,driver_count_20yr,driver_count_50_64yr,driver_count_65_74yr,driver_count_75plus,unbelted_occ_count,unb_death_count,unb_maj_inj_count,belted_death_count,belted_maj_inj_count,mcycle_death_count,mcycle_maj_inj_count,bicycle_death_count,bicycle_maj_inj_count,ped_count,ped_death_count,ped_maj_inj_count,max_severity_level,comm_veh_count,dec_lat,dec_long,rdwy_surf_type_cd,county_name
 ,76667,2011090339,6,67,67301,2011,5,7,2055,20,3,2,1,1,1, , ,N,1,2,0,3,0,1,2,2,N,N,39 59:34.823,75 13:03.365,2056, ,2055, ,0, , , ,3, , , , , ,860423, , , ,2,2,0,0,0,0,0,0,0,0,0,0,1,1,0,0,0,0,0,0,0,0,0,1,0,0,0,0,0,0,0,0,0,0,0,8,0,39.993,-75.2176, , 
 ,76668,2011090541,6,67,67301,2011,8,2,2010,20,1,2,1,1,1, , ,N,1,0,0,3,0,1,6,2,N,N,39 56:04.228,75 13:28.203,2016, ,2012, ,0, ,N, ,0, , , , , ,860424, , , ,2,1,0,0,1,0,0,0,0,0,0,0,1,1,1,0,0,0,0,0,0,0,0,0,0,0,0,0,0,0,0,0,0,0,0,8,0,39.9345,-75.2245, , 
 ,76669,2011112219,6,67,67301,2011,10,1,357,3,3,1,0,6,6, , ,N,0,0,0,3,0,1,1,3,N,N,40 00:39.768,75 05:52.497,400, ,358, ,0, ,N, ,0, , , , , ,860447, , , ,3,2,0,0,0,0,1,0,0,0,0,0,1,1,0,0,0,0,0,0,0,0,0,0,0,0,0,0,0,0,0,0,0,0,0,8,0,40.0109,-75.0979, , 
 ,76670,2011056945,6,67,67301,2011,5,1,842,8,1,2,1,1,1, , ,N,10,0,0,3,0,0,2,2,N,N,40 02:05.924,75 11:18.304,850, ,842,1,1,1,N, ,0,N, , , , ,860468, , , ,2,2,0,0,0,0,0,0,0,0,0,0,0,0,0,0,0,0,0,1,0,0,1,0,0,0,0,0,0,0,0,0,0,0,0,0,0,40.035,-75.1884, , 
 ,76671,2011083277,6,67,67301,2011,7,2,840,8,1,9,8,8,1, , ,N,0,0,0,3,0,1,2,2,N,N,39 58:06.226,75 10:27.773,1120, ,1100, ,0, , , ,0, , , , , ,860494, , , ,1,1,0,0,0,0,0,0,0,0,0,0,1,1,1,0,0,0,0,0,0,0,0,0,0,0,0,0,0,0,0,0,1,0,0,8,0,39.9684,-75.1744, , 
 ,76672,2011083432,6,67,67301,2011,7,4,1010,10,1,1,0,4,1, , ,N,5,2,0,3,0,1,3,2,N, ,39 57:47.892,75 10:37.748,1012, ,1010, ,0, , , ,3, , , , , ,860495, , , ,2,1,1,0,0,0,0,0,0,0,1,0,1,0,0,0,0,0,1,0,0,0,0,0,0,0,0,0,0,0,0,0,0,0,0,3,0,39.9632,-75.1771, , 
 ,76673,2011095407,6,67,67301,2011,8,7,1,0,3,1,0,4,1, , ,N,1,2,99,3,0,0,2,2,N,N,39 55:40.490,75 11:14.888,5, ,1, ,0, ,N, ,3, , , , , ,860505, , , ,2,2,0,0,0,0,0,0,0,0,0,0,0,0,2,0,0,0,0,0,0,0,0,2,0,0,0,0,0,0,0,0,0,0,0,9,0,39.9279,-75.1875, , 
 ,76674,2012001891,6,67,67301,2011,12,3,1815,18,4,1,0,8,1, , ,N,1,2,0,3,0,1,2,2,N,N,39 57:18.507,75 11:07.292,2335, ,2330, ,0, ,N, ,3, , , , , ,860517, , , ,1,1,0,0,0,0,0,0,0,0,0,1,1,0,1,0,0,0,0,0,0,0,0,0,0,0,0,0,0,0,0,0,1,0,0,4,0,39.9552,-75.1856, , 
 ,76675,2012008062,6,9,9212,2011,12,5,1050,10,1,1,0,4,1, , ,N,1,2,0,3,0,2,2,2,N,N,40 08:03.616,75 00:33.107,1056, ,1052,1,2,1,N, ,3,Y, , , , ,860518, , , ,2,2,0,0,0,0,0,0,0,0,0,1,2,1,0,0,0,0,0,0,1,1,0,0,0,0,0,0,0,0,0,0,0,0,0,4,0,40.1343,-75.0091, , 
 ,76676,2011076263,6,67,67301,2011,6,5,1611,16,1,1,0,8,2, , ,N,1,0,0,3,0,1,3,2,N,N,39 57:10.026,75 10:00.662,1611, ,1611, ,0, ,N, ,0, , , , , ,860542, , , ,1,1,0,0,0,0,0,0,0,0,0,1,1,0,0,0,0,0,0,0,0,0,0,0,0,0,0,0,0,0,0,0,1,0,0,4,0,39.9528,-75.1668, , 
 ,76677,2011082681,6,67,67301,2011,7,7,2038,20,3,1,0,7,3, , ,N,0,0,0,3,0,1,1,1,N,N,40 03:25.367,75 02:48.391,2040, ,2039,3,2,2,Y, ,0,Y, , , , ,860550, , , ,1,1,0,0,0,0,0,0,0,0,1,0,1,0,0,0,0,0,0,0,0,0,0,0,0,0,0,0,0,0,0,0,0,0,0,3,0,40.057,-75.0468, , 
 ,76678,2011090338,6,67,67301,2011,8,7,256,2,3,1,0,4,1, , ,N,2,0,0,3,0,2,2,2,N,N,39 58:13.038,75 12:50.032,301, ,301, ,0, ,N, ,0, , , , , ,860554, , , ,2,0,2,0,0,0,0,0,0,0,2,0,2,0,0,0,0,0,0,0,0,0,0,0,0,0,0,0,0,0,0,0,0,0,0,3,0,39.9703,-75.2139, , 
 ,76679,2011090421,6,67,67301,2011,7,2,1908,19,1,2,1,4,1, , ,N,1,2,0,3,0,1,3,2,N, ,40 04:51.077,75 01:43.585,1928, ,1928, ,0, , , ,3, , , , , ,860555, , , ,2,2,0,0,0,0,0,0,0,0,0,0,1,1,0,0,0,0,0,0,1,0,0,1,0,0,0,0,0,0,0,0,0,0,0,8,0,40.0809,-75.0288, , 
 ,76680,2011134664,6,67,67301,2011,11,3,1630,16,3,2,1,8,1, , ,N,1,2,0,3,0,1,2,2,N,N,39 57:26.750,75 13:45.402,1745, ,1240, ,0, , , ,3, , , , , ,860561, , , ,1,1,0,0,0,0,0,0,0,0,0,1,1,0,0,0,0,0,0,0,0,0,0,0,0,0,0,0,0,0,0,0,1,0,0,4,0,39.9574,-75.2293, , 
 ,76681,2012002526,6,67,67301,2011,11,5,1712,17,3,1,0,1,1, , ,N,0,0,0,3,0,1,5,3,N,N,40 05:18.380,75 02:03.818,1715, ,1712, ,0, ,N, ,0, , , , , ,860564, , , ,3,2,0,0,1,0,0,0,0,0,0,1,1,0,0,0,0,0,0,0,0,0,1,0,0,0,0,0,0,0,0,0,0,0,0,4,0,40.0884,-75.0344, , 
 ,76682,2012014963,6,67,67301,2011,12,3,1417,14,1,1,0,5,1, , ,N,0,0,0,3,0,1,2,4,N,N,39 56:56.515,75 14:24.540,1540, ,1534, ,0, ,N, ,0, , , , , ,860567, , , ,4,1,0,0,0,0,2,1,0,0,0,1,1,0,0,0,0,0,0,0,0,0,0,0,0,0,0,0,0,0,0,0,0,0,0,4,0,39.949,-75.2402, , 
 ,76683,2011132032,6,67,67301,2011,12,7,154,1,3,1,0,1,1, , ,N,0,0,0,3,0,0,4,2,N,N,39 53:55.382,75 10:14.941,205, ,202,1,2,1,N, ,0,N, , , , ,864622, , , ,2,2,0,0,0,0,0,0,0,0,0,0,0,0,1,0,0,1,1,0,0,0,0,0,0,0,0,0,0,0,0,0,0,0,0,9,0,39.8987,-75.1708, , 
 ,76684,2011113917,6,67,67301,2011,11,6,2249,22,3,1,0,9,1, , ,N,0,0,0,3,0,1,1,1,N,N,39 52:41.167,75 15:02.732,2309, ,2258, ,0, ,N, ,0, , , , , ,864641, , , ,1,1,0,0,0,0,0,0,0,0,0,1,1,0,0,0,0,0,0,0,0,0,0,0,0,0,0,0,0,0,0,0,0,0,0,4,0,39.8781,-75.2508, , 
 ,76685,2011119249,6,67,67301,2011,11,6,645,6,1,1,0,6,1, , ,N,0,0,0,3,0,4,6,3,N,N,40 02:08.134,75 01:01.018,650, ,647,1,1,1,N, ,0,N, , , , ,864645, , , ,3,1,0,0,0,0,2,0,0,0,0,0,4,4,1,0,0,0,0,0,2,0,0,0,0,0,0,0,0,0,0,0,0,0,0,8,0,40.0355,-75.0171, , 
 ,76686,2011132896,6,67,67301,2011,11,3,1220,12,1,1,0,4,1, , ,N,2,3,0,3,0,1,2,3,N,N,39 58:04.432,75 09:54.662,1226, ,1224, ,0, ,N, ,3, , , , , ,864703, , , ,3,3,0,0,0,0,0,0,0,0,0,1,1,0,0,0,0,0,0,0,0,0,0,0,0,0,0,0,0,0,0,0,0,0,0,4,0,39.9679,-75.1652, , 
 ,76687,2011112255,6,67,67301,2011,9,4,656,6,1,1,1,5,1, , ,N,0,0,0,3,0,0,2,2,N, ,40 00:33.802,75 11:16.443,707, ,657,1,2,3, , ,0,N, , , , ,864711, , , ,2,2,0,0,0,0,0,0,0,0,0,0,0,0,0,0,0,0,0,0,0,0,0,0,0,0,0,0,0,0,0,0,0,0,0,0,0,40.0094,-75.1879, , 
 ,76688,2011122772,6,67,67301,2011,10,7,1155,11,1,3,4,1,1, , ,N,0,2,7,3,0,1,2,2,N,N,40 00:58.671,75 10:14.883,1200, ,1159, ,0, , , ,3, , , , , ,864719, , , ,2,2,0,0,0,0,0,0,0,0,0,1,1,0,0,0,0,0,1,0,0,1,0,0,0,0,0,0,0,0,0,0,0,0,0,4,0,40.0163,-75.1708, , 
 ,76689,2011127060,6,67,67301,2011,11,3,755,7,1,1,0,5,1, , ,N,2,2,0,3,0,1,2,2,N, ,39 58:36.459,75 06:47.555,817, ,815, ,0, , , ,3, , , , , ,864721, , , ,2,1,0,0,1,0,0,0,0,0,0,1,1,0,0,0,0,0,0,0,0,0,0,0,0,0,0,0,0,0,0,0,0,0,0,4,0,39.9767,-75.1134, , 
 ,76690,2012009978,6,67,67301,2011,12,4,1800,18,3,1,0,4,1, , ,N,1,3,0,3,0,1,2,3,N, ,39 59:27.967,75 10:30.446,9999, ,1802,9,1,4, , ,3,N, , , , ,864737, , , ,3,1,0,0,0,0,2,0,0,0,0,0,1,1,0,0,0,0,0,0,1,0,0,0,0,0,0,0,0,0,0,0,0,0,0,8,0,39.9911,-75.1751, , 
 ,76691,2012032530,6,67,67301,2011,1,5,2114,21,3,1,0,4,1, , ,N,1,2,0,3,0,1,4,2,N,N,40 03:08.606,75 00:28.400,2121, ,2116,3,1,3, , ,3,Y, , , , ,864739, , , ,2,1,0,0,1,0,0,0,0,0,1,0,1,0,2,0,0,0,0,0,0,0,0,0,0,0,0,0,0,0,0,0,0,0,0,3,0,40.0523,-75.008, , 
 ,76692,2011132879,6,67,67301,2011,11,4,700,7,3,2,1,1,1, , ,N,0,0,0,3,0,2,3,3,N,N,39 56:23.768,75 09:58.898,705, ,703, ,0, ,N, ,0, , , , , ,864752, , , ,3,1,0,0,0,0,2,0,0,0,0,0,2,2,0,0,0,0,0,0,0,0,0,0,0,0,0,0,0,0,0,0,0,0,0,8,0,39.94,-75.1664, , 
 ,76693,2011108902,6,67,67301,2011,9,4,1620,16,1,2,1,4,1, , ,N,1,3,0,3,0,2,2,2,N,N,39 58:44.180,75 13:56.038,1638, ,1635, ,0, ,N, ,3, , , , , ,864760, , , ,2,2,0,0,0,0,0,0,0,0,0,0,2,2,0,0,0,0,0,0,1,0,0,0,0,0,0,0,0,0,0,0,0,0,0,8,0,39.9789,-75.2322, , 
 ,76694,2011118134,6,67,67301,2011,10,6,1500,15,1,1,0,5,1, , ,N,0,0,0,3,0,2,3,2,N, ,39 54:11.880,75 13:32.500,1535, ,1535, ,0, , , ,0, , , , , ,864773, , , ,2,1,0,0,0,0,1,0,0,0,2,0,2,0,0,0,0,0,0,0,0,0,0,0,0,0,0,0,0,0,0,0,0,0,0,3,0,39.9033,-75.2257, , 
 ,76695,2012002082,6,67,67301,2011,12,5,935,9,1,1,0,8,1, , ,N,1,2,0,3,0,1,2,2,N,N,39 57:47.035,75 13:27.223,1000, ,950, ,0, ,N, ,3, , , , , ,864792, , , ,1,1,0,0,0,0,0,0,0,0,0,0,1,1,0,0,0,0,0,0,0,0,0,0,0,0,0,0,0,0,0,0,1,0,0,8,0,39.9631,-75.2242, , 
 ,76696,2012004258,6,67,67301,2011,12,6,950,9,1,1,0,4,1, , ,N,0,0,7,3,0,1,2,2,N,N,40 04:09.303,75 02:56.706,955, ,951, ,0, ,N, ,0, , , , , ,864793, , , ,2,0,0,0,1,0,1,0,0,0,0,1,1,0,0,0,0,0,0,0,1,0,0,0,0,0,0,0,0,0,0,0,0,0,0,4,0,40.0693,-75.0491, , 
 ,76697,2012010051,6,67,67301,2011,12,4,439,4,3,1,1,4,1, , ,N,2,0,0,3,0,0,1,5,N,N,40 02:50.337,75 06:19.990,450, ,438, ,0, ,N, ,0, , , , , ,864794, , , ,5,3,0,0,1,0,0,1,0,0,0,0,0,0,0,0,0,0,0,0,0,0,0,0,0,0,0,0,0,0,0,0,0,0,0,0,0,40.0473,-75.1056, , 
 ,76698,2011112092,6,67,67301,2011,9,5,1444,14,1,1,0,4,1, , ,N,1,2,0,3,0,0,6,2,N, ,39 58:13.815,75 08:53.198,1530, ,1526, ,0, ,N, ,3, , , , , ,864802, , , ,2,2,0,0,0,0,0,0,0,0,0,0,0,0,0,0,0,0,0,0,0,1,0,0,0,0,0,0,0,0,0,0,0,0,0,0,0,39.9704,-75.1482, , 
 ,76699,2011132776,6,67,67301,2011,11,1,1520,15,1,1,0,4,1, , ,N,1,2,0,3,0,0,3,2,N, ,39 55:44.578,75 13:14.118,1525, ,1523, ,0, , , ,3, , , , , ,864822, , , ,2,0,0,0,0,0,2,0,0,0,0,0,0,0,0,0,0,0,0,0,1,0,0,0,0,0,0,0,0,0,0,0,0,0,0,0,0,39.929,-75.2206, , 
 ,76700,2011115305,6,67,67301,2011,10,4,1110,11,1,1,0,4,1, , ,N,1,2,0,3,0,3,5,2,N,N,40 00:11.177,75 10:38.108,1120, ,1117,3,2,7,N, ,3,Y, , , , ,864828, , , ,2,1,0,0,0,1,0,0,0,0,0,0,3,3,1,0,0,0,0,0,1,0,0,0,0,0,0,0,0,0,0,0,0,0,0,8,0,40.0031,-75.1773, , 
 ,76701,2011034710,6,67,67301,2011,3,2,1432,14,1,1,0,1,1, , ,N,0,0,0,3,0,0,5,2,N,N,40 01:26.256,75 01:53.845,1500, ,1447, ,0, ,N, ,0, , , , , ,854736, , , ,2,2,0,0,0,0,0,0,0,0,0,0,0,0,0,0,0,0,0,1,0,0,0,0,0,0,0,0,0,0,0,0,0,0,0,0,0,40.0239,-75.0318, , 
 ,76702,2011041603,6,67,67301,2011,4,7,2345,23,3,2,1,0,4, , ,N,0,0,0,3,0,0,1,1,N,N,39 59:42.065,75 05:01.634,2354, ,2349, ,0, ,N, ,0, , , , , ,854742, , , ,1,0,0,0,0,0,1,0,0,0,0,0,0,0,0,0,0,0,0,0,0,0,0,0,0,0,0,0,0,0,0,0,0,0,0,0,0,39.9951,-75.0837, , 
 ,76703,2011066232,6,67,67301,2011,6,5,2032,20,3,1,0,8,1, , ,N,1,2,0,3,0,1,2,2,N,N,39 55:15.755,75 13:26.897,2145, ,2140, ,0, ,N, ,3, , , , , ,854758, , , ,1,1,0,0,0,0,0,0,0,0,0,0,1,1,0,0,0,0,0,0,0,1,0,0,0,0,0,0,0,0,0,0,1,0,0,8,0,39.9211,-75.2242, , 
 ,76704,2011062012,6,67,67301,2011,5,3,909,9,1,2,1,1,1, , ,N,0,0,0,3,0,1,1,3,N,N,40 00:49.850,75 03:33.610,926, ,921, ,0, ,N, ,0, , , , , ,854786, , , ,3,1,0,0,1,0,1,0,0,0,1,0,1,0,0,0,0,0,0,0,0,0,0,0,0,0,0,0,0,0,0,0,0,0,0,3,0,40.0138,-75.0593, , 
 ,76705,2011064191,6,67,67301,2011,5,1,1524,15,1,1,0,4,1, , ,N,1,2,0,3,0,3,3,2,N,N,40 00:46.713,75 07:09.797,1524, ,1524,3,2,5, , ,3,Y, , , , ,854793, , , ,2,1,0,0,1,0,0,0,0,0,1,2,3,0,0,0,0,0,1,0,0,0,0,0,0,0,0,0,0,0,0,0,0,0,0,3,0,40.013,-75.1194, , 
 ,76706,2011083284,6,67,67301,2011,7,2,940,9,1,1,0,1,1, , ,N,0,0,0,3,0,1,2,2,N,N,39 57:12.439,75 09:50.407,950, ,945, ,0, ,N, ,0, , , , , ,854810, , , ,1,1,0,0,0,0,0,0,1,0,0,0,1,1,0,0,0,0,0,0,0,0,0,0,0,0,0,0,0,0,0,0,0,0,0,8,0,39.9535,-75.164, , 
 ,76707,2011127073,6,67,67301,2011,11,6,1350,13,1,1,0,8,1, , ,N,2,3,0,3,0,1,2,2,N,Y,40 04:59.543,74 59:30.247,1352, ,1350, ,0, ,N, ,3, , , , , ,854828, , , ,1,1,0,0,0,0,0,0,0,0,0,0,1,1,0,0,0,0,0,0,0,0,0,1,0,0,0,0,0,0,0,0,1,0,0,8,0,40.0832,-74.9917, , 
 ,76708,2011075612,6,67,67301,2011,6,6,1000,10,1,9,8,8,1, , ,N,1,2,0,3,0,1,2,2,N,N,39 57:44.547,75 09:41.289,1000, ,1045, ,0, ,N, ,3, , , , , ,854845, , , ,1,1,0,0,0,0,0,0,0,0,0,1,1,0,0,0,0,0,0,0,0,0,0,0,0,0,0,0,0,0,0,0,1,0,0,4,0,39.9621,-75.1614, , 
 ,76709,2011082631,6,67,67301,2011,7,1,2003,20,1,1,0,8,1, , ,N,0,0,0,3,0,1,2,2,N,N,39 59:39.843,75 09:26.102,2025, ,2022, ,0, ,N, ,0, , , , , ,854856, , , ,1,1,0,0,0,0,0,0,0,0,0,1,1,0,0,0,0,0,0,0,0,0,0,1,0,0,0,0,0,0,0,0,1,0,0,4,0,39.9944,-75.1573, , 
 ,76710,2011098122,6,67,67301,2011,9,7,1634,16,1,1,0,7,4, , ,N,0,8,0,3,0,1,2,1,N, ,40 01:05.898,75 10:08.948,1640, ,1638,3,2,4, , ,3,N, , , , ,854867, , , ,1,0,0,0,1,0,0,0,0,0,0,1,1,0,0,0,0,0,0,0,0,0,0,0,0,0,0,0,0,0,0,0,0,0,0,4,1,40.0183,-75.1692, , 
 ,76711,2011132831,6,67,67301,2011,11,7,1740,17,3,1,0,7,5, , ,N,0,0,0,3,0,1,2,1,N,N,39 57:18.264,75 11:07.570,1747, ,1746, ,0, ,N, ,0, , , , , ,854890, , , ,1,0,0,0,0,0,0,1,0,0,0,1,1,0,0,0,0,0,0,0,0,0,0,0,0,0,0,0,0,0,0,0,0,0,0,4,0,39.9551,-75.1854, , 
 ,76712,2012002008,6,67,67301,2011,12,7,1714,17,1,1,0,8,1, , ,N,1,0,0,3,0,1,2,2,N,N,39 59:11.770,75 10:16.300,1720, ,1714, ,0, ,N, ,0, , , , , ,854892, , , ,1,1,0,0,0,0,0,0,0,0,0,0,1,1,1,0,0,0,0,0,0,0,1,0,0,0,0,0,0,0,0,0,1,0,0,8,0,39.9866,-75.1712, , 
 ,76713,2011064186,6,67,67301,2011,5,3,820,8,8,2,1,7,5, , ,N,0,0,0,3,0,1,1,1,N,N,39 59:47.796,75 12:04.197,832, ,824,3,2,3,N, ,0,Y, , , , ,854903, , , ,1,1,0,0,0,0,0,0,0,0,0,1,1,0,0,0,0,0,0,0,0,0,0,0,0,0,0,0,0,0,0,0,0,0,0,4,0,39.9966,-75.2012, , 
 ,76714,2011132882,6,67,67301,2011,11,6,9999,99,1,1,0,4,1, , ,N,2,3,7,3,0,1,3,2,N,N,39 55:47.449,75 14:26.818,935, ,928,2,2,1,N, ,3,Y, , , , ,854932, , , ,2,1,0,0,1,0,0,0,0,0,0,1,1,0,0,0,0,0,0,0,1,0,0,0,0,0,0,0,0,0,0,0,0,0,0,4,0,39.9298,-75.2408, , 
 ,76715,2011134802,6,67,67301,2011,12,3,9999,99,3,2,1,7,5, , ,N,2,0,0,3,0,1,1,1,N,N,40 01:36.706,75 01:41.836,1852, ,1851, ,0, ,N, ,0, , , , , ,854933, , , ,1,1,0,0,0,0,0,0,0,0,0,0,1,1,0,0,0,0,0,0,0,0,1,0,0,0,0,0,0,0,0,0,0,0,0,8,0,40.0269,-75.0283, , 
 ,76716,2012002120,6,67,67301,2011,12,2,9999,99,3,1,0,1,6, , ,N,0,0,0,3,0,1,1,4,N,N,40 02:23.520,75 02:42.390,9999, ,9999, ,0, ,N, ,0, , , , , ,854937, , , ,4,4,0,0,0,0,0,0,0,0,0,1,1,0,0,0,0,0,0,0,0,0,0,0,0,0,0,0,0,0,0,0,0,0,0,4,0,40.0399,-75.0451, , 
 ,76717,2011073856,6,67,67301,2011,6,4,1240,12,1,1,0,5,1, , ,N,0,2,0,3,0,1,3,2,N,N,39 57:11.070,75 09:34.670,1310, ,1250, ,0, , , ,3, , , , , ,854944, , , ,2,0,0,1,0,1,0,0,0,0,0,1,1,0,0,0,0,0,0,0,0,0,0,0,0,0,0,0,0,0,0,0,0,0,0,4,2,39.9531,-75.1596, , 
 ,76718,2011075637,6,67,67301,2011,6,7,1445,14,1,1,0,8,1, , ,N,0,2,0,3,0,1,2,2, , ,39 54:51.210,75 14:18.866,1447, ,1445, ,0, , , ,3, , , , , ,854948, , , ,1,0,0,0,0,0,0,1,0,0,0,0,1,1,0,0,0,0,0,0,1,0,0,0,0,0,0,0,0,0,0,0,1,0,0,8,0,39.9142,-75.2386, , 
 ,76719,2012012612,6,67,67301,2011,12,7,1720,17,1,1,0,8,1, , ,N,1,2,0,3,0,1,2,2,N,N,39 59:29.295,75 07:21.395,1735, ,1726, ,0, , , ,3, , , , , ,857612, , , ,1,1,0,0,0,0,0,0,0,0,1,0,1,0,0,0,0,0,0,0,0,0,0,0,0,0,0,0,0,0,0,0,1,0,0,3,0,39.9915,-75.1226, , 
 ,76720,2011101633,6,67,67301,2011,9,4,204,2,3,2,1,1,1, , ,N,0,0,0,3,0,1,1,4,N,N,39 58:03.490,75 12:28.000,209, ,205, ,0, ,N, ,0, , , , , ,857625, , , ,4,3,0,0,0,0,1,0,0,0,0,1,1,0,0,0,0,0,0,0,0,0,0,0,0,0,0,0,0,0,0,0,0,0,0,4,0,39.9676,-75.2078, , 
 ,76721,2011132816,6,67,67301,2011,11,4,9999,99,3,2,1,4,1, , ,N,0,0,0,3,0,3,5,4,N,N,39 59:03.923,75 12:11.620,1920, ,1907,1,1,1,N, ,0,Y, , , , ,857641, , , ,4,4,0,0,0,0,0,0,0,0,0,3,3,0,2,0,0,0,0,0,0,0,0,5,0,0,0,0,0,0,0,0,0,0,0,4,0,39.9844,-75.2032, , 
 ,76722,2011122744,6,67,67301,2011,11,3,800,8,1,1,0,4,1, , ,N,0,0,0,3,0,2,3,2,N,N,40 04:33.175,75 02:08.746,805, ,804,1,1,3,N, ,0,Y, , , , ,857656, , , ,2,1,0,0,1,0,0,0,0,0,1,0,2,1,0,0,0,0,0,0,1,1,0,0,0,0,0,0,0,0,0,0,0,0,0,3,0,40.0759,-75.0358, , 
 ,76723,2011127899,6,67,67301,2011,12,3,1332,13,1,1,0,7,4, , ,N,0,0,0,3,0,0,1,1,N,N,39 57:03.029,75 08:29.706,1349, ,1338, ,0, ,N, ,0, , , , , ,857660, , , ,1,1,0,0,0,0,0,0,0,0,0,0,0,0,0,0,0,0,0,0,0,0,0,0,0,0,0,0,0,0,0,0,0,0,0,0,0,39.9509,-75.1416, , 
 ,76724,2011037026,6,67,67301,2011,3,4,858,8,1,1,0,5,1, , ,N,0,0,0,3,0,1,2,2,N,N,39 59:44.524,75 11:50.361,907, ,902,1,1,4,N, ,0,N, , , , ,857664, , , ,2,1,0,1,0,0,0,0,0,0,1,0,1,0,0,0,0,0,0,0,0,0,0,0,0,0,0,0,0,0,0,0,0,0,0,3,1,39.9957,-75.1973, , 
 ,76725,2011038458,6,67,67301,2011,3,6,1645,16,1,1,0,8,1, , ,N,1,2,0,3,0,1,2,2,N,N,39 57:13.704,75 09:59.736,1700, ,1645, ,0, ,N, ,2, , , , , ,857665, , , ,1,1,0,0,0,0,0,0,0,0,0,1,1,0,0,0,0,0,0,0,0,1,0,0,0,0,0,0,0,0,0,0,1,0,0,4,0,39.9538,-75.1666, , 
 ,76726,2011054315,6,67,67301,2011,4,6,1615,16,1,1,0,4,1, , ,N,3,3,0,3,0,1,2,2,N,N,40 01:04.458,75 08:11.777,1623, ,1621, ,0, ,N, ,3, , , , , ,857684, , , ,1,1,0,0,0,0,0,0,1,0,0,1,1,0,0,0,0,0,0,0,0,0,0,0,0,0,0,0,0,0,0,0,0,0,0,4,0,40.0179,-75.1366, , 
 ,76727,2011118477,6,67,67301,2011,10,5,1630,16,1,2,1,4,1, , ,N,0,0,7,3,0,0,4,2,N, ,40 06:15.512,75 01:54.224,1635, ,1632, ,0, , , ,0, , , , , ,857692, , , ,2,2,0,0,0,0,0,0,0,0,0,0,0,0,0,0,0,0,0,0,0,0,1,0,0,0,0,0,0,0,0,0,0,0,0,0,0,40.1043,-75.0317, , 
 ,76728,2011126357,6,46,46102,2011,11,7,2010,20,3,1,0,2,1, , ,N,1,2,0,3,0,2,2,2,N,N,40 04:30.988,75 09:37.550,2055, ,2041, ,0, ,N, ,3, , , , , ,857697, , , ,2,1,0,0,1,0,0,0,0,0,0,0,2,2,0,0,0,0,0,0,0,0,0,0,0,0,0,0,0,0,0,0,0,0,0,8,0,40.0753,-75.1604, , 
 ,76729,2012018268,6,67,67301,2011,4,5,430,4,6,1,0,4,1, , ,N,2,3,0,3,0,1,3,2,N,N,40 01:45.937,75 10:07.762,0, ,0, ,0, ,N, ,3, , , , , ,857703, , , ,2,1,0,0,0,0,0,0,0,0,1,0,1,0,0,0,0,0,0,0,0,0,0,0,0,0,0,0,0,0,0,0,0,0,0,3,0,40.0294,-75.1688, , 
 ,76730,2011130429,6,67,67301,2011,12,7,1907,19,3,1,0,8,1, , ,N,7,0,2,3,0,1,2,2,N,N,39 56:36.891,75 11:33.166,1912, ,1909,1,1,3,N, ,0,N, , , , ,857721, , , ,1,1,0,0,0,0,0,0,0,0,0,1,1,0,0,0,0,0,0,0,0,0,0,0,0,0,0,0,0,0,0,0,1,0,0,4,0,39.9411,-75.195, , 
 ,76731,2011098038,6,67,67301,2011,9,5,1037,10,1,1,0,4,1, , ,N,10,2,0,3,0,1,2,2,N, ,39 59:23.708,75 11:03.808,1042, ,1034, ,0, ,N, ,2, , , , , ,857733, , , ,2,2,0,0,0,0,0,0,0,0,0,1,1,0,0,0,0,0,0,0,0,0,0,0,0,0,0,0,0,0,0,0,0,0,0,4,0,39.9899,-75.1844, , 
 ,76732,2011098142,6,67,67301,2011,8,4,1957,19,3,1,0,4,1, , ,N,1,2,0,3,0,1,2,2,N,N,40 02:46.543,75 10:39.976,2015, ,2007, ,0, ,N, ,3, , , , , ,857734, , , ,1,1,0,0,0,0,0,0,1,0,0,1,1,0,0,0,0,0,0,0,0,0,0,0,0,0,0,0,0,0,0,0,0,0,0,4,0,40.0463,-75.1778, , 