wz_ln_closure,objectid_1,crn,district,county,municipality,crash_year,crash_month,day_of_week,time_of_day,hour_of_day,illumination,weather,road_condition,collision_type,relation_to_road,work_zone_type,work_zone_loc,work_zone_ind,intersect_type,tcd_type,location_type,urban_rural,fatal_count,injury_count,person_count,total_units,sch_bus_ind,sch_zone_ind,latitude,longitude,arrival_tm,cons_zone_spd_lim,dispatch_tm,est_hrs_closed,lane_closed,ln_close_dir,ntfy_hiwy_maint,spec_juris_cd,tcd_func_cd,tfc_detour_ind,workers_pres,wz_close_detour,wz_flagger,wz_law_offcr_ind,objectid,wz_moving,wz_other,wz_shlder_mdn,vehicle_count,automobile_count,motorcycle_count,bus_count,small_truck_count,heavy_truck_count,suv_count,van_count,bicycle_count,maj_inj_count,mod_inj_count,min_inj_count,tot_inj_count,unk_inj_deg_count,unk_inj_per_count,driver_count_16yr,driver_count_17yr,driver_count_18yr,driver_count_19yr,driver_count_20yr,driver_count_50_64yr,driver_count_65_74yr,driver_count_75plus,unbelted_occ_count,unb_death_count,unb_maj_inj_count,belted_death_count,belted_maj_inj_count,mcycle_death_count,mcycle_maj_inj_count,bicycle_death_count,bicycle_maj_inj_count,ped_count,ped_death_count,ped_maj_inj_count,max_severity_level,comm_veh_count,dec_lat,dec_long,rdwy_surf_type_cd,county_name
 ,76799,2012001974,6,67,67301,2011,12,5,1631,16,4,1,0,1,1, , ,N,0,2,0,3,0,1,2,2,N,N,39 56:42.362,75 10:37.085,1644, ,1637, ,0, ,N, ,3, , , , , ,857929, , , ,2,2,0,0,0,0,0,0,0,0,0,0,1,1,0,0,0,0,0,1,0,0,0,0,0,0,0,0,0,0,0,0,0,0,0,8,0,39.9451,-75.177, , 
 ,76800,2011091043,6,67,67301,2011,7,7,200,2,3,1,0,8,1, , ,N,1,2,0,3,0,1,2,2,N,N,39 58:17.205,75 09:33.736,9999, ,241, ,0, ,N, ,3, , , , , ,857932, , , ,1,1,0,0,0,0,0,0,0,0,0,0,1,1,0,0,0,0,0,0,0,0,0,0,0,0,0,0,0,0,0,0,1,0,0,8,0,39.9714,-75.1594, , 
 ,76801,2011092858,6,67,67301,2011,8,4,740,7,1,1,0,5,1, , ,N,0,0,0,3,0,0,2,2,N,N,40 01:59.310,75 10:38.850,755, ,747, ,0, ,N, ,0, , , , , ,857939, , , ,2,1,0,0,1,0,0,0,0,0,0,0,0,0,0,0,0,0,0,0,0,1,0,0,0,0,0,0,0,0,0,0,0,0,0,0,0,40.0331,-75.1775, , 
 ,76802,2011092970,6,67,67301,2011,8,2,1201,12,1,1,0,6,1, , ,N,1,2,0,3,0,1,4,2,N,N,39 55:00.583,75 10:16.768,1208, ,1205, ,0, ,N, ,3, , , , , ,857940, , , ,1,1,0,0,0,0,0,0,1,0,0,1,1,0,0,0,0,0,0,0,0,0,0,2,0,0,0,0,0,0,0,0,0,0,0,4,0,39.9168,-75.1713, , 
 ,76803,2011091625,6,67,67301,2011,9,5,928,9,1,2,1,7,2, , ,N,0,0,0,3,0,1,1,1,N,N,39 57:15.400,75 08:32.230,951, ,933, ,0, ,N, ,0, , , , , ,857956, , , ,1,1,0,0,0,0,0,0,0,0,0,1,1,0,0,0,0,0,0,0,0,0,0,0,0,0,0,0,0,0,0,0,0,0,0,4,0,39.9543,-75.1423, , 
 ,76804,2011098071,6,67,67301,2011,9,3,9999,99,1,2,1,4,1, , ,N,1,3,0,3,0,1,5,3,N,Y,40 00:42.418,75 06:35.967,1525, ,1518,3,1,4,N, ,3,Y, , , , ,857960, , , ,3,3,0,0,0,0,0,0,0,0,0,1,1,0,0,0,0,0,0,0,1,0,0,0,0,0,0,0,0,0,0,0,0,0,0,4,0,40.0118,-75.11, , 
 ,76805,2011100299,6,67,67301,2011,9,7,9999,99,3,1,0,4,1, , ,N,2,4,0,3,0,0,2,2,N, ,40 00:34.498,75 11:14.124,5, ,2350,1,2,1, , ,3,Y, , , , ,857962, , , ,2,2,0,0,0,0,0,0,0,0,0,0,0,0,0,0,0,0,0,0,0,0,0,0,0,0,0,0,0,0,0,0,0,0,0,0,0,40.0096,-75.1873, , 
 ,76806,2012004934,6,67,67301,2011,12,5,1415,14,1,2,1,2,1, , ,N,1,0,0,3,0,1,2,2,N,N,40 01:16.840,75 07:20.705,1557, ,1415, ,0, ,N, ,0, , , , , ,857978, , , ,2,1,0,0,0,0,0,0,0,0,0,1,1,0,1,0,0,0,0,0,0,0,0,0,0,0,0,0,0,0,0,0,0,0,0,4,0,40.0213,-75.1224, , 
 ,76807,2011108942,6,67,67301,2011,9,6,1825,18,4,2,1,4,1, , ,N,2,3,0,3,0,2,5,2,N,N,40 04:00.247,75 04:55.828,1850, ,1835, ,0, ,N, ,3, , , , , ,857984, , , ,2,2,0,0,0,0,0,0,0,0,0,0,2,2,0,0,0,0,0,0,0,0,0,0,0,0,0,0,0,0,0,0,0,0,0,8,0,40.0667,-75.0822, , 
 ,76808,2012013438,6,67,67301,2011,12,6,1300,13,1,1,0,8,1, , ,N,1,2,0,3,0,1,2,2,N,N,40 03:17.448,75 10:08.247,1515, ,1515, ,0, ,N, ,9, , , , , ,858008, , , ,1,0,0,0,1,0,0,0,0,0,0,1,1,0,1,0,0,0,0,0,0,0,0,0,0,0,0,0,0,0,0,0,1,0,0,4,0,40.0548,-75.169, , 
 ,76809,2011106653,6,67,67301,2011,9,2,335,3,3,2,1,1,2, , ,N,0,0,0,3,0,0,1,3,N,N,40 02:36.815,75 13:40.915,340, ,335, ,0, ,N, ,0, , , , , ,860755, , , ,3,2,0,0,0,0,1,0,0,0,0,0,0,0,1,0,0,0,0,0,0,0,0,0,0,0,0,0,0,0,0,0,0,0,0,9,0,40.0436,-75.228, , 
 ,76810,2011118465,6,67,67301,2011,10,1,220,2,3,2,1,4,1, , ,N,1,3,0,3,0,3,4,2,N,N,39 58:06.913,75 12:07.693,229, ,225, ,0, ,N, ,3, , , , , ,860766, , , ,2,2,0,0,0,0,0,0,0,0,0,0,3,3,0,0,0,0,0,0,0,0,0,0,0,0,0,0,0,0,0,0,0,0,0,8,0,39.9686,-75.2021, , 
 ,76811,2011106200,6,67,67301,2011,9,7,815,8,1,1,0,4,1, , ,N,0,0,99,3,0,1,3,2,N,N,40 05:31.117,75 01:47.870,820, ,819, ,0, ,N, ,0, , , , , ,860814, , , ,2,1,0,0,0,0,1,0,0,0,0,1,1,0,0,0,0,0,0,0,0,0,0,1,0,0,0,0,0,0,0,0,0,0,0,4,0,40.092,-75.03, , 
 ,76812,2011106203,6,67,67301,2011,8,4,2016,20,3,1,0,1,2, , ,N,2,0,0,3,0,4,4,3,N,N,40 04:57.327,74 57:57.675,2024, ,2018,9,2,4,N, ,0,Y, , , , ,860815, , , ,3,0,0,0,1,0,2,0,0,1,2,1,4,0,0,0,0,0,0,0,0,0,0,0,0,0,0,0,0,0,0,0,0,0,0,2,0,40.0826,-74.966, , 
 ,76813,2011118466,6,67,67301,2011,10,5,1029,10,1,1,1,1,1, , ,N,1,2,0,3,0,1,2,2,N,N,39 57:15.624,75 11:30.453,1031, ,1029, ,0, ,N, ,3, , , , , ,860828, , , ,2,1,0,0,0,0,1,0,0,0,0,0,1,1,0,0,0,0,0,0,1,0,0,0,0,0,0,0,0,0,0,0,0,0,0,8,0,39.9543,-75.1918, , 
 ,76814,2012020996,6,67,67301,2011,5,3,1700,17,1,1,0,1,1, , ,N,2,0,0,3,0,1,2,2,N,N,39 59:26.457,75 06:55.116,0, ,0, ,0, ,N, ,0, , , , , ,860844, , , ,2,1,0,0,0,1,0,0,0,0,0,0,1,1,1,0,0,0,0,0,0,0,0,0,0,0,0,0,0,0,0,0,0,0,0,8,1,39.9907,-75.1153, , 
 ,76815,2012022620,6,67,67301,2011,12,2,713,7,1,8,5,7,4, , ,N,0,0,0,3,0,0,1,1,N,N,40 05:09.240,75 12:53.449,725, ,715,3,2,3,N, ,0,Y, , , , ,860847, , , ,1,1,0,0,0,0,0,0,0,0,0,0,0,0,0,0,0,0,0,0,0,0,0,1,0,0,0,0,0,0,0,0,0,0,0,0,0,40.0859,-75.2148, , 
 ,76816,2011061175,6,67,67301,2011,4,3,119,1,3,1,0,7,2, , ,N,0,0,0,3,0,1,2,1,N,N,39 58:37.048,75 11:52.318,126, ,120,1,1,4,N, ,0,N, , , , ,860853, , , ,1,1,0,0,0,0,0,0,0,0,0,1,1,0,0,0,0,0,0,0,0,0,0,2,0,0,0,0,0,0,0,0,0,0,0,4,0,39.977,-75.1979, , 
 ,76817,2011077045,6,67,67301,2011,7,6,1720,17,1,1,0,1,1, , ,N,0,0,0,3,0,0,9,3,N,N,39 57:48.572,75 11:02.930,1722, ,1722, ,0, ,N, ,0, , , , , ,860865, , , ,3,1,0,0,0,0,1,1,0,0,0,0,0,0,0,0,0,0,0,0,0,0,0,0,0,0,0,0,0,0,0,0,0,0,0,0,0,39.9635,-75.1841, , 
 ,76818,2011082538,6,67,67301,2011,7,5,1400,14,1,1,0,1,1, , ,N,1,2,0,3,0,1,4,2,N, ,39 55:35.327,75 11:09.705,1420, ,1420, ,0, , , ,3, , , , , ,860868, , , ,2,1,0,0,0,0,1,0,0,0,0,0,1,1,0,0,0,0,0,0,0,0,0,3,0,0,0,0,0,0,0,0,0,0,0,8,0,39.9265,-75.186, , 
 ,76819,2011090447,6,67,67301,2011,8,7,400,4,3,1,0,4,1, , ,N,1,2,0,3,0,1,2,2,N,N,39 53:30.990,75 14:30.862,415, ,415,9,2,2, , ,3,N, , , , ,860876, , , ,2,2,0,0,0,0,0,0,0,0,0,1,1,0,0,0,0,0,0,0,2,0,0,0,0,0,0,0,0,0,0,0,0,0,0,4,0,39.8919,-75.2419, , 
 ,76820,2011108889,6,67,67301,2011,9,4,720,7,1,2,1,5,6, , ,N,0,0,0,3,0,1,1,5,N,N,40 01:32.235,75 04:35.692,735, ,731,1,1,2,N, ,0,N, , , , ,860892, , , ,5,4,0,0,0,0,1,0,0,0,0,0,1,1,0,0,0,0,0,0,1,0,0,0,0,0,0,0,0,0,0,0,0,0,0,8,0,40.0256,-75.0766, , 
 ,76821,2012002074,6,67,67301,2011,12,4,1650,16,3,2,1,8,1, , ,N,1,2,0,3,0,1,2,2,N,N,39 55:23.140,75 09:35.033,1705, ,1659, ,0, ,N, ,3, , , , , ,860896, , , ,1,1,0,0,0,0,0,0,0,0,0,1,1,0,0,0,0,0,0,0,0,0,0,0,0,0,0,0,0,0,0,0,1,0,0,4,0,39.9231,-75.1597, , 
 ,76822,2012004784,6,67,67301,2011,12,6,2042,20,3,1,0,1,6, , ,N,0,0,0,3,0,10,10,3,N,N,39 57:33.624,75 11:59.925,2100, ,2058,3,2,6,N, ,0,Y, , , , ,860897, , , ,2,1,0,0,0,0,0,1,0,0,0,0,10,10,0,0,0,0,0,0,0,0,0,0,0,0,0,0,0,0,0,0,1,0,0,8,0,39.9593,-75.2, , 
 ,76823,2012004940,6,67,67301,2011,12,2,1707,17,3,1,0,4,1, , ,N,1,2,0,3,0,1,3,3,N,N,40 07:07.965,75 01:05.114,1713, ,1708, ,0, ,N, ,3, , , , , ,860898, , , ,3,2,0,0,0,0,1,0,0,0,0,1,1,0,0,0,0,0,0,0,1,1,0,0,0,0,0,0,0,0,0,0,0,0,0,4,0,40.1189,-75.018, , 
 ,76824,2011115371,6,67,67301,2011,10,1,9999,99,1,1,0,4,1, , ,N,1,2,0,3,0,1,3,2,N,N,39 55:01.578,75 10:22.695,1555, ,1551, ,0, ,N, ,3, , , , , ,860908, , , ,2,1,0,0,0,0,1,0,0,0,0,1,1,0,1,0,0,0,0,0,0,0,1,0,0,0,0,0,0,0,0,0,0,0,0,4,0,39.9171,-75.173, , 
 ,76825,2011118185,6,67,67301,2011,10,5,1045,10,1,2,1,1,1, , ,N,0,0,7,3,0,1,3,2,N,N,40 04:29.995,75 02:07.382,1050, ,1045, ,0, ,N, ,0, , , , , ,860910, , , ,2,1,0,0,0,0,1,0,0,0,1,0,1,0,0,0,0,0,0,0,1,0,0,0,0,0,0,0,0,0,0,0,0,0,0,3,0,40.075,-75.0354, , 
 ,76826,2011126425,6,67,67301,2011,11,3,1610,16,1,1,0,4,1, , ,N,1,3,0,3,0,1,3,2,N,N,40 02:58.794,75 08:50.344,1630, ,1624, ,0, ,N, ,3, , , , , ,860918, , , ,2,2,0,0,0,0,0,0,0,0,0,1,1,0,0,0,0,0,0,0,1,0,0,0,0,0,0,0,0,0,0,0,0,0,0,4,0,40.0497,-75.1473, , 
 ,76827,2011090379,6,67,67301,2011,8,3,1240,12,1,2,1,1,1, , ,N,0,0,0,3,0,0,2,2,N,N,39 53:22.567,75 13:50.833,1300, ,1255, ,0, ,N, ,0, , , , , ,864115, , , ,2,2,0,0,0,0,0,0,0,0,0,0,0,0,1,0,0,0,0,0,0,0,0,1,0,0,0,0,0,0,0,0,0,0,0,9,0,39.8896,-75.2307, , 
 ,76828,2011090441,6,67,67301,2011,7,7,2027,20,1,1,0,6,1, , ,N,1,2,0,3,0,2,2,2,N,N,40 03:06.246,75 07:37.696,2030, ,2030, ,0, ,N, ,3, , , , , ,864116, , , ,2,2,0,0,0,0,0,0,0,0,0,2,2,0,0,0,0,0,0,0,0,0,1,0,0,0,0,0,0,0,0,0,0,0,0,4,0,40.0517,-75.1271, , 
 ,76829,2012002103,6,67,67301,2011,11,3,1823,18,2,2,1,4,1, , ,N,1,3,0,3,0,0,2,2,N,N,39 54:34.990,75 14:02.350,1833, ,1823, ,0, ,N, ,3, , , , , ,864124, , , ,2,2,0,0,0,0,0,0,0,0,0,0,0,0,1,0,0,0,0,0,0,0,0,0,0,0,0,0,0,0,0,0,0,0,0,9,0,39.9097,-75.234, , 
 ,76830,2012020295,6,67,67301,2011,3,3,745,7,1,1,0,1,1, , ,N,2,2,0,3,0,1,2,2,N,N,40 02:25.153,75 12:51.058,0, ,0, ,0, ,N, ,3, , , , , ,864126, , , ,2,1,0,0,0,0,1,0,0,0,0,0,1,1,1,0,0,0,0,0,0,0,0,0,0,0,0,0,0,0,0,0,0,0,0,8,0,40.0403,-75.2142, , 
 ,76831,2011134719,6,67,67301,2011,11,4,2300,23,3,1,0,0,1, , ,N,0,0,0,3,0,0,1,1,N,N,39 58:43.211,75 15:16.282,117, ,112, ,0, , , ,0, , , , , ,864149, , , ,1,1,0,0,0,0,0,0,0,0,0,0,0,0,0,0,0,1,0,0,0,0,0,0,0,0,0,0,0,0,0,0,0,0,0,0,0,39.9787,-75.2545, , 
 ,76832,2011118034,6,67,67301,2011,10,4,650,6,5,2,1,4,1, , ,N,1,2,0,3,0,6,6,2,N, ,39 58:14.458,75 13:57.305,729, ,724, ,0, , , ,3, , , , , ,864163, , , ,2,2,0,0,0,0,0,0,0,0,0,0,6,6,0,0,0,0,0,0,0,0,0,0,0,0,0,0,0,0,0,0,0,0,0,8,0,39.9707,-75.2326, , 
 ,76833,2012010518,6,67,67301,2011,11,3,1230,12,1,2,1,8,1, , ,N,2,0,0,3,0,1,2,2,N,N,40 01:28.956,75 09:21.661,1242, ,1242, ,0, ,N, ,0, , , , , ,864177, , , ,1,1,0,0,0,0,0,0,0,0,0,1,1,0,0,0,0,0,0,0,0,0,0,0,0,0,0,0,0,0,0,0,1,0,0,4,0,40.0247,-75.156, , 
 ,76834,2012022676,6,67,67301,2011,9,5,1945,19,6,9,0,4,1, , ,N,2,3,0,3,0,3,3,2,N,N,40 00:19.562,75 04:57.269,0, ,0, ,0, ,N, ,3, , , , , ,864178, , , ,2,2,0,0,0,0,0,0,0,0,2,1,3,0,0,0,0,0,0,0,0,0,0,0,0,0,0,0,0,0,0,0,0,0,0,3,0,40.0054,-75.0826, , 
 ,76835,2011115251,6,67,67301,2011,10,6,9999,99,3,1,0,6,1, , ,N,2,2,0,3,0,1,2,2,N,N,39 57:18.756,75 10:10.405,2043, ,2039,1,1,4,N, ,3,N, , , , ,864191, , , ,1,1,0,0,0,0,0,0,1,0,0,0,1,1,0,0,0,0,0,0,0,0,0,1,0,0,0,0,0,0,0,0,0,0,0,8,0,39.9552,-75.1696, , 
 ,76836,2011115304,6,67,67301,2011,10,1,2352,23,3,1,0,4,1, , ,N,1,2,0,3,0,2,2,2,N,N,40 01:41.630,75 06:35.610,2358, ,2354,1,1,2,N, ,3,N, , , , ,864234, , , ,2,2,0,0,0,0,0,0,0,0,0,0,2,2,0,0,0,0,0,0,0,0,0,0,0,0,0,0,0,0,0,0,0,0,0,8,0,40.028,-75.1101, , 
 ,76837,2011115392,6,67,67301,2011,10,6,1725,17,4,2,1,4,1, , ,N,0,0,0,3,0,1,2,2,N,N,40 00:33.781,75 06:14.101,1808, ,1802, ,0, ,N, ,0, , , , , ,864235, , , ,1,1,0,0,0,0,0,0,1,0,1,0,1,0,0,0,0,0,0,0,0,0,0,0,0,0,0,0,0,0,0,0,0,0,0,3,0,40.0094,-75.1039, , 
 ,76838,2011118475,6,67,67301,2011,10,1,9999,99,3,3,5,4,1, , ,N,0,0,0,3,0,4,4,2,N,N,40 01:21.330,75 06:42.295,255, ,248, ,0, ,N, ,0, , , , , ,864240, , , ,2,2,0,0,0,0,0,0,0,0,4,0,4,0,0,0,0,0,0,0,0,0,0,4,0,0,0,0,0,0,0,0,0,0,0,3,0,40.0226,-75.1117, , 
 ,76839,2011132424,6,67,67301,2011,12,6,1912,19,3,1,0,5,1, , ,N,6,2,2,3,0,1,6,3,N,N,39 57:25.141,75 09:18.546,1912, ,1912, ,0, ,N, ,3, , , , , ,864250, , , ,3,3,0,0,0,0,0,0,0,0,0,0,1,1,0,0,0,0,0,0,0,0,0,0,0,0,0,0,0,0,0,0,0,0,0,8,0,39.9569,-75.1538, , 
 ,76840,2011134671,6,67,67301,2011,11,4,1840,18,3,1,0,8,1, , ,N,1,2,0,3,1,0,2,2,N, ,39 58:42.839,75 12:49.033,1859, ,1847,3,2,6, ,0,3,Y, , , , ,864251, , , ,1,0,0,0,0,0,0,1,0,0,0,0,0,0,0,0,0,0,0,0,0,1,0,1,0,0,0,0,0,0,0,0,1,1,0,1,0,39.9786,-75.2136,2, 
 ,76841,2012020876,6,67,67301,2011,2,1,330,3,6,1,0,1,1, , ,N,0,0,0,3,0,1,2,2, , ,39 56:56.067,75 13:35.308,0, ,0, ,0, , , ,0, , , , , ,864259, , , ,2,1,0,0,0,0,1,0,0,0,1,0,1,0,0,0,0,0,0,0,0,1,0,0,0,0,0,0,0,0,0,0,0,0,0,3,0,39.9489,-75.2265, , 
 ,76842,2011115333,6,67,67301,2011,10,6,1725,17,1,1,0,2,1, , ,N,1,2,0,3,0,2,2,2,N,N,40 01:59.691,75 02:15.936,1725, ,1725, ,0, ,N, ,3, , , , , ,864269, , , ,2,2,0,0,0,0,0,0,0,0,0,1,2,1,0,0,0,0,0,0,0,1,0,0,0,0,0,0,0,0,0,0,0,0,0,4,0,40.0332,-75.0378, , 
 ,76843,2012001901,6,67,67301,2011,12,1,1415,14,1,1,0,5,1, , ,N,1,3,0,3,0,0,1,2,N,N,39 57:55.076,75 11:46.600,1434, ,1432, ,0, ,N, ,3, , , , , ,864290, , , ,2,1,0,0,0,0,1,0,0,0,0,0,0,0,0,0,0,0,0,0,1,0,0,0,0,0,0,0,0,0,0,0,0,0,0,0,0,39.9653,-75.1963, , 
 ,76844,2012001903,6,67,67301,2011,12,4,1039,10,1,2,1,4,1, , ,N,0,0,0,3,0,1,2,2,N,N,40 00:25.243,75 12:08.258,1059, ,1046,1,2,1,N, ,0,N, , , , ,864291, , , ,2,1,0,0,0,0,1,0,0,1,0,0,1,0,0,0,0,0,0,0,1,0,0,0,0,0,0,0,0,0,0,0,0,0,0,2,0,40.007,-75.2023, , 
 ,76845,2011073318,6,67,67301,2011,6,5,1230,12,1,1,0,4,1, , ,N,1,2,0,3,0,2,3,2,N,N,40 02:46.150,75 04:44.993,1230, ,1230, ,0, ,N, ,3, , , , , ,855176, , , ,2,1,0,0,0,0,1,0,0,0,0,0,2,2,0,0,0,0,0,0,2,0,0,0,0,0,0,0,0,0,0,0,0,0,0,8,0,40.0462,-75.0792, , 
 ,76846,2011082723,6,67,67301,2011,5,3,1210,12,1,1,0,8,1, , ,N,1,2,0,3,0,1,2,2,N, ,40 01:31.232,75 10:03.294,1225, ,1220, ,0, , , ,3, , , , , ,855185, , , ,1,0,0,0,1,0,0,0,0,0,0,0,1,1,0,0,0,0,0,0,0,1,0,0,0,0,0,0,0,0,0,0,1,0,0,8,0,40.0253,-75.1676, , 
 ,76847,2011083330,6,67,67301,2011,7,1,1704,17,1,1,0,4,1, , ,N,2,3,0,3,0,1,3,2,N,N,40 01:06.858,75 03:00.575,1714, ,1704, ,0, , , ,2, , , , , ,855186, , , ,2,1,0,0,1,0,0,0,0,0,0,1,1,0,0,0,0,0,0,0,0,0,0,0,0,0,0,0,0,0,0,0,0,0,0,4,0,40.0187,-75.0499, , 
 ,76848,2011083396,6,67,67301,2011,7,4,743,7,1,1,0,4,1, , ,N,2,0,0,3,0,1,2,2,N, ,39 57:31.392,75 09:44.125,750, ,744, ,0, , , ,0, , , , , ,855187, , , ,2,2,0,0,0,0,0,0,0,0,0,1,1,0,0,0,0,0,0,0,0,0,0,0,0,0,0,0,0,0,0,0,0,0,0,4,0,39.9587,-75.1621, , 
 ,76849,2011092837,6,67,67301,2011,2,1,647,6,1,1,0,1,6, , ,N,0,0,0,3,0,0,1,3,N,N,39 55:12.527,75 10:14.409,749, ,744,2,1,1,N, ,0,N, , , , ,855197, , , ,3,2,0,0,0,0,1,0,0,0,0,0,0,0,1,0,0,0,0,0,0,0,0,0,0,0,0,0,0,0,0,0,0,0,0,9,0,39.9201,-75.1707, , 
 ,76850,2011098073,6,67,67301,2011,9,1,1702,17,1,1,0,1,1, , ,N,1,2,0,3,0,1,3,2,N,N,40 02:12.142,75 02:27.052,1710, ,1707, ,0, ,N, ,3, , , , , ,855200, , , ,2,1,0,0,1,0,0,0,0,0,0,1,1,0,0,0,0,0,0,0,0,0,0,0,0,0,0,0,0,0,0,0,0,0,0,4,0,40.0368,-75.0407, , 
 ,76851,2012002132,6,67,67301,2011,11,1,2029,20,3,1,0,4,2, , ,N,0,0,0,3,0,1,4,2,N, ,40 00:05.276,75 09:10.635,2035, ,2029, ,0, , , ,0, , , , , ,855206, , , ,1,1,0,0,0,0,0,0,1,0,0,1,1,0,3,0,0,0,0,0,0,0,0,0,0,0,0,0,0,0,0,0,0,0,0,4,0,40.0015,-75.153, , 
 ,76852,2012009999,6,67,67301,2011,12,3,1157,11,1,1,0,8,1, , ,N,1,3,0,3,0,1,2,2,N,N,40 04:44.428,74 59:28.492,1204, ,1159, ,0, ,N, ,3, , , , , ,855211, , , ,1,0,0,1,0,0,0,0,0,0,0,0,1,1,0,0,0,0,0,0,0,0,0,0,0,0,0,0,0,0,0,0,1,0,0,8,1,40.079,-74.9912, , 
 ,76853,2011010600,6,67,67301,2011,1,1,1700,17,3,1,0,4,1, , ,N,1,2,0,3,0,1,2,2,N,N,40 03:24.532,75 02:49.228,1705, ,1700,1,1,2,N, ,3,N, , , , ,855216, , , ,2,2,0,0,0,0,0,0,0,0,0,1,1,0,0,0,0,0,0,0,0,0,1,0,0,0,0,0,0,0,0,0,0,0,0,4,0,40.0568,-75.047, , 
 ,76854,2011023028,6,67,67301,2011,1,7,1430,14,1,1,1,8,1, , ,N,0,0,0,3,0,1,2,2,N,N,40 04:23.390,75 02:11.284,1440, ,1433, ,0, ,N, ,0, , , , , ,855234, , , ,1,0,0,0,0,0,1,0,0,0,0,0,1,1,0,0,0,0,0,0,1,0,0,0,0,0,0,0,0,0,0,0,1,0,0,8,0,40.0732,-75.0365, , 
 ,76855,2011028839,6,67,67301,2011,1,6,2150,21,3,1,6,7,4, , ,N,0,0,0,3,0,1,1,1,N,N,40 02:31.473,75 06:41.788,2200, ,2158, ,0, ,N, ,0, , , , , ,855240, , , ,1,1,0,0,0,0,0,0,0,0,1,0,1,0,0,0,0,0,0,0,0,0,0,0,0,0,0,0,0,0,0,0,0,0,0,3,0,40.0421,-75.1116, , 
 ,76856,2011041596,6,67,67301,2011,3,3,804,8,1,1,0,1,1, , ,N,0,0,0,3,0,3,4,2,N,N,39 58:53.438,75 06:06.914,804, ,804,1,1,1,N, ,0,N, , , , ,855249, , , ,2,1,0,0,0,0,0,0,0,0,0,3,3,0,1,0,0,0,0,0,0,0,0,0,0,0,0,0,0,0,0,0,0,0,0,4,0,39.9815,-75.1021, , 
 ,76857,2011044636,6,67,67301,2011,4,6,1430,14,1,1,0,4,1, , ,N,0,2,0,3,0,1,2,2, , ,40 02:14.967,75 11:19.779,1510, ,1507, ,0, , , ,3, , , , , ,855251, , , ,2,2,0,0,0,0,0,0,0,0,0,1,1,0,0,0,0,0,0,0,1,0,0,0,0,0,0,0,0,0,0,0,0,0,0,4,0,40.0375,-75.1888, , 
 ,76858,2011088032,6,67,67301,2011,8,7,2340,23,3,2,1,5,1, , ,N,2,2,0,3,0,1,2,2,N, ,39 57:06.668,75 09:35.366,21, ,19, ,0, ,N, ,3, , , , , ,855272, , , ,2,1,0,1,0,0,0,0,0,0,0,0,1,1,0,0,0,0,0,0,0,1,0,0,0,0,0,0,0,0,0,0,0,0,0,8,1,39.9519,-75.1598, , 
 ,76859,2011122455,6,67,67301,2011,11,5,1549,15,1,1,0,1,1, , ,N,0,0,1,3,0,1,4,3,N,N,39 56:54.722,75 08:29.979,1559, ,1552,1,2,1,N, ,0,N, , , , ,855295, , , ,3,2,0,0,0,0,1,0,0,0,0,1,1,0,0,0,0,0,1,0,0,0,0,0,0,0,0,0,0,0,0,0,0,0,0,4,0,39.9484,-75.1417, , 
 ,76860,2011122858,6,67,67301,2011,10,1,407,4,3,1,0,4,1, , ,N,1,2,0,3,0,0,3,2,N, ,40 01:48.733,75 07:06.450,419, ,415,2,2,6, , ,3,N, , , , ,855296, , , ,2,2,0,0,0,0,0,0,0,0,0,0,0,0,0,0,0,0,0,1,0,0,0,0,0,0,0,0,0,0,0,0,0,0,0,0,0,40.0302,-75.1185, , 
 ,76861,2012004883,6,67,67301,2011,12,2,1200,12,1,1,0,7,5, , ,N,0,0,0,3,0,1,2,1,N,N,40 02:19.643,75 03:05.447,1215, ,1211, ,0, ,N, ,0, , , , , ,855311, , , ,1,0,0,0,1,0,0,0,0,0,0,0,1,1,1,0,0,0,0,0,0,0,0,0,0,0,0,0,0,0,0,0,0,0,0,8,0,40.0388,-75.0515, , 
 ,76862,2012002544,6,67,67301,2011,12,4,2105,21,3,2,1,1,6, , ,N,0,0,0,3,0,1,1,2,N, ,40 07:49.322,75 01:02.272,2125, ,2118, ,0, , , ,0, , , , , ,855323, , , ,2,2,0,0,0,0,0,0,0,0,0,0,1,1,0,0,0,0,0,0,1,0,0,0,0,0,0,0,0,0,0,0,0,0,0,8,0,40.1304,-75.0173, , 
 ,76863,2012019473,6,67,67301,2011,4,7,1758,17,4,1,0,1,1, , ,N,0,0,0,3,0,1,2,2,N,N,40 03:23.865,75 08:25.044,0, ,0, ,0, ,N, ,0, , , , , ,858009, , , ,2,1,0,0,0,1,0,0,0,0,0,0,1,1,0,0,0,0,0,0,1,0,0,0,0,0,0,0,0,0,0,0,0,0,0,8,0,40.0566,-75.1403, , 
 ,76864,2012004765,6,67,67301,2011,12,6,807,8,1,1,1,4,1, , ,N,0,2,7,3,0,1,2,2,N,N,40 01:44.919,75 06:02.457,810, ,807, ,0, ,N, ,3, , , , , ,858017, , , ,2,1,0,0,0,1,0,0,0,0,0,0,1,1,0,0,0,0,0,0,2,0,0,0,0,0,0,0,0,0,0,0,0,0,0,8,1,40.0291,-75.1007, , 
 ,76865,2012010104,6,67,67301,2011,12,6,230,2,3,1,0,4,1, , ,N,1,2,0,3,0,1,4,2,N, ,39 57:10.041,75 10:00.776,232, ,232, ,0, , , ,3, , , , , ,858018, , , ,2,2,0,0,0,0,0,0,0,0,0,0,1,1,0,0,0,0,0,0,0,0,0,1,0,0,0,0,0,0,0,0,0,0,0,8,0,39.9528,-75.1669, , 