wz_ln_closure,objectid_1,crn,district,county,municipality,crash_year,crash_month,day_of_week,time_of_day,hour_of_day,illumination,weather,road_condition,collision_type,relation_to_road,work_zone_type,work_zone_loc,work_zone_ind,intersect_type,tcd_type,location_type,urban_rural,fatal_count,injury_count,person_count,total_units,sch_bus_ind,sch_zone_ind,latitude,longitude,arrival_tm,cons_zone_spd_lim,dispatch_tm,est_hrs_closed,lane_closed,ln_close_dir,ntfy_hiwy_maint,spec_juris_cd,tcd_func_cd,tfc_detour_ind,workers_pres,wz_close_detour,wz_flagger,wz_law_offcr_ind,objectid,wz_moving,wz_other,wz_shlder_mdn,vehicle_count,automobile_count,motorcycle_count,bus_count,small_truck_count,heavy_truck_count,suv_count,van_count,bicycle_count,maj_inj_count,mod_inj_count,min_inj_count,tot_inj_count,unk_inj_deg_count,unk_inj_per_count,driver_count_16yr,driver_count_17yr,driver_count_18yr,driver_count_19yr,driver_count_20yr,driver_count_50_64yr,driver_count_65_74yr,driver_count_75plus,unbelted_occ_count,unb_death_count,unb_maj_inj_count,belted_death_count,belted_maj_inj_count,mcycle_death_count,mcycle_maj_inj_count,bicycle_death_count,bicycle_maj_inj_count,ped_count,ped_death_count,ped_maj_inj_count,max_severity_level,comm_veh_count,dec_lat,dec_long,rdwy_surf_type_cd,county_name
 ,76866,2012012567,6,67,67301,2011,12,4,1530,15,1,2,1,8,1, , ,N,1,2,0,3,0,1,2,2,N, ,39 57:56.235,75 13:54.861,1545, ,1530, ,0, , , ,3, , , , , ,858019, , , ,1,1,0,0,0,0,0,0,0,0,0,1,1,0,0,0,0,0,0,0,0,0,1,0,0,0,0,0,0,0,0,0,1,0,0,4,0,39.9656,-75.2319, , 
 ,76867,2011068488,6,67,67301,2011,6,5,715,7,1,1,0,4,1, , ,N,1,2,0,3,0,0,3,2,N,N,39 57:15.080,75 10:11.059,716, ,714, ,0, ,N, ,3, , , , , ,858034, , , ,2,1,0,0,0,0,1,0,0,0,0,0,0,0,0,0,0,0,0,0,0,0,0,0,0,0,0,0,0,0,0,0,0,0,0,0,0,39.9542,-75.1697, , 
 ,76868,2011072653,6,67,67301,2011,5,3,1602,16,1,1,0,7,5, , ,N,0,0,0,3,0,0,1,1,N,N,39 59:25.027,75 11:48.296,1609, ,1602,3,2,5,N, ,0,Y, , , , ,858038, , , ,1,1,0,0,0,0,0,0,0,0,0,0,0,0,1,0,0,0,0,0,1,0,0,0,0,0,0,0,0,0,0,0,0,0,0,9,0,39.9903,-75.1967, , 
 ,76869,2011075550,6,67,67301,2011,6,6,2128,21,3,1,0,6,1, , ,N,1,2,0,3,0,0,4,2,N,N,39 57:50.569,75 11:29.777,2135, ,2132, ,0, ,N, ,3, , , , , ,858048, , , ,2,0,0,0,1,0,1,0,0,0,0,0,0,0,1,0,0,0,1,0,0,0,0,0,0,0,0,0,0,0,0,0,0,0,0,9,0,39.964,-75.1916, , 
 ,76870,2011075769,6,67,67301,2011,6,3,1250,12,1,8,1,4,1, , ,N,0,0,0,3,0,1,2,2,N,N,39 59:25.121,75 11:48.526,1315, ,1253, ,0, ,N, ,0, , , , , ,858049, , , ,2,1,0,0,0,0,1,0,0,0,0,1,1,0,0,0,0,0,0,0,0,0,0,0,0,0,0,0,0,0,0,0,0,0,0,4,0,39.9903,-75.1968, , 
 ,76871,2011115253,6,67,67301,2011,10,3,53,0,3,1,0,4,1, , ,N,2,3,2,3,0,0,2,2,N,N,39 59:21.294,75 12:23.365,115, ,55, ,0, ,N, ,2, , , , , ,858089, , , ,2,1,0,0,0,0,1,0,0,0,0,0,0,0,0,0,0,0,0,0,0,0,0,0,0,0,0,0,0,0,0,0,0,0,0,0,0,39.9892,-75.2065, , 
 ,76872,2012002529,6,67,67301,2011,11,7,327,3,3,1,0,1,1, , ,N,1,2,0,3,0,2,4,2,N,N,39 57:09.211,75 11:24.156,330, ,327, ,0, ,N, ,3, , , , , ,858110, , , ,2,2,0,0,0,0,0,0,0,0,0,0,2,2,0,0,0,0,0,0,0,0,0,3,0,0,0,0,0,0,0,0,0,0,0,8,0,39.9526,-75.19, , 
 ,76873,2011115244,6,67,67301,2011,10,1,1300,13,1,1,0,4,1, , ,N,1,3,0,3,0,1,2,2,N,N,39 56:43.479,75 09:50.266,1330, ,1315, ,0, ,N, ,3, , , , , ,858114, , , ,1,1,0,0,0,0,0,0,1,0,1,0,1,0,0,0,0,0,0,0,0,0,0,0,0,0,0,0,0,0,0,0,0,0,0,3,0,39.9454,-75.164, , 
 ,76874,2011126256,6,67,67301,2011,11,4,1222,12,1,1,0,8,1, , ,N,1,2,0,3,0,1,2,2,N,N,40 02:33.169,75 07:44.993,1225, ,1224, ,0, ,N, ,3, , , , , ,858121, , , ,1,0,0,0,0,0,1,0,0,0,0,1,1,0,0,0,0,0,0,0,1,0,0,0,0,0,0,0,0,0,0,0,1,0,0,4,0,40.0425,-75.1292, , 
 ,76875,2011126372,6,67,67301,2011,11,6,1555,15,1,1,0,8,1, , ,N,0,2,0,3,0,1,2,2,N, ,40 01:35.204,75 05:51.719,1602, ,1555,1,1,1,N, ,3,N, , , , ,858122, , , ,1,1,0,0,0,0,0,0,0,0,0,0,1,1,0,0,0,0,0,0,0,0,0,0,0,0,0,0,0,0,0,0,1,0,0,8,0,40.0264,-75.0977, , 
 ,76876,2011132954,6,67,67301,2011,11,6,1400,14,1,1,0,8,1, , ,N,1,2,0,3,0,1,2,2,N,N,40 02:09.477,75 02:33.014,1412, ,1411, ,0, ,N, ,3, , , , , ,858131, , , ,1,1,0,0,0,0,0,0,0,0,0,0,1,1,1,0,0,0,0,0,0,0,0,1,0,0,0,0,0,0,0,0,1,0,0,8,0,40.0359,-75.0424, , 
 ,76877,2012001983,6,67,67301,2011,11,2,9,0,3,2,1,1,1, , ,N,6,0,0,3,0,1,3,2,N,N,39 53:29.072,75 14:13.179,27, ,22, ,0, ,N, ,0, , , , , ,858135, , , ,2,1,0,1,0,0,0,0,0,0,0,1,1,0,0,0,0,0,0,0,1,0,0,0,0,0,0,0,0,0,0,0,0,0,0,4,1,39.8927,-75.2338, , 
 ,76878,2012001987,6,67,67301,2011,12,2,935,9,1,1,0,8,1, , ,N,1,0,0,3,0,1,2,2,N,N,39 59:10.485,75 06:15.828,1005, ,1000, ,0, , , ,0, , , , , ,858136, , , ,1,0,0,0,0,1,0,0,0,0,0,1,1,0,1,0,0,0,0,0,0,0,0,1,0,0,0,0,0,0,0,0,1,0,0,4,1,39.9863,-75.1044, , 
 ,76879,2012004903,6,67,67301,2011,12,1,2015,20,3,1,0,4,1, , ,N,2,3,0,3,0,0,3,2,N,N,39 54:29.779,75 09:26.596,2045, ,2040, ,0, ,N, ,3, , , , , ,858137, , , ,2,1,0,0,0,0,1,0,0,0,0,0,0,0,0,0,0,0,0,0,0,0,0,0,0,0,0,0,0,0,0,0,0,0,0,0,0,39.9083,-75.1574, , 
 ,76880,2012019467,6,67,67301,2011,4,5,1830,18,4,1,0,4,1, , ,N,1,3,0,3,0,1,2,2,N,N,40 02:17.530,75 04:43.119,0, ,0, ,0, ,N, ,3, , , , , ,858144, , , ,2,1,0,0,0,0,1,0,0,0,0,0,1,1,1,0,0,0,0,0,0,1,0,0,0,0,0,0,0,0,0,0,0,0,0,8,0,40.0382,-75.0786, , 
 ,76881,2012018541,6,67,67301,2011,4,1,140,1,6,2,1,5,1, , ,N,0,0,1,3,0,0,2,2,N,N,39 57:30.061,75 09:56.214,0, ,0, ,0, ,N, ,0, , , , , ,860930, , , ,2,2,0,0,0,0,0,0,0,0,0,0,0,0,0,0,0,0,0,0,0,0,0,0,0,0,0,0,0,0,0,0,0,0,0,0,0,39.9584,-75.1656, , 
 ,76882,2011132747,6,67,67301,2011,6,2,1950,19,1,1,0,2,1, , ,N,1,0,0,3,0,3,3,2,N,N,40 01:20.289,75 09:43.290,1952, ,1952, ,0, ,N, ,0, , , , , ,860932, , , ,2,1,0,0,0,0,1,0,0,0,1,2,3,0,0,0,0,0,0,0,0,1,0,0,0,0,0,0,0,0,0,0,0,0,0,3,0,40.0223,-75.162, , 
 ,76883,2012001904,6,67,67301,2011,11,6,1755,17,4,1,0,4,1, , ,N,1,3,0,3,0,1,3,2,N,N,39 58:49.450,75 08:49.394,1805, ,1757, ,0, ,N, ,3, , , , , ,860970, , , ,1,1,0,0,0,0,0,0,1,0,0,1,1,0,0,0,0,0,0,0,0,1,0,0,0,0,0,0,0,0,0,0,0,0,0,4,0,39.9804,-75.1471, , 
 ,76884,2012004758,6,67,67301,2011,12,1,9999,99,1,1,0,1,1, , ,N,0,0,0,3,0,2,4,2,N,N,40 01:45.835,75 06:03.849,1602, ,1558,1,1,2,N, ,0,N, , , , ,860972, , , ,2,2,0,0,0,0,0,0,0,0,0,2,2,0,0,0,0,0,0,0,0,0,0,1,0,0,0,0,0,0,0,0,0,0,0,4,0,40.0294,-75.1011, , 
 ,76885,2011112273,6,67,67301,2011,10,4,1200,12,1,1,0,8,5, , ,N,0,0,0,3,0,1,2,2,N,N,39 56:56.824,75 08:37.978,1227, ,1207, ,0, ,N, ,0, , , , , ,860986, , , ,1,1,0,0,0,0,0,0,0,0,0,0,1,1,0,0,0,0,0,0,1,0,0,0,0,0,0,0,0,0,0,0,1,0,0,8,0,39.9491,-75.1439, , 
 ,76886,2012002016,6,67,67301,2011,12,1,943,9,1,1,0,4,1, , ,N,1,2,0,3,0,0,4,3,N,N,40 02:32.725,75 04:57.598,1005, ,958, ,0, ,N, ,3, , , , , ,861004, , , ,3,1,0,0,0,0,1,1,0,0,0,0,0,0,0,0,0,0,0,0,1,1,0,0,0,0,0,0,0,0,0,0,0,0,0,0,0,40.0424,-75.0827, , 
 ,76887,2012009991,6,67,67301,2011,12,2,1430,14,1,1,0,4,1, , ,N,1,2,0,3,0,3,5,3,N,N,40 02:03.749,75 10:21.859,1542, ,1538, ,0, ,N, ,3, , , , , ,861006, , , ,3,2,0,0,1,0,0,0,0,0,0,0,3,3,0,0,0,0,0,0,2,0,0,0,0,0,0,0,0,0,0,0,0,0,0,8,0,40.0344,-75.1727, , 
 ,76888,2012023512,6,67,67301,2011,9,3,800,8,1,1,0,1,1, , ,N,1,2,0,3,0,1,2,2,N,N,40 01:03.702,75 11:21.201,0, ,0, ,0, ,N, ,3, , , , , ,861007, , , ,2,1,0,0,0,0,1,0,0,0,0,0,1,1,0,0,0,0,0,0,1,0,0,0,0,0,0,0,0,0,0,0,0,0,0,8,0,40.0177,-75.1892, , 
 ,76889,2012004932,6,67,67301,2011,12,1,2129,21,3,1,0,8,1, , ,N,1,2,0,3,0,1,2,2,N,N,39 57:13.622,75 08:34.406,2130, ,2130, ,0, ,N, ,3, , , , , ,861030, , , ,1,0,0,0,0,0,0,0,1,0,1,0,1,0,1,0,0,0,0,0,0,0,0,0,0,0,0,0,0,0,0,0,0,0,0,3,0,39.9538,-75.1429, , 
 ,76890,2012023424,6,67,67301,2011,8,5,1104,11,1,1,0,1,1, , ,N,0,0,0,3,0,2,2,2,N,N,40 01:18.523,75 06:45.082,0, ,0, ,0, ,N, ,0, , , , , ,861034, , , ,2,2,0,0,0,0,0,0,0,0,0,0,2,2,0,0,0,0,0,0,1,0,0,0,0,0,0,0,0,0,0,0,0,0,0,8,0,40.0218,-75.1125, , 
 ,76891,2012010074,6,67,67301,2011,12,2,1000,10,1,1,0,3,2, , ,N,1,0,0,3,0,1,1,2,N,N,39 59:22.779,75 08:44.869,1425, ,1420, ,0, ,N, ,0, , , , , ,861053, , , ,2,1,0,0,0,1,0,0,0,0,0,1,1,0,0,0,0,0,0,0,0,0,0,0,0,0,0,0,0,0,0,0,0,0,0,4,1,39.9897,-75.1458, , 
 ,76892,2012004213,6,67,67301,2011,12,7,1030,10,1,1,6,4,1, , ,N,0,0,7,3,0,0,2,2,N,N,40 02:00.482,75 02:47.784,1051, ,1045,1,1,4,N, ,0,N, , , , ,861071, , , ,2,2,0,0,0,0,0,0,0,0,0,0,0,0,0,0,0,0,0,0,0,0,0,0,0,0,0,0,0,0,0,0,0,0,0,0,0,40.0335,-75.0466, , 
 ,76893,2012010105,6,67,67301,2011,12,4,2030,20,3,1,0,1,1, , ,N,1,2,0,3,0,1,3,2,N,N,40 03:37.862,75 03:26.035,2040, ,2030,2,1,1,N, ,3,Y, , , , ,861074, , , ,2,0,0,0,0,1,1,0,0,0,0,1,1,0,1,0,0,0,0,0,0,0,0,0,0,0,0,0,0,0,0,0,0,0,0,4,0,40.0605,-75.0572, , 
 ,76894,2012051943,6,67,67301,2011,5,4,1336,13,1,2,1,6,1, , ,N,0,0,0,3,0,0,1,3,N,N,40 02:27.700,75 07:59.577,1340, ,1336,2,2,5,N, ,0,Y, , , , ,861076, , , ,2,1,0,0,1,0,0,0,0,0,0,0,0,0,0,0,0,0,0,0,0,0,0,0,0,0,0,0,0,0,0,0,0,0,0,0,0,40.041,-75.1332, , 
 ,76895,2011100783,6,67,67301,2011,9,4,1035,10,1,1,0,8,1, , ,N,0,0,0,3,0,1,2,2,N,N,39 59:26.470,75 06:55.082,1040, ,1035, ,0, ,N, ,0, , , , , ,861087, , , ,1,1,0,0,0,0,0,0,0,0,1,0,1,0,0,0,0,0,0,0,1,0,0,0,0,0,0,0,0,0,0,0,1,0,0,3,0,39.9907,-75.1153, , 
 ,76896,2011100841,6,67,67301,2011,9,5,1315,13,8,2,1,6,1, , ,N,0,0,0,3,0,1,2,2,N,N,39 58:27.964,75 12:06.738,1318, ,1315, ,0, ,N, ,0, , , , , ,861088, , , ,1,0,0,0,1,0,0,0,1,0,0,0,1,1,0,0,0,0,0,0,0,0,0,0,0,0,0,0,0,0,0,0,0,0,0,8,0,39.9744,-75.2019, , 
 ,76897,2011100899,6,67,67301,2011,9,5,500,5,5,2,1,8,1, , ,N,1,2,0,3,0,1,2,2,N,N,40 01:46.297,75 05:01.039,1225, ,1200, ,0, ,N, ,3, , , , , ,861089, , , ,1,0,0,0,0,0,0,0,0,0,1,0,1,0,0,0,0,0,0,0,0,0,0,0,0,0,0,0,0,0,0,0,1,0,0,3,0,40.0295,-75.0836, , 
 ,76898,2011112187,6,67,67301,2011,10,2,2214,22,3,1,0,1,2, , ,N,2,0,0,3,0,0,1,3,N,N,40 01:49.767,75 06:55.609,20, ,14,2,2,3,N, ,0,Y, , , , ,861102, , , ,3,2,0,0,0,0,1,0,0,0,0,0,0,0,0,0,0,0,0,0,0,0,0,0,0,0,0,0,0,0,0,0,0,0,0,0,0,40.0305,-75.1154, , 
 ,76899,2012001898,6,67,67301,2011,12,6,1330,13,1,1,0,8,1, , ,N,1,3,0,3,0,1,2,2,N,N,39 57:08.535,75 09:17.776,1345, ,1340, ,0, ,N, ,3, , , , , ,864868, , , ,1,0,0,0,0,0,1,0,0,0,0,1,1,0,0,0,0,0,0,0,1,0,0,0,0,0,0,0,0,0,0,0,1,0,0,4,0,39.9524,-75.1549, , 
 ,76900,2012020254,6,67,67301,2011,3,2,2142,21,6,1,0,4,1, , ,N,0,0,7,3,0,2,3,2,N,N,40 01:01.092,75 08:58.030,0, ,0, ,0, ,N, ,0, , , , , ,864872, , , ,2,2,0,0,0,0,0,0,0,0,0,0,2,2,1,0,0,0,0,0,1,0,0,0,0,0,0,0,0,0,0,0,0,0,0,8,0,40.017,-75.1495, , 
 ,76901,2011066076,6,67,67301,2011,5,3,2130,21,3,1,0,5,1, , ,N,0,0,1,3,0,0,2,2,N,N,40 01:10.188,75 08:49.791,2135, ,2132,1,1,1,N, ,0,N, , , , ,864879, , , ,2,1,0,0,1,0,0,0,0,0,0,0,0,0,0,0,0,0,0,1,0,0,0,0,0,0,0,0,0,0,0,0,0,0,0,0,0,40.0195,-75.1472, , 
Y,76902,2011068302,6,67,67301,2011,6,1,324,3,3,1,0,1,5,2,4,Y,0,7,0,3,0,2,7,3,N,N,39 56:23.826,75 11:46.140,333,50,328, ,0, ,N, ,3, ,Y,N,Y,N,864880,N,N,N,3,2,0,0,0,0,0,1,0,0,0,2,2,0,0,0,0,0,0,0,0,0,0,3,0,0,0,0,0,0,0,0,0,0,0,4,0,39.9385,-75.1976, , 
 ,76903,2011073863,6,67,67301,2011,6,2,1745,17,1,1,0,4,1, , ,N,1,3,0,3,0,1,3,2,N,N,40 06:06.588,75 01:38.906,2052, ,2052, ,0, ,N, ,3, , , , , ,864885, , , ,1,1,0,0,0,0,0,0,1,0,0,1,1,0,0,0,0,0,0,0,1,0,0,0,0,0,0,0,0,0,0,0,0,0,0,4,0,40.1018,-75.0275, , 
 ,76904,2011132767,6,67,67301,2011,11,5,925,9,1,1,0,4,2, , ,N,0,0,0,3,0,0,1,3,N,N,40 03:23.950,75 09:31.791,932, ,930, ,0, ,N, ,0, , , , , ,864896, , , ,3,2,0,0,0,0,1,0,0,0,0,0,0,0,0,0,0,0,0,0,0,1,0,0,0,0,0,0,0,0,0,0,0,0,0,0,0,40.0567,-75.1588, , 
 ,76905,2011134739,6,67,67301,2011,11,2,2046,20,3,1,0,7,3, , ,N,0,0,0,3,0,0,1,1,N,N,40 06:16.014,75 00:07.736,2050, ,2046, ,0, ,N, ,0, , , , , ,864900, , , ,1,1,0,0,0,0,0,0,0,0,0,0,0,0,0,0,0,0,0,0,0,0,0,0,0,0,0,0,0,0,0,0,0,0,0,0,0,40.1044,-75.0021, , 
 ,76906,2012001960,6,67,67301,2011,12,6,800,8,1,1,0,8,1, , ,N,1,2,0,3,0,2,3,3,N,N,40 02:17.196,75 03:16.819,9999, ,1048, ,0, ,N, ,9, , , , , ,864901, , , ,1,1,0,0,0,0,0,0,0,0,0,2,2,0,1,0,0,0,0,0,0,0,0,0,0,0,0,0,0,0,0,0,2,0,0,4,0,40.0381,-75.0547, , 
 ,76907,2012004773,6,67,67301,2011,12,7,1710,17,2,1,0,4,1, , ,N,1,2,0,3,0,1,3,2,N, ,39 56:38.450,75 09:36.017,1716, ,1714, ,0, , , ,3, , , , , ,864902, , , ,2,1,0,0,0,0,1,0,0,0,0,1,1,0,0,0,0,0,0,0,0,0,0,0,0,0,0,0,0,0,0,0,0,0,0,4,0,39.944,-75.16, , 
 ,76908,2012004974,6,67,67301,2011,12,1,945,9,1,1,0,4,1, , ,N,1,2,0,3,0,0,3,2,N,N,40 02:12.142,75 02:27.052,957, ,945,2,1,3,N, ,3,N, , , , ,864903, , , ,2,1,0,0,0,0,0,1,0,0,0,0,0,0,0,0,0,0,0,0,0,0,0,0,0,0,0,0,0,0,0,0,0,0,0,0,0,40.0368,-75.0407, , 
 ,76909,2012017918,6,67,67301,2011,10,1,30,0,3,1,0,8,2, , ,N,1,0,0,3,0,1,2,2,N,N,39 56:14.564,75 13:03.428,102, ,50, ,0, ,N, ,0, , , , , ,864904, , , ,1,1,0,0,0,0,0,0,0,0,0,1,1,0,1,0,0,0,0,0,0,0,0,1,0,0,0,0,0,0,0,0,1,0,0,4,0,39.9374,-75.2176, , 
 ,76910,2011122804,6,67,67301,2011,10,2,2326,23,3,1,0,5,1, , ,N,1,1,0,3,0,10,10,2,N,N,40 01:09.006,75 02:42.176,25, ,15, ,0, ,N, ,2, , , , , ,864921, , , ,2,2,0,0,0,0,0,0,0,0,0,10,10,0,0,0,0,0,0,0,0,0,0,6,0,0,0,0,0,0,0,0,0,0,0,4,0,40.0192,-75.045, , 
 ,76911,2011132915,6,67,67301,2011,11,4,9999,99,1,2,1,4,1, , ,N,5,2,0,3,0,0,3,2,N,N,39 57:51.728,75 10:34.926,915, ,907, ,0, ,N, ,3, , , , , ,864927, , , ,2,1,0,0,0,0,1,0,0,0,0,0,0,0,0,0,0,0,0,0,1,0,0,0,0,0,0,0,0,0,0,0,0,0,0,0,0,39.9644,-75.1764, , 
 ,76912,2012004859,6,67,67301,2011,12,7,310,3,3,1,0,5,6, , ,N,0,0,0,3,0,1,2,2,N,N,40 01:27.339,75 13:15.294,311, ,310, ,0, ,N, ,0, , , , , ,864928, , , ,2,1,0,0,0,0,0,0,0,1,0,0,1,0,0,0,0,0,0,0,0,0,0,0,0,0,0,0,0,0,0,0,0,0,0,2,0,40.0243,-75.2209, , 
 ,76913,2011116977,6,67,67301,2011,11,1,1320,13,1,1,0,1,1, , ,N,0,0,0,3,0,1,5,2,N,N,39 57:36.197,75 10:53.119,1338, ,1324,1,1,3,N, ,0,N, , , , ,864935, , , ,2,0,0,1,0,0,0,1,0,0,0,0,1,1,0,0,0,0,0,0,0,0,0,0,0,0,0,0,0,0,0,0,0,0,0,8,1,39.9601,-75.1814, , 
 ,76914,2011132922,6,67,67301,2011,11,3,1225,12,1,2,1,4,1, , ,N,0,0,0,3,0,1,2,2,N,N,40 00:37.562,75 06:44.269,1310, ,1258, ,0, , , ,0, , , , , ,864944, , , ,2,1,0,0,1,0,0,0,0,0,0,1,1,0,0,0,0,0,0,0,0,0,0,1,0,0,0,0,0,0,0,0,0,0,0,4,0,40.0104,-75.1123, , 
 ,76915,2012001946,6,67,67301,2011,11,1,1035,10,1,1,0,4,1, , ,N,1,2,0,3,0,0,3,2,N,N,40 01:31.669,75 07:24.547,1043, ,1039, ,0, ,N, ,3, , , , , ,864948, , , ,2,2,0,0,0,0,0,0,0,0,0,0,0,0,0,0,0,0,0,0,0,0,0,0,0,0,0,0,0,0,0,0,0,0,0,0,0,40.0255,-75.1235, , 
 ,76916,2011105311,6,46,46104,2011,10,7,150,1,3,1,0,4,1, , ,N,1,2,0,3,0,1,3,2,N,N,39 59:17.883,75 15:14.303,1918, ,1915,1,1,2,N, ,3,Y, , , , ,864953, , , ,2,0,0,0,0,0,2,0,0,0,0,0,1,1,0,0,0,0,0,0,0,0,2,0,0,0,0,0,0,0,0,0,0,0,0,8,0,39.9883,-75.254, , 
 ,76917,2012004996,6,67,67301,2011,12,6,1800,18,2,1,0,8,1, , ,N,1,3,0,3,0,2,3,3,N,N,40 03:11.667,75 03:40.564,2140, ,2135, ,0, ,N, ,3, , , , , ,855324, , , ,1,0,0,0,1,0,0,0,0,0,0,0,2,2,0,0,0,0,0,0,0,0,0,0,0,0,0,0,0,0,0,0,2,0,0,8,0,40.0532,-75.0613, , 
 ,76918,2011064112,6,67,67301,2011,5,3,2240,22,3,1,0,4,1, , ,N,2,2,0,3,0,2,3,2,N,N,39 57:40.266,75 14:49.451,2245, ,2242,2,1,1,N, ,3,N, , , , ,855327, , , ,2,2,0,0,0,0,0,0,0,0,0,2,2,0,0,0,0,0,0,0,1,0,0,1,0,0,0,0,0,0,0,0,0,0,0,4,0,39.9612,-75.2471, , 
 ,76919,2011066238,6,67,67301,2011,5,6,2330,23,3,1,0,4,1, , ,N,1,3,0,3,0,2,3,2, , ,39 58:01.462,75 14:37.589,55, ,50, ,0, , , ,3, , , , , ,855330, , , ,2,1,0,0,1,0,0,0,0,0,0,2,2,0,0,0,0,0,0,0,1,0,0,0,0,0,0,0,0,0,0,0,0,0,0,4,0,39.9671,-75.2438, , 
 ,76920,2011082712,6,67,67301,2011,7,7,700,7,1,1,0,7,1, , ,N,3,2,0,3,0,0,1,1,N,N,39 57:08.768,75 09:45.156,740, ,736,9,1,1,N, ,3,N, , , , ,855338, , , ,1,1,0,0,0,0,0,0,0,0,0,0,0,0,0,0,0,0,0,0,0,0,0,0,0,0,0,0,0,0,0,0,0,0,0,0,0,39.9525,-75.1625, , 
 ,76921,2011085038,6,67,67301,2011,7,7,1545,15,1,1,0,4,1, , ,N,1,2,0,3,0,1,3,2,N, ,39 56:18.900,75 11:54.432,1548, ,1547, ,0, , , ,3, , , , , ,855342, , , ,2,2,0,0,0,0,0,0,0,0,0,1,1,0,2,0,0,0,0,0,1,0,0,2,0,0,0,0,0,0,0,0,0,0,0,4,0,39.9386,-75.1985, , 
 ,76922,2012001933,6,67,67301,2011,12,7,1650,16,4,1,0,8,1, , ,N,1,2,0,3,0,1,3,2,N,N,39 57:36.745,75 11:27.211,1720, ,1715, ,0, ,N, ,9, , , , , ,855364, , , ,1,0,0,0,0,0,1,0,0,0,0,1,1,0,2,0,0,0,0,0,0,0,0,0,0,0,0,0,0,0,0,0,1,0,0,4,0,39.9602,-75.1909, , 
 ,76923,2012001956,6,67,67301,2011,12,5,1700,17,4,1,0,4,9, , ,N,2,3,0,3,0,1,2,3,N,N,40 01:24.488,75 07:53.176,1752, ,1751, ,0, ,N, ,3, , , , , ,855365, , , ,3,1,0,0,0,0,2,0,0,0,0,1,1,0,0,0,0,0,0,0,0,0,0,0,0,0,0,0,0,0,0,0,0,0,0,4,0,40.0235,-75.1314, , 
 ,76924,2012002072,6,67,67301,2011,11,3,1900,19,3,2,1,8,1, , ,N,1,2,0,3,0,1,2,2,N,N,39 58:27.908,75 08:50.629,2015, ,2015, ,0, , , ,3, , , , , ,855366, , , ,1,1,0,0,0,0,0,0,0,0,0,1,1,0,0,0,0,0,0,0,0,0,0,1,0,0,0,0,0,0,0,0,1,0,0,4,0,39.9744,-75.1474, , 
 ,76925,2011126325,6,67,67301,2011,11,7,2352,23,3,1,0,7,5, , ,N,2,0,0,3,0,1,1,1,N, ,40 02:48.144,75 03:08.897,5, ,2355, ,0, , , ,0, , , , , ,855374, , , ,1,0,0,0,0,0,0,1,0,0,1,0,1,0,0,0,0,0,0,0,0,0,0,0,0,0,0,0,0,0,0,0,0,0,0,3,0,40.0467,-75.0525, , 
 ,76926,2012002135,6,67,67301,2011,12,7,1650,16,3,1,0,4,1, , ,N,0,0,7,3,0,1,5,2,N,N,39 59:38.292,75 05:38.209,1700, ,1655, ,0, ,N, ,0, , , , , ,855383, , , ,2,2,0,0,0,0,0,0,0,0,0,1,1,0,0,0,0,0,0,0,0,0,0,0,0,0,0,0,0,0,0,0,0,0,0,4,0,39.994,-75.0939, , 
 ,76927,2012004264,6,67,67301,2011,12,6,12,0,3,2,1,4,1, , ,N,1,2,0,3,0,0,2,2,N, ,40 06:06.588,75 01:38.906,13, ,13, ,0, ,N, ,3, , , , , ,855384, , , ,2,1,0,0,0,1,0,0,0,0,0,0,0,0,0,0,0,0,0,0,1,0,0,0,0,0,0,0,0,0,0,0,0,0,0,0,1,40.1018,-75.0275, , 
 ,76928,2011075754,6,67,67301,2011,6,6,1158,11,1,1,0,4,1, , ,N,1,2,0,3,0,0,4,2,N,N,40 04:50.725,75 01:42.964,1205, ,1202,1,1,6,N, ,3,N, , , , ,855394, , , ,2,2,0,0,0,0,0,0,0,0,0,0,0,0,0,0,0,0,0,0,1,0,0,0,0,0,0,0,0,0,0,0,0,0,0,0,0,40.0808,-75.0286, , 
 ,76929,2011126315,6,67,67301,2011,11,5,150,1,3,1,0,7,3, , ,N,1,2,0,3,0,0,1,1,N, ,39 58:08.114,75 08:10.343,205, ,155, ,0, , , ,3, , , , , ,855424, , , ,1,1,0,0,0,0,0,0,0,0,0,0,0,0,0,0,0,0,0,0,0,0,0,1,0,0,0,0,0,0,0,0,0,0,0,0,0,39.9688,-75.1362, , 
 ,76930,2012022234,6,67,67301,2011,7,5,1430,14,1,1,0,5,1, , ,N,7,0,2,3,0,1,2,2, , ,39 57:54.032,75 08:16.083,0, ,0, ,0, , , ,0, , , , , ,855432, , , ,2,0,0,0,2,0,0,0,0,0,1,0,1,0,0,0,0,0,0,0,0,0,0,0,0,0,0,0,0,0,0,0,0,0,0,3,0,39.9684,-75.1296, , 
 ,76931,2011118046,6,67,67301,2011,10,4,953,9,1,1,0,8,1, , ,N,1,3,0,3,0,1,2,2,N,N,39 55:58.861,75 08:58.063,1004, ,958, ,0, ,N, ,9, , , , , ,855443, , , ,1,1,0,0,0,0,0,0,0,0,0,0,1,1,0,0,0,0,0,0,0,0,0,0,0,0,0,0,0,0,0,0,1,0,0,8,0,39.933,-75.1495, , 