wz_ln_closure,objectid_1,crn,district,county,municipality,crash_year,crash_month,day_of_week,time_of_day,hour_of_day,illumination,weather,road_condition,collision_type,relation_to_road,work_zone_type,work_zone_loc,work_zone_ind,intersect_type,tcd_type,location_type,urban_rural,fatal_count,injury_count,person_count,total_units,sch_bus_ind,sch_zone_ind,latitude,longitude,arrival_tm,cons_zone_spd_lim,dispatch_tm,est_hrs_closed,lane_closed,ln_close_dir,ntfy_hiwy_maint,spec_juris_cd,tcd_func_cd,tfc_detour_ind,workers_pres,wz_close_detour,wz_flagger,wz_law_offcr_ind,objectid,wz_moving,wz_other,wz_shlder_mdn,vehicle_count,automobile_count,motorcycle_count,bus_count,small_truck_count,heavy_truck_count,suv_count,van_count,bicycle_count,maj_inj_count,mod_inj_count,min_inj_count,tot_inj_count,unk_inj_deg_count,unk_inj_per_count,driver_count_16yr,driver_count_17yr,driver_count_18yr,driver_count_19yr,driver_count_20yr,driver_count_50_64yr,driver_count_65_74yr,driver_count_75plus,unbelted_occ_count,unb_death_count,unb_maj_inj_count,belted_death_count,belted_maj_inj_count,mcycle_death_count,mcycle_maj_inj_count,bicycle_death_count,bicycle_maj_inj_count,ped_count,ped_death_count,ped_maj_inj_count,max_severity_level,comm_veh_count,dec_lat,dec_long,rdwy_surf_type_cd,county_name
 ,77198,2012032717,6,67,67301,2011,12,7,1900,19,6,1,0,8,1, , ,N,0,2,0,3,0,1,2,2,N,N,40 02:13.286,75 07:49.429,9999, ,1252, ,0, ,N, ,9, , , , , ,863281, , , ,1,1,0,0,0,0,0,0,0,0,0,0,1,1,1,0,0,0,0,0,0,0,0,0,0,0,0,0,0,0,0,0,1,0,0,8,0,40.037,-75.1304, , 
 ,77199,2012004973,6,67,67301,2011,12,7,948,9,1,1,0,8,1, , ,N,1,2,0,3,0,1,2,2,N,N,40 01:58.459,75 02:55.285,953, ,951,3,1,6,N, ,3,N, , , , ,863298, , , ,1,0,0,0,0,0,0,1,0,0,0,0,1,1,0,0,0,0,0,0,1,0,0,0,0,0,0,0,0,0,0,0,1,0,0,8,0,40.0329,-75.0486, , 
 ,77200,2012002076,6,67,67301,2011,12,3,1430,14,1,1,0,4,1, , ,N,0,0,7,3,0,1,2,2,N,N,39 54:50.522,75 08:57.603,1935, ,1925, ,0, , , ,0, , , , , ,863306, , , ,2,0,0,0,0,0,1,0,0,0,0,1,1,0,1,0,0,0,0,0,0,0,0,0,0,0,0,0,0,0,0,0,0,0,0,4,0,39.914,-75.1493, , 
 ,77201,2011115478,6,67,67301,2011,10,3,854,8,1,1,0,1,1, , ,N,0,2,0,3,0,1,2,2,N,N,40 07:09.184,74 58:50.550,900, ,855,1,1,1,N, ,3,N, , , , ,863312, , , ,2,1,0,0,0,0,1,0,0,0,0,0,1,1,0,0,0,0,0,0,0,0,0,0,0,0,0,0,0,0,0,0,0,0,0,8,0,40.1192,-74.9807, , 
 ,77202,2011129605,6,67,67301,2011,12,7,1203,12,1,1,0,7,4, , ,N,0,0,0,3,0,1,1,1,N,N,39 59:10.706,75 05:32.315,1212, ,1205,1,1,1,N, ,0,N, , , , ,863338, , , ,1,1,0,0,0,0,0,0,0,0,0,0,1,1,0,0,0,0,0,0,0,0,0,0,0,0,0,0,0,0,0,0,0,0,0,8,0,39.9864,-75.0922, , 
 ,77203,2011132620,6,67,67301,2011,9,4,235,2,3,1,0,8,1, , ,N,0,0,0,3,0,1,2,2,N, ,39 57:13.827,75 10:01.470,245, ,245,3,1,4,N, ,0,N, , , , ,863339, , , ,1,0,0,1,0,0,0,0,0,1,0,0,1,0,0,0,0,0,0,0,0,0,0,0,0,0,0,0,0,0,0,0,1,0,1,2,1,39.9538,-75.1671, , 
 ,77204,2011098131,6,67,67301,2011,9,7,1600,16,1,1,0,4,1, , ,N,0,0,0,3,0,1,2,2,N,N,39 56:43.815,75 09:54.549,1620, ,1616, ,0, ,N, ,0, , , , , ,863344, , , ,1,1,0,0,0,0,0,0,1,0,0,0,1,1,0,0,0,0,0,0,0,0,0,0,0,0,0,0,0,0,0,0,0,0,0,8,0,39.9455,-75.1652, , 
 ,77205,2012002086,6,67,67301,2011,12,7,1240,12,1,1,0,4,1, , ,N,2,2,0,3,0,1,3,2,N,N,39 58:24.435,75 12:35.240,1259, ,1257,2,1,2,N, ,3,N, , , , ,863375, , , ,2,1,0,0,1,0,0,0,0,0,0,1,1,0,0,0,0,1,0,0,0,0,0,0,0,0,0,0,0,0,0,0,0,0,0,4,0,39.9735,-75.2098, , 
 ,77206,2011103349,6,67,67301,2011,9,3,1330,13,1,2,1,4,1, , ,N,1,2,0,3,0,0,2,2,N,N,40 02:42.678,75 13:54.240,1415, ,1409, ,0, ,N, ,3, , , , , ,863399, , , ,2,1,0,0,0,1,0,0,0,0,0,0,0,0,0,0,0,0,0,0,1,0,0,0,0,0,0,0,0,0,0,0,0,0,0,0,1,40.0452,-75.2317, , 
 ,77207,2011104952,6,67,67301,2011,10,6,1200,12,1,1,0,5,1, , ,N,0,0,0,3,0,1,4,2,N,N,40 00:49.679,75 03:23.253,1214, ,1209, ,0, ,N, ,0, , , , , ,863401, , , ,2,1,0,0,1,0,0,0,0,0,0,0,1,1,0,0,0,0,0,0,0,1,0,0,0,0,0,0,0,0,0,0,0,0,0,8,0,40.0137,-75.0566, , 
 ,77208,2011132935,6,67,67301,2011,11,2,1155,11,1,1,0,8,1, , ,N,1,0,0,3,0,1,2,2,N, ,40 01:13.809,75 11:32.576,1209, ,1203, ,0, , , ,0, , , , , ,856082, , , ,1,1,0,0,0,0,0,0,0,0,0,0,1,1,0,0,0,1,0,0,0,0,0,1,0,0,0,0,0,0,0,0,1,0,0,8,0,40.0205,-75.1924, , 
 ,77209,2011087953,6,67,67301,2011,8,3,9999,99,1,1,0,4,1, , ,N,1,2,0,3,0,1,2,2,N,N,39 59:13.382,75 07:20.404,9999, ,811, ,0, ,N, ,3, , , , , ,856110, , , ,2,1,0,0,0,1,0,0,0,0,1,0,1,0,0,0,0,0,0,0,0,0,0,0,0,0,0,0,0,0,0,0,0,0,0,3,1,39.9871,-75.1223, , 
 ,77210,2011126030,6,67,67301,2011,11,2,1007,10,1,1,0,1,1, , ,N,0,0,0,3,0,1,4,3,N,N,39 57:32.952,75 10:19.319,1106, ,1103, ,0, ,N, ,0, , , , , ,856126, , , ,3,2,0,0,1,0,0,0,0,0,0,0,1,1,0,0,0,0,0,0,0,0,0,0,0,0,0,0,0,0,0,0,0,0,0,8,0,39.9592,-75.172, , 
 ,77211,2011132965,6,67,67301,2011,11,7,2115,21,3,1,0,8,1, , ,N,0,0,0,3,0,3,4,4,N,N,40 02:21.565,75 06:36.362,2125, ,2120, ,0, ,N, ,0, , , , , ,856136, , , ,1,1,0,0,0,0,0,0,0,0,0,3,3,0,0,0,0,0,0,0,0,0,0,0,0,0,0,0,0,0,0,0,3,0,0,4,0,40.0393,-75.1101, , 
 ,77212,2011033771,6,67,67301,2011,3,6,1901,19,3,1,0,1,1, , ,N,1,0,0,3,0,0,2,2,N,N,40 02:20.709,75 08:41.028,1915, ,1915,1,2,1,N, ,0,N, , , , ,856164, , , ,2,1,0,0,0,0,1,0,0,0,0,0,0,0,0,0,0,0,0,0,0,0,0,0,0,0,0,0,0,0,0,0,0,0,0,0,0,40.039,-75.1446, , 
 ,77213,2011115307,6,67,67301,2011,10,4,225,2,3,1,0,5,1, , ,N,0,0,0,3,0,0,1,3,N, ,39 59:00.207,75 10:00.058,240, ,228, ,0, , , ,0, , , , , ,856172, , , ,3,2,0,0,0,0,1,0,0,0,0,0,0,0,1,0,0,0,0,0,0,0,0,1,0,0,0,0,0,0,0,0,0,0,0,9,0,39.9834,-75.1667, , 
 ,77214,2012001542,6,67,67301,2011,12,6,2100,21,3,1,0,5,1, , ,N,0,0,3,3,0,1,3,2,N,N,39 57:56.287,75 11:09.999,2113, ,2106,1,2,4,N, ,0,N, , , , ,856183, , , ,2,1,0,0,0,1,0,0,0,0,1,0,1,0,0,0,0,0,0,0,2,0,0,0,0,0,0,0,0,0,0,0,0,0,0,3,1,39.9656,-75.1861, , 
 ,77215,2012002104,6,67,67301,2011,11,6,2355,23,3,1,0,5,2, , ,N,0,0,0,3,0,1,2,2,N,N,39 56:10.133,75 12:48.842,2357, ,2357, ,0, ,N, ,0, , , , , ,856185, , , ,1,1,0,0,0,0,0,0,1,0,0,1,1,0,0,0,0,0,0,0,0,0,1,0,0,0,0,0,0,0,0,0,0,0,0,4,0,39.9361,-75.2136, , 
 ,77216,2012020975,6,67,67301,2011,6,4,1045,10,1,1,0,1,1, , ,N,7,0,2,3,0,1,2,2,N,N,39 54:30.969,75 08:58.011,0, ,0, ,0, ,N, ,0, , , , , ,856188, , , ,2,1,0,0,0,0,0,0,0,1,0,0,1,0,1,0,0,0,0,0,1,0,0,0,0,0,0,1,0,0,0,0,0,0,0,2,0,39.9109,-75.149, , 
 ,77217,2011127900,6,67,67301,2011,12,6,824,8,1,1,0,1,1, , ,N,0,0,0,3,0,0,2,2,N,N,40 00:32.110,75 12:19.393,833, ,824, ,0, ,N, ,0, , , , , ,856195, , , ,2,2,0,0,0,0,0,0,0,0,0,0,0,0,0,0,0,0,0,0,1,0,0,0,0,0,0,0,0,0,0,0,0,0,0,0,0,40.0089,-75.2054, , 
 ,77218,2011133192,6,67,67301,2011,12,1,319,3,3,1,0,4,1, , ,N,0,0,0,3,0,0,1,2,N,N,39 53:56.420,75 10:07.534,328, ,321,2,2,2,N, ,0,N, , , , ,856199, , , ,2,2,0,0,0,0,0,0,0,0,0,0,0,0,1,0,0,0,0,0,0,0,0,0,0,0,0,0,0,0,0,0,0,0,0,9,0,39.899,-75.1687, , 
 ,77219,2011112109,6,67,67301,2011,10,7,1218,12,8,1,0,4,1, , ,N,1,2,0,3,0,1,2,2,N,N,39 57:14.230,75 09:34.171,1221, ,1220, ,0, ,N, ,3, , , , , ,856206, , , ,2,0,0,2,0,0,0,0,0,0,1,0,1,0,1,0,0,0,0,0,0,0,0,0,0,0,0,0,0,0,0,0,0,0,0,3,2,39.954,-75.1595, , 
 ,77220,2011112161,6,67,67301,2011,10,6,1415,14,1,1,0,1,4, , ,N,1,0,0,3,0,1,1,2,N,N,39 55:17.349,75 09:48.009,1548, ,1538, ,0, ,N, ,0, , , , , ,856207, , , ,2,1,1,0,0,0,0,0,0,0,0,0,1,1,0,0,0,0,0,0,1,0,0,0,0,0,0,0,0,0,0,0,0,0,0,8,0,39.9215,-75.1633, , 
 ,77221,2011121458,6,67,67301,2011,10,1,229,2,3,1,0,1,1, , ,N,0,0,0,3,0,0,2,2,N,N,40 01:18.740,75 02:20.026,233, ,231,1,1,1,N, ,0,N, , , , ,856217, , , ,2,2,0,0,0,0,0,0,0,0,0,0,0,0,0,0,0,0,0,0,0,0,0,0,0,0,0,0,0,0,0,0,0,0,0,0,0,40.0218,-75.0391, , 
 ,77222,2011134706,6,67,67301,2011,12,6,1740,17,3,1,0,4,1, , ,N,0,0,7,3,0,1,2,2,N,N,40 03:45.527,74 59:12.530,1755, ,1745, ,0, ,N, ,0, , , , , ,856231, , , ,2,2,0,0,0,0,0,0,0,0,0,0,1,1,0,0,0,0,0,0,1,0,0,0,0,0,0,0,0,0,0,0,0,0,0,8,0,40.0626,-74.9868, , 
 ,77223,2011134724,6,67,67301,2011,12,2,1710,17,1,1,0,5,1, , ,N,1,2,0,3,0,1,2,2,N,N,39 57:26.141,75 12:55.193,1723, ,1714, ,0, , , ,9, , , , , ,856232, , , ,1,0,0,0,0,0,0,0,1,0,0,0,1,1,1,0,0,0,0,0,0,0,0,0,0,0,0,0,0,0,0,0,0,0,0,8,0,39.9573,-75.2153, , 
 ,77224,2011134758,6,67,67301,2011,12,3,9999,99,1,2,1,4,1, , ,N,1,3,0,3,0,0,2,2,N,N,40 02:52.901,75 05:34.215,925, ,918, ,0, ,N, ,3, , , , , ,856233, , , ,2,2,0,0,0,0,0,0,0,0,0,0,0,0,0,0,0,0,0,0,0,0,0,0,0,0,0,0,0,0,0,0,0,0,0,0,0,40.048,-75.0928, , 
 ,77225,2012002111,6,67,67301,2011,12,6,1740,17,3,1,0,8,1, , ,N,1,2,0,3,0,1,2,2,N,N,40 03:26.473,75 04:36.598,1749, ,1744, ,0, ,N, ,3, , , , , ,856238, , , ,1,1,0,0,0,0,0,0,0,0,0,1,1,0,0,0,0,0,0,0,0,0,0,0,0,0,0,0,0,0,0,0,1,0,0,4,0,40.0574,-75.0768, , 
 ,77226,2011082476,6,67,67301,2011,7,1,1523,15,1,1,0,5,1, , ,N,0,0,0,3,0,1,2,2,N,N,40 04:33.049,74 59:15.235,1539, ,1523, ,0, ,N, ,0, , , , , ,858874, , , ,2,0,0,0,0,0,2,0,0,0,0,1,1,0,0,0,0,0,0,0,0,0,0,0,0,0,0,0,0,0,0,0,0,0,0,4,0,40.0758,-74.9876, , 
 ,77227,2011093059,6,67,67301,2011,8,7,206,2,3,1,0,4,1, , ,N,0,0,0,3,0,0,1,2,N,N,39 57:00.651,75 11:29.601,209, ,206, ,0, , , ,0, , , , , ,858879, , , ,2,0,0,0,0,1,1,0,0,0,0,0,0,0,0,0,0,0,0,0,0,0,0,0,0,0,0,0,0,0,0,0,0,0,0,0,1,39.9502,-75.1916, , 
 ,77228,2011093737,6,67,67301,2011,8,5,2050,20,4,1,0,8,1, , ,N,0,0,0,3,0,1,2,2,N,N,40 04:00.033,75 08:57.364,2121, ,2115, ,0, ,N, ,0, , , , , ,858880, , , ,1,1,0,0,0,0,0,0,0,0,1,0,1,0,0,0,0,0,0,0,0,0,0,0,0,0,0,0,0,0,0,0,1,0,0,3,0,40.0667,-75.1493, , 
 ,77229,2011125129,6,67,67301,2011,11,2,901,9,1,1,0,1,1, , ,N,0,0,0,3,0,2,5,3,N,N,39 58:41.913,75 06:39.645,909, ,903,1,1,2,N, ,0,N, , , , ,858901, , , ,3,1,0,0,1,0,1,0,0,0,1,1,2,0,0,0,0,0,0,0,1,1,0,0,0,0,0,0,0,0,0,0,0,0,0,3,0,39.9783,-75.111, , 
 ,77230,2011132782,6,67,67301,2011,11,4,514,5,3,2,1,1,1, , ,N,1,2,0,3,0,1,2,2,N,N,40 02:28.937,75 08:38.815,525, ,518, ,0, ,N, ,3, , , , , ,858908, , , ,2,1,0,1,0,0,0,0,0,0,0,1,1,0,0,0,0,0,0,0,0,0,0,0,0,0,0,0,0,0,0,0,0,0,0,4,1,40.0414,-75.1441, , 
 ,77231,2011133345,6,67,67301,2011,12,2,725,7,1,1,0,1,1, , ,N,6,0,2,3,0,0,2,2,N,N,39 56:57.647,75 11:03.883,740, ,727, ,0, ,N, ,0, , , , , ,858909, , , ,2,2,0,0,0,0,0,0,0,0,0,0,0,0,0,0,0,0,0,0,1,0,0,0,0,0,0,0,0,0,0,0,0,0,0,0,0,39.9493,-75.1844, , 
 ,77232,2011122791,6,67,67301,2011,10,2,1500,15,1,1,0,7,5, , ,N,0,0,0,3,0,1,1,1,N,N,40 03:51.124,75 04:17.132,1535, ,1524, ,0, , , ,0, , , , , ,858923, , , ,1,0,0,0,0,0,1,0,0,0,0,0,1,1,0,0,0,0,0,0,0,0,0,0,0,0,0,0,0,0,0,0,0,0,0,8,0,40.0642,-75.0714, , 
 ,77233,2012005028,6,67,67301,2011,12,4,732,7,1,1,0,4,1, , ,N,3,0,0,3,0,0,2,2,N,N,39 54:26.280,75 11:16.256,740, ,733,1,1,4,N, ,0,N, , , , ,858955, , , ,2,1,0,0,1,0,0,0,0,0,0,0,0,0,0,0,0,0,0,0,1,0,0,0,0,0,0,0,0,0,0,0,0,0,0,0,0,39.9073,-75.1878, , 
 ,77234,2011132884,6,67,67301,2011,11,3,800,8,1,2,1,8,1, , ,N,2,0,7,3,0,1,2,2,N,Y,40 06:14.994,75 00:59.338,850, ,845, ,0, ,N, ,0, , , , , ,858967, , , ,1,1,0,0,0,0,0,0,0,0,0,1,1,0,0,0,0,0,0,0,0,0,0,0,0,0,0,0,0,0,0,0,1,0,0,4,0,40.1042,-75.0165, , 
 ,77235,2011134761,6,67,67301,2011,12,7,1620,16,1,1,0,4,1, , ,N,1,2,0,3,0,1,3,2,N,N,40 03:17.806,75 03:14.481,1627, ,1627, ,0, , , ,3, , , , , ,858968, , , ,2,2,0,0,0,0,0,0,0,0,0,0,1,1,0,0,0,0,0,0,0,0,0,0,0,0,0,0,0,0,0,0,0,0,0,8,0,40.0549,-75.0539, , 
 ,77236,2012003270,6,67,67301,2011,10,1,327,3,3,1,0,7,2, , ,N,0,0,0,3,0,1,1,1,N,N,39 59:43.111,75 11:51.548,335, ,330,2,2,4,N, ,0,N, , , , ,858972, , , ,1,1,0,0,0,0,0,0,0,0,0,0,1,1,0,0,0,0,0,1,0,0,0,1,0,0,0,0,0,0,0,0,0,0,0,8,0,39.9953,-75.1977, , 
 ,77237,2012004907,6,67,67301,2011,12,1,1625,16,1,1,0,4,1, , ,N,0,0,0,3,0,0,3,2,N,N,40 02:43.429,75 07:36.039,1635, ,1626,2,1,4,N, ,0,N, , , , ,858975, , , ,2,2,0,0,0,0,0,0,0,0,0,0,0,0,0,0,0,0,0,0,0,0,0,1,0,0,0,0,0,0,0,0,0,0,0,0,0,40.0454,-75.1267, , 
 ,77238,2012004988,6,67,67301,2011,12,6,1010,10,1,1,0,8,1, , ,N,0,0,0,3,1,0,2,2,N,N,40 02:24.202,75 01:54.259,1015, ,1010,4,2,5, ,0,0,Y, , , , ,858976, , , ,1,1,0,0,0,0,0,0,0,0,0,0,0,0,0,0,0,0,0,0,0,0,0,0,0,0,0,0,0,0,0,0,1,1,0,1,0,40.0401,-75.0317,2, 
 ,77239,2011112244,6,67,67301,2011,10,3,1400,14,1,1,0,4,1, , ,N,2,2,0,3,0,0,2,2,N, ,39 58:15.096,75 07:25.112,1440, ,1430, ,0, , , ,3, , , , , ,858981, , , ,2,0,0,0,2,0,0,0,0,0,0,0,0,0,0,0,0,0,0,0,0,0,0,0,0,0,0,0,0,0,0,0,0,0,0,0,0,39.9703,-75.1244, , 
 ,77240,2011115484,6,67,67301,2011,10,3,1934,19,3,1,0,4,1, , ,N,1,0,0,3,0,1,2,2,N,N,39 56:01.984,75 13:31.421,1935, ,1934, ,0, ,N, ,0, , , , , ,858984, , , ,2,2,0,0,0,0,0,0,0,0,0,0,1,1,1,0,0,0,0,0,1,0,0,0,0,0,0,0,0,0,0,0,0,0,0,8,0,39.9339,-75.2254, , 
 ,77241,2011122852,6,67,67301,2011,11,4,27,0,3,1,0,7,5, , ,N,0,0,0,3,0,0,1,1,N,N,40 01:13.970,75 09:47.030,33, ,29, ,0, ,N, ,0, , , , , ,858991, , , ,1,0,0,0,0,0,1,0,0,0,0,0,0,0,1,0,0,0,0,0,0,0,0,0,0,0,0,0,0,0,0,0,0,0,0,9,0,40.0205,-75.1631, , 
 ,77242,2011134788,6,67,67301,2011,11,6,854,8,1,1,0,1,1, , ,N,2,4,0,3,0,1,3,2,N,N,39 54:09.142,75 13:29.144,9999, ,854, ,0, ,N, ,3, , , , , ,859002, , , ,2,1,0,0,0,0,0,1,0,0,0,0,1,1,0,0,0,0,0,0,1,1,0,0,0,0,0,0,0,0,0,0,0,0,0,8,0,39.9025,-75.2248, , 
 ,77243,2012005021,6,67,67301,2011,12,2,713,7,1,8,5,7,2, , ,N,0,0,0,3,0,0,1,1,N,N,40 05:04.789,75 13:01.603,725, ,715,3,2,3,N, ,0,Y, , , , ,859005, , , ,1,1,0,0,0,0,0,0,0,0,0,0,0,0,0,0,0,0,0,0,0,0,0,0,0,0,0,0,0,0,0,0,0,0,0,0,0,40.0847,-75.2171, , 
 ,77244,2012010016,6,67,67301,2011,12,5,625,6,3,1,0,1,1, , ,N,1,0,6,3,0,3,4,2,N,N,40 01:47.679,75 06:11.073,635, ,635, ,0, ,N, ,0, , , , , ,859014, , , ,2,1,0,0,1,0,0,0,0,0,0,3,3,0,0,0,0,0,0,0,1,0,0,0,0,0,0,0,0,0,0,0,0,0,0,4,0,40.0299,-75.1031, , 
 ,77245,2011115517,6,67,67301,2011,10,5,210,2,3,1,0,4,1, , ,N,1,3,0,3,1,3,4,4,N,N,39 57:20.034,75 13:25.661,214, ,213, ,0, ,N,0,3, , , , , ,861812, , , ,4,2,0,0,0,0,1,1,0,0,3,0,3,0,0,0,0,0,0,0,0,0,0,2,1,0,0,0,0,0,0,0,0,0,0,1,0,39.9556,-75.2238,2, 
 ,77246,2012002057,6,67,67301,2011,11,1,1440,14,1,1,0,1,1, , ,N,0,0,7,3,0,2,2,2,N,N,40 02:38.053,75 06:47.131,1450, ,1445,1,1,7,N, ,0,Y, , , , ,861829, , , ,2,0,1,0,0,0,1,0,0,0,0,0,2,2,0,0,0,0,0,0,0,1,0,0,0,0,0,0,0,0,0,0,0,0,0,8,0,40.0439,-75.1131, , 
 ,77247,2011132744,6,67,67301,2011,11,7,125,1,3,1,0,1,1, , ,N,1,2,0,3,0,1,2,2,N, ,39 55:21.577,75 11:06.523,145, ,128, ,0, , , ,3, , , , , ,861835, , , ,2,2,0,0,0,0,0,0,0,0,0,1,1,0,0,0,0,1,0,0,0,0,0,0,0,0,0,0,0,0,0,0,0,0,0,4,0,39.9226,-75.1854, , 
 ,77248,2012002122,6,67,67301,2011,12,1,2300,23,3,1,0,8,1, , ,N,1,2,0,3,0,1,2,2,N,N,40 02:20.571,75 08:40.639,2350, ,2313, ,0, ,N, ,3, , , , , ,861842, , , ,1,1,0,0,0,0,0,0,0,0,1,0,1,0,1,0,0,0,0,0,0,0,0,0,0,0,0,0,0,0,0,0,1,0,0,3,0,40.039,-75.1446, , 
 ,77249,2011132817,6,67,67301,2011,10,6,845,8,1,1,0,2,1, , ,N,0,0,0,3,0,1,2,2,N,N,40 02:14.219,75 11:27.198,855, ,850,1,2,2,N, ,0,Y, , , , ,861849, , , ,2,1,1,0,0,0,0,0,0,0,0,1,1,0,0,0,0,0,0,1,0,0,0,0,0,0,0,0,0,0,0,0,0,0,0,4,0,40.0373,-75.1909, , 
 ,77250,2012004957,6,67,67301,2011,12,7,1315,13,1,1,0,4,1, , ,N,1,3,0,3,0,1,2,3,N,N,40 02:25.407,75 04:07.766,1327, ,1322, ,0, , , ,3, , , , , ,861856, , , ,3,2,0,0,0,0,1,0,0,0,0,1,1,0,1,0,0,0,0,0,0,0,0,0,0,0,0,0,0,0,0,0,0,0,0,4,0,40.0404,-75.0688, , 
 ,77251,2011132936,6,67,67301,2011,11,2,9999,99,1,1,0,5,2, , ,N,0,0,0,3,0,1,2,2,N, ,40 00:09.798,75 09:41.919,857, ,857, ,0, , , ,0, , , , , ,861859, , , ,2,2,0,0,0,0,0,0,0,0,0,0,1,1,0,0,0,0,0,0,0,0,0,0,0,0,0,0,0,0,0,0,0,0,0,8,0,40.0027,-75.1616, , 
 ,77252,2012004768,6,67,67301,2011,12,1,42,0,3,1,0,5,1, , ,N,2,2,0,3,0,1,4,3,N,N,40 05:36.346,75 01:52.568,49, ,48,3,1,1,N, ,3,Y, , , , ,861864, , , ,3,2,0,0,1,0,0,0,0,0,0,0,1,1,0,0,0,0,0,0,0,0,0,0,0,0,0,0,0,0,0,0,0,0,0,8,0,40.0934,-75.0313, , 
 ,77253,2011132763,6,67,67301,2011,11,5,900,9,1,1,1,6,1, , ,N,0,0,0,3,0,1,2,2,N,N,39 59:44.901,75 13:41.570,959, ,956, ,0, ,N, ,0, , , , , ,861869, , , ,2,1,0,0,0,0,1,0,0,0,0,0,1,1,0,0,0,0,0,0,1,1,0,0,0,0,0,0,0,0,0,0,0,0,0,8,0,39.9958,-75.2282, , 
 ,77254,2011134738,6,67,67301,2011,10,1,0,0,3,1,0,1,4, , ,N,2,3,0,3,0,0,1,2,N, ,40 02:10.194,75 01:53.032,106, ,106,2,1,7, , ,3,Y, , , , ,861891, , , ,2,0,1,0,1,0,0,0,0,0,0,0,0,0,1,0,0,0,0,0,0,0,0,0,0,0,0,0,0,0,0,0,0,0,0,9,0,40.0362,-75.0314, , 
 ,77255,2012001408,6,67,67301,2011,12,1,314,3,3,1,0,0,1, , ,N,0,0,0,3,1,0,1,1,N,N,40 01:48.452,75 05:13.593,318, ,315,2,2,1,N,0,0,Y, , , , ,861895, , , ,1,0,0,0,1,0,0,0,0,0,0,0,0,0,0,0,0,0,0,0,0,0,0,0,0,0,0,0,0,0,0,0,0,0,0,1,0,40.0301,-75.0871,2, 
 ,77256,2012001971,6,67,67301,2011,12,3,920,9,1,2,1,4,1, , ,N,3,0,0,3,0,0,2,2,N,N,40 00:55.984,75 11:23.958,924, ,921, ,0, ,N, ,0, , , , , ,861896, , , ,2,2,0,0,0,0,0,0,0,0,0,0,0,0,0,0,0,0,0,0,2,0,0,0,0,0,0,0,0,0,0,0,0,0,0,0,0,40.0156,-75.19, , 
 ,77257,2012002050,6,67,67301,2011,11,3,1700,17,4,2,1,8,1, , ,N,1,2,0,3,0,1,2,2,N,N,40 00:13.581,75 05:39.507,835, ,1700, ,0, ,N, ,3, , , , , ,861897, , , ,1,1,0,0,0,0,0,0,0,0,0,1,1,0,0,0,0,0,0,0,0,0,0,0,0,0,0,0,0,0,0,0,1,0,0,4,0,40.0038,-75.0943, , 
 ,77258,2011132894,6,67,67301,2011,11,6,1030,10,1,1,0,6,1, , ,N,1,2,0,3,0,2,2,2,N, ,39 56:59.920,75 10:43.442,1052, ,1047, ,0, , , ,3, , , , , ,861910, , , ,2,1,0,0,0,0,0,1,0,0,0,1,2,1,0,0,0,0,0,0,0,0,1,0,0,0,0,0,0,0,0,0,0,0,0,4,0,39.95,-75.1787, , 
 ,77259,2011134220,6,67,67301,2011,11,5,1723,17,3,1,0,2,1, , ,N,0,0,0,3,0,1,2,2,N, ,39 56:03.734,75 14:01.648,1730, ,1725, ,0, , , ,0, , , , , ,861911, , , ,2,2,0,0,0,0,0,0,0,0,0,1,1,0,1,0,0,0,0,0,1,1,0,1,0,0,0,0,0,0,0,0,0,0,0,4,0,39.9344,-75.2338, , 
 ,77260,2012010049,6,67,67301,2011,12,4,1403,14,1,1,0,8,4, , ,N,0,0,0,3,0,1,2,2,N,N,40 04:31.214,75 05:05.813,1915, ,1906, ,0, ,N, ,0, , , , , ,861914, , , ,1,1,0,0,0,0,0,0,0,0,0,1,1,0,0,0,0,0,0,0,0,0,0,0,0,0,0,0,0,0,0,0,1,0,0,4,0,40.0753,-75.0849, , 
 ,77261,2011122792,6,67,67301,2011,10,2,2010,20,3,1,0,2,1, , ,N,2,2,0,3,0,1,3,3,N,N,39 54:09.142,75 13:29.144,2114, ,2114, ,0, ,N, ,3, , , , , ,861932, , , ,3,3,0,0,0,0,0,0,0,0,0,0,1,1,1,0,0,0,0,0,0,1,0,0,0,0,0,0,0,0,0,0,0,0,0,8,0,39.9025,-75.2248, , 
 ,77262,2011122832,6,67,67301,2011,11,7,1222,12,1,2,1,8,1, , ,N,1,2,0,3,0,1,2,2,N, ,40 01:41.450,75 02:20.031,1247, ,1242, ,0, , , ,3, , , , , ,861933, , , ,1,0,0,0,1,0,0,0,0,0,0,0,1,1,0,0,0,0,0,0,1,0,0,1,0,0,0,0,0,0,0,0,1,0,0,8,0,40.0282,-75.0389, , 
 ,77263,2011056860,6,67,67301,2011,5,3,1820,18,1,1,0,8,1, , ,N,1,3,0,3,0,1,4,2,N,N,40 01:38.456,75 02:57.314,1918, ,1914, ,0, ,N, ,3, , , , , ,864467, , , ,1,0,0,0,0,0,1,0,0,0,0,0,1,1,0,0,0,0,0,0,0,0,0,0,0,0,0,0,0,0,0,0,1,0,0,8,0,40.0273,-75.0493, , 